bin_number,linear_velocity,angular_velocity,command
4,0.30711936950683594,-0.0,CLEAR
4,0.30381245613098146,-0.0,CLEAR
4,0.30837917327880865,-0.0,CLEAR
4,0.3046696186065674,-0.0,CLEAR
4,0.3039516925811767,-0.0,CLEAR
4,0.3043303966522217,-0.0,CLEAR
4,0.30950727462768557,-0.0,CLEAR
4,0.3094975471496582,-0.0,CLEAR
4,0.30419418811798093,-0.0,CLEAR
4,0.30001721382141106,-0.0,CLEAR
4,0.30605118274688714,-0.0,CLEAR
4,0.3091053724288941,-0.0,CLEAR
4,0.3056582689285279,-0.0,CLEAR
4,0.30899198055267335,-0.0,CLEAR
4,0.30818905830383303,-0.0,CLEAR
4,0.30189473628997804,-0.0,CLEAR
4,0.30695161819458,-0.0,CLEAR
4,0.30263090133666987,-0.0,CLEAR
4,0.30319635868072514,-0.0,CLEAR
4,0.30655829906463616,-0.0,CLEAR
4,0.30660490989685063,-0.0,CLEAR
4,0.30587701797485345,-0.0,CLEAR
4,0.3049272537231445,-0.0,CLEAR
4,0.3016777276992798,-0.0,CLEAR
4,0.30460183620452885,-0.0,CLEAR
4,0.3064717531204223,-0.0,CLEAR
4,0.3031784772872925,-0.0,CLEAR
4,0.3066752910614014,-0.0,CLEAR
4,0.30647368431091304,-0.0,CLEAR
4,0.3061554431915284,-0.0,CLEAR
4,0.3072769641876221,-0.0,CLEAR
4,0.30453398227691647,-0.0,CLEAR
4,0.30397667884826657,-0.0,CLEAR
4,0.3069114208221435,-0.0,CLEAR
4,0.30476603507995603,-0.0,CLEAR
4,0.3044791698455811,-0.0,CLEAR
4,0.3086139678955078,-0.0,CLEAR
4,0.30268323421478277,-0.0,CLEAR
4,0.3077281475067139,-0.0,CLEAR
4,0.3030535459518432,-0.0,CLEAR
4,0.30637736320495607,-0.0,CLEAR
4,0.29626994132995604,-0.0,CLEAR
4,0.30665888786315915,-0.0,CLEAR
4,0.303563380241394,-0.0,CLEAR
4,0.307140851020813,-0.0,CLEAR
4,0.308501386642456,-0.0,CLEAR
4,0.3064211368560791,-0.0,CLEAR
4,0.3058252334594726,-0.0,CLEAR
4,0.3045450687408447,-0.0,CLEAR
4,0.30673739910125725,-0.0,CLEAR
4,0.30162665843963626,-0.0,CLEAR
4,0.30575726032257083,-0.0,CLEAR
4,0.30880486965179443,-0.0,CLEAR
4,0.3058800935745239,-0.0,CLEAR
4,0.30906014442443847,-0.0,CLEAR
4,0.3087302923202515,-0.0,CLEAR
4,0.30558538436889654,-0.0,CLEAR
4,0.3055627346038818,-0.0,CLEAR
4,0.30412340164184576,-0.0,CLEAR
4,0.30920512676239015,-0.0,CLEAR
4,0.30723433494567876,-0.0,CLEAR
4,0.3100350856781005,-0.0,CLEAR
4,0.3072580337524414,-0.0,CLEAR
4,0.3049740552902222,-0.0,CLEAR
4,0.30880033969879145,-0.0,CLEAR
4,0.3062564611434936,-0.0,CLEAR
4,0.30343034267425534,-0.0,CLEAR
4,0.3067260265350341,-0.0,CLEAR
4,0.30714054107666017,-0.0,CLEAR
4,0.3034122467041015,-0.0,CLEAR
4,0.22070862676056338,-0.0,CLEAR
4,0.30308084487915044,-0.0,CLEAR
4,0.24337588028169013,-0.0,CLEAR
4,0.0,0.0,BRAKE
4,0.0,0.0,BRAKE
7,0.0,0.0,BRAKE
7,0.0,0.0,BRAKE
8,0.6,-0.5808673916793627,CLEAR
4,0.16856060028076172,-0.0,CLEAR
4,0.4243188261985778,-0.0,CLEAR
4,0.33886010646820064,-0.0,CLEAR
4,0.23359944820404052,-0.0,CLEAR
6,0.14160461425781248,-0.29043369583968137,CLEAR
6,0.12244718309859164,-0.29043369583968137,CLEAR
5,0.09153394699096677,-0.14521684791984069,CLEAR
5,0.19987378120422364,-0.14521684791984069,CLEAR
5,0.28089788732394366,-0.14521684791984069,CLEAR
5,0.2904709507042254,-0.14521684791984069,CLEAR
5,0.3562837362289428,-0.14521684791984069,CLEAR
5,0.3318884372711181,-0.14521684791984069,CLEAR
5,0.3586180448532104,-0.14521684791984069,CLEAR
5,0.289064359664917,-0.14521684791984069,CLEAR
5,0.32518842220306393,-0.14521684791984069,CLEAR
5,0.31498606204986573,-0.14521684791984069,CLEAR
5,0.25485887527465817,-0.14521684791984069,CLEAR
5,0.24373512268066405,-0.14521684791984069,CLEAR
5,0.264189624786377,-0.14521684791984069,CLEAR
5,0.2550876140594482,-0.14521684791984069,CLEAR
5,0.2615956306457519,-0.14521684791984069,CLEAR
5,0.28373079299926757,-0.14521684791984069,CLEAR
5,0.23558559417724606,-0.14521684791984069,CLEAR
5,0.26342141628265375,-0.14521684791984069,CLEAR
5,0.07447528839111328,-0.14521684791984069,CLEAR
8,0.0,0.0,BRAKE
4,0.03923954963684084,-0.0,CLEAR
2,0.0330204963684082,0.29043369583968137,CLEAR
3,0.0704005281690141,0.14521684791984069,CLEAR
3,0.1646337032318115,0.14521684791984069,CLEAR
3,0.2585566282272339,0.14521684791984069,CLEAR
0,0.0,0.0,BRAKE
3,0.21592636108398436,0.14521684791984069,CLEAR
2,0.17064260563380285,0.29043369583968137,CLEAR
0,0.0,0.0,BRAKE
3,0.28869521617889404,0.14521684791984069,CLEAR
1,0.12420774647887327,0.43565054375952217,CLEAR
1,0.09823943661971835,0.43565054375952217,CLEAR
0,0.007790492957746497,0.5818900455379532,CLEAR
0,0.0,0.0,BRAKE
0,0.0,0.0,BRAKE
0,0.0,0.0,BRAKE
0,0.0,0.0,BRAKE
0,0.0,0.0,BRAKE
0,0.0,0.0,BRAKE
0,0.0,0.0,BRAKE
0,0.0,0.0,BRAKE
0,0.0,0.0,BRAKE
1,0.0,0.0,BRAKE
0,0.0,0.0,BRAKE
0,0.0,0.0,BRAKE
0,0.0,0.0,BRAKE
0,0.0,0.0,BRAKE
0,0.0,0.0,BRAKE
0,0.0,0.0,BRAKE
0,0.013952464788732378,0.5818900455379532,CLEAR
1,0.003719190140845052,0.43565054375952217,CLEAR
1,0.008340669014084545,0.43565054375952217,CLEAR
1,0.01153169014084514,0.43565054375952217,CLEAR
1,0.024735915492957748,0.43565054375952217,CLEAR
1,0.04410211267605637,0.43565054375952217,CLEAR
1,0.0015184859154929952,0.43565054375952217,CLEAR
1,0.0,0.0,BRAKE
1,0.0,0.0,BRAKE
2,0.0,0.0,BRAKE
1,0.0,0.0,BRAKE
1,0.0,0.0,BRAKE
1,0.0,0.0,BRAKE
1,0.0,0.0,BRAKE
1,0.0,0.0,BRAKE
1,0.0,0.0,BRAKE
2,0.0,0.0,BRAKE
2,0.0938643932342529,0.29043369583968137,CLEAR
2,0.15355138778686522,0.29043369583968137,CLEAR
0,0.056756161971831,0.5818900455379532,CLEAR
1,0.21465661525726318,0.43565054375952217,CLEAR
0,0.00944102112676064,0.5818900455379532,CLEAR
1,0.3432302236557007,0.43565054375952217,CLEAR
1,0.4237883448600769,0.43565054375952217,CLEAR
1,0.09085130691528318,0.43565054375952217,CLEAR
2,0.0,0.0,BRAKE
2,0.0,0.0,BRAKE
3,0.1810683727264404,0.14521684791984069,CLEAR
2,0.23369278169014085,0.29043369583968137,CLEAR
1,0.0,0.0,BRAKE
3,0.6,0.14521684791984069,CLEAR
1,0.0,0.0,BRAKE
0,0.0,0.0,BRAKE
0,0.0,0.0,BRAKE
1,0.0,0.0,BRAKE
2,0.19222049713134762,0.29043369583968137,CLEAR
1,0.0,0.0,BRAKE
2,0.08090834617614748,0.29043369583968137,CLEAR
1,0.03342869718309862,0.43565054375952217,CLEAR
0,0.0,0.0,BRAKE
1,0.07656250000000005,0.43565054375952217,CLEAR
2,0.6,0.29043369583968137,CLEAR
2,0.14960379600524903,0.29043369583968137,CLEAR
0,0.0,0.0,BRAKE
2,0.14751834869384764,0.29043369583968137,CLEAR
0,0.0,0.0,BRAKE
2,0.0,0.0,BRAKE
0,0.0,0.0,BRAKE
0,0.006360035211267601,0.5818900455379532,CLEAR
0,0.022865316901408427,0.5818900455379532,CLEAR
0,0.0,0.0,BRAKE
0,0.0,0.0,BRAKE
0,0.041351232394366264,0.5818900455379532,CLEAR
0,0.0,0.0,BRAKE
0,0.0,0.0,BRAKE
0,0.0,0.0,BRAKE
0,0.0,0.0,BRAKE
1,0.0,0.0,BRAKE
1,0.0,0.0,BRAKE
1,0.0,0.0,BRAKE
1,0.0,0.0,BRAKE
1,0.0,0.0,BRAKE
1,0.0,0.0,BRAKE
1,0.0,0.0,BRAKE
0,0.0,0.0,BRAKE
1,0.0,0.0,BRAKE
0,0.0,0.0,BRAKE
0,0.0,0.0,BRAKE
0,0.0,0.0,BRAKE
1,0.0,0.0,BRAKE
1,0.0,0.0,BRAKE
0,0.0,0.0,BRAKE
2,0.0,0.0,BRAKE
2,0.0,0.0,BRAKE
1,0.0,0.0,BRAKE
0,0.0,0.0,BRAKE
2,0.0,0.0,BRAKE
2,0.0,0.0,BRAKE
2,0.0,0.0,BRAKE
2,0.0,0.0,BRAKE
2,0.0,0.0,BRAKE
5,0.0,0.0,BRAKE
3,0.057086267605633796,0.14521684791984069,CLEAR
3,0.13664172535211272,0.14521684791984069,CLEAR
3,0.0,0.0,BRAKE
3,0.0,0.0,BRAKE
3,0.0,0.0,BRAKE
1,0.0,0.0,BRAKE
1,0.0,0.0,BRAKE
3,0.0,0.0,BRAKE
3,0.0,0.0,BRAKE
3,0.0,0.0,BRAKE
4,0.07106073943661977,-0.0,CLEAR
1,0.0,0.0,BRAKE
4,0.0,0.0,BRAKE
4,0.0,0.0,BRAKE
4,0.0,0.0,BRAKE
1,0.0,0.0,BRAKE
4,0.13485960960388182,-0.0,CLEAR
4,0.15733332633972166,-0.0,CLEAR
4,0.193199823943662,-0.0,CLEAR
4,0.17284330985915497,-0.0,CLEAR
4,0.18090496063232422,-0.0,CLEAR
4,0.16833186149597168,-0.0,CLEAR
4,0.212455985915493,-0.0,CLEAR
4,0.15655913352966305,-0.0,CLEAR
4,0.18099207878112794,-0.0,CLEAR
4,0.20233404636383057,-0.0,CLEAR
4,0.1822725296020508,-0.0,CLEAR
4,0.18681836128234863,-0.0,CLEAR
4,0.21082344055175778,-0.0,CLEAR
4,0.1978335380554199,-0.0,CLEAR
4,0.24309823513031006,-0.0,CLEAR
4,0.20654709339141847,-0.0,CLEAR
4,0.19687094688415524,-0.0,CLEAR
4,0.19904308319091796,-0.0,CLEAR
4,0.20563957691192628,-0.0,CLEAR
4,0.18791303634643555,-0.0,CLEAR
4,0.23350853919982908,-0.0,CLEAR
4,0.18324828147888186,-0.0,CLEAR
4,0.16486954689025876,-0.0,CLEAR
4,0.21278114318847655,-0.0,CLEAR
4,0.18632221221923825,-0.0,CLEAR
4,0.16553673744201658,-0.0,CLEAR
4,0.223567533493042,-0.0,CLEAR
4,0.18927021026611326,-0.0,CLEAR
4,0.1542844772338867,-0.0,CLEAR
4,0.1607792377471924,-0.0,CLEAR
4,0.17538862228393556,-0.0,CLEAR
4,0.18411536216735838,-0.0,CLEAR
4,0.16184325218200685,-0.0,CLEAR
4,0.17745566368103027,-0.0,CLEAR
4,0.1898420810699463,-0.0,CLEAR
4,0.1659896373748779,-0.0,CLEAR
4,0.16064653396606443,-0.0,CLEAR
4,0.1616855144500732,-0.0,CLEAR
4,0.18206686973571776,-0.0,CLEAR
4,0.18734989166259763,-0.0,CLEAR
4,0.16442222595214842,-0.0,CLEAR
4,0.18476109504699703,-0.0,CLEAR
4,0.17830963134765623,-0.0,CLEAR
4,0.16509718894958494,-0.0,CLEAR
4,0.16711673736572263,-0.0,CLEAR
4,0.21941955089569093,-0.0,CLEAR
4,0.23597145080566406,-0.0,CLEAR
4,0.2232394366197183,-0.0,CLEAR
4,0.2146346807479858,-0.0,CLEAR
4,0.20161430835723873,-0.0,CLEAR
4,0.20128934383392333,-0.0,CLEAR
4,0.22830105633802822,-0.0,CLEAR
4,0.20594360828399655,-0.0,CLEAR
4,0.1859964847564697,-0.0,CLEAR
4,0.2575704225352113,-0.0,CLEAR
5,0.24766602516174316,-0.14521684791984069,CLEAR
5,0.3170994718309859,-0.14521684791984069,CLEAR
4,0.2573880910873413,-0.0,CLEAR
5,0.31072978973388676,-0.14521684791984069,CLEAR
5,0.20851931571960447,-0.14521684791984069,CLEAR
5,0.2026849985122681,-0.14521684791984069,CLEAR
5,0.19205074310302733,-0.14521684791984069,CLEAR
5,0.1722917556762695,-0.14521684791984069,CLEAR
5,0.16610240936279297,-0.14521684791984069,CLEAR
5,0.21987314224243162,-0.14521684791984069,CLEAR
5,0.27019395828247067,-0.14521684791984069,CLEAR
5,0.2757446765899658,-0.14521684791984069,CLEAR
5,0.20759575366973876,-0.14521684791984069,CLEAR
5,0.2026327133178711,-0.14521684791984069,CLEAR
5,0.2167546272277832,-0.14521684791984069,CLEAR
5,0.2957986831665039,-0.14521684791984069,CLEAR
5,0.23434441089630123,-0.14521684791984069,CLEAR
5,0.2087881326675415,-0.14521684791984069,CLEAR
5,0.2856959819793701,-0.14521684791984069,CLEAR
5,0.22878527641296387,-0.14521684791984069,CLEAR
5,0.20593845844268796,-0.14521684791984069,CLEAR
5,0.2012674808502197,-0.14521684791984069,CLEAR
5,0.20604660511016842,-0.14521684791984069,CLEAR
5,0.18699116706848143,-0.14521684791984069,CLEAR
5,0.1750761032104492,-0.14521684791984069,CLEAR
5,0.22893228530883786,-0.14521684791984069,CLEAR
5,0.22962844371795652,-0.14521684791984069,CLEAR
5,0.1861466407775879,-0.14521684791984069,CLEAR
5,0.2198283450704226,-0.14521684791984069,CLEAR
5,0.22621038732394363,-0.14521684791984069,CLEAR
5,0.17537411971830988,-0.14521684791984069,CLEAR
5,0.1531503200531006,-0.14521684791984069,CLEAR
5,0.15836663246154783,-0.14521684791984069,CLEAR
5,0.21262805461883547,-0.14521684791984069,CLEAR
5,0.12317404747009277,-0.14521684791984069,CLEAR
5,0.18884668350219727,-0.14521684791984069,CLEAR
5,0.17920813560485838,-0.14521684791984069,CLEAR
5,0.163822078704834,-0.14521684791984069,CLEAR
5,0.17063312530517577,-0.14521684791984069,CLEAR
5,0.1495018005371094,-0.14521684791984069,CLEAR
5,0.16062922477722166,-0.14521684791984069,CLEAR
5,0.1667863368988037,-0.14521684791984069,CLEAR
3,0.1917693661971831,0.14521684791984069,CLEAR
5,0.14450378417968748,-0.14521684791984069,CLEAR
5,0.13241438865661617,-0.14521684791984069,CLEAR
5,0.205193661971831,-0.14521684791984069,CLEAR
5,0.1365767478942871,-0.14521684791984069,CLEAR
5,0.12921147346496578,-0.14521684791984069,CLEAR
5,0.14995579719543456,-0.14521684791984069,CLEAR
5,0.13439998626708985,-0.14521684791984069,CLEAR
5,0.14561247825622559,-0.14521684791984069,CLEAR
5,0.19285402297973633,-0.14521684791984069,CLEAR
5,0.1648336887359619,-0.14521684791984069,CLEAR
5,0.22974002361297605,-0.14521684791984069,CLEAR
5,0.15369367599487302,-0.14521684791984069,CLEAR
5,0.26985194683074953,-0.14521684791984069,CLEAR
3,0.22469475269317624,0.14521684791984069,CLEAR
5,0.11744341850280761,-0.14521684791984069,CLEAR
5,0.20546321868896483,-0.14521684791984069,CLEAR
6,0.1923826217651367,-0.29043369583968137,CLEAR
5,0.20712544918060305,-0.14521684791984069,CLEAR
6,0.19858779907226565,-0.29043369583968137,CLEAR
6,0.19390730857849123,-0.29043369583968137,CLEAR
6,0.15369720458984376,-0.29043369583968137,CLEAR
6,0.2620666980743408,-0.29043369583968137,CLEAR
6,0.18019366264343262,-0.29043369583968137,CLEAR
6,0.20542807579040528,-0.29043369583968137,CLEAR
6,0.1480633735656738,-0.29043369583968137,CLEAR
6,0.1972907543182373,-0.29043369583968137,CLEAR
6,0.30983750820159917,-0.29043369583968137,CLEAR
6,0.28116197586059566,-0.29043369583968137,CLEAR
6,0.2588481903076172,-0.29043369583968137,CLEAR
6,0.24806423187255855,-0.29043369583968137,CLEAR
6,0.08728551864624023,-0.29043369583968137,CLEAR
6,0.08060231208801269,-0.29043369583968137,CLEAR
6,0.12411346435546874,-0.29043369583968137,CLEAR
6,0.20663697719573973,-0.29043369583968137,CLEAR
6,0.15651006698608397,-0.29043369583968137,CLEAR
6,0.12275986671447751,-0.29043369583968137,CLEAR
6,0.24534335136413576,-0.29043369583968137,CLEAR
6,0.16454219818115237,-0.29043369583968137,CLEAR
6,0.21942946910858152,-0.29043369583968137,CLEAR
6,0.12923765182495114,-0.29043369583968137,CLEAR
6,0.12889289855957028,-0.29043369583968137,CLEAR
6,0.1420699119567871,-0.29043369583968137,CLEAR
6,0.12291297912597655,-0.29043369583968137,CLEAR
6,0.12392859458923337,-0.29043369583968137,CLEAR
6,0.15895590782165528,-0.29043369583968137,CLEAR
6,0.1638240337371826,-0.29043369583968137,CLEAR
6,0.13647685050964356,-0.29043369583968137,CLEAR
6,0.24565074443817136,-0.29043369583968137,CLEAR
6,0.26143846511840824,-0.29043369583968137,CLEAR
6,0.21707570552825925,-0.29043369583968137,CLEAR
6,0.21837935447692872,-0.29043369583968137,CLEAR
6,0.2734726190567016,-0.29043369583968137,CLEAR
6,0.22504892349243164,-0.29043369583968137,CLEAR
6,0.23809523582458497,-0.29043369583968137,CLEAR
6,0.31577904929577466,-0.29043369583968137,CLEAR
6,0.329609990119934,-0.29043369583968137,CLEAR
6,0.26307034492492676,-0.29043369583968137,CLEAR
6,0.05350475311279299,-0.29043369583968137,CLEAR
6,0.0582548141479492,-0.29043369583968137,CLEAR
7,0.06438188552856446,-0.43565054375952217,CLEAR
7,0.08844752311706543,-0.43565054375952217,CLEAR
7,0.05243849754333494,-0.43565054375952217,CLEAR
7,0.044537115097045894,-0.43565054375952217,CLEAR
7,0.028115797042846658,-0.43565054375952217,CLEAR
7,0.0372379779815674,-0.43565054375952217,CLEAR
7,0.03298883438110349,-0.43565054375952217,CLEAR
7,0.022315073013305643,-0.43565054375952217,CLEAR
7,0.0012695789337158203,-0.43565054375952217,CLEAR
7,0.026506042480468728,-0.43565054375952217,CLEAR
7,0.0,0.0,BRAKE
7,0.0,0.0,BRAKE
7,0.002910947799682617,-0.43565054375952217,CLEAR
7,0.0,0.0,BRAKE
7,0.0,0.0,BRAKE
7,0.0,0.0,BRAKE
7,0.0,0.0,BRAKE
7,0.0,0.0,BRAKE
7,0.0,0.0,BRAKE
7,0.0,0.0,BRAKE
7,0.0,0.0,BRAKE
7,0.0,0.0,BRAKE
7,0.0,0.0,BRAKE
7,0.0,0.0,BRAKE
7,0.0,0.0,BRAKE
7,0.0,0.0,BRAKE
7,0.0,0.0,BRAKE
7,0.0,0.0,BRAKE
7,0.0,0.0,BRAKE
8,0.0,0.0,BRAKE
7,0.0,0.0,BRAKE
7,0.0,0.0,BRAKE
6,0.0,0.0,BRAKE
7,0.0,0.0,BRAKE
7,0.0,0.0,BRAKE
7,0.0,0.0,BRAKE
7,0.0,0.0,BRAKE
8,0.0,0.0,BRAKE
8,0.0,0.0,BRAKE
8,0.0,0.0,BRAKE
8,0.0,0.0,BRAKE
8,0.0,0.0,BRAKE
8,0.0,0.0,BRAKE
8,0.0,0.0,BRAKE
8,0.0,0.0,BRAKE
8,0.0,0.0,BRAKE
8,0.0,0.0,BRAKE
6,0.0,0.0,BRAKE
8,0.0,0.0,BRAKE
8,0.0,0.0,BRAKE
8,0.0,0.0,BRAKE
8,0.0,0.0,BRAKE
8,0.0,0.0,BRAKE
8,0.0,0.0,BRAKE
8,0.0,0.0,BRAKE
8,0.0,0.0,BRAKE
5,0.0,0.0,BRAKE
5,0.0,0.0,BRAKE
5,0.0,0.0,BRAKE
5,0.0,0.0,BRAKE
6,0.0,0.0,BRAKE
5,0.0,0.0,BRAKE
6,0.0,0.0,BRAKE
6,0.0,0.0,BRAKE
6,0.0,0.0,BRAKE
6,0.0,0.0,BRAKE
5,0.0,0.0,BRAKE
6,0.0,0.0,BRAKE
6,0.0,0.0,BRAKE
7,0.0,0.0,BRAKE
5,0.0,0.0,BRAKE
5,0.0,0.0,BRAKE
7,0.0,0.0,BRAKE
7,0.030468940734863302,-0.43565054375952217,CLEAR
7,0.05420241355895998,-0.43565054375952217,CLEAR
7,0.04064764976501462,-0.43565054375952217,CLEAR
7,0.03464837074279783,-0.43565054375952217,CLEAR
7,0.042280721664428686,-0.43565054375952217,CLEAR
7,0.056510639190673825,-0.43565054375952217,CLEAR
7,0.026183366775512695,-0.43565054375952217,CLEAR
6,0.0666666507720947,-0.29043369583968137,CLEAR
7,0.07603616714477542,-0.43565054375952217,CLEAR
7,0.08937239646911622,-0.43565054375952217,CLEAR
6,0.04588084220886233,-0.29043369583968137,CLEAR
6,0.06863470077514651,-0.29043369583968137,CLEAR
6,0.07958030700683591,-0.29043369583968137,CLEAR
6,0.08763675689697267,-0.29043369583968137,CLEAR
6,0.10134811401367184,-0.29043369583968137,CLEAR
6,0.11778039932250974,-0.29043369583968137,CLEAR
6,0.25831501483917235,-0.29043369583968137,CLEAR
6,0.2513060808181763,-0.29043369583968137,CLEAR
6,0.28604660034179685,-0.29043369583968137,CLEAR
6,0.26104826927185054,-0.29043369583968137,CLEAR
6,0.2369112014770508,-0.29043369583968137,CLEAR
5,0.24738032817840577,-0.14521684791984069,CLEAR
5,0.25238366127014156,-0.14521684791984069,CLEAR
5,0.2565033674240112,-0.14521684791984069,CLEAR
5,0.24943623542785642,-0.14521684791984069,CLEAR
5,0.2386443661971831,-0.14521684791984069,CLEAR
5,0.27099471830985916,-0.14521684791984069,CLEAR
5,0.2298548460006714,-0.14521684791984069,CLEAR
5,0.25146195888519285,-0.14521684791984069,CLEAR
5,0.3033238172531128,-0.14521684791984069,CLEAR
5,0.2695149898529053,-0.14521684791984069,CLEAR
5,0.23009920120239258,-0.14521684791984069,CLEAR
5,0.2579178333282471,-0.14521684791984069,CLEAR
5,0.3248316526412963,-0.14521684791984069,CLEAR
5,0.30667822360992436,-0.14521684791984069,CLEAR
5,0.22495887279510499,-0.14521684791984069,CLEAR
5,0.2629621478873239,-0.14521684791984069,CLEAR
4,0.2390845070422535,-0.0,CLEAR
4,0.20750112533569334,-0.0,CLEAR
4,0.2050839900970459,-0.0,CLEAR
4,0.20062112808227542,-0.0,CLEAR
4,0.22103873239436617,-0.0,CLEAR
4,0.21751760563380285,-0.0,CLEAR
4,0.06005721830985922,-0.0,CLEAR
4,0.06423855633802822,-0.0,CLEAR
4,0.0119718309859155,-0.0,CLEAR
6,0.04872359154929579,-0.29043369583968137,CLEAR
6,0.21221783161163327,-0.29043369583968137,CLEAR
4,0.2263434410095215,-0.0,CLEAR
4,0.22158890845070423,-0.0,CLEAR
6,0.17471390845070423,-0.29043369583968137,CLEAR
3,0.24200944900512691,0.14521684791984069,CLEAR
3,0.24906582832336427,0.14521684791984069,CLEAR
3,0.2613300561904907,0.14521684791984069,CLEAR
3,0.2779919385910034,0.14521684791984069,CLEAR
3,0.27647058963775634,0.14521684791984069,CLEAR
5,0.2550988435745239,-0.14521684791984069,CLEAR
3,0.24451029300689697,0.14521684791984069,CLEAR
3,0.272387433052063,0.14521684791984069,CLEAR
3,0.2756560087203979,0.14521684791984069,CLEAR
3,0.2877879381179809,0.14521684791984069,CLEAR
3,0.28010654449462885,0.14521684791984069,CLEAR
3,0.2972177505493164,0.14521684791984069,CLEAR
2,0.2989480018615723,0.29043369583968137,CLEAR
3,0.31017248630523675,0.14521684791984069,CLEAR
2,0.3153639793395996,0.29043369583968137,CLEAR
2,0.29626808166503904,0.29043369583968137,CLEAR
2,0.11683538732394366,0.29043369583968137,CLEAR
2,0.2954965353012085,0.29043369583968137,CLEAR
2,0.28860035211267604,0.29043369583968137,CLEAR
2,0.18153609154929584,0.29043369583968137,CLEAR
2,0.301142430305481,0.29043369583968137,CLEAR
2,0.29010894298553463,0.29043369583968137,CLEAR
4,0.2691241197183099,-0.0,CLEAR
4,0.08921654929577467,-0.0,CLEAR
4,0.3132909059524536,-0.0,CLEAR
4,0.2977255582809448,-0.0,CLEAR
2,0.28299636840820314,0.29043369583968137,CLEAR
4,0.2999430656433105,-0.0,CLEAR
2,0.30123674869537354,0.29043369583968137,CLEAR
1,0.29142634868621825,0.43565054375952217,CLEAR
2,0.2980880737304687,0.29043369583968137,CLEAR
1,0.28976736068725584,0.43565054375952217,CLEAR
1,0.28106639385223386,0.43565054375952217,CLEAR
1,0.27068424224853516,0.43565054375952217,CLEAR
1,0.2611775159835815,0.43565054375952217,CLEAR
3,0.2900156021118164,0.14521684791984069,CLEAR
1,0.28524653911590575,0.43565054375952217,CLEAR
3,0.27687256336212157,0.14521684791984069,CLEAR
3,0.28541746139526364,0.14521684791984069,CLEAR
3,0.30898373126983636,0.14521684791984069,CLEAR
3,0.6,0.14521684791984069,CLEAR
0,0.6,0.5818900455379532,CLEAR
3,0.6,0.14521684791984069,CLEAR
0,0.29179916381835935,0.5818900455379532,CLEAR
0,0.30410521030426024,0.5818900455379532,CLEAR
0,0.6,0.5818900455379532,CLEAR
0,0.6,0.5818900455379532,CLEAR
0,0.3279594898223877,0.5818900455379532,CLEAR
0,0.6,0.5818900455379532,CLEAR
0,0.6,0.5818900455379532,CLEAR
0,0.6,0.5818900455379532,CLEAR
2,0.6,0.29043369583968137,CLEAR
0,0.6,0.5818900455379532,CLEAR
2,0.6,0.29043369583968137,CLEAR
2,0.6,0.29043369583968137,CLEAR
0,0.6,0.5818900455379532,CLEAR
0,0.6,0.5818900455379532,CLEAR
1,0.6,0.43565054375952217,CLEAR
0,0.6,0.5818900455379532,CLEAR
0,0.6,0.5818900455379532,CLEAR
1,0.6,0.43565054375952217,CLEAR
1,0.6,0.43565054375952217,CLEAR
0,0.6,0.5818900455379532,CLEAR
0,0.6,0.5818900455379532,CLEAR
0,0.6,0.5818900455379532,CLEAR
0,0.6,0.5818900455379532,CLEAR
0,0.6,0.5818900455379532,CLEAR
0,0.6,0.5818900455379532,CLEAR
0,0.6,0.5818900455379532,CLEAR
0,0.6,0.5818900455379532,CLEAR
1,0.6,0.43565054375952217,CLEAR
0,0.6,0.5818900455379532,CLEAR
1,0.6,0.43565054375952217,CLEAR
0,0.6,0.5818900455379532,CLEAR
0,0.6,0.5818900455379532,CLEAR
0,0.6,0.5818900455379532,CLEAR
8,0.6,-0.5808673916793627,CLEAR
8,0.6,-0.5808673916793627,CLEAR
8,0.6,-0.5808673916793627,CLEAR
8,0.6,-0.5808673916793627,CLEAR
8,0.6,-0.5808673916793627,CLEAR
8,0.6,-0.5808673916793627,CLEAR
8,0.6,-0.5808673916793627,CLEAR
8,0.6,-0.5808673916793627,CLEAR
8,0.6,-0.5808673916793627,CLEAR
8,0.6,-0.5808673916793627,CLEAR
8,0.6,-0.5808673916793627,CLEAR
8,0.6,-0.5808673916793627,CLEAR
8,0.6,-0.5808673916793627,CLEAR
8,0.6,-0.5808673916793627,CLEAR
8,0.6,-0.5808673916793627,CLEAR
8,0.6,-0.5808673916793627,CLEAR
8,0.6,-0.5808673916793627,CLEAR
8,0.6,-0.5808673916793627,CLEAR
8,0.6,-0.5808673916793627,CLEAR
8,0.6,-0.5808673916793627,CLEAR
8,0.6,-0.5808673916793627,CLEAR
8,0.6,-0.5808673916793627,CLEAR
8,0.6,-0.5808673916793627,CLEAR
8,0.6,-0.5808673916793627,CLEAR
8,0.6,-0.5808673916793627,CLEAR
8,0.6,-0.5808673916793627,CLEAR
8,0.6,-0.5808673916793627,CLEAR
8,0.6,-0.5808673916793627,CLEAR
8,0.6,-0.5808673916793627,CLEAR
8,0.6,-0.5808673916793627,CLEAR
8,0.6,-0.5808673916793627,CLEAR
0,0.6,0.5818900455379532,CLEAR
8,0.6,-0.5808673916793627,CLEAR
8,0.6,-0.5808673916793627,CLEAR
8,0.6,-0.5808673916793627,CLEAR
8,0.6,-0.5808673916793627,CLEAR
8,0.6,-0.5808673916793627,CLEAR
0,0.6,0.5818900455379532,CLEAR
8,0.6,-0.5808673916793627,CLEAR
1,0.6,0.43565054375952217,CLEAR
1,0.6,0.43565054375952217,CLEAR
0,0.6,0.5818900455379532,CLEAR
1,0.6,0.43565054375952217,CLEAR
1,0.6,0.43565054375952217,CLEAR
1,0.6,0.43565054375952217,CLEAR
1,0.6,0.43565054375952217,CLEAR
2,0.6,0.29043369583968137,CLEAR
1,0.30162763595581055,0.43565054375952217,CLEAR
1,0.2851866245269775,0.43565054375952217,CLEAR
1,0.3099063873291016,0.43565054375952217,CLEAR
2,0.3021129608154297,0.29043369583968137,CLEAR
2,0.3125535249710083,0.29043369583968137,CLEAR
2,0.059617077464788726,0.29043369583968137,CLEAR
2,0.11287411971830985,0.29043369583968137,CLEAR
2,0.27558209896087643,0.29043369583968137,CLEAR
2,0.2827007532119751,0.29043369583968137,CLEAR
5,0.24711980819702145,-0.14521684791984069,CLEAR
3,0.2416153169014085,0.14521684791984069,CLEAR
3,0.13466109154929584,0.14521684791984069,CLEAR
4,0.21388888359069821,-0.0,CLEAR
6,0.0672095070422535,-0.29043369583968137,CLEAR
4,0.014062499999999999,-0.0,CLEAR
4,0.22027881145477293,-0.0,CLEAR
4,0.1130941901408451,-0.0,CLEAR
4,0.17031250000000003,-0.0,CLEAR
4,0.22540299892425533,-0.0,CLEAR
4,0.22482242584228512,-0.0,CLEAR
4,0.09702904929577462,-0.0,CLEAR
4,0.18065580985915491,-0.0,CLEAR
4,0.22947545051574703,-0.0,CLEAR
4,0.009661091549295753,-0.0,CLEAR
4,0.03353873239436617,-0.0,CLEAR
4,0.07986355633802812,-0.0,CLEAR
4,0.019014084507042294,-0.0,CLEAR
4,0.11606514084507051,-0.0,CLEAR
4,0.0,0.0,BRAKE
4,0.0,0.0,BRAKE
4,0.13635950088500975,-0.0,CLEAR
4,0.0,0.0,BRAKE
4,0.0,0.0,BRAKE
3,0.6,0.14521684791984069,CLEAR
3,0.0,0.0,BRAKE
3,0.0,0.0,BRAKE
3,0.0,0.0,BRAKE
8,0.0,0.0,BRAKE
3,0.173943661971831,0.14521684791984069,CLEAR
3,0.0,0.0,BRAKE
3,0.18319916725158691,0.14521684791984069,CLEAR
3,0.45194456577301023,0.14521684791984069,CLEAR
2,0.0,0.0,BRAKE
2,0.0,0.0,BRAKE
2,0.0,0.0,BRAKE
2,0.0,0.0,BRAKE
2,0.0,0.0,BRAKE
2,0.0,0.0,BRAKE
2,0.0,0.0,BRAKE
2,0.0,0.0,BRAKE
2,0.0,0.0,BRAKE
2,0.0,0.0,BRAKE
2,0.0,0.0,BRAKE
2,0.0,0.0,BRAKE
2,0.0,0.0,BRAKE
2,0.0,0.0,BRAKE
2,0.0,0.0,BRAKE
2,0.0,0.0,BRAKE
2,0.0,0.0,BRAKE
2,0.0,0.0,BRAKE
2,0.0,0.0,BRAKE
2,0.0,0.0,BRAKE
3,0.30016317367553713,0.14521684791984069,CLEAR
2,0.0,0.0,BRAKE
3,0.0,0.0,BRAKE
3,0.0,0.0,BRAKE
3,0.03551936619718312,0.14521684791984069,CLEAR
3,0.03298855633802813,0.14521684791984069,CLEAR
3,0.03144806338028167,0.14521684791984069,CLEAR
3,0.029687500000000044,0.14521684791984069,CLEAR
3,0.028587147887324013,0.14521684791984069,CLEAR
3,0.032438380281690216,0.14521684791984069,CLEAR
3,0.03298855633802813,0.14521684791984069,CLEAR
3,0.0,0.0,BRAKE
3,0.0,0.0,BRAKE
3,0.0,0.0,BRAKE
3,0.0,0.0,BRAKE
3,0.0,0.0,BRAKE
3,0.0,0.0,BRAKE
3,0.0,0.0,BRAKE
3,0.0,0.0,BRAKE
3,0.0,0.0,BRAKE
3,0.0,0.0,BRAKE
3,0.0,0.0,BRAKE
3,0.0,0.0,BRAKE
3,0.0,0.0,BRAKE
3,0.0,0.0,BRAKE
3,0.0,0.0,BRAKE
3,0.0,0.0,BRAKE
3,0.1949321269989014,0.14521684791984069,CLEAR
3,0.0,0.0,BRAKE
3,0.0,0.0,BRAKE
3,0.0,0.0,BRAKE
3,0.0,0.0,BRAKE
3,0.0,0.0,BRAKE
3,0.0,0.0,BRAKE
3,0.0,0.0,BRAKE
3,0.0,0.0,BRAKE
3,0.0,0.0,BRAKE
3,0.0,0.0,BRAKE
3,0.0,0.0,BRAKE
2,0.0,0.0,BRAKE
2,0.0,0.0,BRAKE
2,0.0,0.0,BRAKE
2,0.0,0.0,BRAKE
2,0.0,0.0,BRAKE
2,0.0,0.0,BRAKE
2,0.0,0.0,BRAKE
2,0.0,0.0,BRAKE
2,0.0,0.0,BRAKE
2,0.0,0.0,BRAKE
2,0.0,0.0,BRAKE
2,0.0,0.0,BRAKE
2,0.0,0.0,BRAKE
2,0.0,0.0,BRAKE
4,0.6,-0.0,CLEAR
4,0.3208944082260132,-0.0,CLEAR
5,0.0,0.0,BRAKE
3,0.21496336460113527,0.14521684791984069,CLEAR
3,0.27357597351074214,0.14521684791984069,CLEAR
2,0.24557658450704226,0.29043369583968137,CLEAR
8,0.09646568298339843,-0.5808673916793627,CLEAR
3,0.1500224113464355,0.14521684791984069,CLEAR
3,0.0,0.0,BRAKE
3,0.0,0.0,BRAKE
6,0.3257889986038208,-0.29043369583968137,CLEAR
3,0.233142352104187,0.14521684791984069,CLEAR
4,0.6,-0.0,CLEAR
4,0.06775968309859155,-0.0,CLEAR
4,0.07557218309859164,-0.0,CLEAR
4,0.0763424295774648,-0.0,CLEAR
4,0.08624559859154925,-0.0,CLEAR
4,0.08778609154929584,-0.0,CLEAR
4,0.0893265845070423,-0.0,CLEAR
4,0.0867957746478873,-0.0,CLEAR
4,0.08877640845070424,-0.0,CLEAR
4,0.09009683098591552,-0.0,CLEAR
4,0.0906470070422535,-0.0,CLEAR
4,0.08767605633802822,-0.0,CLEAR
4,0.11540492957746484,-0.0,CLEAR
4,0.10022007042253522,-0.0,CLEAR
4,0.09295774647887324,-0.0,CLEAR
4,0.16844190140845072,-0.0,CLEAR
5,0.3483494718309859,-0.14521684791984069,CLEAR
4,0.2501371383666992,-0.0,CLEAR
4,0.3261223591549296,-0.0,CLEAR
5,0.24737827777862548,-0.14521684791984069,CLEAR
5,0.2909536361694336,-0.14521684791984069,CLEAR
5,0.252354097366333,-0.14521684791984069,CLEAR
5,0.26120158450704223,-0.14521684791984069,CLEAR
5,0.2528389084507042,-0.14521684791984069,CLEAR
5,0.22577024647887323,-0.14521684791984069,CLEAR
5,0.12592897415161133,-0.14521684791984069,CLEAR
5,0.1454244136810303,-0.14521684791984069,CLEAR
5,0.19936179577464788,-0.14521684791984069,CLEAR
5,0.183759593963623,-0.14521684791984069,CLEAR
5,0.19158759117126467,-0.14521684791984069,CLEAR
5,0.13836803436279294,-0.14521684791984069,CLEAR
5,0.1278414249420166,-0.14521684791984069,CLEAR
5,0.015836286544799783,-0.14521684791984069,CLEAR
5,0.1277802467346191,-0.14521684791984069,CLEAR
6,0.048411655426025386,-0.29043369583968137,CLEAR
6,0.19560780525207516,-0.29043369583968137,CLEAR
6,0.21231536865234374,-0.29043369583968137,CLEAR
6,0.12607550621032712,-0.29043369583968137,CLEAR
6,0.25019806338028167,-0.29043369583968137,CLEAR
6,0.24931778169014085,-0.29043369583968137,CLEAR
6,0.1652491569519043,-0.29043369583968137,CLEAR
6,0.24159455299377441,-0.29043369583968137,CLEAR
6,0.18336172103881837,-0.29043369583968137,CLEAR
6,0.2519586267605634,-0.29043369583968137,CLEAR
6,0.21324999332427977,-0.29043369583968137,CLEAR
6,0.2426056338028169,-0.29043369583968137,CLEAR
6,0.1980438709259033,-0.29043369583968137,CLEAR
6,0.23061179577464788,-0.29043369583968137,CLEAR
6,0.20717429577464788,-0.29043369583968137,CLEAR
6,0.21234595070422538,-0.29043369583968137,CLEAR
6,0.1457092761993408,-0.29043369583968137,CLEAR
7,0.16892008781433104,-0.43565054375952217,CLEAR
7,0.2626304388046265,-0.43565054375952217,CLEAR
7,0.06476683616638183,-0.43565054375952217,CLEAR
7,0.2410604000091553,-0.43565054375952217,CLEAR
7,0.2431285619735718,-0.43565054375952217,CLEAR
7,0.13324456214904784,-0.43565054375952217,CLEAR
7,0.12886142730712888,-0.43565054375952217,CLEAR
7,0.1296509265899658,-0.43565054375952217,CLEAR
7,0.13851590156555177,-0.43565054375952217,CLEAR
7,0.13096399307250975,-0.43565054375952217,CLEAR
7,0.1171378135681152,-0.43565054375952217,CLEAR
7,0.1311676979064941,-0.43565054375952217,CLEAR
7,0.1308543682098389,-0.43565054375952217,CLEAR
7,0.1315859794616699,-0.43565054375952217,CLEAR
7,0.12875499725341794,-0.43565054375952217,CLEAR
7,0.12047557830810549,-0.43565054375952217,CLEAR
7,0.12240533828735353,-0.43565054375952217,CLEAR
7,0.12724833488464357,-0.43565054375952217,CLEAR
7,0.12037119865417478,-0.43565054375952217,CLEAR
7,0.0982917308807373,-0.43565054375952217,CLEAR
7,0.08645219802856442,-0.43565054375952217,CLEAR
7,0.068332576751709,-0.43565054375952217,CLEAR
7,0.07612552642822265,-0.43565054375952217,CLEAR
7,0.0677640438079834,-0.43565054375952217,CLEAR
7,0.022101926803588846,-0.43565054375952217,CLEAR
7,0.0673815727233887,-0.43565054375952217,CLEAR
7,0.09121713638305663,-0.43565054375952217,CLEAR
7,0.05413870811462402,-0.43565054375952217,CLEAR
7,0.07239537239074709,-0.43565054375952217,CLEAR
7,0.05004458427429199,-0.43565054375952217,CLEAR
7,0.06253347396850584,-0.43565054375952217,CLEAR
7,0.05819964408874512,-0.43565054375952217,CLEAR
7,0.07192511558532715,-0.43565054375952217,CLEAR
7,0.07703967094421389,-0.43565054375952217,CLEAR
7,0.08721604347229006,-0.43565054375952217,CLEAR
7,0.09620704650878906,-0.43565054375952217,CLEAR
7,0.07168297767639162,-0.43565054375952217,CLEAR
7,0.09014711380004882,-0.43565054375952217,CLEAR
7,0.09116072654724118,-0.43565054375952217,CLEAR
7,0.07257347106933595,-0.43565054375952217,CLEAR
7,0.09585008621215818,-0.43565054375952217,CLEAR
7,0.09527630805969235,-0.43565054375952217,CLEAR
7,0.07070889472961425,-0.43565054375952217,CLEAR
8,0.05187802314758298,-0.5808673916793627,CLEAR
7,0.11280488967895509,-0.43565054375952217,CLEAR
7,0.08494105339050292,-0.43565054375952217,CLEAR
7,0.10648670196533203,-0.43565054375952217,CLEAR
7,0.14298167228698733,-0.43565054375952217,CLEAR
8,0.13071894645690915,-0.5808673916793627,CLEAR
7,0.10808215141296386,-0.43565054375952217,CLEAR
7,0.1019230842590332,-0.43565054375952217,CLEAR
7,0.11586747169494631,-0.43565054375952217,CLEAR
7,0.10962381362915039,-0.43565054375952217,CLEAR
7,0.07329244613647463,-0.43565054375952217,CLEAR
7,0.08577680587768556,-0.43565054375952217,CLEAR
7,0.08585195541381833,-0.43565054375952217,CLEAR
7,0.08012232780456541,-0.43565054375952217,CLEAR
7,0.07802534103393552,-0.43565054375952217,CLEAR
7,0.07601571083068849,-0.43565054375952217,CLEAR
7,0.07830643653869626,-0.43565054375952217,CLEAR
7,0.07623200416564943,-0.43565054375952217,CLEAR
7,0.07351398468017578,-0.43565054375952217,CLEAR
7,0.06981215476989748,-0.43565054375952217,CLEAR
7,0.09085340499877932,-0.43565054375952217,CLEAR
8,0.06652212142944337,-0.5808673916793627,CLEAR
8,0.0935652256011963,-0.5808673916793627,CLEAR
8,0.11365408897399899,-0.5808673916793627,CLEAR
8,0.06215171813964843,-0.5808673916793627,CLEAR
8,0.06740899085998535,-0.5808673916793627,CLEAR
8,0.11256456375122072,-0.5808673916793627,CLEAR
8,0.10859613418579102,-0.5808673916793627,CLEAR
8,0.1360310077667236,-0.5808673916793627,CLEAR
8,0.16614851951599122,-0.5808673916793627,CLEAR
3,0.20661637783050535,0.14521684791984069,CLEAR
3,0.16528925895690916,0.14521684791984069,CLEAR
3,0.16639132499694823,0.14521684791984069,CLEAR
3,0.15265889167785643,0.14521684791984069,CLEAR
3,0.18608584403991701,0.14521684791984069,CLEAR
3,0.1875760078430176,0.14521684791984069,CLEAR
8,0.12203388214111326,-0.5808673916793627,CLEAR
8,0.1169124126434326,-0.5808673916793627,CLEAR
3,0.13791613578796383,0.14521684791984069,CLEAR
8,0.11184382438659668,-0.5808673916793627,CLEAR
8,0.09939393997192382,-0.5808673916793627,CLEAR
3,0.14687366485595704,0.14521684791984069,CLEAR
8,0.11267242431640627,-0.5808673916793627,CLEAR
8,0.14755516052246095,-0.5808673916793627,CLEAR
3,0.179313325881958,0.14521684791984069,CLEAR
8,0.10999140739440916,-0.5808673916793627,CLEAR
3,0.18842334747314451,0.14521684791984069,CLEAR
3,0.15654606819152833,0.14521684791984069,CLEAR
3,0.1790707588195801,0.14521684791984069,CLEAR
3,0.12091417312622071,0.14521684791984069,CLEAR
8,0.11306962966918944,-0.5808673916793627,CLEAR
3,0.10539131164550779,0.14521684791984069,CLEAR
3,0.14885230064392088,0.14521684791984069,CLEAR
3,0.11999998092651365,0.14521684791984069,CLEAR
8,0.11110157966613772,-0.5808673916793627,CLEAR
8,0.09459691047668459,-0.5808673916793627,CLEAR
8,0.17310996055603028,-0.5808673916793627,CLEAR
8,0.08532304763793948,-0.5808673916793627,CLEAR
8,0.1348123073577881,-0.5808673916793627,CLEAR
8,0.1701919078826904,-0.5808673916793627,CLEAR
3,0.2,0.14521684791984069,CLEAR
8,0.14935512542724608,-0.5808673916793627,CLEAR
8,0.1829642295837402,-0.5808673916793627,CLEAR
3,0.1834685802459717,0.14521684791984069,CLEAR
3,0.17377605438232419,0.14521684791984069,CLEAR
3,0.18941078186035157,0.14521684791984069,CLEAR
3,0.13341879844665527,0.14521684791984069,CLEAR
8,0.11116838455200197,-0.5808673916793627,CLEAR
8,0.11771235466003417,-0.5808673916793627,CLEAR
3,0.17166738510131835,0.14521684791984069,CLEAR
8,0.17362356185913083,-0.5808673916793627,CLEAR
8,0.10703496932983396,-0.5808673916793627,CLEAR
3,0.1345597743988037,0.14521684791984069,CLEAR
3,0.20344219207763672,0.14521684791984069,CLEAR
3,0.18259921073913574,0.14521684791984069,CLEAR
3,0.14073748588562013,0.14521684791984069,CLEAR
3,0.18028907775878905,0.14521684791984069,CLEAR
3,0.18206715583801267,0.14521684791984069,CLEAR
3,0.1287971973419189,0.14521684791984069,CLEAR
3,0.2008802890777588,0.14521684791984069,CLEAR
3,0.14673390388488772,0.14521684791984069,CLEAR
3,0.17051792144775388,0.14521684791984069,CLEAR
3,0.12482457160949706,0.14521684791984069,CLEAR
3,0.1466753959655762,0.14521684791984069,CLEAR
3,0.14292640686035155,0.14521684791984069,CLEAR
3,0.14520969390869143,0.14521684791984069,CLEAR
3,0.14153103828430172,0.14521684791984069,CLEAR
3,0.1914852142333984,0.14521684791984069,CLEAR
3,0.07811417579650877,0.14521684791984069,CLEAR
3,0.06271409988403322,0.14521684791984069,CLEAR
3,0.08748340606689455,0.14521684791984069,CLEAR
3,0.06932864189147951,0.14521684791984069,CLEAR
3,0.09565215110778809,0.14521684791984069,CLEAR
3,0.049063348770141575,0.14521684791984069,CLEAR
3,0.026802301406860327,0.14521684791984069,CLEAR
3,0.09712748527526857,0.14521684791984069,CLEAR
3,0.07111010551452634,0.14521684791984069,CLEAR
3,0.07850170135498044,0.14521684791984069,CLEAR
3,0.07636528015136719,0.14521684791984069,CLEAR
3,0.07465105056762693,0.14521684791984069,CLEAR
3,0.07394161224365237,0.14521684791984069,CLEAR
2,0.05311417579650879,0.29043369583968137,CLEAR
3,0.2954870462417602,0.14521684791984069,CLEAR
3,0.1490212917327881,0.14521684791984069,CLEAR
2,0.09613943099975587,0.29043369583968137,CLEAR
1,0.0817073345184326,0.43565054375952217,CLEAR
1,0.09499998092651367,0.43565054375952217,CLEAR
7,0.0436001777648926,-0.43565054375952217,CLEAR
7,0.0180999755859375,-0.43565054375952217,CLEAR
7,0.01876139640808103,-0.43565054375952217,CLEAR
7,0.034967470169067406,-0.43565054375952217,CLEAR
7,0.038382101058959985,-0.43565054375952217,CLEAR
7,0.11657290458679197,-0.43565054375952217,CLEAR
6,0.21670906543731686,-0.29043369583968137,CLEAR
6,0.19849939346313478,-0.29043369583968137,CLEAR
6,0.18941936492919922,-0.29043369583968137,CLEAR
6,0.2731954225352113,-0.29043369583968137,CLEAR
6,0.2895906690140845,-0.29043369583968137,CLEAR
5,0.33393485915492954,-0.14521684791984069,CLEAR
5,0.32150088028169016,-0.14521684791984069,CLEAR
5,0.3487896126760563,-0.14521684791984069,CLEAR
5,0.28507922535211266,-0.14521684791984069,CLEAR
5,0.26098151408450704,-0.14521684791984069,CLEAR
5,0.25085827464788735,-0.14521684791984069,CLEAR
5,0.2658230633802817,-0.14521684791984069,CLEAR
5,0.2997139084507042,-0.14521684791984069,CLEAR
5,0.19100394248962405,-0.14521684791984069,CLEAR
5,0.1901270389556885,-0.14521684791984069,CLEAR
5,0.2053110122680664,-0.14521684791984069,CLEAR
5,0.24634411334991452,-0.14521684791984069,CLEAR
5,0.2729753521126761,-0.14521684791984069,CLEAR
5,0.27333455085754393,-0.14521684791984069,CLEAR
5,0.2780369718309859,-0.14521684791984069,CLEAR
5,0.2789172535211268,-0.14521684791984069,CLEAR
5,0.2755750179290771,-0.14521684791984069,CLEAR
5,0.21728813648223874,-0.14521684791984069,CLEAR
5,0.3202217102050781,-0.14521684791984069,CLEAR
4,0.3327244718309859,-0.0,CLEAR
4,0.29003080985915497,-0.0,CLEAR
4,0.299493838028169,-0.0,CLEAR
4,0.2854093309859155,-0.0,CLEAR
4,0.28188820422535216,-0.0,CLEAR
4,0.2993838028169014,-0.0,CLEAR
4,0.27077464788732397,-0.0,CLEAR
4,0.2778169014084508,-0.0,CLEAR
4,0.27352552816901415,-0.0,CLEAR
4,0.2547095070422535,-0.0,CLEAR
4,0.228631161971831,-0.0,CLEAR
4,0.17944542253521134,-0.0,CLEAR
4,0.09427816901408452,-0.0,CLEAR
4,0.08646566901408449,-0.0,CLEAR
4,0.08822623239436626,-0.0,CLEAR
4,0.09009683098591552,-0.0,CLEAR
4,0.08976672535211272,-0.0,CLEAR
4,0.08954665492957747,-0.0,CLEAR
4,0.09031690140845076,-0.0,CLEAR
4,0.08767605633802822,-0.0,CLEAR
4,0.08976672535211272,-0.0,CLEAR
4,0.08921654929577467,-0.0,CLEAR
4,0.0867957746478873,-0.0,CLEAR
4,0.06401848591549297,-0.0,CLEAR
4,0.04729313380281697,-0.0,CLEAR
4,0.060827464788732376,-0.0,CLEAR
3,0.025946302816901468,0.14521684791984069,CLEAR
3,0.032768485915493015,0.14521684791984069,CLEAR
3,0.037389964788732376,0.14521684791984069,CLEAR
3,0.02814700704225359,0.14521684791984069,CLEAR
3,0.026386443661971893,0.14521684791984069,CLEAR
3,0.02154489436619722,0.14521684791984069,CLEAR
3,0.020554577464788747,0.14521684791984069,CLEAR
3,0.03056778169014089,0.14521684791984069,CLEAR
3,0.011861795774647877,0.14521684791984069,CLEAR
3,0.010541373239436668,0.14521684791984069,CLEAR
3,0.02539612676056342,0.14521684791984069,CLEAR
3,0.0123019366197183,0.14521684791984069,CLEAR
3,0.012081866197183122,0.14521684791984069,CLEAR
3,0.045862676056338,0.14521684791984069,CLEAR
3,0.022865316901408427,0.14521684791984069,CLEAR
3,0.05312500000000004,0.14521684791984069,CLEAR
3,0.034088908450704225,0.14521684791984069,CLEAR
3,0.0633582746478873,0.14521684791984069,CLEAR
3,0.0704005281690141,0.14521684791984069,CLEAR
3,0.10726232394366202,0.14521684791984069,CLEAR
3,0.06577904929577467,0.14521684791984069,CLEAR
3,0.07865316901408455,0.14521684791984069,CLEAR
3,0.10429137323943667,0.14521684791984069,CLEAR
3,0.073481514084507,0.14521684791984069,CLEAR
3,0.07392165492957749,0.14521684791984069,CLEAR
3,0.069300176056338,0.14521684791984069,CLEAR
3,0.07997359154929574,0.14521684791984069,CLEAR
3,0.04333186619718314,0.14521684791984069,CLEAR
3,0.14860696792602537,0.14521684791984069,CLEAR
3,0.13642165492957747,0.14521684791984069,CLEAR
3,0.13576144366197188,0.14521684791984069,CLEAR
3,0.10583186619718311,0.14521684791984069,CLEAR
2,0.08140404929577472,0.29043369583968137,CLEAR
2,0.08349471830985922,0.29043369583968137,CLEAR
2,0.07788292253521124,0.29043369583968137,CLEAR
2,0.06676936619718314,0.29043369583968137,CLEAR
2,0.06390845070422535,0.29043369583968137,CLEAR
2,0.06467869718309864,0.29043369583968137,CLEAR
2,0.06192781690140847,0.29043369583968137,CLEAR
2,0.06401848591549297,0.29043369583968137,CLEAR
2,0.06324823943661974,0.29043369583968137,CLEAR
2,0.060827464788732376,0.29043369583968137,CLEAR
2,0.06764964788732393,0.29043369583968137,CLEAR
2,0.06533890845070424,0.29043369583968137,CLEAR
2,0.06610915492957747,0.29043369583968137,CLEAR
2,0.06919014084507051,0.29043369583968137,CLEAR
2,0.07766285211267614,0.29043369583968137,CLEAR
2,0.04971390845070427,0.29043369583968137,CLEAR
2,0.054995598591549295,0.29043369583968137,CLEAR
2,0.07953345070422539,0.29043369583968137,CLEAR
2,0.044322183098591546,0.29043369583968137,CLEAR
2,0.0,0.0,BRAKE
2,0.0,0.0,BRAKE
2,0.12728873239436617,0.29043369583968137,CLEAR
2,0.088556338028169,0.29043369583968137,CLEAR
2,0.14236355633802816,0.29043369583968137,CLEAR
2,0.08437499999999999,0.29043369583968137,CLEAR
2,0.12211707746478877,0.29043369583968137,CLEAR
2,0.05818661971830989,0.29043369583968137,CLEAR
2,0.10308098591549301,0.29043369583968137,CLEAR
2,0.0075704225352112514,0.29043369583968137,CLEAR
2,0.120356514084507,0.29043369583968137,CLEAR
2,0.1327904929577465,0.29043369583968137,CLEAR
2,0.18670774647887325,0.29043369583968137,CLEAR
2,0.14335387323943663,0.29043369583968137,CLEAR
2,0.11749559859154934,0.29043369583968137,CLEAR
2,0.0955985915492958,0.29043369583968137,CLEAR
1,0.09339788732394368,0.43565054375952217,CLEAR
1,0.07535211267605639,0.43565054375952217,CLEAR
1,0.08041373239436618,0.43565054375952217,CLEAR
1,0.08030369718309861,0.43565054375952217,CLEAR
1,0.08118397887323947,0.43565054375952217,CLEAR
1,0.08646566901408449,0.43565054375952217,CLEAR
1,0.11155369718309864,0.43565054375952217,CLEAR
1,0.08943661971830985,0.43565054375952217,CLEAR
1,0.05455545774647887,0.43565054375952217,CLEAR
1,0.06137764084507042,0.43565054375952217,CLEAR
1,0.06060739436619726,0.43565054375952217,CLEAR
1,0.05092429577464792,0.43565054375952217,CLEAR
1,0.062367957746478894,0.43565054375952217,CLEAR
1,0.047623239436619766,0.43565054375952217,CLEAR
1,0.188468309859155,0.43565054375952217,CLEAR
1,0.07975352112676064,0.43565054375952217,CLEAR
1,0.09548855633802818,0.43565054375952217,CLEAR
1,0.0633582746478873,0.43565054375952217,CLEAR
1,0.10308098591549301,0.43565054375952217,CLEAR
1,0.12629841549295776,0.43565054375952217,CLEAR
1,0.18791813380281697,0.43565054375952217,CLEAR
1,0.24502640845070423,0.43565054375952217,CLEAR
1,0.2694193124771118,0.43565054375952217,CLEAR
1,0.2212588028169014,0.43565054375952217,CLEAR
1,0.22180897887323947,0.43565054375952217,CLEAR
1,0.12299735915492954,0.43565054375952217,CLEAR
1,0.1281690140845071,0.43565054375952217,CLEAR
1,0.2231914520263672,0.43565054375952217,CLEAR
1,0.23056581020355227,0.43565054375952217,CLEAR
1,0.1998019366197183,0.43565054375952217,CLEAR
1,0.228456449508667,0.43565054375952217,CLEAR
1,0.23690867424011228,0.43565054375952217,CLEAR
1,0.24099228382110593,0.43565054375952217,CLEAR
1,0.24511091709136962,0.43565054375952217,CLEAR
1,0.23402288732394366,0.43565054375952217,CLEAR
1,0.2597611427307129,0.43565054375952217,CLEAR
0,0.18747799295774648,0.5818900455379532,CLEAR
0,0.267862606048584,0.5818900455379532,CLEAR
0,0.25864927768707274,0.5818900455379532,CLEAR
0,0.2760995149612427,0.5818900455379532,CLEAR
0,0.26170649528503415,0.5818900455379532,CLEAR
0,0.2672268867492676,0.5818900455379532,CLEAR
0,0.2868122100830078,0.5818900455379532,CLEAR
0,0.2603020429611206,0.5818900455379532,CLEAR
0,0.24787514209747316,0.5818900455379532,CLEAR
0,0.2575566053390503,0.5818900455379532,CLEAR
0,0.2797173023223877,0.5818900455379532,CLEAR
0,0.27165129184722897,0.5818900455379532,CLEAR
0,0.27563705444335934,0.5818900455379532,CLEAR
0,0.28554899692535396,0.5818900455379532,CLEAR
0,0.27812287807464603,0.5818900455379532,CLEAR
0,0.2918710231781006,0.5818900455379532,CLEAR
0,0.29794721603393554,0.5818900455379532,CLEAR
0,0.3022661685943604,0.5818900455379532,CLEAR
0,0.30148181915283206,0.5818900455379532,CLEAR
3,0.6,0.14521684791984069,CLEAR
3,0.6,0.14521684791984069,CLEAR
3,0.6,0.14521684791984069,CLEAR
3,0.6,0.14521684791984069,CLEAR
3,0.6,0.14521684791984069,CLEAR
2,0.6,0.29043369583968137,CLEAR
2,0.6,0.29043369583968137,CLEAR
2,0.6,0.29043369583968137,CLEAR
2,0.6,0.29043369583968137,CLEAR
2,0.6,0.29043369583968137,CLEAR
2,0.6,0.29043369583968137,CLEAR
2,0.6,0.29043369583968137,CLEAR
2,0.6,0.29043369583968137,CLEAR
2,0.6,0.29043369583968137,CLEAR
2,0.6,0.29043369583968137,CLEAR
2,0.6,0.29043369583968137,CLEAR
2,0.6,0.29043369583968137,CLEAR
2,0.6,0.29043369583968137,CLEAR
3,0.6,0.14521684791984069,CLEAR
4,0.6,-0.0,CLEAR
3,0.1733616828918457,0.14521684791984069,CLEAR
3,0.283796501159668,0.14521684791984069,CLEAR
3,0.32755055427551266,0.14521684791984069,CLEAR
3,0.24978747367858886,0.14521684791984069,CLEAR
4,0.19896416664123537,-0.0,CLEAR
5,0.3880042791366577,-0.14521684791984069,CLEAR
5,0.291467547416687,-0.14521684791984069,CLEAR
5,0.26893670558929444,-0.14521684791984069,CLEAR
5,0.12877907752990722,-0.14521684791984069,CLEAR
5,0.169741153717041,-0.14521684791984069,CLEAR
5,0.20158843994140627,-0.14521684791984069,CLEAR
5,0.19527897834777833,-0.14521684791984069,CLEAR
5,0.22044637203216555,-0.14521684791984069,CLEAR
6,0.43609141111373906,-0.29043369583968137,CLEAR
2,0.3331378221511841,0.29043369583968137,CLEAR
5,0.3298951148986816,-0.14521684791984069,CLEAR
7,0.37293822765350343,-0.43565054375952217,CLEAR
4,0.2938589811325073,-0.0,CLEAR
5,0.21062448024749758,-0.14521684791984069,CLEAR
4,0.3738552808761596,-0.0,CLEAR
4,0.6,-0.0,CLEAR
4,0.6,-0.0,CLEAR
3,0.13014964788732397,0.14521684791984069,CLEAR
3,0.284288215637207,0.14521684791984069,CLEAR
3,0.23985475352112673,0.14521684791984069,CLEAR
3,0.0,0.0,BRAKE
3,0.0,0.0,BRAKE
3,0.0,0.0,BRAKE
3,0.0,0.0,BRAKE
3,0.0,0.0,BRAKE
3,0.0,0.0,BRAKE
3,0.0,0.0,BRAKE
3,0.0,0.0,BRAKE
3,0.0,0.0,BRAKE
3,0.0,0.0,BRAKE
3,0.0,0.0,BRAKE
3,0.0,0.0,BRAKE
3,0.0,0.0,BRAKE
3,0.0,0.0,BRAKE
3,0.0,0.0,BRAKE
3,0.0,0.0,BRAKE
3,0.0,0.0,BRAKE
3,0.0,0.0,BRAKE
3,0.0,0.0,BRAKE
3,0.0,0.0,BRAKE
3,0.0,0.0,BRAKE
3,0.0,0.0,BRAKE
3,0.0,0.0,BRAKE
3,0.0,0.0,BRAKE
3,0.0,0.0,BRAKE
3,0.0,0.0,BRAKE
8,0.0010783450704225039,-0.5808673916793627,CLEAR
8,0.0,0.0,BRAKE
8,0.0,0.0,BRAKE
8,0.0,0.0,BRAKE
8,0.0,0.0,BRAKE
8,0.0,0.0,BRAKE
8,0.0,0.0,BRAKE
8,0.0,0.0,BRAKE
8,0.0,0.0,BRAKE
8,0.0,0.0,BRAKE
8,0.0,0.0,BRAKE
8,0.0,0.0,BRAKE
8,0.0,0.0,BRAKE
8,0.0,0.0,BRAKE
8,0.0,0.0,BRAKE
8,0.0,0.0,BRAKE
8,0.0,0.0,BRAKE
8,0.0,0.0,BRAKE
8,0.0,0.0,BRAKE
8,0.0,0.0,BRAKE
8,0.0,0.0,BRAKE
8,0.0,0.0,BRAKE
8,0.0,0.0,BRAKE
8,0.0,0.0,BRAKE
8,0.0,0.0,BRAKE
8,0.0,0.0,BRAKE
8,0.0,0.0,BRAKE
8,0.0,0.0,BRAKE
8,0.0,0.0,BRAKE
8,0.0,0.0,BRAKE
8,0.0,0.0,BRAKE
8,0.0,0.0,BRAKE
8,0.0,0.0,BRAKE
8,0.0,0.0,BRAKE
8,0.0,0.0,BRAKE
8,0.0,0.0,BRAKE
8,0.0,0.0,BRAKE
8,0.0,0.0,BRAKE
8,0.0,0.0,BRAKE
8,0.0,0.0,BRAKE
8,0.0,0.0,BRAKE
8,0.0,0.0,BRAKE
8,0.0,0.0,BRAKE
8,0.0,0.0,BRAKE
8,0.0,0.0,BRAKE
8,0.0,0.0,BRAKE
8,0.0,0.0,BRAKE
8,0.0,0.0,BRAKE
8,0.0,0.0,BRAKE
8,0.0,0.0,BRAKE
8,0.0,0.0,BRAKE
8,0.0,0.0,BRAKE
8,0.0,0.0,BRAKE
8,0.0,0.0,BRAKE
8,0.0,0.0,BRAKE
8,0.0,0.0,BRAKE
8,0.0,0.0,BRAKE
8,0.0,0.0,BRAKE
8,0.0,0.0,BRAKE
8,0.0,0.0,BRAKE
8,0.0,0.0,BRAKE
8,0.0,0.0,BRAKE
8,0.0,0.0,BRAKE
8,0.0,0.0,BRAKE
8,0.0,0.0,BRAKE
8,0.0,0.0,BRAKE
8,0.0,0.0,BRAKE
8,0.0,0.0,BRAKE
8,0.0,0.0,BRAKE
8,0.0,0.0,BRAKE
8,0.0,0.0,BRAKE
8,0.0,0.0,BRAKE
8,0.0,0.0,BRAKE
8,0.0,0.0,BRAKE
8,0.0,0.0,BRAKE
8,0.0,0.0,BRAKE
8,0.0,0.0,BRAKE
8,0.0,0.0,BRAKE
8,0.0,0.0,BRAKE
8,0.0,0.0,BRAKE
8,0.0,0.0,BRAKE
8,0.0,0.0,BRAKE
8,0.0,0.0,BRAKE
8,0.0,0.0,BRAKE
8,0.0,0.0,BRAKE
8,0.0,0.0,BRAKE
8,0.0,0.0,BRAKE
8,0.0,0.0,BRAKE
8,0.0,0.0,BRAKE
8,0.0,0.0,BRAKE
8,0.0,0.0,BRAKE
8,0.0,0.0,BRAKE
8,0.0,0.0,BRAKE
8,0.0,0.0,BRAKE
8,0.0,0.0,BRAKE
8,0.0,0.0,BRAKE
8,0.0,0.0,BRAKE
8,0.0,0.0,BRAKE
8,0.0,0.0,BRAKE
7,0.0,0.0,BRAKE
7,0.0,0.0,BRAKE
7,0.0,0.0,BRAKE
7,0.0,0.0,BRAKE
7,0.0,0.0,BRAKE
7,0.0,0.0,BRAKE
7,0.0,0.0,BRAKE
7,0.0,0.0,BRAKE
7,0.0,0.0,BRAKE
7,0.0,0.0,BRAKE
7,0.0,0.0,BRAKE
7,0.0,0.0,BRAKE
7,0.0,0.0,BRAKE
7,0.0,0.0,BRAKE
7,0.0,0.0,BRAKE
7,0.0,0.0,BRAKE
7,0.0,0.0,BRAKE
7,0.0,0.0,BRAKE
7,0.0,0.0,BRAKE
7,0.0,0.0,BRAKE
7,0.0,0.0,BRAKE
7,0.0,0.0,BRAKE
7,0.0,0.0,BRAKE
7,0.0,0.0,BRAKE
7,0.0,0.0,BRAKE
7,0.0,0.0,BRAKE
7,0.0,0.0,BRAKE
7,0.0,0.0,BRAKE
7,0.0,0.0,BRAKE
7,0.0,0.0,BRAKE
7,0.0,0.0,BRAKE
7,0.0,0.0,BRAKE
7,0.0,0.0,BRAKE
7,0.0,0.0,BRAKE
7,0.0,0.0,BRAKE
7,0.0,0.0,BRAKE
7,0.0,0.0,BRAKE
7,0.0,0.0,BRAKE
7,0.0,0.0,BRAKE
1,0.0,0.0,BRAKE
7,0.0,0.0,BRAKE
7,0.0,0.0,BRAKE
7,0.0,0.0,BRAKE
7,0.0,0.0,BRAKE
7,0.0,0.0,BRAKE
7,0.0,0.0,BRAKE
7,0.0,0.0,BRAKE
7,0.0,0.0,BRAKE
7,0.0,0.0,BRAKE
7,0.0,0.0,BRAKE
7,0.0,0.0,BRAKE
7,0.0,0.0,BRAKE
7,0.0,0.0,BRAKE
7,0.0,0.0,BRAKE
7,0.0,0.0,BRAKE
7,0.0,0.0,BRAKE
7,0.0,0.0,BRAKE
7,0.0,0.0,BRAKE
7,0.0,0.0,BRAKE
7,0.0,0.0,BRAKE
7,0.0,0.0,BRAKE
7,0.0,0.0,BRAKE
7,0.0,0.0,BRAKE
7,0.0,0.0,BRAKE
7,0.0,0.0,BRAKE
7,0.0,0.0,BRAKE
7,0.0,0.0,BRAKE
7,0.0,0.0,BRAKE
7,0.0,0.0,BRAKE
7,0.0,0.0,BRAKE
7,0.0,0.0,BRAKE
7,0.0,0.0,BRAKE
7,0.0,0.0,BRAKE
7,0.0,0.0,BRAKE
7,0.0,0.0,BRAKE
7,0.0,0.0,BRAKE
7,0.0,0.0,BRAKE
7,0.0,0.0,BRAKE
7,0.0,0.0,BRAKE
7,0.0,0.0,BRAKE
7,0.0,0.0,BRAKE
7,0.0,0.0,BRAKE
7,0.0,0.0,BRAKE
7,0.0,0.0,BRAKE
7,0.0,0.0,BRAKE
7,0.0,0.0,BRAKE
7,0.0,0.0,BRAKE
7,0.0,0.0,BRAKE
7,0.0,0.0,BRAKE
7,0.0,0.0,BRAKE
7,0.0,0.0,BRAKE
7,0.0,0.0,BRAKE
7,0.0,0.0,BRAKE
7,0.0,0.0,BRAKE
7,0.0,0.0,BRAKE
7,0.0,0.0,BRAKE
7,0.0,0.0,BRAKE
7,0.0,0.0,BRAKE
7,0.0,0.0,BRAKE
7,0.0,0.0,BRAKE
7,0.0,0.0,BRAKE
7,0.0,0.0,BRAKE
7,0.0,0.0,BRAKE
7,0.0,0.0,BRAKE
7,0.0,0.0,BRAKE
6,0.0,0.0,BRAKE
7,0.0,0.0,BRAKE
0,0.0,0.0,BRAKE
6,0.0,0.0,BRAKE
6,0.0,0.0,BRAKE
6,0.0,0.0,BRAKE
5,0.0,0.0,BRAKE
5,0.0,0.0,BRAKE
5,0.0,0.0,BRAKE
5,0.0,0.0,BRAKE
5,0.0,0.0,BRAKE
5,0.0,0.0,BRAKE
5,0.0,0.0,BRAKE
5,0.0,0.0,BRAKE
5,0.0,0.0,BRAKE
5,0.0,0.0,BRAKE
6,0.0,0.0,BRAKE
6,0.0,0.0,BRAKE
5,0.0,0.0,BRAKE
5,0.0,0.0,BRAKE
6,0.0,0.0,BRAKE
1,0.0,0.0,BRAKE
6,0.0,0.0,BRAKE
6,0.0,0.0,BRAKE
6,0.0,0.0,BRAKE
6,0.0,0.0,BRAKE
6,0.0,0.0,BRAKE
6,0.0,0.0,BRAKE
6,0.0,0.0,BRAKE
6,0.0,0.0,BRAKE
6,0.0,0.0,BRAKE
6,0.0,0.0,BRAKE
6,0.0,0.0,BRAKE
6,0.0,0.0,BRAKE
6,0.0,0.0,BRAKE
6,0.0,0.0,BRAKE
6,0.0,0.0,BRAKE
6,0.0,0.0,BRAKE
6,0.0,0.0,BRAKE
6,0.0,0.0,BRAKE
6,0.0,0.0,BRAKE
6,0.0,0.0,BRAKE
6,0.0,0.0,BRAKE
6,0.0,0.0,BRAKE
6,0.0,0.0,BRAKE
6,0.0,0.0,BRAKE
6,0.0,0.0,BRAKE
6,0.0,0.0,BRAKE
0,0.0,0.0,BRAKE
1,0.0,0.0,BRAKE
0,0.0,0.0,BRAKE
6,0.0,0.0,BRAKE
6,0.0,0.0,BRAKE
6,0.0,0.0,BRAKE
6,0.0,0.0,BRAKE
6,0.0,0.0,BRAKE
1,0.0,0.0,BRAKE
1,0.0,0.0,BRAKE
1,0.0,0.0,BRAKE
1,0.0,0.0,BRAKE
1,0.0,0.0,BRAKE
6,0.0,0.0,BRAKE
6,0.0,0.0,BRAKE
6,0.0,0.0,BRAKE
6,0.0,0.0,BRAKE
6,0.0,0.0,BRAKE
6,0.0,0.0,BRAKE
6,0.0,0.0,BRAKE
6,0.0,0.0,BRAKE
6,0.0,0.0,BRAKE
6,0.0,0.0,BRAKE
6,0.0,0.0,BRAKE
6,0.0,0.0,BRAKE
6,0.0,0.0,BRAKE
6,0.0,0.0,BRAKE
6,0.0,0.0,BRAKE
6,0.0,0.0,BRAKE
6,0.0,0.0,BRAKE
6,0.0,0.0,BRAKE
6,0.0,0.0,BRAKE
6,0.0,0.0,BRAKE
6,0.0,0.0,BRAKE
6,0.0,0.0,BRAKE
6,0.0,0.0,BRAKE
6,0.0,0.0,BRAKE
6,0.0,0.0,BRAKE
6,0.0,0.0,BRAKE
6,0.0,0.0,BRAKE
6,0.0,0.0,BRAKE
6,0.0,0.0,BRAKE
6,0.0,0.0,BRAKE
6,0.0,0.0,BRAKE
6,0.0,0.0,BRAKE
6,0.0,0.0,BRAKE
6,0.0,0.0,BRAKE
6,0.0,0.0,BRAKE
6,0.0,0.0,BRAKE
6,0.0,0.0,BRAKE
6,0.0,0.0,BRAKE
6,0.0,0.0,BRAKE
6,0.0,0.0,BRAKE
6,0.0,0.0,BRAKE
6,0.0,0.0,BRAKE
6,0.0,0.0,BRAKE
6,0.0,0.0,BRAKE
6,0.0,0.0,BRAKE
6,0.0,0.0,BRAKE
6,0.0,0.0,BRAKE
6,0.0,0.0,BRAKE
6,0.0,0.0,BRAKE
6,0.0,0.0,BRAKE
6,0.0,0.0,BRAKE
6,0.0,0.0,BRAKE
6,0.0,0.0,BRAKE
6,0.0,0.0,BRAKE
6,0.0,0.0,BRAKE
6,0.0,0.0,BRAKE
6,0.0,0.0,BRAKE
6,0.0,0.0,BRAKE
6,0.0,0.0,BRAKE
6,0.0,0.0,BRAKE
6,0.0,0.0,BRAKE
6,0.0,0.0,BRAKE
6,0.0,0.0,BRAKE
6,0.0,0.0,BRAKE
1,0.0,0.0,BRAKE
1,0.0,0.0,BRAKE
1,0.0,0.0,BRAKE
1,0.0,0.0,BRAKE
1,0.0,0.0,BRAKE
1,0.0,0.0,BRAKE
1,0.0,0.0,BRAKE
1,0.0,0.0,BRAKE
1,0.0,0.0,BRAKE
1,0.0,0.0,BRAKE
6,0.0,0.0,BRAKE
6,0.0,0.0,BRAKE
6,0.0,0.0,BRAKE
1,0.0,0.0,BRAKE
6,0.0,0.0,BRAKE
1,0.0,0.0,BRAKE
1,0.0,0.0,BRAKE
6,0.0,0.0,BRAKE
6,0.0,0.0,BRAKE
6,0.0,0.0,BRAKE
6,0.0,0.0,BRAKE
6,0.0,0.0,BRAKE
6,0.0,0.0,BRAKE
6,0.0,0.0,BRAKE
6,0.0,0.0,BRAKE
1,0.0,0.0,BRAKE
1,0.0,0.0,BRAKE
6,0.0,0.0,BRAKE
6,0.0,0.0,BRAKE
1,0.0,0.0,BRAKE
1,0.0,0.0,BRAKE
1,0.0,0.0,BRAKE
1,0.0,0.0,BRAKE
1,0.0,0.0,BRAKE
1,0.0,0.0,BRAKE
1,0.0,0.0,BRAKE
1,0.0,0.0,BRAKE
1,0.0,0.0,BRAKE
1,0.0,0.0,BRAKE
1,0.0,0.0,BRAKE
1,0.0,0.0,BRAKE
1,0.0,0.0,BRAKE
6,0.0,0.0,BRAKE
1,0.0,0.0,BRAKE
6,0.0,0.0,BRAKE
6,0.0,0.0,BRAKE
6,0.0,0.0,BRAKE
6,0.0,0.0,BRAKE
6,0.0,0.0,BRAKE
4,0.0,0.0,BRAKE
6,0.0,0.0,BRAKE
6,0.0,0.0,BRAKE
6,0.0,0.0,BRAKE
6,0.0,0.0,BRAKE
6,0.0,0.0,BRAKE
6,0.0,0.0,BRAKE
6,0.0,0.0,BRAKE
6,0.0,0.0,BRAKE
6,0.0,0.0,BRAKE
6,0.0,0.0,BRAKE
6,0.0,0.0,BRAKE
6,0.0,0.0,BRAKE
6,0.0,0.0,BRAKE
6,0.0,0.0,BRAKE
6,0.0,0.0,BRAKE
6,0.0,0.0,BRAKE
6,0.0,0.0,BRAKE
6,0.0,0.0,BRAKE
6,0.0,0.0,BRAKE
6,0.0,0.0,BRAKE
6,0.0,0.0,BRAKE
6,0.0,0.0,BRAKE
6,0.0,0.0,BRAKE
6,0.0,0.0,BRAKE
7,0.0,0.0,BRAKE
6,0.0,0.0,BRAKE
7,0.0,0.0,BRAKE
7,0.0,0.0,BRAKE
7,0.0,0.0,BRAKE
7,0.0,0.0,BRAKE
7,0.0,0.0,BRAKE
7,0.0,0.0,BRAKE
7,0.0,0.0,BRAKE
7,0.0,0.0,BRAKE
7,0.0,0.0,BRAKE
7,0.0,0.0,BRAKE
7,0.0,0.0,BRAKE
7,0.0,0.0,BRAKE
7,0.0,0.0,BRAKE
7,0.0,0.0,BRAKE
6,0.0,0.0,BRAKE
6,0.0,0.0,BRAKE
6,0.0,0.0,BRAKE
6,0.0,0.0,BRAKE
6,0.0,0.0,BRAKE
6,0.0,0.0,BRAKE
7,0.0,0.0,BRAKE
7,0.0,0.0,BRAKE
6,0.0,0.0,BRAKE
6,0.0,0.0,BRAKE
6,0.0,0.0,BRAKE
7,0.0,0.0,BRAKE
7,0.0,0.0,BRAKE
6,0.0,0.0,BRAKE
7,0.0,0.0,BRAKE
7,0.0,0.0,BRAKE
7,0.0,0.0,BRAKE
7,0.0,0.0,BRAKE
7,0.0,0.0,BRAKE
6,0.0,0.0,BRAKE
6,0.0,0.0,BRAKE
7,0.0,0.0,BRAKE
6,0.0,0.0,BRAKE
6,0.0,0.0,BRAKE
1,0.0,0.0,BRAKE
7,0.0,0.0,BRAKE
1,0.0,0.0,BRAKE
1,0.0,0.0,BRAKE
1,0.0,0.0,BRAKE
1,0.0,0.0,BRAKE
1,0.0,0.0,BRAKE
6,0.0,0.0,BRAKE
6,0.0,0.0,BRAKE
6,0.0,0.0,BRAKE
7,0.0,0.0,BRAKE
1,0.0,0.0,BRAKE
1,0.0,0.0,BRAKE
6,0.0,0.0,BRAKE
6,0.0,0.0,BRAKE
6,0.0,0.0,BRAKE
6,0.0,0.0,BRAKE
6,0.0,0.0,BRAKE
6,0.0,0.0,BRAKE
6,0.0,0.0,BRAKE
6,0.0,0.0,BRAKE
6,0.0,0.0,BRAKE
6,0.0,0.0,BRAKE
1,0.0,0.0,BRAKE
1,0.0,0.0,BRAKE
1,0.0,0.0,BRAKE
6,0.0,0.0,BRAKE
1,0.0,0.0,BRAKE
6,0.0,0.0,BRAKE
6,0.0,0.0,BRAKE
6,0.0,0.0,BRAKE
7,0.0,0.0,BRAKE
6,0.0,0.0,BRAKE
6,0.0,0.0,BRAKE
1,0.0,0.0,BRAKE
7,0.0,0.0,BRAKE
6,0.0,0.0,BRAKE
6,0.0,0.0,BRAKE
6,0.0,0.0,BRAKE
6,0.0,0.0,BRAKE
6,0.0,0.0,BRAKE
6,0.0,0.0,BRAKE
6,0.0,0.0,BRAKE
6,0.0,0.0,BRAKE
6,0.0,0.0,BRAKE
6,0.0,0.0,BRAKE
6,0.0,0.0,BRAKE
6,0.0,0.0,BRAKE
6,0.0,0.0,BRAKE
6,0.0,0.0,BRAKE
6,0.0,0.0,BRAKE
6,0.0,0.0,BRAKE
6,0.0,0.0,BRAKE
6,0.0,0.0,BRAKE
6,0.0,0.0,BRAKE
6,0.0,0.0,BRAKE
6,0.0,0.0,BRAKE
6,0.0,0.0,BRAKE
6,0.0,0.0,BRAKE
6,0.0,0.0,BRAKE
6,0.0,0.0,BRAKE
6,0.0,0.0,BRAKE
6,0.0,0.0,BRAKE
6,0.0,0.0,BRAKE
6,0.0,0.0,BRAKE
6,0.0,0.0,BRAKE
6,0.0,0.0,BRAKE
6,0.0,0.0,BRAKE
6,0.0,0.0,BRAKE
6,0.0,0.0,BRAKE
6,0.0,0.0,BRAKE
6,0.0,0.0,BRAKE
6,0.0,0.0,BRAKE
7,0.0,0.0,BRAKE
6,0.0,0.0,BRAKE
1,0.0,0.0,BRAKE
1,0.0,0.0,BRAKE
1,0.0,0.0,BRAKE
1,0.0,0.0,BRAKE
6,0.0,0.0,BRAKE
6,0.0,0.0,BRAKE
7,0.0,0.0,BRAKE
7,0.0,0.0,BRAKE
7,0.0,0.0,BRAKE
7,0.0,0.0,BRAKE
7,0.0,0.0,BRAKE
6,0.0,0.0,BRAKE
6,0.0,0.0,BRAKE
7,0.0,0.0,BRAKE
6,0.0,0.0,BRAKE
6,0.0,0.0,BRAKE
6,0.0,0.0,BRAKE
6,0.0,0.0,BRAKE
6,0.0,0.0,BRAKE
6,0.0,0.0,BRAKE
6,0.0,0.0,BRAKE
6,0.0,0.0,BRAKE
6,0.0,0.0,BRAKE
6,0.0,0.0,BRAKE
6,0.0,0.0,BRAKE
6,0.0,0.0,BRAKE
6,0.0,0.0,BRAKE
6,0.0,0.0,BRAKE
6,0.0,0.0,BRAKE
6,0.0,0.0,BRAKE
6,0.0,0.0,BRAKE
6,0.0,0.0,BRAKE
6,0.0,0.0,BRAKE
6,0.0,0.0,BRAKE
6,0.0,0.0,BRAKE
6,0.0,0.0,BRAKE
6,0.0,0.0,BRAKE
6,0.0,0.0,BRAKE
6,0.0,0.0,BRAKE
6,0.0,0.0,BRAKE
6,0.0,0.0,BRAKE
6,0.0,0.0,BRAKE
6,0.0,0.0,BRAKE
6,0.0,0.0,BRAKE
6,0.0,0.0,BRAKE
6,0.0,0.0,BRAKE
6,0.0,0.0,BRAKE
6,0.0,0.0,BRAKE
6,0.0,0.0,BRAKE
6,0.0,0.0,BRAKE
6,0.0,0.0,BRAKE
7,0.0,0.0,BRAKE
6,0.0,0.0,BRAKE
6,0.0,0.0,BRAKE
6,0.0,0.0,BRAKE
6,0.0,0.0,BRAKE
6,0.0,0.0,BRAKE
6,0.0,0.0,BRAKE
6,0.0,0.0,BRAKE
6,0.0,0.0,BRAKE
6,0.0,0.0,BRAKE
7,0.0,0.0,BRAKE
6,0.0,0.0,BRAKE
6,0.0,0.0,BRAKE
6,0.0,0.0,BRAKE
6,0.0,0.0,BRAKE
6,0.0,0.0,BRAKE
6,0.0,0.0,BRAKE
6,0.0,0.0,BRAKE
6,0.0,0.0,BRAKE
6,0.0,0.0,BRAKE
6,0.0,0.0,BRAKE
6,0.0,0.0,BRAKE
6,0.0,0.0,BRAKE
6,0.0,0.0,BRAKE
6,0.0,0.0,BRAKE
6,0.0,0.0,BRAKE
1,0.0,0.0,BRAKE
6,0.0,0.0,BRAKE
1,0.0,0.0,BRAKE
6,0.0,0.0,BRAKE
1,0.0,0.0,BRAKE
6,0.0,0.0,BRAKE
6,0.0,0.0,BRAKE
6,0.0,0.0,BRAKE
6,0.0,0.0,BRAKE
6,0.0,0.0,BRAKE
6,0.0,0.0,BRAKE
6,0.0,0.0,BRAKE
6,0.0,0.0,BRAKE
6,0.0,0.0,BRAKE
7,0.0,0.0,BRAKE
6,0.0,0.0,BRAKE
7,0.0,0.0,BRAKE
6,0.0,0.0,BRAKE
6,0.0,0.0,BRAKE
6,0.0,0.0,BRAKE
6,0.0,0.0,BRAKE
6,0.0,0.0,BRAKE
6,0.0,0.0,BRAKE
6,0.0,0.0,BRAKE
6,0.0,0.0,BRAKE
6,0.0,0.0,BRAKE
6,0.0,0.0,BRAKE
7,0.0,0.0,BRAKE
7,0.0,0.0,BRAKE
7,0.0,0.0,BRAKE
8,0.0,0.0,BRAKE
5,0.0,0.0,BRAKE
7,0.0,0.0,BRAKE
6,0.0,0.0,BRAKE
8,0.0,0.0,BRAKE
7,0.0,0.0,BRAKE
7,0.0,0.0,BRAKE
6,0.0,0.0,BRAKE
8,0.0,0.0,BRAKE
8,0.0,0.0,BRAKE
8,0.0,0.0,BRAKE
8,0.0,0.0,BRAKE
8,0.0,0.0,BRAKE
7,0.0,0.0,BRAKE
7,0.0,0.0,BRAKE
6,0.0,0.0,BRAKE
7,0.0,0.0,BRAKE
8,0.0,0.0,BRAKE
8,0.0,0.0,BRAKE
8,0.0,0.0,BRAKE
8,0.0,0.0,BRAKE
8,0.0,0.0,BRAKE
7,0.0,0.0,BRAKE
1,0.0,0.0,BRAKE
1,0.0,0.0,BRAKE
6,0.0,0.0,BRAKE
6,0.0,0.0,BRAKE
6,0.0,0.0,BRAKE
6,0.0,0.0,BRAKE
6,0.0,0.0,BRAKE
6,0.0,0.0,BRAKE
6,0.0,0.0,BRAKE
6,0.0,0.0,BRAKE
8,0.0,0.0,BRAKE
8,0.0,0.0,BRAKE
8,0.0,0.0,BRAKE
8,0.0,0.0,BRAKE
5,0.0,0.0,BRAKE
7,0.0,0.0,BRAKE
4,0.0,0.0,BRAKE
7,0.0,0.0,BRAKE
7,0.0,0.0,BRAKE
2,0.0,0.0,BRAKE
7,0.0,0.0,BRAKE
7,0.0,0.0,BRAKE
1,0.0,0.0,BRAKE
3,0.0,0.0,BRAKE
4,0.0,0.0,BRAKE
7,0.0,0.0,BRAKE
7,0.0,0.0,BRAKE
7,0.0,0.0,BRAKE
1,0.0,0.0,BRAKE
1,0.0,0.0,BRAKE
7,0.0,0.0,BRAKE
7,0.0,0.0,BRAKE
7,0.0,0.0,BRAKE
7,0.0,0.0,BRAKE
7,0.0,0.0,BRAKE
7,0.0,0.0,BRAKE
7,0.0,0.0,BRAKE
7,0.0,0.0,BRAKE
7,0.0,0.0,BRAKE
7,0.0,0.0,BRAKE
1,0.0,0.0,BRAKE
7,0.0,0.0,BRAKE
1,0.0,0.0,BRAKE
1,0.0,0.0,BRAKE
1,0.0,0.0,BRAKE
1,0.0,0.0,BRAKE
1,0.0,0.0,BRAKE
1,0.0,0.0,BRAKE
1,0.0,0.0,BRAKE
1,0.0,0.0,BRAKE
1,0.0,0.0,BRAKE
1,0.0,0.0,BRAKE
1,0.0,0.0,BRAKE
8,0.0,0.0,BRAKE
7,0.0,0.0,BRAKE
8,0.0,0.0,BRAKE
5,0.0,0.0,BRAKE
8,0.0,0.0,BRAKE
1,0.0,0.0,BRAKE
5,0.0,0.0,BRAKE
1,0.0,0.0,BRAKE
1,0.0,0.0,BRAKE
1,0.0,0.0,BRAKE
1,0.0,0.0,BRAKE
1,0.0,0.0,BRAKE
1,0.0,0.0,BRAKE
1,0.0,0.0,BRAKE
1,0.0,0.0,BRAKE
1,0.0,0.0,BRAKE
1,0.0,0.0,BRAKE
1,0.0,0.0,BRAKE
1,0.0,0.0,BRAKE
1,0.0,0.0,BRAKE
1,0.0,0.0,BRAKE
1,0.0,0.0,BRAKE
1,0.0,0.0,BRAKE
1,0.0,0.0,BRAKE
1,0.0,0.0,BRAKE
0,0.0,0.0,BRAKE
0,0.0,0.0,BRAKE
0,0.0,0.0,BRAKE
0,0.0,0.0,BRAKE
0,0.0,0.0,BRAKE
0,0.0,0.0,BRAKE
0,0.0,0.0,BRAKE
0,0.0,0.0,BRAKE
8,0.0,0.0,BRAKE
5,0.0,0.0,BRAKE
8,0.0,0.0,BRAKE
8,0.0,0.0,BRAKE
8,0.0,0.0,BRAKE
8,0.0,0.0,BRAKE
8,0.0,0.0,BRAKE
8,0.0,0.0,BRAKE
8,0.0,0.0,BRAKE
8,0.0,0.0,BRAKE
8,0.0,0.0,BRAKE
8,0.0,0.0,BRAKE
8,0.0,0.0,BRAKE
8,0.0,0.0,BRAKE
8,0.0,0.0,BRAKE
8,0.0,0.0,BRAKE
8,0.0,0.0,BRAKE
8,0.0,0.0,BRAKE
8,0.0,0.0,BRAKE
8,0.0,0.0,BRAKE
8,0.0,0.0,BRAKE
8,0.0,0.0,BRAKE
8,0.0,0.0,BRAKE
8,0.0,0.0,BRAKE
5,0.0,0.0,BRAKE
8,0.0,0.0,BRAKE
8,0.0,0.0,BRAKE
5,0.0,0.0,BRAKE
5,0.0,0.0,BRAKE
8,0.0,0.0,BRAKE
5,0.0,0.0,BRAKE
8,0.0,0.0,BRAKE
8,0.0,0.0,BRAKE
8,0.0,0.0,BRAKE
8,0.0,0.0,BRAKE
8,0.0,0.0,BRAKE
5,0.0,0.0,BRAKE
8,0.0,0.0,BRAKE
8,0.0,0.0,BRAKE
8,0.0,0.0,BRAKE
8,0.0,0.0,BRAKE
8,0.0,0.0,BRAKE
8,0.0,0.0,BRAKE
8,0.0,0.0,BRAKE
8,0.0,0.0,BRAKE
8,0.0,0.0,BRAKE
5,0.0,0.0,BRAKE
8,0.0,0.0,BRAKE
8,0.0,0.0,BRAKE
5,0.0,0.0,BRAKE
8,0.0,0.0,BRAKE
8,0.0,0.0,BRAKE
5,0.0,0.0,BRAKE
8,0.0,0.0,BRAKE
5,0.0,0.0,BRAKE
5,0.0,0.0,BRAKE
8,0.0,0.0,BRAKE
8,0.0,0.0,BRAKE
8,0.0,0.0,BRAKE
8,0.0,0.0,BRAKE
8,0.0,0.0,BRAKE
8,0.0,0.0,BRAKE
8,0.0,0.0,BRAKE
7,0.0,0.0,BRAKE
7,0.0,0.0,BRAKE
7,0.0,0.0,BRAKE
7,0.0,0.0,BRAKE
7,0.0,0.0,BRAKE
7,0.0,0.0,BRAKE
7,0.0,0.0,BRAKE
7,0.0,0.0,BRAKE
7,0.0,0.0,BRAKE
7,0.0,0.0,BRAKE
7,0.0,0.0,BRAKE
7,0.0,0.0,BRAKE
7,0.0,0.0,BRAKE
7,0.0,0.0,BRAKE
7,0.0,0.0,BRAKE
7,0.0,0.0,BRAKE
7,0.0,0.0,BRAKE
7,0.0,0.0,BRAKE
7,0.0,0.0,BRAKE
7,0.0,0.0,BRAKE
7,0.0,0.0,BRAKE
7,0.0,0.0,BRAKE
7,0.0,0.0,BRAKE
7,0.0,0.0,BRAKE
7,0.0,0.0,BRAKE
7,0.0,0.0,BRAKE
7,0.0,0.0,BRAKE
7,0.0,0.0,BRAKE
7,0.0,0.0,BRAKE
7,0.0,0.0,BRAKE
7,0.0,0.0,BRAKE
7,0.0,0.0,BRAKE
7,0.0,0.0,BRAKE
7,0.0,0.0,BRAKE
7,0.0,0.0,BRAKE
7,0.0,0.0,BRAKE
7,0.0,0.0,BRAKE
7,0.0,0.0,BRAKE
7,0.0,0.0,BRAKE
7,0.0,0.0,BRAKE
7,0.0,0.0,BRAKE
7,0.0,0.0,BRAKE
7,0.0,0.0,BRAKE
7,0.0,0.0,BRAKE
7,0.0,0.0,BRAKE
7,0.0,0.0,BRAKE
7,0.0,0.0,BRAKE
7,0.0,0.0,BRAKE
7,0.0,0.0,BRAKE
7,0.0,0.0,BRAKE
7,0.0,0.0,BRAKE
7,0.0,0.0,BRAKE
7,0.0,0.0,BRAKE
7,0.0,0.0,BRAKE
8,0.0,0.0,BRAKE
7,0.0,0.0,BRAKE
7,0.0,0.0,BRAKE
7,0.0,0.0,BRAKE
7,0.0,0.0,BRAKE
7,0.0,0.0,BRAKE
7,0.0,0.0,BRAKE
7,0.0,0.0,BRAKE
7,0.0,0.0,BRAKE
7,0.0,0.0,BRAKE
7,0.0,0.0,BRAKE
5,0.0,0.0,BRAKE
5,0.0,0.0,BRAKE
5,0.0,0.0,BRAKE
8,0.0,0.0,BRAKE
5,0.0,0.0,BRAKE
5,0.0,0.0,BRAKE
5,0.0,0.0,BRAKE
8,0.0,0.0,BRAKE
5,0.0,0.0,BRAKE
7,0.0,0.0,BRAKE
5,0.0,0.0,BRAKE
5,0.0,0.0,BRAKE
7,0.0,0.0,BRAKE
8,0.0,0.0,BRAKE
7,0.0,0.0,BRAKE
8,0.0,0.0,BRAKE
8,0.0,0.0,BRAKE
7,0.0,0.0,BRAKE
7,0.0,0.0,BRAKE
7,0.0,0.0,BRAKE
7,0.0,0.0,BRAKE
7,0.0,0.0,BRAKE
7,0.0,0.0,BRAKE
7,0.0,0.0,BRAKE
7,0.0,0.0,BRAKE
7,0.0,0.0,BRAKE
7,0.0,0.0,BRAKE
7,0.0,0.0,BRAKE
1,0.0,0.0,BRAKE
1,0.0,0.0,BRAKE
1,0.0,0.0,BRAKE
1,0.0,0.0,BRAKE
1,0.0,0.0,BRAKE
1,0.0,0.0,BRAKE
1,0.0,0.0,BRAKE
1,0.0,0.0,BRAKE
1,0.0,0.0,BRAKE
1,0.0,0.0,BRAKE
1,0.0,0.0,BRAKE
1,0.0,0.0,BRAKE
1,0.0,0.0,BRAKE
1,0.0,0.0,BRAKE
1,0.0,0.0,BRAKE
1,0.0,0.0,BRAKE
1,0.0,0.0,BRAKE
1,0.0,0.0,BRAKE
1,0.0,0.0,BRAKE
1,0.0,0.0,BRAKE
1,0.0,0.0,BRAKE
1,0.0,0.0,BRAKE
1,0.0,0.0,BRAKE
1,0.0,0.0,BRAKE
1,0.0,0.0,BRAKE
1,0.0,0.0,BRAKE
1,0.0,0.0,BRAKE
1,0.0,0.0,BRAKE
1,0.0,0.0,BRAKE
1,0.0,0.0,BRAKE
1,0.0,0.0,BRAKE
1,0.0,0.0,BRAKE
1,0.0,0.0,BRAKE
1,0.0,0.0,BRAKE
1,0.0,0.0,BRAKE
1,0.0,0.0,BRAKE
1,0.0,0.0,BRAKE
1,0.0,0.0,BRAKE
1,0.0,0.0,BRAKE
1,0.0,0.0,BRAKE
1,0.0,0.0,BRAKE
1,0.0,0.0,BRAKE
1,0.0,0.0,BRAKE
1,0.0,0.0,BRAKE
1,0.0,0.0,BRAKE
1,0.0,0.0,BRAKE
1,0.0,0.0,BRAKE
1,0.0,0.0,BRAKE
5,0.0,0.0,BRAKE
8,0.0,0.0,BRAKE
1,0.0,0.0,BRAKE
7,0.0,0.0,BRAKE
7,0.0,0.0,BRAKE
7,0.0,0.0,BRAKE
7,0.0,0.0,BRAKE
7,0.0,0.0,BRAKE
7,0.0,0.0,BRAKE
7,0.0,0.0,BRAKE
7,0.0,0.0,BRAKE
7,0.0,0.0,BRAKE
5,0.0,0.0,BRAKE
5,0.0,0.0,BRAKE
5,0.0,0.0,BRAKE
5,0.0,0.0,BRAKE
5,0.0,0.0,BRAKE
5,0.0,0.0,BRAKE
5,0.0,0.0,BRAKE
5,0.0,0.0,BRAKE
5,0.0,0.0,BRAKE
7,0.0,0.0,BRAKE
5,0.0,0.0,BRAKE
7,0.0,0.0,BRAKE
7,0.0,0.0,BRAKE
5,0.0,0.0,BRAKE
7,0.0,0.0,BRAKE
7,0.0,0.0,BRAKE
7,0.0,0.0,BRAKE
7,0.0,0.0,BRAKE
7,0.0,0.0,BRAKE
7,0.0,0.0,BRAKE
7,0.0,0.0,BRAKE
5,0.0,0.0,BRAKE
7,0.0,0.0,BRAKE
7,0.0,0.0,BRAKE
7,0.0,0.0,BRAKE
5,0.0,0.0,BRAKE
7,0.0,0.0,BRAKE
5,0.0,0.0,BRAKE
5,0.0,0.0,BRAKE
5,0.0,0.0,BRAKE
7,0.0,0.0,BRAKE
7,0.0,0.0,BRAKE
7,0.0,0.0,BRAKE
7,0.0,0.0,BRAKE
7,0.0,0.0,BRAKE
7,0.0,0.0,BRAKE
7,0.0,0.0,BRAKE
5,0.0,0.0,BRAKE
7,0.0,0.0,BRAKE
5,0.0,0.0,BRAKE
5,0.0,0.0,BRAKE
7,0.0,0.0,BRAKE
5,0.0,0.0,BRAKE
7,0.0,0.0,BRAKE
5,0.0,0.0,BRAKE
7,0.0,0.0,BRAKE
5,0.0,0.0,BRAKE
8,0.0,0.0,BRAKE
5,0.0,0.0,BRAKE
8,0.0,0.0,BRAKE
8,0.0,0.0,BRAKE
8,0.0,0.0,BRAKE
8,0.0,0.0,BRAKE
8,0.0,0.0,BRAKE
8,0.0,0.0,BRAKE
8,0.0,0.0,BRAKE
8,0.0,0.0,BRAKE
5,0.0,0.0,BRAKE
5,0.0,0.0,BRAKE
5,0.0,0.0,BRAKE
5,0.0,0.0,BRAKE
5,0.0,0.0,BRAKE
8,0.0,0.0,BRAKE
8,0.0,0.0,BRAKE
8,0.0,0.0,BRAKE
8,0.0,0.0,BRAKE
8,0.0,0.0,BRAKE
8,0.0,0.0,BRAKE
8,0.0,0.0,BRAKE
8,0.0,0.0,BRAKE
8,0.0,0.0,BRAKE
8,0.0,0.0,BRAKE
8,0.0,0.0,BRAKE
8,0.0,0.0,BRAKE
8,0.0,0.0,BRAKE
8,0.0,0.0,BRAKE
8,0.0,0.0,BRAKE
8,0.0,0.0,BRAKE
8,0.0,0.0,BRAKE
8,0.0,0.0,BRAKE
8,0.0,0.0,BRAKE
7,0.0,0.0,BRAKE
8,0.0,0.0,BRAKE
8,0.0,0.0,BRAKE
8,0.0,0.0,BRAKE
7,0.0,0.0,BRAKE
8,0.0,0.0,BRAKE
8,0.0,0.0,BRAKE
7,0.0,0.0,BRAKE
8,0.0,0.0,BRAKE
7,0.0,0.0,BRAKE
8,0.0,0.0,BRAKE
8,0.0,0.0,BRAKE
8,0.0,0.0,BRAKE
8,0.0,0.0,BRAKE
8,0.0,0.0,BRAKE
8,0.0,0.0,BRAKE
8,0.0,0.0,BRAKE
1,0.0,0.0,BRAKE
8,0.0,0.0,BRAKE
1,0.0,0.0,BRAKE
8,0.0,0.0,BRAKE
1,0.0,0.0,BRAKE
1,0.0,0.0,BRAKE
1,0.0,0.0,BRAKE
1,0.0,0.0,BRAKE
1,0.0,0.0,BRAKE
1,0.0,0.0,BRAKE
1,0.0,0.0,BRAKE
1,0.0,0.0,BRAKE
1,0.0,0.0,BRAKE
5,0.0,0.0,BRAKE
5,0.0,0.0,BRAKE
5,0.0,0.0,BRAKE
5,0.0,0.0,BRAKE
5,0.0,0.0,BRAKE
5,0.0,0.0,BRAKE
5,0.0,0.0,BRAKE
5,0.0,0.0,BRAKE
5,0.0,0.0,BRAKE
5,0.0,0.0,BRAKE
5,0.0,0.0,BRAKE
5,0.0,0.0,BRAKE
5,0.0,0.0,BRAKE
5,0.0,0.0,BRAKE
5,0.0,0.0,BRAKE
5,0.0,0.0,BRAKE
5,0.0,0.0,BRAKE
5,0.0,0.0,BRAKE
5,0.0,0.0,BRAKE
5,0.0,0.0,BRAKE
5,0.0,0.0,BRAKE
5,0.0,0.0,BRAKE
5,0.0,0.0,BRAKE
5,0.0,0.0,BRAKE
5,0.0,0.0,BRAKE
5,0.0,0.0,BRAKE
5,0.0,0.0,BRAKE
5,0.0,0.0,BRAKE
5,0.0,0.0,BRAKE
5,0.0,0.0,BRAKE
5,0.0,0.0,BRAKE
5,0.0,0.0,BRAKE
5,0.0,0.0,BRAKE
5,0.0,0.0,BRAKE
5,0.0,0.0,BRAKE
5,0.0,0.0,BRAKE
5,0.0,0.0,BRAKE
5,0.0,0.0,BRAKE
5,0.0,0.0,BRAKE
5,0.0,0.0,BRAKE
5,0.0,0.0,BRAKE
5,0.0,0.0,BRAKE
8,0.0,0.0,BRAKE
8,0.0,0.0,BRAKE
5,0.0,0.0,BRAKE
5,0.0,0.0,BRAKE
5,0.0,0.0,BRAKE
5,0.0,0.0,BRAKE
5,0.0,0.0,BRAKE
5,0.0,0.0,BRAKE
5,0.0,0.0,BRAKE
5,0.0,0.0,BRAKE
5,0.0,0.0,BRAKE
5,0.0,0.0,BRAKE
5,0.0,0.0,BRAKE
5,0.0,0.0,BRAKE
5,0.0,0.0,BRAKE
5,0.0,0.0,BRAKE
5,0.0,0.0,BRAKE
5,0.0,0.0,BRAKE
5,0.0,0.0,BRAKE
5,0.0,0.0,BRAKE
5,0.0,0.0,BRAKE
5,0.0,0.0,BRAKE
5,0.0,0.0,BRAKE
5,0.0,0.0,BRAKE
5,0.0,0.0,BRAKE
5,0.0,0.0,BRAKE
5,0.0,0.0,BRAKE
5,0.0,0.0,BRAKE
5,0.0,0.0,BRAKE
5,0.0,0.0,BRAKE
5,0.0,0.0,BRAKE
5,0.0,0.0,BRAKE
5,0.0,0.0,BRAKE
5,0.0,0.0,BRAKE
5,0.0,0.0,BRAKE
5,0.0,0.0,BRAKE
1,0.0,0.0,BRAKE
1,0.0,0.0,BRAKE
5,0.0,0.0,BRAKE
5,0.0,0.0,BRAKE
1,0.0,0.0,BRAKE
1,0.0,0.0,BRAKE
1,0.0,0.0,BRAKE
1,0.0,0.0,BRAKE
5,0.0,0.0,BRAKE
5,0.0,0.0,BRAKE
5,0.0,0.0,BRAKE
5,0.0,0.0,BRAKE
5,0.0,0.0,BRAKE
5,0.0,0.0,BRAKE
5,0.0,0.0,BRAKE
5,0.0,0.0,BRAKE
5,0.0,0.0,BRAKE
5,0.0,0.0,BRAKE
5,0.0,0.0,BRAKE
5,0.0,0.0,BRAKE
5,0.0,0.0,BRAKE
5,0.0,0.0,BRAKE
5,0.0,0.0,BRAKE
5,0.0,0.0,BRAKE
5,0.0,0.0,BRAKE
5,0.0,0.0,BRAKE
5,0.0,0.0,BRAKE
5,0.0,0.0,BRAKE
5,0.0,0.0,BRAKE
5,0.0,0.0,BRAKE
5,0.0,0.0,BRAKE
5,0.0,0.0,BRAKE
5,0.0,0.0,BRAKE
5,0.0,0.0,BRAKE
5,0.0,0.0,BRAKE
5,0.0,0.0,BRAKE
8,0.0,0.0,BRAKE
5,0.0,0.0,BRAKE
5,0.0,0.0,BRAKE
8,0.0,0.0,BRAKE
5,0.0,0.0,BRAKE
5,0.0,0.0,BRAKE
5,0.0,0.0,BRAKE
5,0.0,0.0,BRAKE
5,0.0,0.0,BRAKE
5,0.0,0.0,BRAKE
5,0.0,0.0,BRAKE
5,0.0,0.0,BRAKE
5,0.0,0.0,BRAKE
5,0.0,0.0,BRAKE
5,0.0,0.0,BRAKE
5,0.0,0.0,BRAKE
5,0.0,0.0,BRAKE
5,0.0,0.0,BRAKE
5,0.0,0.0,BRAKE
5,0.0,0.0,BRAKE
5,0.0,0.0,BRAKE
5,0.0,0.0,BRAKE
5,0.0,0.0,BRAKE
5,0.0,0.0,BRAKE
5,0.0,0.0,BRAKE
5,0.0,0.0,BRAKE
5,0.0,0.0,BRAKE
5,0.0,0.0,BRAKE
5,0.0,0.0,BRAKE
5,0.0,0.0,BRAKE
5,0.0,0.0,BRAKE
5,0.0,0.0,BRAKE
5,0.0,0.0,BRAKE
5,0.0,0.0,BRAKE
5,0.0,0.0,BRAKE
5,0.0,0.0,BRAKE
5,0.0,0.0,BRAKE
8,0.0,0.0,BRAKE
8,0.0,0.0,BRAKE
8,0.0,0.0,BRAKE
8,0.0,0.0,BRAKE
8,0.0,0.0,BRAKE
8,0.0,0.0,BRAKE
8,0.0,0.0,BRAKE
8,0.0,0.0,BRAKE
8,0.0,0.0,BRAKE
8,0.0,0.0,BRAKE
5,0.0,0.0,BRAKE
8,0.0,0.0,BRAKE
5,0.0,0.0,BRAKE
8,0.0,0.0,BRAKE
5,0.0,0.0,BRAKE
5,0.0,0.0,BRAKE
5,0.0,0.0,BRAKE
5,0.0,0.0,BRAKE
5,0.0,0.0,BRAKE
5,0.0,0.0,BRAKE
5,0.0,0.0,BRAKE
5,0.0,0.0,BRAKE
5,0.0,0.0,BRAKE
8,0.0,0.0,BRAKE
8,0.0,0.0,BRAKE
8,0.0,0.0,BRAKE
5,0.0,0.0,BRAKE
5,0.0,0.0,BRAKE
5,0.0,0.0,BRAKE
5,0.0,0.0,BRAKE
5,0.0,0.0,BRAKE
5,0.0,0.0,BRAKE
5,0.0,0.0,BRAKE
8,0.0,0.0,BRAKE
8,0.0,0.0,BRAKE
8,0.0,0.0,BRAKE
8,0.0,0.0,BRAKE
5,0.0,0.0,BRAKE
8,0.0,0.0,BRAKE
8,0.0,0.0,BRAKE
8,0.0,0.0,BRAKE
5,0.0,0.0,BRAKE
8,0.0,0.0,BRAKE
8,0.0,0.0,BRAKE
8,0.0,0.0,BRAKE
8,0.0,0.0,BRAKE
8,0.0,0.0,BRAKE
8,0.0,0.0,BRAKE
8,0.0,0.0,BRAKE
8,0.0,0.0,BRAKE
8,0.0,0.0,BRAKE
8,0.0,0.0,BRAKE
8,0.0,0.0,BRAKE
8,0.0,0.0,BRAKE
8,0.0,0.0,BRAKE
8,0.0,0.0,BRAKE
8,0.0,0.0,BRAKE
8,0.0,0.0,BRAKE
8,0.0,0.0,BRAKE
8,0.0,0.0,BRAKE
8,0.0,0.0,BRAKE
8,0.0,0.0,BRAKE
8,0.0,0.0,BRAKE
8,0.0,0.0,BRAKE
8,0.0,0.0,BRAKE
8,0.0,0.0,BRAKE
8,0.0,0.0,BRAKE
8,0.0,0.0,BRAKE
8,0.0,0.0,BRAKE
8,0.0,0.0,BRAKE
8,0.0,0.0,BRAKE
8,0.0,0.0,BRAKE
8,0.0,0.0,BRAKE
8,0.0,0.0,BRAKE
8,0.0,0.0,BRAKE
8,0.0,0.0,BRAKE
8,0.0,0.0,BRAKE
8,0.0,0.0,BRAKE
8,0.0,0.0,BRAKE
8,0.0,0.0,BRAKE
8,0.0,0.0,BRAKE
8,0.0,0.0,BRAKE
8,0.0,0.0,BRAKE
8,0.0,0.0,BRAKE
8,0.0,0.0,BRAKE
8,0.0,0.0,BRAKE
8,0.0,0.0,BRAKE
8,0.0,0.0,BRAKE
8,0.0,0.0,BRAKE
8,0.0,0.0,BRAKE
8,0.0,0.0,BRAKE
8,0.0,0.0,BRAKE
8,0.0,0.0,BRAKE
8,0.0,0.0,BRAKE
8,0.0,0.0,BRAKE
8,0.0,0.0,BRAKE
8,0.0,0.0,BRAKE
8,0.0,0.0,BRAKE
8,0.0,0.0,BRAKE
8,0.0,0.0,BRAKE
5,0.0,0.0,BRAKE
5,0.0,0.0,BRAKE
8,0.0,0.0,BRAKE
5,0.0,0.0,BRAKE
8,0.0,0.0,BRAKE
5,0.0,0.0,BRAKE
8,0.0,0.0,BRAKE
5,0.0,0.0,BRAKE
8,0.0,0.0,BRAKE
5,0.0,0.0,BRAKE
5,0.0,0.0,BRAKE
8,0.0,0.0,BRAKE
5,0.0,0.0,BRAKE
5,0.0,0.0,BRAKE
5,0.0,0.0,BRAKE
5,0.0,0.0,BRAKE
5,0.0,0.0,BRAKE
5,0.0,0.0,BRAKE
5,0.0,0.0,BRAKE
5,0.0,0.0,BRAKE
5,0.0,0.0,BRAKE
5,0.0,0.0,BRAKE
5,0.0,0.0,BRAKE
5,0.0,0.0,BRAKE
5,0.0,0.0,BRAKE
5,0.0,0.0,BRAKE
5,0.0,0.0,BRAKE
5,0.0,0.0,BRAKE
8,0.0,0.0,BRAKE
8,0.0,0.0,BRAKE
5,0.0,0.0,BRAKE
5,0.0,0.0,BRAKE
8,0.0,0.0,BRAKE
8,0.0,0.0,BRAKE
5,0.0,0.0,BRAKE
5,0.0,0.0,BRAKE
5,0.0,0.0,BRAKE
8,0.0,0.0,BRAKE
8,0.0,0.0,BRAKE
8,0.0,0.0,BRAKE
8,0.0,0.0,BRAKE
8,0.0,0.0,BRAKE
8,0.0,0.0,BRAKE
8,0.0,0.0,BRAKE
8,0.0,0.0,BRAKE
8,0.0,0.0,BRAKE
8,0.0,0.0,BRAKE
8,0.0,0.0,BRAKE
8,0.0,0.0,BRAKE
8,0.0,0.0,BRAKE
8,0.0,0.0,BRAKE
8,0.0,0.0,BRAKE
8,0.0,0.0,BRAKE
8,0.0,0.0,BRAKE
8,0.0,0.0,BRAKE
8,0.0,0.0,BRAKE
8,0.0,0.0,BRAKE
8,0.0,0.0,BRAKE
8,0.0,0.0,BRAKE
8,0.0,0.0,BRAKE
8,0.0,0.0,BRAKE
8,0.0,0.0,BRAKE
5,0.0,0.0,BRAKE
5,0.0,0.0,BRAKE
5,0.0,0.0,BRAKE
8,0.0,0.0,BRAKE
5,0.0,0.0,BRAKE
5,0.0,0.0,BRAKE
8,0.0,0.0,BRAKE
5,0.0,0.0,BRAKE
5,0.0,0.0,BRAKE
8,0.0,0.0,BRAKE
5,0.0,0.0,BRAKE
8,0.0,0.0,BRAKE
8,0.0,0.0,BRAKE
8,0.0,0.0,BRAKE
8,0.0,0.0,BRAKE
8,0.0,0.0,BRAKE
8,0.0,0.0,BRAKE
8,0.0,0.0,BRAKE
8,0.0,0.0,BRAKE
5,0.0,0.0,BRAKE
8,0.0,0.0,BRAKE
5,0.0,0.0,BRAKE
8,0.0,0.0,BRAKE
8,0.0,0.0,BRAKE
5,0.0,0.0,BRAKE
8,0.0,0.0,BRAKE
8,0.0,0.0,BRAKE
8,0.0,0.0,BRAKE
5,0.0,0.0,BRAKE
5,0.0,0.0,BRAKE
5,0.0,0.0,BRAKE
5,0.0,0.0,BRAKE
5,0.0,0.0,BRAKE
5,0.0,0.0,BRAKE
5,0.0,0.0,BRAKE
5,0.0,0.0,BRAKE
8,0.0,0.0,BRAKE
5,0.0,0.0,BRAKE
5,0.0,0.0,BRAKE
5,0.0,0.0,BRAKE
5,0.0,0.0,BRAKE
8,0.0,0.0,BRAKE
5,0.0,0.0,BRAKE
5,0.0,0.0,BRAKE
5,0.0,0.0,BRAKE
8,0.0,0.0,BRAKE
5,0.0,0.0,BRAKE
5,0.0,0.0,BRAKE
5,0.0,0.0,BRAKE
5,0.0,0.0,BRAKE
5,0.0,0.0,BRAKE
5,0.0,0.0,BRAKE
5,0.0,0.0,BRAKE
5,0.0,0.0,BRAKE
5,0.0,0.0,BRAKE
5,0.0,0.0,BRAKE
5,0.0,0.0,BRAKE
5,0.0,0.0,BRAKE
5,0.0,0.0,BRAKE
5,0.0,0.0,BRAKE
5,0.0,0.0,BRAKE
5,0.0,0.0,BRAKE
5,0.0,0.0,BRAKE
5,0.0,0.0,BRAKE
5,0.0,0.0,BRAKE
5,0.0,0.0,BRAKE
5,0.0,0.0,BRAKE
5,0.0,0.0,BRAKE
5,0.0,0.0,BRAKE
5,0.0,0.0,BRAKE
5,0.0,0.0,BRAKE
5,0.0,0.0,BRAKE
5,0.0,0.0,BRAKE
5,0.0,0.0,BRAKE
5,0.0,0.0,BRAKE
5,0.0,0.0,BRAKE
5,0.0,0.0,BRAKE
5,0.0,0.0,BRAKE
5,0.0,0.0,BRAKE
5,0.0,0.0,BRAKE
5,0.0,0.0,BRAKE
5,0.0,0.0,BRAKE
5,0.0,0.0,BRAKE
5,0.0,0.0,BRAKE
5,0.0,0.0,BRAKE
5,0.0,0.0,BRAKE
5,0.0,0.0,BRAKE
5,0.0,0.0,BRAKE
5,0.0,0.0,BRAKE
5,0.0,0.0,BRAKE
5,0.0,0.0,BRAKE
5,0.0,0.0,BRAKE
5,0.0,0.0,BRAKE
5,0.0,0.0,BRAKE
5,0.0,0.0,BRAKE
5,0.0,0.0,BRAKE
5,0.0,0.0,BRAKE
5,0.0,0.0,BRAKE
5,0.0,0.0,BRAKE
5,0.0,0.0,BRAKE
5,0.0,0.0,BRAKE
5,0.0,0.0,BRAKE
5,0.0,0.0,BRAKE
5,0.0,0.0,BRAKE
5,0.0,0.0,BRAKE
8,0.0,0.0,BRAKE
5,0.0,0.0,BRAKE
5,0.0,0.0,BRAKE
5,0.0,0.0,BRAKE
5,0.0,0.0,BRAKE
8,0.0,0.0,BRAKE
8,0.0,0.0,BRAKE
5,0.0,0.0,BRAKE
5,0.0,0.0,BRAKE
5,0.0,0.0,BRAKE
5,0.0,0.0,BRAKE
5,0.0,0.0,BRAKE
5,0.0,0.0,BRAKE
5,0.0,0.0,BRAKE
5,0.0,0.0,BRAKE
5,0.0,0.0,BRAKE
5,0.0,0.0,BRAKE
5,0.0,0.0,BRAKE
5,0.0,0.0,BRAKE
8,0.0,0.0,BRAKE
5,0.0,0.0,BRAKE
5,0.0,0.0,BRAKE
5,0.0,0.0,BRAKE
5,0.0,0.0,BRAKE
5,0.0,0.0,BRAKE
5,0.0,0.0,BRAKE
8,0.0,0.0,BRAKE
5,0.0,0.0,BRAKE
5,0.0,0.0,BRAKE
5,0.0,0.0,BRAKE
5,0.0,0.0,BRAKE
8,0.0,0.0,BRAKE
5,0.0,0.0,BRAKE
5,0.0,0.0,BRAKE
5,0.0,0.0,BRAKE
5,0.0,0.0,BRAKE
8,0.0,0.0,BRAKE
8,0.0,0.0,BRAKE
5,0.0,0.0,BRAKE
8,0.0,0.0,BRAKE
5,0.0,0.0,BRAKE
8,0.0,0.0,BRAKE
8,0.0,0.0,BRAKE
8,0.0,0.0,BRAKE
8,0.0,0.0,BRAKE
8,0.0,0.0,BRAKE
8,0.0,0.0,BRAKE
8,0.0,0.0,BRAKE
8,0.0,0.0,BRAKE
8,0.0,0.0,BRAKE
8,0.0,0.0,BRAKE
8,0.0,0.0,BRAKE
8,0.0,0.0,BRAKE
8,0.0,0.0,BRAKE
8,0.0,0.0,BRAKE
8,0.0,0.0,BRAKE
8,0.0,0.0,BRAKE
8,0.0,0.0,BRAKE
8,0.0,0.0,BRAKE
8,0.0,0.0,BRAKE
8,0.0,0.0,BRAKE
8,0.0,0.0,BRAKE
7,0.0,0.0,BRAKE
7,0.0,0.0,BRAKE
8,0.0,0.0,BRAKE
7,0.0,0.0,BRAKE
8,0.0,0.0,BRAKE
8,0.0,0.0,BRAKE
8,0.0,0.0,BRAKE
8,0.0,0.0,BRAKE
7,0.0,0.0,BRAKE
5,0.0,0.0,BRAKE
8,0.0,0.0,BRAKE
7,0.0,0.0,BRAKE
7,0.0,0.0,BRAKE
7,0.0,0.0,BRAKE
7,0.0,0.0,BRAKE
7,0.0,0.0,BRAKE
7,0.0,0.0,BRAKE
7,0.0,0.0,BRAKE
8,0.0,0.0,BRAKE
7,0.0,0.0,BRAKE
7,0.0,0.0,BRAKE
8,0.0,0.0,BRAKE
8,0.0,0.0,BRAKE
8,0.0,0.0,BRAKE
8,0.0,0.0,BRAKE
8,0.0,0.0,BRAKE
8,0.0,0.0,BRAKE
8,0.0,0.0,BRAKE
8,0.0,0.0,BRAKE
8,0.0,0.0,BRAKE
8,0.0,0.0,BRAKE
8,0.0,0.0,BRAKE
8,0.0,0.0,BRAKE
8,0.0,0.0,BRAKE
8,0.0,0.0,BRAKE
8,0.0,0.0,BRAKE
8,0.0,0.0,BRAKE
8,0.0,0.0,BRAKE
7,0.0,0.0,BRAKE
7,0.0,0.0,BRAKE
7,0.0,0.0,BRAKE
7,0.0,0.0,BRAKE
8,0.0,0.0,BRAKE
8,0.0,0.0,BRAKE
7,0.0,0.0,BRAKE
7,0.0,0.0,BRAKE
7,0.0,0.0,BRAKE
7,0.0,0.0,BRAKE
7,0.0,0.0,BRAKE
7,0.0,0.0,BRAKE
7,0.0,0.0,BRAKE
7,0.0,0.0,BRAKE
7,0.0,0.0,BRAKE
7,0.0,0.0,BRAKE
7,0.0,0.0,BRAKE
7,0.0,0.0,BRAKE
8,0.0,0.0,BRAKE
8,0.0,0.0,BRAKE
8,0.0,0.0,BRAKE
7,0.0,0.0,BRAKE
8,0.0,0.0,BRAKE
7,0.0,0.0,BRAKE
7,0.0,0.0,BRAKE
7,0.0,0.0,BRAKE
7,0.0,0.0,BRAKE
7,0.0,0.0,BRAKE
7,0.0,0.0,BRAKE
7,0.0,0.0,BRAKE
7,0.0,0.0,BRAKE
8,0.0,0.0,BRAKE
8,0.0,0.0,BRAKE
7,0.0,0.0,BRAKE
7,0.0,0.0,BRAKE
7,0.0,0.0,BRAKE
7,0.0,0.0,BRAKE
7,0.0,0.0,BRAKE
7,0.0,0.0,BRAKE
7,0.0,0.0,BRAKE
7,0.0,0.0,BRAKE
7,0.0,0.0,BRAKE
7,0.0,0.0,BRAKE
7,0.0,0.0,BRAKE
7,0.0,0.0,BRAKE
8,0.0,0.0,BRAKE
7,0.0,0.0,BRAKE
8,0.0,0.0,BRAKE
8,0.0,0.0,BRAKE
8,0.0,0.0,BRAKE
8,0.0,0.0,BRAKE
8,0.0,0.0,BRAKE
8,0.0,0.0,BRAKE
8,0.0,0.0,BRAKE
8,0.0,0.0,BRAKE
7,0.0,0.0,BRAKE
7,0.0,0.0,BRAKE
7,0.0,0.0,BRAKE
7,0.0,0.0,BRAKE
7,0.0,0.0,BRAKE
7,0.0,0.0,BRAKE
7,0.0,0.0,BRAKE
7,0.0,0.0,BRAKE
8,0.0,0.0,BRAKE
8,0.0,0.0,BRAKE
8,0.0,0.0,BRAKE
8,0.0,0.0,BRAKE
7,0.0,0.0,BRAKE
8,0.0,0.0,BRAKE
8,0.0,0.0,BRAKE
8,0.0,0.0,BRAKE
7,0.0,0.0,BRAKE
8,0.0,0.0,BRAKE
7,0.0,0.0,BRAKE
8,0.0,0.0,BRAKE
8,0.0,0.0,BRAKE
8,0.0,0.0,BRAKE
8,0.0,0.0,BRAKE
8,0.0,0.0,BRAKE
7,0.0,0.0,BRAKE
8,0.0,0.0,BRAKE
8,0.0,0.0,BRAKE
8,0.0,0.0,BRAKE
8,0.0,0.0,BRAKE
7,0.0,0.0,BRAKE
7,0.0,0.0,BRAKE
7,0.0,0.0,BRAKE
7,0.0,0.0,BRAKE
7,0.0,0.0,BRAKE
7,0.0,0.0,BRAKE
7,0.0,0.0,BRAKE
7,0.0,0.0,BRAKE
7,0.0,0.0,BRAKE
7,0.0,0.0,BRAKE
7,0.0,0.0,BRAKE
8,0.0,0.0,BRAKE
7,0.0,0.0,BRAKE
7,0.0,0.0,BRAKE
7,0.0,0.0,BRAKE
7,0.0,0.0,BRAKE
7,0.0,0.0,BRAKE
7,0.0,0.0,BRAKE
7,0.0,0.0,BRAKE
7,0.0,0.0,BRAKE
7,0.0,0.0,BRAKE
7,0.0,0.0,BRAKE
7,0.0,0.0,BRAKE
7,0.0,0.0,BRAKE
7,0.0,0.0,BRAKE
7,0.0,0.0,BRAKE
7,0.0,0.0,BRAKE
7,0.0,0.0,BRAKE
8,0.0,0.0,BRAKE
7,0.0,0.0,BRAKE
8,0.0,0.0,BRAKE
7,0.0,0.0,BRAKE
7,0.0,0.0,BRAKE
7,0.0,0.0,BRAKE
7,0.0,0.0,BRAKE
7,0.0,0.0,BRAKE
7,0.0,0.0,BRAKE
7,0.0,0.0,BRAKE
7,0.0,0.0,BRAKE
7,0.0,0.0,BRAKE
7,0.0,0.0,BRAKE
8,0.0,0.0,BRAKE
7,0.0,0.0,BRAKE
8,0.0,0.0,BRAKE
8,0.0,0.0,BRAKE
8,0.0,0.0,BRAKE
8,0.0,0.0,BRAKE
8,0.0,0.0,BRAKE
8,0.0,0.0,BRAKE
7,0.0,0.0,BRAKE
0,0.0,0.0,BRAKE
7,0.0,0.0,BRAKE
7,0.0,0.0,BRAKE
7,0.0,0.0,BRAKE
7,0.0,0.0,BRAKE
7,0.0,0.0,BRAKE
7,0.0,0.0,BRAKE
7,0.0,0.0,BRAKE
7,0.0,0.0,BRAKE
7,0.0,0.0,BRAKE
7,0.0,0.0,BRAKE
7,0.0,0.0,BRAKE
7,0.0,0.0,BRAKE
7,0.0,0.0,BRAKE
7,0.0,0.0,BRAKE
7,0.0,0.0,BRAKE
7,0.0,0.0,BRAKE
7,0.0,0.0,BRAKE
7,0.0,0.0,BRAKE
7,0.0,0.0,BRAKE
7,0.0,0.0,BRAKE
7,0.0,0.0,BRAKE
7,0.0,0.0,BRAKE
7,0.0,0.0,BRAKE
7,0.0,0.0,BRAKE
7,0.0,0.0,BRAKE
7,0.0,0.0,BRAKE
7,0.0,0.0,BRAKE
7,0.0,0.0,BRAKE
7,0.0,0.0,BRAKE
7,0.0,0.0,BRAKE
7,0.0,0.0,BRAKE
7,0.0,0.0,BRAKE
7,0.0,0.0,BRAKE
7,0.0,0.0,BRAKE
0,0.0,0.0,BRAKE
7,0.0,0.0,BRAKE
1,0.0,0.0,BRAKE
0,0.0,0.0,BRAKE
0,0.0,0.0,BRAKE
7,0.0,0.0,BRAKE
7,0.0,0.0,BRAKE
7,0.0,0.0,BRAKE
7,0.0,0.0,BRAKE
7,0.0,0.0,BRAKE
7,0.0,0.0,BRAKE
7,0.0,0.0,BRAKE
7,0.0,0.0,BRAKE
7,0.0,0.0,BRAKE
7,0.0,0.0,BRAKE
7,0.0,0.0,BRAKE
7,0.0,0.0,BRAKE
7,0.0,0.0,BRAKE
7,0.0,0.0,BRAKE
7,0.0,0.0,BRAKE
7,0.0,0.0,BRAKE
7,0.0,0.0,BRAKE
7,0.0,0.0,BRAKE
7,0.0,0.0,BRAKE
7,0.0,0.0,BRAKE
7,0.0,0.0,BRAKE
7,0.0,0.0,BRAKE
7,0.0,0.0,BRAKE
7,0.0,0.0,BRAKE
7,0.0,0.0,BRAKE
7,0.0,0.0,BRAKE
7,0.0,0.0,BRAKE
7,0.0,0.0,BRAKE
7,0.0,0.0,BRAKE
7,0.0,0.0,BRAKE
7,0.0,0.0,BRAKE
7,0.0,0.0,BRAKE
7,0.0,0.0,BRAKE
7,0.0,0.0,BRAKE
7,0.0,0.0,BRAKE
7,0.0,0.0,BRAKE
7,0.0,0.0,BRAKE
7,0.0,0.0,BRAKE
7,0.0,0.0,BRAKE
7,0.0,0.0,BRAKE
7,0.0,0.0,BRAKE
7,0.0,0.0,BRAKE
7,0.0,0.0,BRAKE
7,0.0,0.0,BRAKE
7,0.0,0.0,BRAKE
7,0.0,0.0,BRAKE
7,0.0,0.0,BRAKE
7,0.0,0.0,BRAKE
7,0.0,0.0,BRAKE
7,0.0,0.0,BRAKE
7,0.0,0.0,BRAKE
7,0.0,0.0,BRAKE
7,0.0,0.0,BRAKE
7,0.0,0.0,BRAKE
7,0.0,0.0,BRAKE
7,0.0,0.0,BRAKE
7,0.0,0.0,BRAKE
7,0.0,0.0,BRAKE
7,0.0,0.0,BRAKE
7,0.0,0.0,BRAKE
7,0.0,0.0,BRAKE
7,0.0,0.0,BRAKE
7,0.0,0.0,BRAKE
7,0.0,0.0,BRAKE
7,0.0,0.0,BRAKE
7,0.0,0.0,BRAKE
7,0.0,0.0,BRAKE
7,0.0,0.0,BRAKE
7,0.0,0.0,BRAKE
7,0.0,0.0,BRAKE
7,0.0,0.0,BRAKE
7,0.0,0.0,BRAKE
7,0.0,0.0,BRAKE
7,0.0,0.0,BRAKE
7,0.0,0.0,BRAKE
7,0.0,0.0,BRAKE
7,0.0,0.0,BRAKE
7,0.0,0.0,BRAKE
7,0.0,0.0,BRAKE
7,0.0,0.0,BRAKE
7,0.0,0.0,BRAKE
7,0.0,0.0,BRAKE
7,0.0,0.0,BRAKE
7,0.0,0.0,BRAKE
7,0.0,0.0,BRAKE
3,0.0,0.0,BRAKE
7,0.0,0.0,BRAKE
7,0.0,0.0,BRAKE
7,0.0,0.0,BRAKE
2,0.0,0.0,BRAKE
7,0.0,0.0,BRAKE
7,0.0,0.0,BRAKE
7,0.0,0.0,BRAKE
7,0.0,0.0,BRAKE
1,0.0,0.0,BRAKE
1,0.0,0.0,BRAKE
1,0.0,0.0,BRAKE
1,0.0,0.0,BRAKE
1,0.0,0.0,BRAKE
1,0.0,0.0,BRAKE
1,0.0,0.0,BRAKE
7,0.0,0.0,BRAKE
7,0.0,0.0,BRAKE
7,0.0,0.0,BRAKE
7,0.0,0.0,BRAKE
2,0.0,0.0,BRAKE
3,0.0,0.0,BRAKE
2,0.0,0.0,BRAKE
2,0.0,0.0,BRAKE
3,0.0,0.0,BRAKE
3,0.0,0.0,BRAKE
3,0.0,0.0,BRAKE
3,0.0,0.0,BRAKE
3,0.0,0.0,BRAKE
3,0.0,0.0,BRAKE
2,0.0,0.0,BRAKE
2,0.0,0.0,BRAKE
2,0.0,0.0,BRAKE
2,0.0,0.0,BRAKE
2,0.0,0.0,BRAKE
1,0.0,0.0,BRAKE
2,0.0,0.0,BRAKE
2,0.0,0.0,BRAKE
1,0.0,0.0,BRAKE
1,0.0,0.0,BRAKE
1,0.0,0.0,BRAKE
1,0.0,0.0,BRAKE
1,0.0,0.0,BRAKE
1,0.0,0.0,BRAKE
1,0.0,0.0,BRAKE
1,0.0,0.0,BRAKE
1,0.0,0.0,BRAKE
1,0.0,0.0,BRAKE
2,0.0,0.0,BRAKE
2,0.0,0.0,BRAKE
1,0.0,0.0,BRAKE
1,0.0,0.0,BRAKE
1,0.0,0.0,BRAKE
1,0.0,0.0,BRAKE
1,0.0,0.0,BRAKE
7,0.0,0.0,BRAKE
1,0.0,0.0,BRAKE
1,0.0,0.0,BRAKE
1,0.0,0.0,BRAKE
1,0.0,0.0,BRAKE
2,0.0,0.0,BRAKE
2,0.0,0.0,BRAKE
1,0.0,0.0,BRAKE
1,0.0,0.0,BRAKE
1,0.0,0.0,BRAKE
2,0.0,0.0,BRAKE
2,0.0,0.0,BRAKE
2,0.0,0.0,BRAKE
2,0.0,0.0,BRAKE
2,0.0,0.0,BRAKE
2,0.0,0.0,BRAKE
2,0.0,0.0,BRAKE
2,0.0,0.0,BRAKE
2,0.0,0.0,BRAKE
2,0.0,0.0,BRAKE
1,0.0,0.0,BRAKE
2,0.0,0.0,BRAKE
1,0.0,0.0,BRAKE
1,0.0,0.0,BRAKE
1,0.0,0.0,BRAKE
1,0.0,0.0,BRAKE
1,0.0,0.0,BRAKE
2,0.0,0.0,BRAKE
2,0.0,0.0,BRAKE
2,0.0,0.0,BRAKE
2,0.0,0.0,BRAKE
2,0.0,0.0,BRAKE
2,0.0,0.0,BRAKE
2,0.0,0.0,BRAKE
1,0.0,0.0,BRAKE
2,0.0,0.0,BRAKE
1,0.0,0.0,BRAKE
1,0.0,0.0,BRAKE
1,0.0,0.0,BRAKE
1,0.0,0.0,BRAKE
1,0.0,0.0,BRAKE
1,0.0,0.0,BRAKE
2,0.0,0.0,BRAKE
2,0.0,0.0,BRAKE
2,0.0,0.0,BRAKE
2,0.0,0.0,BRAKE
2,0.0,0.0,BRAKE
2,0.0,0.0,BRAKE
2,0.0,0.0,BRAKE
1,0.0,0.0,BRAKE
1,0.0,0.0,BRAKE
1,0.0,0.0,BRAKE
3,0.0,0.0,BRAKE
1,0.0,0.0,BRAKE
2,0.0,0.0,BRAKE
2,0.0,0.0,BRAKE
1,0.0,0.0,BRAKE
8,0.0,0.0,BRAKE
8,0.0442662715911865,-0.5808673916793627,CLEAR
8,0.0809917449951172,-0.5808673916793627,CLEAR
8,0.08623976707458493,-0.5808673916793627,CLEAR
8,0.06386156082153317,-0.5808673916793627,CLEAR
8,0.10229616165161133,-0.5808673916793627,CLEAR
4,0.11669421195983884,-0.0,CLEAR
4,0.1105565071105957,-0.0,CLEAR
4,0.10542211532592773,-0.0,CLEAR
4,0.09458432197570803,-0.0,CLEAR
8,0.0965540885925293,-0.5808673916793627,CLEAR
4,0.09294805526733398,-0.0,CLEAR
2,0.08917155265808108,0.29043369583968137,CLEAR
4,0.09416184425354003,-0.0,CLEAR
8,0.08803300857543947,-0.5808673916793627,CLEAR
8,0.08875823020935059,-0.5808673916793627,CLEAR
8,0.1005851745605469,-0.5808673916793627,CLEAR
8,0.09276652336120605,-0.5808673916793627,CLEAR
8,0.09508867263793945,-0.5808673916793627,CLEAR
8,0.09431118965148926,-0.5808673916793627,CLEAR
8,0.10109291076660154,-0.5808673916793627,CLEAR
8,0.09952087402343752,-0.5808673916793627,CLEAR
8,0.09362578392028806,-0.5808673916793627,CLEAR
8,0.09639701843261718,-0.5808673916793627,CLEAR
8,0.09315066337585451,-0.5808673916793627,CLEAR
8,0.09590163230895996,-0.5808673916793627,CLEAR
8,0.09745702743530273,-0.5808673916793627,CLEAR
4,0.08825526237487792,-0.0,CLEAR
4,0.0907470703125,-0.0,CLEAR
4,0.09287433624267576,-0.0,CLEAR
4,0.09119563102722165,-0.0,CLEAR
4,0.09763674736022951,-0.0,CLEAR
4,0.09178080558776858,-0.0,CLEAR
4,0.0964383602142334,-0.0,CLEAR
4,0.09731016159057619,-0.0,CLEAR
4,0.09067215919494631,-0.0,CLEAR
4,0.09811964035034179,-0.0,CLEAR
4,0.101605749130249,-0.0,CLEAR
4,0.09157857894897459,-0.0,CLEAR
4,0.09559879302978515,-0.0,CLEAR
4,0.09043717384338376,-0.0,CLEAR
4,0.10057959556579592,-0.0,CLEAR
4,0.09627585411071778,-0.0,CLEAR
4,0.09486823081970215,-0.0,CLEAR
4,0.08998608589172365,-0.0,CLEAR
4,0.10794634819030759,-0.0,CLEAR
4,0.0823529243469238,-0.0,CLEAR
4,0.08722529411315917,-0.0,CLEAR
4,0.08591208457946777,-0.0,CLEAR
4,0.08931770324707031,-0.0,CLEAR
4,0.08250689506530762,-0.0,CLEAR
4,0.09290146827697755,-0.0,CLEAR
4,0.08565559387207031,-0.0,CLEAR
4,0.09578909873962405,-0.0,CLEAR
4,0.093713903427124,-0.0,CLEAR
4,0.09215154647827148,-0.0,CLEAR
4,0.0940182685852051,-0.0,CLEAR
4,0.09365024566650389,-0.0,CLEAR
4,0.10291919708251955,-0.0,CLEAR
4,0.08213677406311033,-0.0,CLEAR
4,0.08276095390319824,-0.0,CLEAR
4,0.09222869873046877,-0.0,CLEAR
4,0.08491468429565427,-0.0,CLEAR
4,0.07925825119018556,-0.0,CLEAR
4,0.088585090637207,-0.0,CLEAR
4,0.07816562652587893,-0.0,CLEAR
4,0.08307061195373533,-0.0,CLEAR
4,0.0827232360839844,-0.0,CLEAR
4,0.07216353416442868,-0.0,CLEAR
4,0.07292518615722655,-0.0,CLEAR
4,0.0375,-0.0,CLEAR
4,0.028257042253521145,-0.0,CLEAR
4,0.023745598591549344,-0.0,CLEAR
4,0.0,0.0,BRAKE
4,0.06225792253521134,-0.0,CLEAR
4,0.0,0.0,BRAKE
4,0.026166373239436647,-0.0,CLEAR
4,0.08899647887323943,-0.0,CLEAR
4,0.0,0.0,BRAKE
4,0.08087987899780276,-0.0,CLEAR
4,0.0,0.0,BRAKE
4,0.07877535820007321,-0.0,CLEAR
4,0.06181778169014085,-0.0,CLEAR
4,0.0,0.0,BRAKE
4,0.0,0.0,BRAKE
4,0.0,0.0,BRAKE
4,0.0,0.0,BRAKE
4,0.0,0.0,BRAKE
4,0.0006382042253521458,-0.0,CLEAR
4,0.052904929577464795,-0.0,CLEAR
4,0.09616036415100095,-0.0,CLEAR
4,0.08020582199096682,-0.0,CLEAR
4,0.07656517028808596,-0.0,CLEAR
4,0.08624229431152346,-0.0,CLEAR
4,0.08661203384399414,-0.0,CLEAR
4,0.09608445167541503,-0.0,CLEAR
4,0.08764967918395994,-0.0,CLEAR
4,0.08169779777526855,-0.0,CLEAR
4,0.07975352112676064,-0.0,CLEAR
4,0.04443221830985917,-0.0,CLEAR
4,0.06599911971830985,-0.0,CLEAR
4,0.032438380281690216,-0.0,CLEAR
4,0.04080105633802822,-0.0,CLEAR
4,0.0,0.0,BRAKE
4,0.013072183098591594,-0.0,CLEAR
4,0.022315140845070514,-0.0,CLEAR
4,0.0,0.0,BRAKE
4,0.0,0.0,BRAKE
4,0.0,0.0,BRAKE
4,0.00911091549295777,-0.0,CLEAR
4,0.0,0.0,BRAKE
4,0.0,0.0,BRAKE
4,0.0,0.0,BRAKE
4,0.026716549295774626,-0.0,CLEAR
4,0.0,0.0,BRAKE
4,0.0,0.0,BRAKE
4,0.0,0.0,BRAKE
4,0.0,0.0,BRAKE
4,0.0,0.0,BRAKE
4,0.0,0.0,BRAKE
4,0.0,0.0,BRAKE
4,0.0,0.0,BRAKE
4,0.0,0.0,BRAKE
4,0.0,0.0,BRAKE
4,0.0,0.0,BRAKE
4,0.0,0.0,BRAKE
4,0.0,0.0,BRAKE
4,0.0,0.0,BRAKE
4,0.0,0.0,BRAKE
4,0.0,0.0,BRAKE
4,0.0,0.0,BRAKE
4,0.0,0.0,BRAKE
4,0.0,0.0,BRAKE
4,0.0,0.0,BRAKE
4,0.0,0.0,BRAKE
4,0.0,0.0,BRAKE
4,0.0,0.0,BRAKE
4,0.0,0.0,BRAKE
4,0.0,0.0,BRAKE
4,0.0,0.0,BRAKE
4,0.0,0.0,BRAKE
4,0.0,0.0,BRAKE
4,0.0,0.0,BRAKE
4,0.0,0.0,BRAKE
4,0.0,0.0,BRAKE
4,0.0,0.0,BRAKE
4,0.012962147887323971,-0.0,CLEAR
4,0.0,0.0,BRAKE
4,0.0,0.0,BRAKE
4,0.0,0.0,BRAKE
4,0.0,0.0,BRAKE
4,0.041021126760563395,-0.0,CLEAR
4,0.10418667793273924,-0.0,CLEAR
8,0.09261560440063477,-0.5808673916793627,CLEAR
7,0.0,0.0,BRAKE
7,0.07184066772460936,-0.43565054375952217,CLEAR
7,0.0,0.0,BRAKE
4,0.0,0.0,BRAKE
4,0.0,0.0,BRAKE
4,0.09945726394653318,-0.0,CLEAR
4,0.0,0.0,BRAKE
4,0.0,0.0,BRAKE
8,0.0,0.0,BRAKE
8,0.0,0.0,BRAKE
8,0.030696439743041967,-0.5808673916793627,CLEAR
8,0.08911705017089845,-0.5808673916793627,CLEAR
8,0.0,0.0,BRAKE
8,0.0,0.0,BRAKE
8,0.0,0.0,BRAKE
8,0.0,0.0,BRAKE
8,0.0,0.0,BRAKE
8,0.0,0.0,BRAKE
8,0.0,0.0,BRAKE
8,0.0,0.0,BRAKE
8,0.0,0.0,BRAKE
8,0.0,0.0,BRAKE
8,0.0,0.0,BRAKE
8,0.0,0.0,BRAKE
7,0.0,0.0,BRAKE
7,0.0,0.0,BRAKE
7,0.0,0.0,BRAKE
7,0.0,0.0,BRAKE
7,0.0,0.0,BRAKE
7,0.0,0.0,BRAKE
7,0.0,0.0,BRAKE
7,0.0,0.0,BRAKE
7,0.0,0.0,BRAKE
7,0.0,0.0,BRAKE
7,0.03761003521126762,-0.43565054375952217,CLEAR
7,0.009991197183098622,-0.43565054375952217,CLEAR
7,0.0,0.0,BRAKE
4,0.0,0.0,BRAKE
4,0.0,0.0,BRAKE
4,0.042231514084507045,-0.0,CLEAR
4,0.06192781690140847,-0.0,CLEAR
7,0.0,0.0,BRAKE
7,0.10000000000000005,-0.43565054375952217,CLEAR
7,0.10297095070422539,-0.43565054375952217,CLEAR
7,0.1119946002960205,-0.43565054375952217,CLEAR
7,0.11091642379760742,-0.43565054375952217,CLEAR
4,0.10505051612854006,-0.0,CLEAR
7,0.07945580482482913,-0.43565054375952217,CLEAR
7,0.08405795097351072,-0.43565054375952217,CLEAR
4,0.09187712669372557,-0.0,CLEAR
4,0.09298844337463381,-0.0,CLEAR
7,0.08161191940307615,-0.43565054375952217,CLEAR
7,0.09336071014404294,-0.43565054375952217,CLEAR
7,0.09489450454711912,-0.43565054375952217,CLEAR
7,0.09719371795654298,-0.43565054375952217,CLEAR
7,0.09969544410705564,-0.43565054375952217,CLEAR
7,0.05291481018066408,-0.43565054375952217,CLEAR
7,0.06753961267605636,-0.43565054375952217,CLEAR
7,0.08888644366197186,-0.43565054375952217,CLEAR
7,0.06060739436619726,-0.43565054375952217,CLEAR
7,0.08206426056338025,-0.43565054375952217,CLEAR
7,0.07018045774647892,-0.43565054375952217,CLEAR
4,0.0704005281690141,-0.0,CLEAR
7,0.0935079225352113,-0.43565054375952217,CLEAR
7,0.06576547622680663,-0.43565054375952217,CLEAR
7,0.08283450704225355,-0.43565054375952217,CLEAR
4,0.11155369718309864,-0.0,CLEAR
7,0.059947183098591594,-0.43565054375952217,CLEAR
7,0.10374119718309861,-0.43565054375952217,CLEAR
8,0.056646126760563374,-0.5808673916793627,CLEAR
7,0.08922257423400878,-0.43565054375952217,CLEAR
7,0.06304273605346677,-0.43565054375952217,CLEAR
8,0.0,0.0,BRAKE
8,0.0,0.0,BRAKE
8,0.0,0.0,BRAKE
8,0.0,0.0,BRAKE
8,0.0,0.0,BRAKE
8,0.0,0.0,BRAKE
7,0.0,0.0,BRAKE
7,0.0,0.0,BRAKE
8,0.0,0.0,BRAKE
7,0.0,0.0,BRAKE
4,0.0,0.0,BRAKE
8,0.0,0.0,BRAKE
4,0.0,0.0,BRAKE
4,0.0,0.0,BRAKE
4,0.0,0.0,BRAKE
4,0.0,0.0,BRAKE
4,0.0,0.0,BRAKE
8,0.0,0.0,BRAKE
4,0.0,0.0,BRAKE
4,0.0,0.0,BRAKE
4,0.0,0.0,BRAKE
8,0.0,0.0,BRAKE
4,0.0,0.0,BRAKE
8,0.0,0.0,BRAKE
8,0.0,0.0,BRAKE
8,0.0,0.0,BRAKE
8,0.0,0.0,BRAKE
8,0.0,0.0,BRAKE
8,0.0,0.0,BRAKE
8,0.0,0.0,BRAKE
8,0.0,0.0,BRAKE
7,0.0,0.0,BRAKE
8,0.0,0.0,BRAKE
8,0.0,0.0,BRAKE
7,0.0,0.0,BRAKE
8,0.0,0.0,BRAKE
8,0.0,0.0,BRAKE
7,0.0,0.0,BRAKE
4,0.0,0.0,BRAKE
4,0.0,0.0,BRAKE
4,0.0,0.0,BRAKE
4,0.0,0.0,BRAKE
4,0.0,0.0,BRAKE
4,0.0,0.0,BRAKE
4,0.0,0.0,BRAKE
4,0.0,0.0,BRAKE
4,0.0,0.0,BRAKE
4,0.0,0.0,BRAKE
7,0.0,0.0,BRAKE
7,0.0,0.0,BRAKE
7,0.0,0.0,BRAKE
8,0.0,0.0,BRAKE
8,0.0,0.0,BRAKE
4,0.0,0.0,BRAKE
4,0.0,0.0,BRAKE
8,0.0,0.0,BRAKE
8,0.0,0.0,BRAKE
8,0.0,0.0,BRAKE
8,0.0,0.0,BRAKE
8,0.0,0.0,BRAKE
8,0.0,0.0,BRAKE
7,0.0,0.0,BRAKE
7,0.0,0.0,BRAKE
7,0.0,0.0,BRAKE
7,0.0,0.0,BRAKE
7,0.0,0.0,BRAKE
7,0.0,0.0,BRAKE
7,0.0,0.0,BRAKE
7,0.0,0.0,BRAKE
7,0.0,0.0,BRAKE
7,0.0,0.0,BRAKE
7,0.0,0.0,BRAKE
7,0.0,0.0,BRAKE
7,0.0,0.0,BRAKE
7,0.0,0.0,BRAKE
7,0.0,0.0,BRAKE
7,0.0,0.0,BRAKE
7,0.0,0.0,BRAKE
8,0.0,0.0,BRAKE
7,0.0,0.0,BRAKE
7,0.0,0.0,BRAKE
8,0.0,0.0,BRAKE
8,0.0,0.0,BRAKE
7,0.0,0.0,BRAKE
7,0.0,0.0,BRAKE
7,0.0,0.0,BRAKE
7,0.0,0.0,BRAKE
7,0.0,0.0,BRAKE
7,0.0,0.0,BRAKE
7,0.0,0.0,BRAKE
7,0.0,0.0,BRAKE
7,0.0,0.0,BRAKE
7,0.0,0.0,BRAKE
7,0.0,0.0,BRAKE
7,0.0,0.0,BRAKE
7,0.0,0.0,BRAKE
7,0.0,0.0,BRAKE
7,0.0,0.0,BRAKE
7,0.0,0.0,BRAKE
7,0.0,0.0,BRAKE
7,0.0,0.0,BRAKE
7,0.0,0.0,BRAKE
7,0.0,0.0,BRAKE
7,0.0,0.0,BRAKE
7,0.0,0.0,BRAKE
7,0.0,0.0,BRAKE
7,0.0,0.0,BRAKE
7,0.0,0.0,BRAKE
7,0.0,0.0,BRAKE
7,0.0,0.0,BRAKE
7,0.0,0.0,BRAKE
7,0.0,0.0,BRAKE
7,0.0,0.0,BRAKE
7,0.0,0.0,BRAKE
7,0.0,0.0,BRAKE
7,0.0,0.0,BRAKE
7,0.0,0.0,BRAKE
7,0.0,0.0,BRAKE
7,0.0,0.0,BRAKE
7,0.0,0.0,BRAKE
7,0.0,0.0,BRAKE
7,0.0,0.0,BRAKE
7,0.0,0.0,BRAKE
7,0.0,0.0,BRAKE
7,0.0,0.0,BRAKE
7,0.0,0.0,BRAKE
7,0.0,0.0,BRAKE
7,0.0,0.0,BRAKE
7,0.0,0.0,BRAKE
7,0.0,0.0,BRAKE
7,0.0,0.0,BRAKE
7,0.0,0.0,BRAKE
7,0.0,0.0,BRAKE
7,0.0,0.0,BRAKE
7,0.0,0.0,BRAKE
7,0.0,0.0,BRAKE
7,0.0,0.0,BRAKE
7,0.0,0.0,BRAKE
7,0.0,0.0,BRAKE
7,0.0,0.0,BRAKE
7,0.0,0.0,BRAKE
7,0.0,0.0,BRAKE
7,0.0,0.0,BRAKE
7,0.0,0.0,BRAKE
7,0.0,0.0,BRAKE
7,0.0,0.0,BRAKE
7,0.0,0.0,BRAKE
7,0.0,0.0,BRAKE
7,0.0,0.0,BRAKE
7,0.0,0.0,BRAKE
7,0.0,0.0,BRAKE
7,0.0,0.0,BRAKE
7,0.0,0.0,BRAKE
7,0.0,0.0,BRAKE
7,0.0,0.0,BRAKE
7,0.0,0.0,BRAKE
7,0.0,0.0,BRAKE
7,0.0,0.0,BRAKE
7,0.0,0.0,BRAKE
7,0.0,0.0,BRAKE
7,0.0,0.0,BRAKE
7,0.0,0.0,BRAKE
7,0.0,0.0,BRAKE
7,0.0,0.0,BRAKE
7,0.0,0.0,BRAKE
7,0.0,0.0,BRAKE
7,0.0,0.0,BRAKE
7,0.0,0.0,BRAKE
7,0.0,0.0,BRAKE
7,0.0,0.0,BRAKE
7,0.0,0.0,BRAKE
8,0.0,0.0,BRAKE
8,0.0,0.0,BRAKE
8,0.0,0.0,BRAKE
7,0.0,0.0,BRAKE
7,0.0,0.0,BRAKE
7,0.0,0.0,BRAKE
7,0.0,0.0,BRAKE
7,0.0,0.0,BRAKE
7,0.0,0.0,BRAKE
7,0.0,0.0,BRAKE
7,0.0,0.0,BRAKE
7,0.0,0.0,BRAKE
7,0.0,0.0,BRAKE
7,0.0,0.0,BRAKE
7,0.0,0.0,BRAKE
7,0.0,0.0,BRAKE
7,0.0,0.0,BRAKE
7,0.0,0.0,BRAKE
7,0.0,0.0,BRAKE
7,0.0,0.0,BRAKE
7,0.0,0.0,BRAKE
7,0.0,0.0,BRAKE
7,0.0,0.0,BRAKE
7,0.0,0.0,BRAKE
7,0.0,0.0,BRAKE
7,0.0,0.0,BRAKE
7,0.0,0.0,BRAKE
7,0.0,0.0,BRAKE
7,0.0,0.0,BRAKE
7,0.0,0.0,BRAKE
7,0.0,0.0,BRAKE
7,0.0,0.0,BRAKE
7,0.0,0.0,BRAKE
7,0.0,0.0,BRAKE
7,0.0,0.0,BRAKE
7,0.0,0.0,BRAKE
7,0.0,0.0,BRAKE
7,0.0,0.0,BRAKE
7,0.0,0.0,BRAKE
7,0.0,0.0,BRAKE
7,0.0,0.0,BRAKE
7,0.0,0.0,BRAKE
7,0.0,0.0,BRAKE
7,0.0,0.0,BRAKE
7,0.0,0.0,BRAKE
7,0.0,0.0,BRAKE
7,0.0,0.0,BRAKE
7,0.0,0.0,BRAKE
7,0.0,0.0,BRAKE
7,0.0,0.0,BRAKE
7,0.0,0.0,BRAKE
7,0.0,0.0,BRAKE
7,0.0,0.0,BRAKE
7,0.0,0.0,BRAKE
7,0.0,0.0,BRAKE
7,0.0,0.0,BRAKE
7,0.0,0.0,BRAKE
7,0.0,0.0,BRAKE
7,0.0,0.0,BRAKE
7,0.0,0.0,BRAKE
7,0.0,0.0,BRAKE
7,0.0,0.0,BRAKE
7,0.0,0.0,BRAKE
7,0.0,0.0,BRAKE
8,0.0,0.0,BRAKE
8,0.0,0.0,BRAKE
8,0.0,0.0,BRAKE
8,0.0,0.0,BRAKE
8,0.0,0.0,BRAKE
8,0.0,0.0,BRAKE
8,0.0,0.0,BRAKE
8,0.0,0.0,BRAKE
8,0.0,0.0,BRAKE
8,0.0,0.0,BRAKE
8,0.0,0.0,BRAKE
8,0.0,0.0,BRAKE
8,0.0,0.0,BRAKE
8,0.0,0.0,BRAKE
7,0.0,0.0,BRAKE
7,0.0,0.0,BRAKE
7,0.0,0.0,BRAKE
7,0.0,0.0,BRAKE
8,0.0,0.0,BRAKE
8,0.0,0.0,BRAKE
8,0.0,0.0,BRAKE
8,0.0,0.0,BRAKE
8,0.0,0.0,BRAKE
8,0.0,0.0,BRAKE
8,0.0,0.0,BRAKE
8,0.0,0.0,BRAKE
7,0.0,0.0,BRAKE
8,0.0,0.0,BRAKE
8,0.0,0.0,BRAKE
8,0.0,0.0,BRAKE
7,0.0,0.0,BRAKE
7,0.0,0.0,BRAKE
7,0.0,0.0,BRAKE
7,0.0,0.0,BRAKE
7,0.0,0.0,BRAKE
7,0.0,0.0,BRAKE
7,0.0,0.0,BRAKE
7,0.0,0.0,BRAKE
7,0.0,0.0,BRAKE
7,0.0,0.0,BRAKE
7,0.0,0.0,BRAKE
7,0.0,0.0,BRAKE
7,0.0,0.0,BRAKE
7,0.0,0.0,BRAKE
7,0.0,0.0,BRAKE
7,0.0,0.0,BRAKE
7,0.0,0.0,BRAKE
7,0.0,0.0,BRAKE
8,0.0,0.0,BRAKE
8,0.0,0.0,BRAKE
8,0.0,0.0,BRAKE
8,0.0,0.0,BRAKE
8,0.0,0.0,BRAKE
7,0.0,0.0,BRAKE
7,0.0,0.0,BRAKE
7,0.0,0.0,BRAKE
7,0.0,0.0,BRAKE
8,0.0,0.0,BRAKE
7,0.0,0.0,BRAKE
7,0.0,0.0,BRAKE
8,0.0,0.0,BRAKE
8,0.0,0.0,BRAKE
8,0.0,0.0,BRAKE
8,0.0,0.0,BRAKE
8,0.0,0.0,BRAKE
8,0.0,0.0,BRAKE
8,0.0,0.0,BRAKE
8,0.0,0.0,BRAKE
8,0.0,0.0,BRAKE
8,0.0,0.0,BRAKE
8,0.0,0.0,BRAKE
7,0.0,0.0,BRAKE
7,0.0,0.0,BRAKE
8,0.0,0.0,BRAKE
8,0.0,0.0,BRAKE
8,0.0,0.0,BRAKE
7,0.0,0.0,BRAKE
7,0.0,0.0,BRAKE
7,0.0,0.0,BRAKE
7,0.0,0.0,BRAKE
7,0.0,0.0,BRAKE
7,0.0,0.0,BRAKE
8,0.0,0.0,BRAKE
8,0.0,0.0,BRAKE
8,0.0,0.0,BRAKE
8,0.0,0.0,BRAKE
7,0.0,0.0,BRAKE
8,0.0,0.0,BRAKE
7,0.0,0.0,BRAKE
7,0.0,0.0,BRAKE
7,0.0,0.0,BRAKE
5,0.0,0.0,BRAKE
5,0.0,0.0,BRAKE
7,0.0,0.0,BRAKE
7,0.0,0.0,BRAKE
7,0.0,0.0,BRAKE
7,0.0,0.0,BRAKE
7,0.0,0.0,BRAKE
7,0.0,0.0,BRAKE
7,0.0,0.0,BRAKE
7,0.0,0.0,BRAKE
7,0.0,0.0,BRAKE
7,0.0,0.0,BRAKE
7,0.0,0.0,BRAKE
7,0.0,0.0,BRAKE
7,0.0,0.0,BRAKE
7,0.0,0.0,BRAKE
7,0.0,0.0,BRAKE
7,0.0,0.0,BRAKE
7,0.0,0.0,BRAKE
7,0.0,0.0,BRAKE
7,0.0,0.0,BRAKE
7,0.0,0.0,BRAKE
7,0.0,0.0,BRAKE
7,0.0,0.0,BRAKE
7,0.0,0.0,BRAKE
7,0.0,0.0,BRAKE
7,0.0,0.0,BRAKE
7,0.0,0.0,BRAKE
7,0.0,0.0,BRAKE
5,0.0,0.0,BRAKE
5,0.0,0.0,BRAKE
7,0.0,0.0,BRAKE
7,0.0,0.0,BRAKE
7,0.0,0.0,BRAKE
7,0.0,0.0,BRAKE
7,0.0,0.0,BRAKE
7,0.0,0.0,BRAKE
7,0.0,0.0,BRAKE
7,0.0,0.0,BRAKE
7,0.0,0.0,BRAKE
7,0.0,0.0,BRAKE
7,0.0,0.0,BRAKE
7,0.0,0.0,BRAKE
7,0.0,0.0,BRAKE
7,0.0,0.0,BRAKE
7,0.0,0.0,BRAKE
7,0.0,0.0,BRAKE
7,0.0,0.0,BRAKE
1,0.0,0.0,BRAKE
1,0.0,0.0,BRAKE
8,0.0,0.0,BRAKE
8,0.0,0.0,BRAKE
7,0.0,0.0,BRAKE
7,0.0,0.0,BRAKE
8,0.0,0.0,BRAKE
8,0.0,0.0,BRAKE
8,0.0,0.0,BRAKE
7,0.0,0.0,BRAKE
1,0.0,0.0,BRAKE
1,0.11793573943661977,0.43565054375952217,CLEAR
4,0.20065164566040036,-0.0,CLEAR
4,0.02606091499328613,-0.0,CLEAR
5,0.40108834505081176,-0.14521684791984069,CLEAR
3,0.0,0.0,BRAKE
7,0.0,0.0,BRAKE
6,0.6,-0.29043369583968137,CLEAR
5,0.6,-0.14521684791984069,CLEAR
6,0.6,-0.29043369583968137,CLEAR
4,0.6,-0.0,CLEAR
4,0.6,-0.0,CLEAR
3,0.6,0.14521684791984069,CLEAR
5,0.6,-0.14521684791984069,CLEAR
5,0.6,-0.14521684791984069,CLEAR
5,0.6,-0.14521684791984069,CLEAR
6,0.6,-0.29043369583968137,CLEAR
6,0.6,-0.29043369583968137,CLEAR
6,0.6,-0.29043369583968137,CLEAR
6,0.6,-0.29043369583968137,CLEAR
5,0.6,-0.14521684791984069,CLEAR
6,0.6,-0.29043369583968137,CLEAR
5,0.6,-0.14521684791984069,CLEAR
5,0.6,-0.14521684791984069,CLEAR
3,0.6,0.14521684791984069,CLEAR
5,0.6,-0.14521684791984069,CLEAR
3,0.6,0.14521684791984069,CLEAR
3,0.6,0.14521684791984069,CLEAR
3,0.6,0.14521684791984069,CLEAR
3,0.6,0.14521684791984069,CLEAR
3,0.6,0.14521684791984069,CLEAR
3,0.6,0.14521684791984069,CLEAR
3,0.6,0.14521684791984069,CLEAR
3,0.6,0.14521684791984069,CLEAR
3,0.6,0.14521684791984069,CLEAR
6,0.6,-0.29043369583968137,CLEAR
7,0.6,-0.43565054375952217,CLEAR
7,0.6,-0.43565054375952217,CLEAR
6,0.6,-0.29043369583968137,CLEAR
3,0.6,0.14521684791984069,CLEAR
3,0.6,0.14521684791984069,CLEAR
3,0.6,0.14521684791984069,CLEAR
3,0.6,0.14521684791984069,CLEAR
3,0.6,0.14521684791984069,CLEAR
3,0.6,0.14521684791984069,CLEAR
3,0.6,0.14521684791984069,CLEAR
3,0.6,0.14521684791984069,CLEAR
3,0.6,0.14521684791984069,CLEAR
3,0.6,0.14521684791984069,CLEAR
3,0.6,0.14521684791984069,CLEAR
5,0.6,-0.14521684791984069,CLEAR
5,0.6,-0.14521684791984069,CLEAR
2,0.6,0.29043369583968137,CLEAR
2,0.6,0.29043369583968137,CLEAR
2,0.6,0.29043369583968137,CLEAR
3,0.6,0.14521684791984069,CLEAR
3,0.6,0.14521684791984069,CLEAR
6,0.6,-0.29043369583968137,CLEAR
2,0.6,0.29043369583968137,CLEAR
5,0.0,0.0,BRAKE
4,0.0,0.0,BRAKE
4,0.0,0.0,BRAKE
4,0.0,0.0,BRAKE
4,0.0,0.0,BRAKE
4,0.0,0.0,BRAKE
2,0.0,0.0,BRAKE
4,0.0,0.0,BRAKE
4,0.0,0.0,BRAKE
4,0.0,0.0,BRAKE
4,0.0,0.0,BRAKE
4,0.0,0.0,BRAKE
2,0.0,0.0,BRAKE
1,0.0,0.0,BRAKE
1,0.0,0.0,BRAKE
3,0.0,0.0,BRAKE
7,0.0,0.0,BRAKE
8,0.0,0.0,BRAKE
8,0.0,0.0,BRAKE
8,0.0,0.0,BRAKE
4,0.0,0.0,BRAKE
4,0.0,0.0,BRAKE
8,0.0,0.0,BRAKE
8,0.0,0.0,BRAKE
8,0.0,0.0,BRAKE
4,0.0,0.0,BRAKE
2,0.04479546546936035,0.29043369583968137,CLEAR
3,0.07986355633802812,0.14521684791984069,CLEAR
3,0.0,0.0,BRAKE
3,0.16437059859154934,0.14521684791984069,CLEAR
3,0.12431778169014089,0.14521684791984069,CLEAR
3,0.1509463028169014,0.14521684791984069,CLEAR
3,0.09636883802816902,0.14521684791984069,CLEAR
3,0.08294454225352117,0.14521684791984069,CLEAR
3,0.09757922535211268,0.14521684791984069,CLEAR
3,0.10616197183098593,0.14521684791984069,CLEAR
3,0.14247359154929579,0.14521684791984069,CLEAR
3,0.177574823943662,0.14521684791984069,CLEAR
3,0.1578785211267606,0.14521684791984069,CLEAR
3,0.011529159545898416,0.14521684791984069,CLEAR
4,0.0,0.0,BRAKE
4,0.0,0.0,BRAKE
4,0.0,0.0,BRAKE
4,0.0,0.0,BRAKE
4,0.0,0.0,BRAKE
4,0.0,0.0,BRAKE
5,0.0,0.0,BRAKE
5,0.0,0.0,BRAKE
5,0.0,0.0,BRAKE
5,0.0,0.0,BRAKE
5,0.0,0.0,BRAKE
5,0.0,0.0,BRAKE
7,0.0,0.0,BRAKE
7,0.0,0.0,BRAKE
5,0.0,0.0,BRAKE
5,0.0,0.0,BRAKE
5,0.0,0.0,BRAKE
5,0.0,0.0,BRAKE
5,0.0,0.0,BRAKE
5,0.0,0.0,BRAKE
5,0.0,0.0,BRAKE
4,0.07821302816901411,-0.0,CLEAR
3,0.14401408450704226,0.14521684791984069,CLEAR
3,0.12288732394366199,0.14521684791984069,CLEAR
3,0.11870598591549299,0.14521684791984069,CLEAR
3,0.10583186619718311,0.14521684791984069,CLEAR
3,0.08910651408450705,0.14521684791984069,CLEAR
3,0.09295774647887324,0.14521684791984069,CLEAR
3,0.08646566901408449,0.14521684791984069,CLEAR
2,0.09505648612976074,0.29043369583968137,CLEAR
2,0.0,0.0,BRAKE
2,0.0,0.0,BRAKE
2,0.0,0.0,BRAKE
2,0.0,0.0,BRAKE
2,0.0,0.0,BRAKE
2,0.0,0.0,BRAKE
2,0.0,0.0,BRAKE
2,0.0,0.0,BRAKE
2,0.0,0.0,BRAKE
8,0.0,0.0,BRAKE
8,0.0,0.0,BRAKE
4,0.0,0.0,BRAKE
4,0.0,0.0,BRAKE
4,0.0,0.0,BRAKE
4,0.0,0.0,BRAKE
4,0.0,0.0,BRAKE
4,0.0,0.0,BRAKE
3,0.11441860198974609,0.14521684791984069,CLEAR
5,0.3550384998321533,-0.14521684791984069,CLEAR
5,0.0,0.0,BRAKE
5,0.0,0.0,BRAKE
5,0.0,0.0,BRAKE
5,0.0,0.0,BRAKE
5,0.0,0.0,BRAKE
5,0.0,0.0,BRAKE
5,0.0,0.0,BRAKE
5,0.0,0.0,BRAKE
5,0.0,0.0,BRAKE
5,0.0,0.0,BRAKE
5,0.0,0.0,BRAKE
5,0.0,0.0,BRAKE
5,0.0,0.0,BRAKE
5,0.0,0.0,BRAKE
5,0.0,0.0,BRAKE
5,0.0,0.0,BRAKE
5,0.0,0.0,BRAKE
5,0.0,0.0,BRAKE
5,0.0,0.0,BRAKE
5,0.0,0.0,BRAKE
3,0.6,0.14521684791984069,CLEAR
4,0.0550907611846924,-0.0,CLEAR
4,0.07733274647887327,-0.0,CLEAR
6,0.37680032253265383,-0.29043369583968137,CLEAR
3,0.0,0.0,BRAKE
4,0.0,0.0,BRAKE
4,0.0,0.0,BRAKE
1,0.0,0.0,BRAKE
1,0.0,0.0,BRAKE
0,0.0,0.0,BRAKE
0,0.0,0.0,BRAKE
8,0.0,0.0,BRAKE
7,0.0,0.0,BRAKE
7,0.0,0.0,BRAKE
8,0.0,0.0,BRAKE
1,0.0,0.0,BRAKE
1,0.0,0.0,BRAKE
1,0.0,0.0,BRAKE
1,0.0,0.0,BRAKE
1,0.0,0.0,BRAKE
1,0.0,0.0,BRAKE
1,0.0,0.0,BRAKE
8,0.0,0.0,BRAKE
8,0.0,0.0,BRAKE
7,0.0,0.0,BRAKE
7,0.0,0.0,BRAKE
8,0.0,0.0,BRAKE
8,0.0,0.0,BRAKE
1,0.0,0.0,BRAKE
0,0.0,0.0,BRAKE
8,0.0,0.0,BRAKE
8,0.0,0.0,BRAKE
7,0.0,0.0,BRAKE
6,0.0,0.0,BRAKE
0,0.0,0.0,BRAKE
8,0.0,0.0,BRAKE
8,0.0,0.0,BRAKE
8,0.0,0.0,BRAKE
8,0.0,0.0,BRAKE
8,0.0,0.0,BRAKE
8,0.0,0.0,BRAKE
8,0.0,0.0,BRAKE
8,0.0,0.0,BRAKE
8,0.0,0.0,BRAKE
4,0.0,0.0,BRAKE
8,0.0,0.0,BRAKE
7,0.0,0.0,BRAKE
7,0.0,0.0,BRAKE
7,0.0,0.0,BRAKE
0,0.0,0.0,BRAKE
6,0.0,0.0,BRAKE
8,0.0,0.0,BRAKE
6,0.0,0.0,BRAKE
6,0.0,0.0,BRAKE
6,0.0,0.0,BRAKE
8,0.0,0.0,BRAKE
6,0.0,0.0,BRAKE
6,0.0,0.0,BRAKE
6,0.0,0.0,BRAKE
6,0.0,0.0,BRAKE
7,0.0,0.0,BRAKE
7,0.0,0.0,BRAKE
7,0.0,0.0,BRAKE
7,0.0,0.0,BRAKE
7,0.0,0.0,BRAKE
7,0.0,0.0,BRAKE
7,0.0,0.0,BRAKE
7,0.0,0.0,BRAKE
7,0.0,0.0,BRAKE
7,0.0,0.0,BRAKE
7,0.0,0.0,BRAKE
7,0.0,0.0,BRAKE
7,0.0,0.0,BRAKE
7,0.0,0.0,BRAKE
7,0.0,0.0,BRAKE
7,0.0,0.0,BRAKE
7,0.0,0.0,BRAKE
7,0.0,0.0,BRAKE
7,0.0,0.0,BRAKE
7,0.23482608795166016,-0.43565054375952217,CLEAR
6,0.6,-0.29043369583968137,CLEAR
5,0.6,-0.14521684791984069,CLEAR
4,0.6,-0.0,CLEAR
6,0.6,-0.29043369583968137,CLEAR
6,0.6,-0.29043369583968137,CLEAR
5,0.6,-0.14521684791984069,CLEAR
4,0.003842926025390625,-0.0,CLEAR
6,0.26902701854705807,-0.29043369583968137,CLEAR
4,0.0,0.0,BRAKE
3,0.0,0.0,BRAKE
2,0.0,0.0,BRAKE
2,0.0,0.0,BRAKE
2,0.0,0.0,BRAKE
2,0.0,0.0,BRAKE
7,0.0,0.0,BRAKE
6,0.02288403511047363,-0.29043369583968137,CLEAR
7,0.0,0.0,BRAKE
7,0.0,0.0,BRAKE
8,0.0,0.0,BRAKE
7,0.0,0.0,BRAKE
5,0.37412419319152834,-0.14521684791984069,CLEAR
3,0.30319802761077874,0.14521684791984069,CLEAR
4,0.2236449003219604,-0.0,CLEAR
4,0.21124730110168455,-0.0,CLEAR
4,0.3567121478873239,-0.0,CLEAR
4,0.41672726869583127,-0.0,CLEAR
3,0.3367506504058838,0.14521684791984069,CLEAR
4,0.6,-0.0,CLEAR
4,0.6,-0.0,CLEAR
3,0.6,0.14521684791984069,CLEAR
5,0.0,0.0,BRAKE
7,0.0,0.0,BRAKE
2,0.0,0.0,BRAKE
2,0.0,0.0,BRAKE
2,0.0,0.0,BRAKE
0,0.0,0.0,BRAKE
0,0.0,0.0,BRAKE
0,0.0,0.0,BRAKE
7,0.0,0.0,BRAKE
7,0.0,0.0,BRAKE
3,0.0,0.0,BRAKE
3,0.0,0.0,BRAKE
3,0.0,0.0,BRAKE
0,0.0,0.0,BRAKE
8,0.0,0.0,BRAKE
8,0.0,0.0,BRAKE
8,0.0,0.0,BRAKE
8,0.0,0.0,BRAKE
0,0.0,0.0,BRAKE
8,0.0,0.0,BRAKE
8,0.0,0.0,BRAKE
7,0.0,0.0,BRAKE
7,0.0,0.0,BRAKE
7,0.0,0.0,BRAKE
7,0.0,0.0,BRAKE
6,0.0,0.0,BRAKE
6,0.0,0.0,BRAKE
6,0.0,0.0,BRAKE
6,0.0,0.0,BRAKE
6,0.0,0.0,BRAKE
6,0.0,0.0,BRAKE
8,0.0,0.0,BRAKE
8,0.0,0.0,BRAKE
8,0.0,0.0,BRAKE
8,0.0,0.0,BRAKE
8,0.0,0.0,BRAKE
8,0.0,0.0,BRAKE
8,0.0,0.0,BRAKE
2,0.0,0.0,BRAKE
2,0.0,0.0,BRAKE
8,0.0,0.0,BRAKE
2,0.0,0.0,BRAKE
2,0.0,0.0,BRAKE
3,0.0,0.0,BRAKE
3,0.0,0.0,BRAKE
3,0.0,0.0,BRAKE
3,0.0,0.0,BRAKE
3,0.0,0.0,BRAKE
3,0.0,0.0,BRAKE
3,0.0,0.0,BRAKE
3,0.0,0.0,BRAKE
3,0.0,0.0,BRAKE
3,0.0,0.0,BRAKE
3,0.0,0.0,BRAKE
3,0.0,0.0,BRAKE
3,0.0,0.0,BRAKE
3,0.0,0.0,BRAKE
3,0.0,0.0,BRAKE
3,0.0,0.0,BRAKE
3,0.0,0.0,BRAKE
3,0.0,0.0,BRAKE
3,0.0,0.0,BRAKE
3,0.0,0.0,BRAKE
3,0.0,0.0,BRAKE
3,0.0,0.0,BRAKE
3,0.0,0.0,BRAKE
3,0.0,0.0,BRAKE
3,0.0,0.0,BRAKE
3,0.0,0.0,BRAKE
3,0.0,0.0,BRAKE
3,0.0,0.0,BRAKE
3,0.0,0.0,BRAKE
3,0.0,0.0,BRAKE
3,0.0,0.0,BRAKE
3,0.0,0.0,BRAKE
3,0.0,0.0,BRAKE
3,0.0,0.0,BRAKE
3,0.0,0.0,BRAKE
3,0.0,0.0,BRAKE
3,0.0,0.0,BRAKE
3,0.0,0.0,BRAKE
3,0.0,0.0,BRAKE
3,0.0,0.0,BRAKE
3,0.0,0.0,BRAKE
3,0.0,0.0,BRAKE
3,0.0,0.0,BRAKE
3,0.0,0.0,BRAKE
3,0.0,0.0,BRAKE
3,0.0,0.0,BRAKE
3,0.0,0.0,BRAKE
3,0.0,0.0,BRAKE
3,0.0,0.0,BRAKE
3,0.0,0.0,BRAKE
3,0.0,0.0,BRAKE
3,0.0,0.0,BRAKE
3,0.0,0.0,BRAKE
3,0.0,0.0,BRAKE
3,0.0,0.0,BRAKE
3,0.0,0.0,BRAKE
3,0.0,0.0,BRAKE
3,0.0,0.0,BRAKE
3,0.0,0.0,BRAKE
3,0.0,0.0,BRAKE
3,0.0,0.0,BRAKE
3,0.0,0.0,BRAKE
3,0.0,0.0,BRAKE
3,0.0,0.0,BRAKE
3,0.0,0.0,BRAKE
3,0.0,0.0,BRAKE
3,0.0,0.0,BRAKE
3,0.0,0.0,BRAKE
3,0.0,0.0,BRAKE
3,0.0,0.0,BRAKE
3,0.0,0.0,BRAKE
3,0.0,0.0,BRAKE
3,0.0,0.0,BRAKE
3,0.0,0.0,BRAKE
3,0.0,0.0,BRAKE
3,0.0,0.0,BRAKE
3,0.0,0.0,BRAKE
3,0.0,0.0,BRAKE
3,0.0,0.0,BRAKE
3,0.0,0.0,BRAKE
3,0.0,0.0,BRAKE
3,0.0,0.0,BRAKE
3,0.0,0.0,BRAKE
3,0.0,0.0,BRAKE
3,0.0,0.0,BRAKE
3,0.0,0.0,BRAKE
3,0.0,0.0,BRAKE
3,0.0,0.0,BRAKE
3,0.0,0.0,BRAKE
3,0.0,0.0,BRAKE
3,0.0,0.0,BRAKE
3,0.0,0.0,BRAKE
3,0.0,0.0,BRAKE
3,0.0,0.0,BRAKE
3,0.0,0.0,BRAKE
3,0.0,0.0,BRAKE
3,0.0,0.0,BRAKE
3,0.0,0.0,BRAKE
3,0.0,0.0,BRAKE
3,0.0,0.0,BRAKE
3,0.0,0.0,BRAKE
3,0.0,0.0,BRAKE
3,0.0,0.0,BRAKE
3,0.0,0.0,BRAKE
3,0.0,0.0,BRAKE
3,0.0,0.0,BRAKE
3,0.0,0.0,BRAKE
3,0.0,0.0,BRAKE
3,0.0,0.0,BRAKE
3,0.0,0.0,BRAKE
3,0.0,0.0,BRAKE
3,0.0,0.0,BRAKE
3,0.0,0.0,BRAKE
3,0.0,0.0,BRAKE
3,0.0,0.0,BRAKE
3,0.0,0.0,BRAKE
3,0.0,0.0,BRAKE
3,0.0,0.0,BRAKE
3,0.0,0.0,BRAKE
3,0.0,0.0,BRAKE
3,0.0,0.0,BRAKE
3,0.0,0.0,BRAKE
3,0.0,0.0,BRAKE
3,0.0,0.0,BRAKE
2,0.0,0.0,BRAKE
6,0.0,0.0,BRAKE
1,0.0,0.0,BRAKE
6,0.0,0.0,BRAKE
6,0.0,0.0,BRAKE
2,0.0,0.0,BRAKE
3,0.0,0.0,BRAKE
3,0.0,0.0,BRAKE
1,0.0,0.0,BRAKE
1,0.0,0.0,BRAKE
5,0.06170774647887329,-0.14521684791984069,CLEAR
5,0.06478873239436626,-0.14521684791984069,CLEAR
5,0.05983714788732397,-0.14521684791984069,CLEAR
5,0.07590228873239437,-0.14521684791984069,CLEAR
2,0.04673280715942383,0.29043369583968137,CLEAR
2,0.0,0.0,BRAKE
2,0.0,0.0,BRAKE
2,0.0,0.0,BRAKE
2,0.028946399688720703,0.29043369583968137,CLEAR
2,0.02484595070422537,0.29043369583968137,CLEAR
2,0.031558098591549295,0.29043369583968137,CLEAR
2,0.07975352112676064,0.29043369583968137,CLEAR
2,0.09620251655578616,0.29043369583968137,CLEAR
2,0.08364405632019045,0.29043369583968137,CLEAR
2,0.08813323974609374,0.29043369583968137,CLEAR
2,0.09256825447082519,0.29043369583968137,CLEAR
2,0.0922917366027832,0.29043369583968137,CLEAR
2,0.11595510563380289,0.29043369583968137,CLEAR
2,0.10066021126760565,0.29043369583968137,CLEAR
2,0.10055017605633809,0.29043369583968137,CLEAR
2,0.09372799295774648,0.29043369583968137,CLEAR
2,0.09790933098591555,0.29043369583968137,CLEAR
5,0.09603873239436622,-0.14521684791984069,CLEAR
5,0.0997799295774648,-0.14521684791984069,CLEAR
5,0.10044014084507047,-0.14521684791984069,CLEAR
5,0.1047315140845071,-0.14521684791984069,CLEAR
5,0.10627200704225355,-0.14521684791984069,CLEAR
5,0.1092429577464789,-0.14521684791984069,CLEAR
5,0.10913292253521134,-0.14521684791984069,CLEAR
5,0.1140845070422535,-0.14521684791984069,CLEAR
5,0.12277728873239437,-0.14521684791984069,CLEAR
5,0.10770246478873237,-0.14521684791984069,CLEAR
5,0.10528169014084514,-0.14521684791984069,CLEAR
5,0.10000000000000005,-0.14521684791984069,CLEAR
5,0.10429137323943667,-0.14521684791984069,CLEAR
5,0.09262764084507051,-0.14521684791984069,CLEAR
5,0.09130721830985918,-0.14521684791984069,CLEAR
5,0.09295774647887324,-0.14521684791984069,CLEAR
5,0.09537852112676055,-0.14521684791984069,CLEAR
5,0.09207746478873247,-0.14521684791984069,CLEAR
5,0.09933978873239437,-0.14521684791984069,CLEAR
5,0.09075704225352112,-0.14521684791984069,CLEAR
5,0.09680897887323951,-0.14521684791984069,CLEAR
5,0.08492517605633805,-0.14521684791984069,CLEAR
1,0.0,0.0,BRAKE
1,0.0,0.0,BRAKE
8,0.0,0.0,BRAKE
8,0.0,0.0,BRAKE
8,0.0,0.0,BRAKE
8,0.0,0.0,BRAKE
7,0.0,0.0,BRAKE
7,0.0,0.0,BRAKE
7,0.0,0.0,BRAKE
5,0.0,0.0,BRAKE
0,0.0,0.0,BRAKE
8,0.6,-0.5808673916793627,CLEAR
8,0.0,0.0,BRAKE
5,0.028271579742431618,-0.14521684791984069,CLEAR
3,0.6,0.14521684791984069,CLEAR
6,0.6,-0.29043369583968137,CLEAR
1,0.6,0.43565054375952217,CLEAR
0,0.6,0.5818900455379532,CLEAR
5,0.6,-0.14521684791984069,CLEAR
5,0.3608832836151123,-0.14521684791984069,CLEAR
5,0.6,-0.14521684791984069,CLEAR
4,0.6,-0.0,CLEAR
2,0.6,0.29043369583968137,CLEAR
2,0.6,0.29043369583968137,CLEAR
3,0.6,0.14521684791984069,CLEAR
4,0.6,-0.0,CLEAR
5,0.6,-0.14521684791984069,CLEAR
3,0.6,0.14521684791984069,CLEAR
5,0.6,-0.14521684791984069,CLEAR
4,0.6,-0.0,CLEAR
3,0.0,0.0,BRAKE
6,0.0,0.0,BRAKE
2,0.0,0.0,BRAKE
2,0.0,0.0,BRAKE
3,0.0,0.0,BRAKE
6,0.0,0.0,BRAKE
6,0.0,0.0,BRAKE
6,0.0,0.0,BRAKE
6,0.0,0.0,BRAKE
6,0.0,0.0,BRAKE
6,0.0,0.0,BRAKE
7,0.0,0.0,BRAKE
6,0.0,0.0,BRAKE
6,0.028763675689697243,-0.29043369583968137,CLEAR
2,0.0,0.0,BRAKE
2,0.005347585678100608,0.29043369583968137,CLEAR
1,0.0,0.0,BRAKE
1,0.0,0.0,BRAKE
1,0.0,0.0,BRAKE
1,0.0,0.0,BRAKE
0,0.0,0.0,BRAKE
0,0.0,0.0,BRAKE
0,0.0,0.0,BRAKE
0,0.0,0.0,BRAKE
0,0.0,0.0,BRAKE
0,0.0,0.0,BRAKE
0,0.0,0.0,BRAKE
0,0.0,0.0,BRAKE
0,0.0,0.0,BRAKE
0,0.0,0.0,BRAKE
0,0.0,0.0,BRAKE
0,0.0,0.0,BRAKE
0,0.0,0.0,BRAKE
0,0.0,0.0,BRAKE
0,0.0,0.0,BRAKE
0,0.0,0.0,BRAKE
0,0.0,0.0,BRAKE
0,0.0,0.0,BRAKE
0,0.0,0.0,BRAKE
0,0.0,0.0,BRAKE
0,0.0,0.0,BRAKE
0,0.0,0.0,BRAKE
0,0.0,0.0,BRAKE
0,0.0,0.0,BRAKE
0,0.0,0.0,BRAKE
1,0.0,0.0,BRAKE
1,0.0,0.0,BRAKE
1,0.0,0.0,BRAKE
1,0.0,0.0,BRAKE
1,0.0,0.0,BRAKE
1,0.0,0.0,BRAKE
1,0.0,0.0,BRAKE
1,0.0,0.0,BRAKE
1,0.0,0.0,BRAKE
1,0.0,0.0,BRAKE
1,0.0,0.0,BRAKE
1,0.0,0.0,BRAKE
1,0.0,0.0,BRAKE
1,0.0,0.0,BRAKE
1,0.0,0.0,BRAKE
1,0.0,0.0,BRAKE
1,0.0,0.0,BRAKE
1,0.0,0.0,BRAKE
1,0.0,0.0,BRAKE
1,0.0,0.0,BRAKE
1,0.0,0.0,BRAKE
1,0.0,0.0,BRAKE
1,0.0,0.0,BRAKE
1,0.0,0.0,BRAKE
1,0.0,0.0,BRAKE
1,0.0,0.0,BRAKE
1,0.0,0.0,BRAKE
1,0.0,0.0,BRAKE
1,0.0,0.0,BRAKE
1,0.0,0.0,BRAKE
1,0.0,0.0,BRAKE
1,0.0,0.0,BRAKE
1,0.0,0.0,BRAKE
1,0.0,0.0,BRAKE
1,0.0,0.0,BRAKE
1,0.0,0.0,BRAKE
1,0.0,0.0,BRAKE
1,0.0,0.0,BRAKE
1,0.0,0.0,BRAKE
1,0.0,0.0,BRAKE
1,0.0,0.0,BRAKE
1,0.0,0.0,BRAKE
1,0.0,0.0,BRAKE
1,0.0,0.0,BRAKE
1,0.0,0.0,BRAKE
1,0.0,0.0,BRAKE
1,0.0,0.0,BRAKE
1,0.0,0.0,BRAKE
1,0.0,0.0,BRAKE
1,0.0,0.0,BRAKE
1,0.0,0.0,BRAKE
1,0.0,0.0,BRAKE
1,0.0,0.0,BRAKE
1,0.0,0.0,BRAKE
1,0.0,0.0,BRAKE
1,0.0,0.0,BRAKE
1,0.0,0.0,BRAKE
1,0.0,0.0,BRAKE
1,0.0,0.0,BRAKE
1,0.0,0.0,BRAKE
1,0.0,0.0,BRAKE
1,0.0,0.0,BRAKE
1,0.0,0.0,BRAKE
1,0.0,0.0,BRAKE
1,0.0,0.0,BRAKE
1,0.0,0.0,BRAKE
1,0.0,0.0,BRAKE
1,0.0,0.0,BRAKE
1,0.0,0.0,BRAKE
1,0.0,0.0,BRAKE
1,0.0,0.0,BRAKE
1,0.0,0.0,BRAKE
1,0.0,0.0,BRAKE
1,0.0,0.0,BRAKE
1,0.0,0.0,BRAKE
1,0.0,0.0,BRAKE
1,0.0,0.0,BRAKE
1,0.0,0.0,BRAKE
1,0.0,0.0,BRAKE
1,0.0,0.0,BRAKE
1,0.0,0.0,BRAKE
1,0.0,0.0,BRAKE
1,0.0,0.0,BRAKE
1,0.0,0.0,BRAKE
1,0.0,0.0,BRAKE
1,0.0,0.0,BRAKE
1,0.0,0.0,BRAKE
1,0.0,0.0,BRAKE
1,0.0,0.0,BRAKE
1,0.0,0.0,BRAKE
1,0.0,0.0,BRAKE
1,0.0,0.0,BRAKE
1,0.0,0.0,BRAKE
1,0.0,0.0,BRAKE
1,0.0,0.0,BRAKE
1,0.0,0.0,BRAKE
1,0.0,0.0,BRAKE
1,0.0,0.0,BRAKE
1,0.0,0.0,BRAKE
1,0.0,0.0,BRAKE
1,0.0,0.0,BRAKE
1,0.0,0.0,BRAKE
1,0.0,0.0,BRAKE
1,0.0,0.0,BRAKE
1,0.0,0.0,BRAKE
1,0.0,0.0,BRAKE
1,0.0,0.0,BRAKE
1,0.0,0.0,BRAKE
1,0.0,0.0,BRAKE
1,0.0,0.0,BRAKE
1,0.0,0.0,BRAKE
1,0.0,0.0,BRAKE
1,0.0,0.0,BRAKE
1,0.0,0.0,BRAKE
1,0.0,0.0,BRAKE
1,0.0,0.0,BRAKE
1,0.0,0.0,BRAKE
1,0.0,0.0,BRAKE
1,0.0,0.0,BRAKE
1,0.0,0.0,BRAKE
1,0.0,0.0,BRAKE
1,0.0,0.0,BRAKE
1,0.0,0.0,BRAKE
1,0.0,0.0,BRAKE
1,0.0,0.0,BRAKE
1,0.0,0.0,BRAKE
1,0.0,0.0,BRAKE
1,0.0,0.0,BRAKE
1,0.0,0.0,BRAKE
1,0.0,0.0,BRAKE
1,0.0,0.0,BRAKE
1,0.0,0.0,BRAKE
1,0.0,0.0,BRAKE
1,0.0,0.0,BRAKE
1,0.0,0.0,BRAKE
1,0.0,0.0,BRAKE
1,0.0,0.0,BRAKE
1,0.0,0.0,BRAKE
1,0.0,0.0,BRAKE
1,0.0,0.0,BRAKE
1,0.0,0.0,BRAKE
1,0.0,0.0,BRAKE
1,0.0,0.0,BRAKE
1,0.0,0.0,BRAKE
1,0.0,0.0,BRAKE
1,0.0,0.0,BRAKE
1,0.0,0.0,BRAKE
1,0.0,0.0,BRAKE
1,0.0,0.0,BRAKE
1,0.0,0.0,BRAKE
1,0.0,0.0,BRAKE
1,0.0,0.0,BRAKE
1,0.0,0.0,BRAKE
1,0.0,0.0,BRAKE
1,0.0,0.0,BRAKE
1,0.0,0.0,BRAKE
1,0.0,0.0,BRAKE
1,0.0,0.0,BRAKE
1,0.0,0.0,BRAKE
1,0.0,0.0,BRAKE
1,0.0,0.0,BRAKE
1,0.0,0.0,BRAKE
1,0.0,0.0,BRAKE
1,0.0,0.0,BRAKE
1,0.0,0.0,BRAKE
1,0.0,0.0,BRAKE
1,0.0,0.0,BRAKE
1,0.0,0.0,BRAKE
1,0.0,0.0,BRAKE
1,0.0,0.0,BRAKE
1,0.0,0.0,BRAKE
1,0.0,0.0,BRAKE
1,0.0,0.0,BRAKE
1,0.0,0.0,BRAKE
1,0.0,0.0,BRAKE
1,0.0,0.0,BRAKE
1,0.0,0.0,BRAKE
1,0.0,0.0,BRAKE
1,0.0,0.0,BRAKE
1,0.0,0.0,BRAKE
1,0.0,0.0,BRAKE
1,0.0,0.0,BRAKE
1,0.0,0.0,BRAKE
1,0.0,0.0,BRAKE
1,0.0,0.0,BRAKE
1,0.0,0.0,BRAKE
1,0.0,0.0,BRAKE
1,0.0,0.0,BRAKE
1,0.0,0.0,BRAKE
1,0.0,0.0,BRAKE
1,0.0,0.0,BRAKE
1,0.0,0.0,BRAKE
1,0.0,0.0,BRAKE
1,0.0,0.0,BRAKE
1,0.0,0.0,BRAKE
1,0.0,0.0,BRAKE
1,0.0,0.0,BRAKE
1,0.0,0.0,BRAKE
1,0.0,0.0,BRAKE
1,0.0,0.0,BRAKE
1,0.0,0.0,BRAKE
1,0.0,0.0,BRAKE
1,0.0,0.0,BRAKE
1,0.0,0.0,BRAKE
1,0.0,0.0,BRAKE
1,0.0,0.0,BRAKE
1,0.0,0.0,BRAKE
1,0.0,0.0,BRAKE
1,0.0,0.0,BRAKE
1,0.0,0.0,BRAKE
1,0.0,0.0,BRAKE
1,0.0,0.0,BRAKE
1,0.0,0.0,BRAKE
1,0.0,0.0,BRAKE
1,0.0,0.0,BRAKE
1,0.0,0.0,BRAKE
1,0.0,0.0,BRAKE
1,0.0,0.0,BRAKE
1,0.0,0.0,BRAKE
1,0.0,0.0,BRAKE
1,0.0,0.0,BRAKE
1,0.0,0.0,BRAKE
1,0.0,0.0,BRAKE
1,0.0,0.0,BRAKE
1,0.0,0.0,BRAKE
1,0.0,0.0,BRAKE
1,0.0,0.0,BRAKE
1,0.0,0.0,BRAKE
1,0.0,0.0,BRAKE
1,0.0,0.0,BRAKE
1,0.0,0.0,BRAKE
1,0.0,0.0,BRAKE
1,0.0,0.0,BRAKE
1,0.0,0.0,BRAKE
1,0.0,0.0,BRAKE
1,0.0,0.0,BRAKE
1,0.0,0.0,BRAKE
1,0.0,0.0,BRAKE
1,0.0,0.0,BRAKE
1,0.0,0.0,BRAKE
1,0.0,0.0,BRAKE
1,0.0,0.0,BRAKE
1,0.0,0.0,BRAKE
1,0.0,0.0,BRAKE
1,0.0,0.0,BRAKE
1,0.0,0.0,BRAKE
1,0.0,0.0,BRAKE
1,0.0,0.0,BRAKE
1,0.0,0.0,BRAKE
1,0.0,0.0,BRAKE
1,0.0,0.0,BRAKE
1,0.0,0.0,BRAKE
1,0.0,0.0,BRAKE
1,0.0,0.0,BRAKE
1,0.0,0.0,BRAKE
1,0.0,0.0,BRAKE
1,0.0,0.0,BRAKE
1,0.0,0.0,BRAKE
1,0.0,0.0,BRAKE
1,0.0,0.0,BRAKE
1,0.0,0.0,BRAKE
7,0.0,0.0,BRAKE
7,0.0,0.0,BRAKE
7,0.0,0.0,BRAKE
7,0.0,0.0,BRAKE
8,0.0,0.0,BRAKE
7,0.0,0.0,BRAKE
7,0.0,0.0,BRAKE
8,0.0,0.0,BRAKE
7,0.0,0.0,BRAKE
7,0.0,0.0,BRAKE
8,0.0,0.0,BRAKE
7,0.0,0.0,BRAKE
7,0.0,0.0,BRAKE
8,0.0,0.0,BRAKE
8,0.0,0.0,BRAKE
8,0.0,0.0,BRAKE
8,0.0,0.0,BRAKE
8,0.0,0.0,BRAKE
8,0.0,0.0,BRAKE
7,0.0,0.0,BRAKE
7,0.0,0.0,BRAKE
8,0.0,0.0,BRAKE
8,0.0,0.0,BRAKE
8,0.0,0.0,BRAKE
8,0.0,0.0,BRAKE
8,0.0,0.0,BRAKE
7,0.0,0.0,BRAKE
8,0.0,0.0,BRAKE
8,0.0,0.0,BRAKE
8,0.0,0.0,BRAKE
8,0.0,0.0,BRAKE
8,0.0,0.0,BRAKE
8,0.0,0.0,BRAKE
8,0.0,0.0,BRAKE
8,0.0,0.0,BRAKE
7,0.0,0.0,BRAKE
8,0.0,0.0,BRAKE
7,0.0,0.0,BRAKE
7,0.0,0.0,BRAKE
8,0.0,0.0,BRAKE
7,0.0,0.0,BRAKE
7,0.0,0.0,BRAKE
7,0.0,0.0,BRAKE
8,0.0,0.0,BRAKE
8,0.0,0.0,BRAKE
8,0.0,0.0,BRAKE
7,0.0,0.0,BRAKE
7,0.0,0.0,BRAKE
7,0.0,0.0,BRAKE
7,0.0,0.0,BRAKE
7,0.0,0.0,BRAKE
7,0.0,0.0,BRAKE
7,0.0,0.0,BRAKE
8,0.0,0.0,BRAKE
8,0.0,0.0,BRAKE
8,0.0,0.0,BRAKE
8,0.0,0.0,BRAKE
7,0.0,0.0,BRAKE
8,0.0,0.0,BRAKE
7,0.0,0.0,BRAKE
7,0.0,0.0,BRAKE
7,0.0,0.0,BRAKE
1,0.0,0.0,BRAKE
1,0.0,0.0,BRAKE
1,0.0,0.0,BRAKE
1,0.0,0.0,BRAKE
1,0.0,0.0,BRAKE
1,0.0,0.0,BRAKE
1,0.0,0.0,BRAKE
1,0.0,0.0,BRAKE
1,0.0,0.0,BRAKE
1,0.0,0.0,BRAKE
1,0.0,0.0,BRAKE
1,0.0,0.0,BRAKE
1,0.0,0.0,BRAKE
1,0.0,0.0,BRAKE
1,0.0,0.0,BRAKE
1,0.0,0.0,BRAKE
1,0.0,0.0,BRAKE
1,0.0,0.0,BRAKE
1,0.0,0.0,BRAKE
1,0.0,0.0,BRAKE
1,0.0,0.0,BRAKE
1,0.0,0.0,BRAKE
1,0.0,0.0,BRAKE
1,0.0,0.0,BRAKE
1,0.0,0.0,BRAKE
1,0.0,0.0,BRAKE
1,0.0,0.0,BRAKE
1,0.0,0.0,BRAKE
1,0.0,0.0,BRAKE
1,0.0,0.0,BRAKE
1,0.0,0.0,BRAKE
1,0.0,0.0,BRAKE
1,0.0,0.0,BRAKE
1,0.0,0.0,BRAKE
1,0.0,0.0,BRAKE
1,0.0,0.0,BRAKE
1,0.0,0.0,BRAKE
1,0.0,0.0,BRAKE
1,0.0,0.0,BRAKE
1,0.0,0.0,BRAKE
1,0.0,0.0,BRAKE
1,0.0,0.0,BRAKE
1,0.0,0.0,BRAKE
1,0.0,0.0,BRAKE
1,0.0,0.0,BRAKE
1,0.0,0.0,BRAKE
1,0.0,0.0,BRAKE
1,0.0,0.0,BRAKE
1,0.0,0.0,BRAKE
1,0.0,0.0,BRAKE
1,0.0,0.0,BRAKE
1,0.0,0.0,BRAKE
1,0.0,0.0,BRAKE
1,0.0,0.0,BRAKE
1,0.0,0.0,BRAKE
1,0.0,0.0,BRAKE
1,0.0,0.0,BRAKE
1,0.0,0.0,BRAKE
1,0.0,0.0,BRAKE
1,0.0,0.0,BRAKE
1,0.0,0.0,BRAKE
1,0.0,0.0,BRAKE
1,0.0,0.0,BRAKE
1,0.0,0.0,BRAKE
1,0.0,0.0,BRAKE
1,0.0,0.0,BRAKE
1,0.0,0.0,BRAKE
1,0.0,0.0,BRAKE
1,0.0,0.0,BRAKE
1,0.0,0.0,BRAKE
1,0.0,0.0,BRAKE
1,0.0,0.0,BRAKE
1,0.0,0.0,BRAKE
1,0.0,0.0,BRAKE
1,0.0,0.0,BRAKE
1,0.0,0.0,BRAKE
1,0.0,0.0,BRAKE
1,0.0,0.0,BRAKE
1,0.0,0.0,BRAKE
1,0.0,0.0,BRAKE
1,0.0,0.0,BRAKE
1,0.0,0.0,BRAKE
1,0.0,0.0,BRAKE
1,0.0,0.0,BRAKE
1,0.0,0.0,BRAKE
1,0.0,0.0,BRAKE
1,0.0,0.0,BRAKE
1,0.0,0.0,BRAKE
1,0.0,0.0,BRAKE
1,0.0,0.0,BRAKE
1,0.0,0.0,BRAKE
1,0.0,0.0,BRAKE
1,0.0,0.0,BRAKE
1,0.0,0.0,BRAKE
1,0.0,0.0,BRAKE
1,0.0,0.0,BRAKE
1,0.0,0.0,BRAKE
1,0.0,0.0,BRAKE
1,0.0,0.0,BRAKE
1,0.0,0.0,BRAKE
1,0.0,0.0,BRAKE
1,0.0,0.0,BRAKE
1,0.0,0.0,BRAKE
1,0.0,0.0,BRAKE
1,0.0,0.0,BRAKE
1,0.0,0.0,BRAKE
1,0.0,0.0,BRAKE
1,0.0,0.0,BRAKE
1,0.0,0.0,BRAKE
1,0.0,0.0,BRAKE
1,0.0,0.0,BRAKE
1,0.0,0.0,BRAKE
1,0.0,0.0,BRAKE
1,0.0,0.0,BRAKE
1,0.0,0.0,BRAKE
1,0.0,0.0,BRAKE
1,0.0,0.0,BRAKE
1,0.0,0.0,BRAKE
1,0.0,0.0,BRAKE
1,0.0,0.0,BRAKE
1,0.0,0.0,BRAKE
1,0.0,0.0,BRAKE
1,0.0,0.0,BRAKE
1,0.0,0.0,BRAKE
1,0.0,0.0,BRAKE
1,0.0,0.0,BRAKE
1,0.0,0.0,BRAKE
1,0.0,0.0,BRAKE
1,0.0,0.0,BRAKE
1,0.0,0.0,BRAKE
1,0.0,0.0,BRAKE
1,0.0,0.0,BRAKE
1,0.0,0.0,BRAKE
1,0.0,0.0,BRAKE
1,0.0,0.0,BRAKE
1,0.0,0.0,BRAKE
1,0.0,0.0,BRAKE
1,0.0,0.0,BRAKE
1,0.0,0.0,BRAKE
1,0.0,0.0,BRAKE
1,0.0,0.0,BRAKE
1,0.0,0.0,BRAKE
1,0.0,0.0,BRAKE
1,0.0,0.0,BRAKE
1,0.0,0.0,BRAKE
1,0.0,0.0,BRAKE
1,0.0,0.0,BRAKE
1,0.0,0.0,BRAKE
1,0.0,0.0,BRAKE
1,0.0,0.0,BRAKE
1,0.0,0.0,BRAKE
1,0.0,0.0,BRAKE
1,0.0,0.0,BRAKE
1,0.0,0.0,BRAKE
1,0.0,0.0,BRAKE
1,0.0,0.0,BRAKE
1,0.0,0.0,BRAKE
1,0.0,0.0,BRAKE
1,0.0,0.0,BRAKE
1,0.0,0.0,BRAKE
1,0.0,0.0,BRAKE
1,0.0,0.0,BRAKE
1,0.0,0.0,BRAKE
1,0.0,0.0,BRAKE
1,0.0,0.0,BRAKE
1,0.0,0.0,BRAKE
1,0.0,0.0,BRAKE
1,0.0,0.0,BRAKE
1,0.0,0.0,BRAKE
1,0.0,0.0,BRAKE
1,0.0,0.0,BRAKE
1,0.0,0.0,BRAKE
1,0.0,0.0,BRAKE
1,0.0,0.0,BRAKE
1,0.0,0.0,BRAKE
1,0.0,0.0,BRAKE
1,0.0,0.0,BRAKE
1,0.0,0.0,BRAKE
1,0.0,0.0,BRAKE
1,0.0,0.0,BRAKE
1,0.0,0.0,BRAKE
1,0.0,0.0,BRAKE
1,0.0,0.0,BRAKE
1,0.0,0.0,BRAKE
1,0.0,0.0,BRAKE
1,0.0,0.0,BRAKE
1,0.0,0.0,BRAKE
1,0.0,0.0,BRAKE
1,0.0,0.0,BRAKE
1,0.0,0.0,BRAKE
1,0.0,0.0,BRAKE
1,0.0,0.0,BRAKE
1,0.0,0.0,BRAKE
1,0.0,0.0,BRAKE
1,0.0,0.0,BRAKE
1,0.0,0.0,BRAKE
1,0.0,0.0,BRAKE
1,0.0,0.0,BRAKE
1,0.0,0.0,BRAKE
1,0.0,0.0,BRAKE
1,0.0,0.0,BRAKE
1,0.0,0.0,BRAKE
1,0.0,0.0,BRAKE
1,0.0,0.0,BRAKE
1,0.0,0.0,BRAKE
1,0.0,0.0,BRAKE
1,0.0,0.0,BRAKE
1,0.0,0.0,BRAKE
1,0.0,0.0,BRAKE
1,0.0,0.0,BRAKE
1,0.0,0.0,BRAKE
1,0.0,0.0,BRAKE
1,0.0,0.0,BRAKE
1,0.0,0.0,BRAKE
1,0.0,0.0,BRAKE
1,0.0,0.0,BRAKE
1,0.0,0.0,BRAKE
1,0.0,0.0,BRAKE
1,0.0,0.0,BRAKE
1,0.0,0.0,BRAKE
1,0.0,0.0,BRAKE
1,0.0,0.0,BRAKE
1,0.0,0.0,BRAKE
1,0.0,0.0,BRAKE
1,0.0,0.0,BRAKE
1,0.0,0.0,BRAKE
1,0.0,0.0,BRAKE
1,0.0,0.0,BRAKE
1,0.0,0.0,BRAKE
1,0.0,0.0,BRAKE
1,0.0,0.0,BRAKE
1,0.0,0.0,BRAKE
1,0.0,0.0,BRAKE
1,0.0,0.0,BRAKE
1,0.0,0.0,BRAKE
1,0.0,0.0,BRAKE
1,0.0,0.0,BRAKE
1,0.0,0.0,BRAKE
1,0.0,0.0,BRAKE
1,0.0,0.0,BRAKE
1,0.0,0.0,BRAKE
1,0.0,0.0,BRAKE
1,0.0,0.0,BRAKE
1,0.0,0.0,BRAKE
1,0.0,0.0,BRAKE
1,0.0,0.0,BRAKE
1,0.0,0.0,BRAKE
1,0.0,0.0,BRAKE
1,0.0,0.0,BRAKE
1,0.0,0.0,BRAKE
1,0.0,0.0,BRAKE
1,0.0,0.0,BRAKE
7,0.0,0.0,BRAKE
7,0.0,0.0,BRAKE
7,0.0,0.0,BRAKE
7,0.0,0.0,BRAKE
7,0.0,0.0,BRAKE
7,0.0,0.0,BRAKE
7,0.0,0.0,BRAKE
8,0.0,0.0,BRAKE
8,0.0,0.0,BRAKE
7,0.0,0.0,BRAKE
7,0.0,0.0,BRAKE
7,0.0,0.0,BRAKE
7,0.0,0.0,BRAKE
7,0.0,0.0,BRAKE
7,0.0,0.0,BRAKE
7,0.0,0.0,BRAKE
8,0.0,0.0,BRAKE
7,0.0,0.0,BRAKE
8,0.0,0.0,BRAKE
8,0.0,0.0,BRAKE
7,0.0,0.0,BRAKE
8,0.0,0.0,BRAKE
7,0.0,0.0,BRAKE
7,0.0,0.0,BRAKE
8,0.0,0.0,BRAKE
7,0.0,0.0,BRAKE
7,0.0,0.0,BRAKE
7,0.0,0.0,BRAKE
7,0.0,0.0,BRAKE
7,0.0,0.0,BRAKE
7,0.0,0.0,BRAKE
8,0.0,0.0,BRAKE
8,0.0,0.0,BRAKE
8,0.0,0.0,BRAKE
7,0.0,0.0,BRAKE
7,0.0,0.0,BRAKE
8,0.0,0.0,BRAKE
8,0.0,0.0,BRAKE
8,0.0,0.0,BRAKE
8,0.0,0.0,BRAKE
8,0.0,0.0,BRAKE
7,0.0,0.0,BRAKE
8,0.0,0.0,BRAKE
8,0.0,0.0,BRAKE
8,0.0,0.0,BRAKE
8,0.0,0.0,BRAKE
8,0.0,0.0,BRAKE
7,0.0,0.0,BRAKE
7,0.0,0.0,BRAKE
8,0.0,0.0,BRAKE
7,0.0,0.0,BRAKE
7,0.0,0.0,BRAKE
7,0.0,0.0,BRAKE
7,0.0,0.0,BRAKE
7,0.0,0.0,BRAKE
8,0.0,0.0,BRAKE
8,0.0,0.0,BRAKE
8,0.0,0.0,BRAKE
8,0.0,0.0,BRAKE
8,0.0,0.0,BRAKE
8,0.0,0.0,BRAKE
8,0.0,0.0,BRAKE
8,0.0,0.0,BRAKE
8,0.0,0.0,BRAKE
8,0.0,0.0,BRAKE
8,0.0,0.0,BRAKE
8,0.0,0.0,BRAKE
7,0.0,0.0,BRAKE
7,0.0,0.0,BRAKE
8,0.0,0.0,BRAKE
8,0.0,0.0,BRAKE
8,0.0,0.0,BRAKE
8,0.0,0.0,BRAKE
8,0.0,0.0,BRAKE
7,0.0,0.0,BRAKE
8,0.0,0.0,BRAKE
8,0.0,0.0,BRAKE
8,0.0,0.0,BRAKE
8,0.0,0.0,BRAKE
8,0.0,0.0,BRAKE
8,0.0,0.0,BRAKE
8,0.0,0.0,BRAKE
8,0.0,0.0,BRAKE
8,0.0,0.0,BRAKE
8,0.0,0.0,BRAKE
8,0.0,0.0,BRAKE
8,0.0,0.0,BRAKE
8,0.0,0.0,BRAKE
7,0.0,0.0,BRAKE
8,0.0,0.0,BRAKE
8,0.0,0.0,BRAKE
8,0.0,0.0,BRAKE
8,0.0,0.0,BRAKE
8,0.0,0.0,BRAKE
8,0.0,0.0,BRAKE
8,0.0,0.0,BRAKE
8,0.0,0.0,BRAKE
8,0.0,0.0,BRAKE
8,0.0,0.0,BRAKE
8,0.0,0.0,BRAKE
8,0.0,0.0,BRAKE
8,0.0,0.0,BRAKE
8,0.0,0.0,BRAKE
8,0.0,0.0,BRAKE
8,0.0,0.0,BRAKE
8,0.0,0.0,BRAKE
8,0.0,0.0,BRAKE
8,0.0,0.0,BRAKE
8,0.0,0.0,BRAKE
8,0.0,0.0,BRAKE
8,0.0,0.0,BRAKE
8,0.0,0.0,BRAKE
8,0.0,0.0,BRAKE
8,0.0,0.0,BRAKE
8,0.0,0.0,BRAKE
8,0.0,0.0,BRAKE
8,0.0,0.0,BRAKE
8,0.0,0.0,BRAKE
8,0.0,0.0,BRAKE
8,0.0,0.0,BRAKE
8,0.0,0.0,BRAKE
8,0.0,0.0,BRAKE
8,0.0,0.0,BRAKE
8,0.0,0.0,BRAKE
8,0.0,0.0,BRAKE
8,0.0,0.0,BRAKE
8,0.0,0.0,BRAKE
8,0.0,0.0,BRAKE
8,0.0,0.0,BRAKE
8,0.0,0.0,BRAKE
8,0.0,0.0,BRAKE
8,0.0,0.0,BRAKE
8,0.0,0.0,BRAKE
8,0.0,0.0,BRAKE
8,0.0,0.0,BRAKE
8,0.0,0.0,BRAKE
8,0.0,0.0,BRAKE
8,0.0,0.0,BRAKE
8,0.0,0.0,BRAKE
8,0.0,0.0,BRAKE
8,0.0,0.0,BRAKE
8,0.0,0.0,BRAKE
8,0.0,0.0,BRAKE
8,0.0,0.0,BRAKE
8,0.0,0.0,BRAKE
8,0.0,0.0,BRAKE
8,0.0,0.0,BRAKE
8,0.0,0.0,BRAKE
8,0.0,0.0,BRAKE
8,0.0,0.0,BRAKE
8,0.0,0.0,BRAKE
8,0.0,0.0,BRAKE
8,0.0,0.0,BRAKE
8,0.0,0.0,BRAKE
8,0.0,0.0,BRAKE
8,0.0,0.0,BRAKE
8,0.0,0.0,BRAKE
8,0.0,0.0,BRAKE
8,0.0,0.0,BRAKE
8,0.0,0.0,BRAKE
8,0.0,0.0,BRAKE
8,0.0,0.0,BRAKE
8,0.0,0.0,BRAKE
8,0.0,0.0,BRAKE
8,0.0,0.0,BRAKE
8,0.0,0.0,BRAKE
8,0.0,0.0,BRAKE
8,0.0,0.0,BRAKE
8,0.0,0.0,BRAKE
8,0.0,0.0,BRAKE
8,0.0,0.0,BRAKE
8,0.0,0.0,BRAKE
8,0.0,0.0,BRAKE
8,0.0,0.0,BRAKE
8,0.0,0.0,BRAKE
7,0.0,0.0,BRAKE
8,0.0,0.0,BRAKE
8,0.0,0.0,BRAKE
8,0.0,0.0,BRAKE
8,0.0,0.0,BRAKE
8,0.0,0.0,BRAKE
8,0.0,0.0,BRAKE
8,0.0,0.0,BRAKE
8,0.0,0.0,BRAKE
8,0.0,0.0,BRAKE
8,0.0,0.0,BRAKE
8,0.0,0.0,BRAKE
8,0.0,0.0,BRAKE
8,0.0,0.0,BRAKE
8,0.0,0.0,BRAKE
8,0.0,0.0,BRAKE
8,0.0,0.0,BRAKE
8,0.0,0.0,BRAKE
8,0.0,0.0,BRAKE
8,0.0,0.0,BRAKE
8,0.0,0.0,BRAKE
8,0.0,0.0,BRAKE
8,0.0,0.0,BRAKE
8,0.0,0.0,BRAKE
8,0.0,0.0,BRAKE
8,0.0,0.0,BRAKE
8,0.0,0.0,BRAKE
8,0.0,0.0,BRAKE
8,0.0,0.0,BRAKE
8,0.0,0.0,BRAKE
8,0.0,0.0,BRAKE
8,0.0,0.0,BRAKE
8,0.0,0.0,BRAKE
8,0.0,0.0,BRAKE
7,0.0,0.0,BRAKE
8,0.0,0.0,BRAKE
7,0.0,0.0,BRAKE
7,0.0,0.0,BRAKE
7,0.0,0.0,BRAKE
7,0.0,0.0,BRAKE
7,0.0,0.0,BRAKE
7,0.0,0.0,BRAKE
7,0.0,0.0,BRAKE
8,0.0,0.0,BRAKE
7,0.0,0.0,BRAKE
8,0.0,0.0,BRAKE
7,0.0,0.0,BRAKE
7,0.0,0.0,BRAKE
7,0.0,0.0,BRAKE
8,0.0,0.0,BRAKE
8,0.0,0.0,BRAKE
8,0.0,0.0,BRAKE
8,0.0,0.0,BRAKE
7,0.0,0.0,BRAKE
7,0.0,0.0,BRAKE
8,0.0,0.0,BRAKE
8,0.0,0.0,BRAKE
8,0.0,0.0,BRAKE
8,0.0,0.0,BRAKE
8,0.0,0.0,BRAKE
8,0.0,0.0,BRAKE
8,0.0,0.0,BRAKE
8,0.0,0.0,BRAKE
8,0.0,0.0,BRAKE
7,0.0,0.0,BRAKE
8,0.0,0.0,BRAKE
8,0.0,0.0,BRAKE
8,0.0,0.0,BRAKE
8,0.0,0.0,BRAKE
8,0.0,0.0,BRAKE
7,0.0,0.0,BRAKE
8,0.0,0.0,BRAKE
8,0.0,0.0,BRAKE
8,0.0,0.0,BRAKE
7,0.0,0.0,BRAKE
8,0.0,0.0,BRAKE
8,0.0,0.0,BRAKE
8,0.0,0.0,BRAKE
8,0.0,0.0,BRAKE
8,0.0,0.0,BRAKE
8,0.0,0.0,BRAKE
7,0.0,0.0,BRAKE
7,0.0,0.0,BRAKE
7,0.0,0.0,BRAKE
8,0.0,0.0,BRAKE
8,0.0,0.0,BRAKE
8,0.0,0.0,BRAKE
8,0.0,0.0,BRAKE
8,0.0,0.0,BRAKE
7,0.0,0.0,BRAKE
8,0.0,0.0,BRAKE
8,0.0,0.0,BRAKE
7,0.0,0.0,BRAKE
8,0.0,0.0,BRAKE
7,0.0,0.0,BRAKE
7,0.0,0.0,BRAKE
8,0.0,0.0,BRAKE
8,0.0,0.0,BRAKE
7,0.0,0.0,BRAKE
8,0.0,0.0,BRAKE
8,0.0,0.0,BRAKE
8,0.0,0.0,BRAKE
8,0.0,0.0,BRAKE
8,0.0,0.0,BRAKE
8,0.0,0.0,BRAKE
8,0.0,0.0,BRAKE
7,0.0,0.0,BRAKE
8,0.0,0.0,BRAKE
8,0.0,0.0,BRAKE
7,0.0,0.0,BRAKE
8,0.0,0.0,BRAKE
8,0.0,0.0,BRAKE
8,0.0,0.0,BRAKE
8,0.0,0.0,BRAKE
7,0.0,0.0,BRAKE
7,0.0,0.0,BRAKE
8,0.0,0.0,BRAKE
7,0.0,0.0,BRAKE
7,0.0,0.0,BRAKE
7,0.0,0.0,BRAKE
8,0.0,0.0,BRAKE
7,0.0,0.0,BRAKE
7,0.0,0.0,BRAKE
8,0.0,0.0,BRAKE
8,0.0,0.0,BRAKE
7,0.0,0.0,BRAKE
7,0.0,0.0,BRAKE
7,0.0,0.0,BRAKE
4,0.0,0.0,BRAKE
2,0.06753961267605636,0.29043369583968137,CLEAR
3,0.6,0.14521684791984069,CLEAR
4,0.2759463028169014,-0.0,CLEAR
5,0.26252200704225354,-0.14521684791984069,CLEAR
6,0.17823503521126763,-0.29043369583968137,CLEAR
5,0.2198283450704226,-0.14521684791984069,CLEAR
5,0.22048855633802814,-0.14521684791984069,CLEAR
3,0.08371133804321286,0.14521684791984069,CLEAR
2,0.0,0.0,BRAKE
2,0.0,0.0,BRAKE
2,0.0,0.0,BRAKE
2,0.0,0.0,BRAKE
2,0.0,0.0,BRAKE
2,0.0,0.0,BRAKE
2,0.0,0.0,BRAKE
2,0.0,0.0,BRAKE
2,0.0,0.0,BRAKE
2,0.0,0.0,BRAKE
2,0.0,0.0,BRAKE
2,0.0,0.0,BRAKE
2,0.0,0.0,BRAKE
2,0.0,0.0,BRAKE
2,0.0,0.0,BRAKE
2,0.0,0.0,BRAKE
2,0.0,0.0,BRAKE
2,0.0,0.0,BRAKE
2,0.0,0.0,BRAKE
2,0.0,0.0,BRAKE
2,0.0,0.0,BRAKE
2,0.0,0.0,BRAKE
2,0.0,0.0,BRAKE
2,0.0,0.0,BRAKE
2,0.0,0.0,BRAKE
2,0.0,0.0,BRAKE
2,0.0,0.0,BRAKE
2,0.0,0.0,BRAKE
2,0.0,0.0,BRAKE
2,0.0,0.0,BRAKE
2,0.0,0.0,BRAKE
2,0.0,0.0,BRAKE
2,0.0,0.0,BRAKE
2,0.0,0.0,BRAKE
2,0.0,0.0,BRAKE
2,0.0,0.0,BRAKE
2,0.0,0.0,BRAKE
2,0.0,0.0,BRAKE
2,0.0,0.0,BRAKE
2,0.0,0.0,BRAKE
2,0.0,0.0,BRAKE
2,0.0,0.0,BRAKE
2,0.0,0.0,BRAKE
2,0.0,0.0,BRAKE
2,0.0,0.0,BRAKE
2,0.0,0.0,BRAKE
2,0.0,0.0,BRAKE
2,0.0,0.0,BRAKE
2,0.0,0.0,BRAKE
2,0.0,0.0,BRAKE
2,0.0,0.0,BRAKE
2,0.0,0.0,BRAKE
2,0.0,0.0,BRAKE
2,0.0,0.0,BRAKE
2,0.0,0.0,BRAKE
2,0.0,0.0,BRAKE
2,0.0,0.0,BRAKE
2,0.0,0.0,BRAKE
2,0.0,0.0,BRAKE
2,0.0,0.0,BRAKE
2,0.0,0.0,BRAKE
2,0.0,0.0,BRAKE
2,0.0,0.0,BRAKE
2,0.0,0.0,BRAKE
2,0.0,0.0,BRAKE
2,0.0,0.0,BRAKE
2,0.0,0.0,BRAKE
2,0.0,0.0,BRAKE
2,0.0,0.0,BRAKE
2,0.0,0.0,BRAKE
2,0.0,0.0,BRAKE
2,0.0,0.0,BRAKE
2,0.0,0.0,BRAKE
2,0.0,0.0,BRAKE
2,0.0,0.0,BRAKE
2,0.0,0.0,BRAKE
2,0.0,0.0,BRAKE
2,0.0,0.0,BRAKE
2,0.0,0.0,BRAKE
2,0.0,0.0,BRAKE
2,0.0,0.0,BRAKE
2,0.0,0.0,BRAKE
2,0.0,0.0,BRAKE
2,0.0,0.0,BRAKE
2,0.0,0.0,BRAKE
2,0.0,0.0,BRAKE
2,0.0,0.0,BRAKE
2,0.0,0.0,BRAKE
2,0.0,0.0,BRAKE
2,0.0,0.0,BRAKE
2,0.0,0.0,BRAKE
2,0.0,0.0,BRAKE
2,0.0,0.0,BRAKE
2,0.0,0.0,BRAKE
2,0.0,0.0,BRAKE
2,0.0,0.0,BRAKE
2,0.0,0.0,BRAKE
2,0.0,0.0,BRAKE
2,0.0,0.0,BRAKE
2,0.0,0.0,BRAKE
2,0.0,0.0,BRAKE
2,0.0,0.0,BRAKE
2,0.0,0.0,BRAKE
2,0.0,0.0,BRAKE
2,0.0,0.0,BRAKE
2,0.0,0.0,BRAKE
2,0.0,0.0,BRAKE
2,0.0,0.0,BRAKE
2,0.0,0.0,BRAKE
2,0.0,0.0,BRAKE
2,0.0,0.0,BRAKE
2,0.0,0.0,BRAKE
2,0.0,0.0,BRAKE
2,0.0,0.0,BRAKE
2,0.0,0.0,BRAKE
2,0.0,0.0,BRAKE
2,0.0,0.0,BRAKE
2,0.0,0.0,BRAKE
2,0.0,0.0,BRAKE
2,0.0,0.0,BRAKE
2,0.0,0.0,BRAKE
2,0.0,0.0,BRAKE
2,0.0,0.0,BRAKE
2,0.0,0.0,BRAKE
2,0.0,0.0,BRAKE
2,0.0,0.0,BRAKE
2,0.0,0.0,BRAKE
2,0.0,0.0,BRAKE
2,0.0,0.0,BRAKE
2,0.0,0.0,BRAKE
2,0.0,0.0,BRAKE
2,0.0,0.0,BRAKE
2,0.0,0.0,BRAKE
2,0.0,0.0,BRAKE
2,0.0,0.0,BRAKE
2,0.0,0.0,BRAKE
2,0.0,0.0,BRAKE
2,0.0,0.0,BRAKE
2,0.0,0.0,BRAKE
2,0.0,0.0,BRAKE
2,0.0,0.0,BRAKE
2,0.0,0.0,BRAKE
2,0.0,0.0,BRAKE
2,0.0,0.0,BRAKE
2,0.0,0.0,BRAKE
2,0.0,0.0,BRAKE
2,0.0,0.0,BRAKE
2,0.0,0.0,BRAKE
2,0.0,0.0,BRAKE
2,0.0,0.0,BRAKE
2,0.0,0.0,BRAKE
2,0.0,0.0,BRAKE
2,0.0,0.0,BRAKE
2,0.0,0.0,BRAKE
2,0.0,0.0,BRAKE
2,0.0,0.0,BRAKE
2,0.0,0.0,BRAKE
2,0.0,0.0,BRAKE
2,0.0,0.0,BRAKE
2,0.0,0.0,BRAKE
2,0.0,0.0,BRAKE
2,0.0,0.0,BRAKE
2,0.0,0.0,BRAKE
2,0.0,0.0,BRAKE
2,0.0,0.0,BRAKE
2,0.0,0.0,BRAKE
2,0.0,0.0,BRAKE
2,0.0,0.0,BRAKE
2,0.0,0.0,BRAKE
2,0.0,0.0,BRAKE
2,0.0,0.0,BRAKE
2,0.0,0.0,BRAKE
2,0.0,0.0,BRAKE
2,0.0,0.0,BRAKE
2,0.0,0.0,BRAKE
2,0.0,0.0,BRAKE
2,0.0,0.0,BRAKE
2,0.0,0.0,BRAKE
2,0.0,0.0,BRAKE
2,0.0,0.0,BRAKE
2,0.0,0.0,BRAKE
2,0.0,0.0,BRAKE
2,0.0,0.0,BRAKE
2,0.0,0.0,BRAKE
2,0.0,0.0,BRAKE
2,0.0,0.0,BRAKE
2,0.0,0.0,BRAKE
2,0.0,0.0,BRAKE
2,0.0,0.0,BRAKE
2,0.0,0.0,BRAKE
2,0.0,0.0,BRAKE
2,0.0,0.0,BRAKE
2,0.0,0.0,BRAKE
2,0.0,0.0,BRAKE
2,0.0,0.0,BRAKE
2,0.0,0.0,BRAKE
2,0.0,0.0,BRAKE
2,0.0,0.0,BRAKE
2,0.0,0.0,BRAKE
2,0.0,0.0,BRAKE
2,0.0,0.0,BRAKE
2,0.0,0.0,BRAKE
2,0.0,0.0,BRAKE
2,0.0,0.0,BRAKE
2,0.0,0.0,BRAKE
2,0.0,0.0,BRAKE
2,0.0,0.0,BRAKE
2,0.0,0.0,BRAKE
2,0.0,0.0,BRAKE
2,0.0,0.0,BRAKE
2,0.0,0.0,BRAKE
2,0.0,0.0,BRAKE
2,0.0,0.0,BRAKE
2,0.0,0.0,BRAKE
2,0.0,0.0,BRAKE
2,0.0,0.0,BRAKE
2,0.0,0.0,BRAKE
2,0.0,0.0,BRAKE
2,0.0,0.0,BRAKE
2,0.0,0.0,BRAKE
2,0.0,0.0,BRAKE
2,0.0,0.0,BRAKE
2,0.0,0.0,BRAKE
2,0.0,0.0,BRAKE
2,0.0,0.0,BRAKE
2,0.0,0.0,BRAKE
2,0.0,0.0,BRAKE
2,0.0,0.0,BRAKE
2,0.0,0.0,BRAKE
2,0.0,0.0,BRAKE
2,0.0,0.0,BRAKE
2,0.0,0.0,BRAKE
2,0.0,0.0,BRAKE
2,0.0,0.0,BRAKE
2,0.0,0.0,BRAKE
2,0.0,0.0,BRAKE
2,0.0,0.0,BRAKE
2,0.0,0.0,BRAKE
2,0.0,0.0,BRAKE
2,0.0,0.0,BRAKE
2,0.0,0.0,BRAKE
2,0.0,0.0,BRAKE
2,0.0,0.0,BRAKE
2,0.0,0.0,BRAKE
2,0.0,0.0,BRAKE
2,0.0,0.0,BRAKE
2,0.0,0.0,BRAKE
2,0.0,0.0,BRAKE
2,0.0,0.0,BRAKE
2,0.0,0.0,BRAKE
2,0.0,0.0,BRAKE
2,0.0,0.0,BRAKE
2,0.0,0.0,BRAKE
2,0.0,0.0,BRAKE
2,0.0,0.0,BRAKE
2,0.0,0.0,BRAKE
2,0.0,0.0,BRAKE
2,0.0,0.0,BRAKE
2,0.0,0.0,BRAKE
2,0.0,0.0,BRAKE
2,0.0,0.0,BRAKE
2,0.0,0.0,BRAKE
2,0.0,0.0,BRAKE
2,0.0,0.0,BRAKE
2,0.0,0.0,BRAKE
2,0.0,0.0,BRAKE
2,0.0,0.0,BRAKE
2,0.0,0.0,BRAKE
2,0.0,0.0,BRAKE
2,0.0,0.0,BRAKE
2,0.0,0.0,BRAKE
2,0.0,0.0,BRAKE
2,0.0,0.0,BRAKE
2,0.0,0.0,BRAKE
2,0.0,0.0,BRAKE
2,0.0,0.0,BRAKE
2,0.0,0.0,BRAKE
2,0.0,0.0,BRAKE
2,0.0,0.0,BRAKE
2,0.0,0.0,BRAKE
2,0.0,0.0,BRAKE
2,0.0,0.0,BRAKE
2,0.0,0.0,BRAKE
2,0.0,0.0,BRAKE
2,0.0,0.0,BRAKE
2,0.0,0.0,BRAKE
2,0.0,0.0,BRAKE
2,0.0,0.0,BRAKE
2,0.0,0.0,BRAKE
2,0.0,0.0,BRAKE
2,0.0,0.0,BRAKE
3,0.6,0.14521684791984069,CLEAR
3,0.6,0.14521684791984069,CLEAR
4,0.6,-0.0,CLEAR
3,0.10300722122192381,0.14521684791984069,CLEAR
7,0.0,0.0,BRAKE
3,0.0,0.0,BRAKE
6,0.0,0.0,BRAKE
7,0.0,0.0,BRAKE
8,0.0,0.0,BRAKE
8,0.0,0.0,BRAKE
2,0.0,0.0,BRAKE
2,0.0,0.0,BRAKE
2,0.0,0.0,BRAKE
3,0.0,0.0,BRAKE
2,0.0,0.0,BRAKE
2,0.0,0.0,BRAKE
2,0.0,0.0,BRAKE
2,0.0,0.0,BRAKE
2,0.0,0.0,BRAKE
2,0.0,0.0,BRAKE
3,0.0,0.0,BRAKE
3,0.0,0.0,BRAKE
3,0.0,0.0,BRAKE
3,0.0,0.0,BRAKE
2,0.0,0.0,BRAKE
3,0.0,0.0,BRAKE
3,0.0,0.0,BRAKE
3,0.0,0.0,BRAKE
3,0.0,0.0,BRAKE
2,0.0,0.0,BRAKE
2,0.0,0.0,BRAKE
3,0.0,0.0,BRAKE
3,0.0,0.0,BRAKE
2,0.0,0.0,BRAKE
2,0.0,0.0,BRAKE
2,0.0,0.0,BRAKE
3,0.0,0.0,BRAKE
3,0.0,0.0,BRAKE
3,0.0,0.0,BRAKE
3,0.0,0.0,BRAKE
3,0.0,0.0,BRAKE
3,0.0,0.0,BRAKE
3,0.0,0.0,BRAKE
3,0.0,0.0,BRAKE
3,0.0,0.0,BRAKE
3,0.0,0.0,BRAKE
3,0.0,0.0,BRAKE
2,0.0,0.0,BRAKE
3,0.0,0.0,BRAKE
2,0.0,0.0,BRAKE
3,0.0,0.0,BRAKE
3,0.0,0.0,BRAKE
2,0.0,0.0,BRAKE
2,0.0,0.0,BRAKE
2,0.0,0.0,BRAKE
1,0.0,0.0,BRAKE
7,0.0,0.0,BRAKE
5,0.0,0.0,BRAKE
4,0.0,0.0,BRAKE
6,0.0,0.0,BRAKE
4,0.0,0.0,BRAKE
3,0.005641746520996071,0.14521684791984069,CLEAR
4,0.6,-0.0,CLEAR
3,0.6,0.14521684791984069,CLEAR
3,0.46205989122390745,0.14521684791984069,CLEAR
4,0.3622139084507043,-0.0,CLEAR
4,0.28661971830985916,-0.0,CLEAR
4,0.2505281690140845,-0.0,CLEAR
4,0.2128961267605634,-0.0,CLEAR
4,0.15919894366197188,-0.0,CLEAR
4,0.15534771126760566,-0.0,CLEAR
5,0.17801496478873238,-0.14521684791984069,CLEAR
5,0.1270090103149414,-0.14521684791984069,CLEAR
2,0.0,0.0,BRAKE
8,0.0,0.0,BRAKE
8,0.0,0.0,BRAKE
8,0.0,0.0,BRAKE
8,0.0,0.0,BRAKE
8,0.0,0.0,BRAKE
8,0.0,0.0,BRAKE
8,0.0,0.0,BRAKE
8,0.0,0.0,BRAKE
8,0.0,0.0,BRAKE
8,0.0,0.0,BRAKE
8,0.0,0.0,BRAKE
8,0.0,0.0,BRAKE
8,0.0,0.0,BRAKE
8,0.0,0.0,BRAKE
8,0.0,0.0,BRAKE
8,0.0,0.0,BRAKE
8,0.0,0.0,BRAKE
8,0.0,0.0,BRAKE
8,0.0,0.0,BRAKE
8,0.0,0.0,BRAKE
8,0.0,0.0,BRAKE
8,0.0,0.0,BRAKE
8,0.0,0.0,BRAKE
8,0.0,0.0,BRAKE
8,0.0,0.0,BRAKE
8,0.0,0.0,BRAKE
8,0.0,0.0,BRAKE
8,0.0,0.0,BRAKE
8,0.0,0.0,BRAKE
8,0.0,0.0,BRAKE
8,0.0,0.0,BRAKE
8,0.0,0.0,BRAKE
8,0.0,0.0,BRAKE
8,0.0,0.0,BRAKE
8,0.0,0.0,BRAKE
8,0.0,0.0,BRAKE
8,0.0,0.0,BRAKE
8,0.0,0.0,BRAKE
8,0.0,0.0,BRAKE
8,0.0,0.0,BRAKE
8,0.0,0.0,BRAKE
8,0.0,0.0,BRAKE
8,0.0,0.0,BRAKE
8,0.0,0.0,BRAKE
8,0.0,0.0,BRAKE
8,0.0,0.0,BRAKE
8,0.0,0.0,BRAKE
8,0.0,0.0,BRAKE
8,0.0,0.0,BRAKE
8,0.0,0.0,BRAKE
8,0.0,0.0,BRAKE
8,0.0,0.0,BRAKE
8,0.0,0.0,BRAKE
8,0.0,0.0,BRAKE
8,0.0,0.0,BRAKE
8,0.0,0.0,BRAKE
8,0.0,0.0,BRAKE
8,0.0,0.0,BRAKE
8,0.0,0.0,BRAKE
8,0.0,0.0,BRAKE
1,0.0,0.0,BRAKE
4,0.6,-0.0,CLEAR
3,0.6,0.14521684791984069,CLEAR
2,0.6,0.29043369583968137,CLEAR
8,0.6,-0.5808673916793627,CLEAR
6,0.6,-0.29043369583968137,CLEAR
6,0.0,0.0,BRAKE
8,0.0,0.0,BRAKE
2,0.0,0.0,BRAKE
4,0.0,0.0,BRAKE
3,0.0,0.0,BRAKE
3,0.11890087127685549,0.14521684791984069,CLEAR
4,0.16366944313049317,-0.0,CLEAR
4,0.16870942115783694,-0.0,CLEAR
4,0.14817414283752442,-0.0,CLEAR
4,0.0,0.0,BRAKE
3,0.0,0.0,BRAKE
3,0.0,0.0,BRAKE
3,0.0,0.0,BRAKE
3,0.0,0.0,BRAKE
3,0.0,0.0,BRAKE
3,0.0,0.0,BRAKE
4,0.0,0.0,BRAKE
4,0.0,0.0,BRAKE
4,0.0,0.0,BRAKE
4,0.03297820091247561,-0.0,CLEAR
4,0.18852672576904297,-0.0,CLEAR
3,0.19245662689208987,0.14521684791984069,CLEAR
3,0.04542150497436526,0.14521684791984069,CLEAR
3,0.0,0.0,BRAKE
3,0.0032344818115234153,0.14521684791984069,CLEAR
3,0.007011699676513694,0.14521684791984069,CLEAR
3,0.18372249603271487,0.14521684791984069,CLEAR
5,0.188488245010376,-0.14521684791984069,CLEAR
5,0.18281559944152828,-0.14521684791984069,CLEAR
5,0.1808398723602295,-0.14521684791984069,CLEAR
5,0.18225388526916503,-0.14521684791984069,CLEAR
5,0.18473081588745116,-0.14521684791984069,CLEAR
5,0.18174805641174316,-0.14521684791984069,CLEAR
5,0.18837361335754393,-0.14521684791984069,CLEAR
5,0.1888130187988281,-0.14521684791984069,CLEAR
5,0.18982057571411132,-0.14521684791984069,CLEAR
5,0.18225388526916503,-0.14521684791984069,CLEAR
5,0.18224239349365232,-0.14521684791984069,CLEAR
5,0.17629437446594237,-0.14521684791984069,CLEAR
5,0.17371201515197754,-0.14521684791984069,CLEAR
5,0.1787829399108887,-0.14521684791984069,CLEAR
3,0.02502474784851072,0.14521684791984069,CLEAR
3,0.011183357238769552,0.14521684791984069,CLEAR
3,0.18344736099243164,0.14521684791984069,CLEAR
3,0.18461027145385744,0.14521684791984069,CLEAR
3,0.0,0.0,BRAKE
3,0.18433151245117185,0.14521684791984069,CLEAR
3,0.15545774647887328,0.14521684791984069,CLEAR
3,0.0,0.0,BRAKE
3,0.11815580985915501,0.14521684791984069,CLEAR
3,0.10935299295774652,0.14521684791984069,CLEAR
3,0.11793573943661977,0.14521684791984069,CLEAR
3,0.11265404929577466,0.14521684791984069,CLEAR
3,0.10802206993103027,0.14521684791984069,CLEAR
3,0.1110035211267606,0.14521684791984069,CLEAR
3,0.11386443661971839,0.14521684791984069,CLEAR
3,0.11441461267605636,0.14521684791984069,CLEAR
3,0.0,0.0,BRAKE
3,0.10022007042253522,0.14521684791984069,CLEAR
3,0.08943661971830985,0.14521684791984069,CLEAR
3,0.09031690140845076,0.14521684791984069,CLEAR
3,0.07876320422535217,0.14521684791984069,CLEAR
3,0.07524207746478877,0.14521684791984069,CLEAR
3,0.07931338028169022,0.14521684791984069,CLEAR
3,0.0893265845070423,0.14521684791984069,CLEAR
3,0.04861355633802817,0.14521684791984069,CLEAR
3,0.0,0.0,BRAKE
3,0.0,0.0,BRAKE
4,0.0,0.0,BRAKE
4,0.0,0.0,BRAKE
4,0.0,0.0,BRAKE
3,0.0,0.0,BRAKE
5,0.0,0.0,BRAKE
7,0.0,0.0,BRAKE
8,0.0,0.0,BRAKE
8,0.0,0.0,BRAKE
8,0.0,0.0,BRAKE
8,0.0,0.0,BRAKE
6,0.0,0.0,BRAKE
5,0.16426056338028172,-0.14521684791984069,CLEAR
7,0.0,0.0,BRAKE
7,0.0,0.0,BRAKE
7,0.0,0.0,BRAKE
7,0.0,0.0,BRAKE
8,0.0,0.0,BRAKE
8,0.0,0.0,BRAKE
2,0.0,0.0,BRAKE
8,0.0,0.0,BRAKE
8,0.0,0.0,BRAKE
8,0.0,0.0,BRAKE
8,0.0,0.0,BRAKE
8,0.0,0.0,BRAKE
8,0.0,0.0,BRAKE
8,0.0,0.0,BRAKE
8,0.0,0.0,BRAKE
8,0.0,0.0,BRAKE
8,0.0,0.0,BRAKE
8,0.0,0.0,BRAKE
8,0.0,0.0,BRAKE
8,0.0,0.0,BRAKE
8,0.0,0.0,BRAKE
8,0.0,0.0,BRAKE
8,0.0,0.0,BRAKE
8,0.0,0.0,BRAKE
8,0.0,0.0,BRAKE
8,0.0,0.0,BRAKE
8,0.0,0.0,BRAKE
8,0.0,0.0,BRAKE
8,0.0,0.0,BRAKE
8,0.0,0.0,BRAKE
8,0.0,0.0,BRAKE
8,0.0,0.0,BRAKE
8,0.0,0.0,BRAKE
8,0.0,0.0,BRAKE
8,0.0,0.0,BRAKE
8,0.0,0.0,BRAKE
8,0.0,0.0,BRAKE
8,0.0,0.0,BRAKE
8,0.0,0.0,BRAKE
8,0.0,0.0,BRAKE
8,0.0,0.0,BRAKE
8,0.0,0.0,BRAKE
8,0.0,0.0,BRAKE
8,0.0,0.0,BRAKE
8,0.0,0.0,BRAKE
8,0.0,0.0,BRAKE
8,0.0,0.0,BRAKE
8,0.0,0.0,BRAKE
8,0.0,0.0,BRAKE
8,0.0,0.0,BRAKE
8,0.0,0.0,BRAKE
8,0.0,0.0,BRAKE
8,0.0,0.0,BRAKE
8,0.0,0.0,BRAKE
8,0.0,0.0,BRAKE
8,0.0,0.0,BRAKE
8,0.0,0.0,BRAKE
8,0.0,0.0,BRAKE
8,0.0,0.0,BRAKE
8,0.0,0.0,BRAKE
8,0.0,0.0,BRAKE
8,0.0,0.0,BRAKE
8,0.0,0.0,BRAKE
8,0.0,0.0,BRAKE
8,0.0,0.0,BRAKE
8,0.0,0.0,BRAKE
8,0.0,0.0,BRAKE
8,0.0,0.0,BRAKE
8,0.0,0.0,BRAKE
8,0.0,0.0,BRAKE
8,0.0,0.0,BRAKE
8,0.0,0.0,BRAKE
8,0.0,0.0,BRAKE
8,0.0,0.0,BRAKE
8,0.0,0.0,BRAKE
8,0.0,0.0,BRAKE
8,0.0,0.0,BRAKE
8,0.0,0.0,BRAKE
8,0.0,0.0,BRAKE
8,0.0,0.0,BRAKE
8,0.0,0.0,BRAKE
8,0.0,0.0,BRAKE
8,0.0,0.0,BRAKE
8,0.0,0.0,BRAKE
8,0.0,0.0,BRAKE
8,0.0,0.0,BRAKE
8,0.0,0.0,BRAKE
8,0.0,0.0,BRAKE
8,0.0,0.0,BRAKE
8,0.0,0.0,BRAKE
8,0.0,0.0,BRAKE
8,0.0,0.0,BRAKE
8,0.0,0.0,BRAKE
8,0.0,0.0,BRAKE
8,0.0,0.0,BRAKE
8,0.0,0.0,BRAKE
8,0.0,0.0,BRAKE
8,0.0,0.0,BRAKE
8,0.0,0.0,BRAKE
8,0.0,0.0,BRAKE
8,0.0,0.0,BRAKE
8,0.0,0.0,BRAKE
8,0.0,0.0,BRAKE
8,0.0,0.0,BRAKE
8,0.0,0.0,BRAKE
8,0.0,0.0,BRAKE
8,0.0,0.0,BRAKE
8,0.0,0.0,BRAKE
8,0.0,0.0,BRAKE
8,0.0,0.0,BRAKE
8,0.0,0.0,BRAKE
8,0.0,0.0,BRAKE
8,0.0,0.0,BRAKE
8,0.0,0.0,BRAKE
8,0.0,0.0,BRAKE
8,0.0,0.0,BRAKE
8,0.0,0.0,BRAKE
8,0.0,0.0,BRAKE
8,0.0,0.0,BRAKE
8,0.0,0.0,BRAKE
8,0.0,0.0,BRAKE
8,0.0,0.0,BRAKE
8,0.0,0.0,BRAKE
8,0.0,0.0,BRAKE
8,0.0,0.0,BRAKE
8,0.0,0.0,BRAKE
8,0.0,0.0,BRAKE
8,0.0,0.0,BRAKE
8,0.0,0.0,BRAKE
8,0.0,0.0,BRAKE
8,0.0,0.0,BRAKE
8,0.0,0.0,BRAKE
8,0.0,0.0,BRAKE
8,0.0,0.0,BRAKE
8,0.0,0.0,BRAKE
8,0.0,0.0,BRAKE
8,0.0,0.0,BRAKE
8,0.0,0.0,BRAKE
8,0.0,0.0,BRAKE
8,0.0,0.0,BRAKE
8,0.0,0.0,BRAKE
8,0.0,0.0,BRAKE
8,0.0,0.0,BRAKE
8,0.0,0.0,BRAKE
8,0.0,0.0,BRAKE
8,0.0,0.0,BRAKE
8,0.0,0.0,BRAKE
8,0.0,0.0,BRAKE
8,0.0,0.0,BRAKE
8,0.0,0.0,BRAKE
8,0.0,0.0,BRAKE
8,0.0,0.0,BRAKE
8,0.0,0.0,BRAKE
8,0.0,0.0,BRAKE
8,0.0,0.0,BRAKE
8,0.0,0.0,BRAKE
8,0.0,0.0,BRAKE
8,0.0,0.0,BRAKE
8,0.0,0.0,BRAKE
8,0.0,0.0,BRAKE
8,0.0,0.0,BRAKE
8,0.0,0.0,BRAKE
8,0.0,0.0,BRAKE
8,0.0,0.0,BRAKE
8,0.0,0.0,BRAKE
8,0.0,0.0,BRAKE
8,0.0,0.0,BRAKE
8,0.0,0.0,BRAKE
8,0.0,0.0,BRAKE
8,0.0,0.0,BRAKE
8,0.0,0.0,BRAKE
8,0.0,0.0,BRAKE
8,0.0,0.0,BRAKE
8,0.0,0.0,BRAKE
8,0.0,0.0,BRAKE
8,0.0,0.0,BRAKE
8,0.0,0.0,BRAKE
8,0.0,0.0,BRAKE
8,0.0,0.0,BRAKE
8,0.0,0.0,BRAKE
8,0.0,0.0,BRAKE
8,0.0,0.0,BRAKE
8,0.0,0.0,BRAKE
8,0.0,0.0,BRAKE
8,0.0,0.0,BRAKE
8,0.0,0.0,BRAKE
8,0.0,0.0,BRAKE
8,0.0,0.0,BRAKE
8,0.0,0.0,BRAKE
8,0.0,0.0,BRAKE
8,0.0,0.0,BRAKE
8,0.0,0.0,BRAKE
8,0.0,0.0,BRAKE
8,0.0,0.0,BRAKE
8,0.0,0.0,BRAKE
8,0.0,0.0,BRAKE
8,0.0,0.0,BRAKE
8,0.0,0.0,BRAKE
8,0.0,0.0,BRAKE
8,0.0,0.0,BRAKE
8,0.0,0.0,BRAKE
8,0.0,0.0,BRAKE
8,0.0,0.0,BRAKE
8,0.0,0.0,BRAKE
8,0.0,0.0,BRAKE
8,0.0,0.0,BRAKE
8,0.0,0.0,BRAKE
8,0.0,0.0,BRAKE
8,0.0,0.0,BRAKE
8,0.0,0.0,BRAKE
8,0.0,0.0,BRAKE
8,0.0,0.0,BRAKE
8,0.0,0.0,BRAKE
8,0.0,0.0,BRAKE
8,0.0,0.0,BRAKE
8,0.0,0.0,BRAKE
8,0.0,0.0,BRAKE
8,0.0,0.0,BRAKE
8,0.0,0.0,BRAKE
8,0.0,0.0,BRAKE
8,0.0,0.0,BRAKE
8,0.0,0.0,BRAKE
8,0.0,0.0,BRAKE
8,0.0,0.0,BRAKE
8,0.0,0.0,BRAKE
8,0.0,0.0,BRAKE
8,0.0,0.0,BRAKE
8,0.0,0.0,BRAKE
8,0.0,0.0,BRAKE
8,0.0,0.0,BRAKE
8,0.0,0.0,BRAKE
8,0.0,0.0,BRAKE
8,0.0,0.0,BRAKE
8,0.0,0.0,BRAKE
8,0.0,0.0,BRAKE
8,0.0,0.0,BRAKE
8,0.0,0.0,BRAKE
8,0.0,0.0,BRAKE
8,0.0,0.0,BRAKE
8,0.0,0.0,BRAKE
8,0.0,0.0,BRAKE
8,0.0,0.0,BRAKE
8,0.0,0.0,BRAKE
8,0.0,0.0,BRAKE
8,0.0,0.0,BRAKE
8,0.0,0.0,BRAKE
8,0.0,0.0,BRAKE
8,0.0,0.0,BRAKE
8,0.0,0.0,BRAKE
8,0.0,0.0,BRAKE
8,0.0,0.0,BRAKE
8,0.0,0.0,BRAKE
8,0.0,0.0,BRAKE
8,0.0,0.0,BRAKE
8,0.0,0.0,BRAKE
8,0.0,0.0,BRAKE
8,0.0,0.0,BRAKE
8,0.0,0.0,BRAKE
8,0.0,0.0,BRAKE
8,0.0,0.0,BRAKE
8,0.0,0.0,BRAKE
8,0.0,0.0,BRAKE
8,0.0,0.0,BRAKE
8,0.0,0.0,BRAKE
8,0.0,0.0,BRAKE
8,0.0,0.0,BRAKE
8,0.0,0.0,BRAKE
8,0.0,0.0,BRAKE
8,0.0,0.0,BRAKE
8,0.0,0.0,BRAKE
8,0.0,0.0,BRAKE
8,0.0,0.0,BRAKE
8,0.0,0.0,BRAKE
8,0.0,0.0,BRAKE
8,0.0,0.0,BRAKE
8,0.0,0.0,BRAKE
8,0.0,0.0,BRAKE
8,0.0,0.0,BRAKE
8,0.0,0.0,BRAKE
8,0.0,0.0,BRAKE
8,0.0,0.0,BRAKE
8,0.0,0.0,BRAKE
8,0.0,0.0,BRAKE
8,0.0,0.0,BRAKE
8,0.0,0.0,BRAKE
8,0.0,0.0,BRAKE
8,0.0,0.0,BRAKE
8,0.0,0.0,BRAKE
8,0.0,0.0,BRAKE
8,0.0,0.0,BRAKE
8,0.0,0.0,BRAKE
8,0.0,0.0,BRAKE
8,0.0,0.0,BRAKE
8,0.0,0.0,BRAKE
8,0.0,0.0,BRAKE
8,0.0,0.0,BRAKE
8,0.0,0.0,BRAKE
8,0.0,0.0,BRAKE
8,0.0,0.0,BRAKE
8,0.0,0.0,BRAKE
8,0.0,0.0,BRAKE
8,0.0,0.0,BRAKE
8,0.0,0.0,BRAKE
8,0.0,0.0,BRAKE
8,0.0,0.0,BRAKE
8,0.0,0.0,BRAKE
8,0.0,0.0,BRAKE
8,0.0,0.0,BRAKE
8,0.0,0.0,BRAKE
8,0.0,0.0,BRAKE
8,0.0,0.0,BRAKE
8,0.0,0.0,BRAKE
8,0.0,0.0,BRAKE
8,0.0,0.0,BRAKE
8,0.0,0.0,BRAKE
8,0.0,0.0,BRAKE
8,0.0,0.0,BRAKE
8,0.0,0.0,BRAKE
8,0.0,0.0,BRAKE
8,0.0,0.0,BRAKE
8,0.0,0.0,BRAKE
8,0.0,0.0,BRAKE
8,0.0,0.0,BRAKE
8,0.0,0.0,BRAKE
8,0.0,0.0,BRAKE
8,0.0,0.0,BRAKE
8,0.0,0.0,BRAKE
8,0.0,0.0,BRAKE
8,0.0,0.0,BRAKE
8,0.0,0.0,BRAKE
8,0.0,0.0,BRAKE
8,0.0,0.0,BRAKE
8,0.0,0.0,BRAKE
8,0.0,0.0,BRAKE
8,0.0,0.0,BRAKE
8,0.0,0.0,BRAKE
8,0.0,0.0,BRAKE
8,0.0,0.0,BRAKE
8,0.0,0.0,BRAKE
8,0.0,0.0,BRAKE
8,0.0,0.0,BRAKE
8,0.0,0.0,BRAKE
8,0.0,0.0,BRAKE
8,0.0,0.0,BRAKE
8,0.0,0.0,BRAKE
8,0.0,0.0,BRAKE
8,0.0,0.0,BRAKE
8,0.0,0.0,BRAKE
8,0.0,0.0,BRAKE
8,0.0,0.0,BRAKE
8,0.0,0.0,BRAKE
8,0.0,0.0,BRAKE
8,0.0,0.0,BRAKE
8,0.0,0.0,BRAKE
8,0.0,0.0,BRAKE
8,0.0,0.0,BRAKE
8,0.0,0.0,BRAKE
8,0.0,0.0,BRAKE
8,0.0,0.0,BRAKE
8,0.0,0.0,BRAKE
8,0.0,0.0,BRAKE
8,0.0,0.0,BRAKE
8,0.0,0.0,BRAKE
8,0.0,0.0,BRAKE
8,0.0,0.0,BRAKE
8,0.0,0.0,BRAKE
8,0.0,0.0,BRAKE
8,0.0,0.0,BRAKE
8,0.0,0.0,BRAKE
8,0.0,0.0,BRAKE
8,0.0,0.0,BRAKE
8,0.0,0.0,BRAKE
8,0.0,0.0,BRAKE
8,0.0,0.0,BRAKE
8,0.0,0.0,BRAKE
8,0.0,0.0,BRAKE
8,0.0,0.0,BRAKE
8,0.0,0.0,BRAKE
8,0.0,0.0,BRAKE
8,0.0,0.0,BRAKE
8,0.0,0.0,BRAKE
8,0.0,0.0,BRAKE
8,0.0,0.0,BRAKE
8,0.0,0.0,BRAKE
8,0.0,0.0,BRAKE
8,0.0,0.0,BRAKE
8,0.0,0.0,BRAKE
8,0.0,0.0,BRAKE
8,0.0,0.0,BRAKE
8,0.0,0.0,BRAKE
8,0.0,0.0,BRAKE
8,0.0,0.0,BRAKE
8,0.0,0.0,BRAKE
8,0.0,0.0,BRAKE
8,0.0,0.0,BRAKE
8,0.0,0.0,BRAKE
8,0.0,0.0,BRAKE
8,0.0,0.0,BRAKE
8,0.0,0.0,BRAKE
8,0.0,0.0,BRAKE
8,0.0,0.0,BRAKE
8,0.0,0.0,BRAKE
8,0.0,0.0,BRAKE
8,0.0,0.0,BRAKE
8,0.0,0.0,BRAKE
8,0.0,0.0,BRAKE
8,0.0,0.0,BRAKE
8,0.0,0.0,BRAKE
8,0.0,0.0,BRAKE
8,0.0,0.0,BRAKE
8,0.0,0.0,BRAKE
8,0.0,0.0,BRAKE
8,0.0,0.0,BRAKE
8,0.0,0.0,BRAKE
8,0.0,0.0,BRAKE
8,0.0,0.0,BRAKE
8,0.0,0.0,BRAKE
8,0.0,0.0,BRAKE
8,0.0,0.0,BRAKE
8,0.0,0.0,BRAKE
8,0.0,0.0,BRAKE
8,0.0,0.0,BRAKE
8,0.0,0.0,BRAKE
8,0.0,0.0,BRAKE
8,0.0,0.0,BRAKE
8,0.0,0.0,BRAKE
8,0.0,0.0,BRAKE
8,0.0,0.0,BRAKE
8,0.0,0.0,BRAKE
8,0.0,0.0,BRAKE
8,0.0,0.0,BRAKE
8,0.0,0.0,BRAKE
8,0.0,0.0,BRAKE
8,0.0,0.0,BRAKE
8,0.0,0.0,BRAKE
8,0.0,0.0,BRAKE
8,0.0,0.0,BRAKE
8,0.0,0.0,BRAKE
8,0.0,0.0,BRAKE
8,0.0,0.0,BRAKE
8,0.0,0.0,BRAKE
8,0.0,0.0,BRAKE
8,0.0,0.0,BRAKE
8,0.0,0.0,BRAKE
8,0.0,0.0,BRAKE
8,0.0,0.0,BRAKE
8,0.0,0.0,BRAKE
8,0.0,0.0,BRAKE
8,0.0,0.0,BRAKE
8,0.0,0.0,BRAKE
8,0.0,0.0,BRAKE
8,0.0,0.0,BRAKE
8,0.0,0.0,BRAKE
8,0.0,0.0,BRAKE
8,0.0,0.0,BRAKE
8,0.0,0.0,BRAKE
8,0.0,0.0,BRAKE
8,0.0,0.0,BRAKE
8,0.0,0.0,BRAKE
8,0.0,0.0,BRAKE
8,0.0,0.0,BRAKE
8,0.0,0.0,BRAKE
8,0.0,0.0,BRAKE
8,0.0,0.0,BRAKE
8,0.0,0.0,BRAKE
8,0.0,0.0,BRAKE
8,0.0,0.0,BRAKE
8,0.0,0.0,BRAKE
8,0.0,0.0,BRAKE
8,0.0,0.0,BRAKE
8,0.0,0.0,BRAKE
8,0.0,0.0,BRAKE
8,0.0,0.0,BRAKE
8,0.0,0.0,BRAKE
8,0.0,0.0,BRAKE
8,0.0,0.0,BRAKE
8,0.0,0.0,BRAKE
8,0.0,0.0,BRAKE
8,0.0,0.0,BRAKE
8,0.0,0.0,BRAKE
8,0.0,0.0,BRAKE
8,0.0,0.0,BRAKE
8,0.0,0.0,BRAKE
8,0.0,0.0,BRAKE
8,0.0,0.0,BRAKE
8,0.0,0.0,BRAKE
8,0.0,0.0,BRAKE
8,0.0,0.0,BRAKE
8,0.0,0.0,BRAKE
8,0.0,0.0,BRAKE
8,0.0,0.0,BRAKE
8,0.0,0.0,BRAKE
8,0.0,0.0,BRAKE
8,0.0,0.0,BRAKE
8,0.0,0.0,BRAKE
8,0.0,0.0,BRAKE
8,0.0,0.0,BRAKE
8,0.0,0.0,BRAKE
8,0.0,0.0,BRAKE
8,0.0,0.0,BRAKE
8,0.0,0.0,BRAKE
8,0.0,0.0,BRAKE
8,0.0,0.0,BRAKE
8,0.0,0.0,BRAKE
8,0.0,0.0,BRAKE
8,0.0,0.0,BRAKE
8,0.0,0.0,BRAKE
8,0.0,0.0,BRAKE
8,0.0,0.0,BRAKE
8,0.0,0.0,BRAKE
8,0.0,0.0,BRAKE
8,0.0,0.0,BRAKE
8,0.0,0.0,BRAKE
8,0.0,0.0,BRAKE
8,0.0,0.0,BRAKE
8,0.0,0.0,BRAKE
8,0.0,0.0,BRAKE
8,0.0,0.0,BRAKE
8,0.0,0.0,BRAKE
8,0.0,0.0,BRAKE
8,0.0,0.0,BRAKE
8,0.0,0.0,BRAKE
8,0.0,0.0,BRAKE
8,0.0,0.0,BRAKE
8,0.0,0.0,BRAKE
8,0.0,0.0,BRAKE
8,0.0,0.0,BRAKE
8,0.0,0.0,BRAKE
8,0.0,0.0,BRAKE
8,0.0,0.0,BRAKE
8,0.0,0.0,BRAKE
8,0.0,0.0,BRAKE
8,0.0,0.0,BRAKE
8,0.0,0.0,BRAKE
8,0.0,0.0,BRAKE
8,0.0,0.0,BRAKE
8,0.0,0.0,BRAKE
8,0.0,0.0,BRAKE
8,0.0,0.0,BRAKE
8,0.0,0.0,BRAKE
8,0.0,0.0,BRAKE
8,0.0,0.0,BRAKE
8,0.0,0.0,BRAKE
8,0.0,0.0,BRAKE
8,0.0,0.0,BRAKE
8,0.0,0.0,BRAKE
8,0.0,0.0,BRAKE
8,0.0,0.0,BRAKE
8,0.0,0.0,BRAKE
8,0.0,0.0,BRAKE
8,0.0,0.0,BRAKE
8,0.0,0.0,BRAKE
8,0.0,0.0,BRAKE
8,0.0,0.0,BRAKE
8,0.0,0.0,BRAKE
8,0.0,0.0,BRAKE
8,0.0,0.0,BRAKE
8,0.0,0.0,BRAKE
8,0.0,0.0,BRAKE
8,0.0,0.0,BRAKE
8,0.0,0.0,BRAKE
8,0.0,0.0,BRAKE
8,0.0,0.0,BRAKE
8,0.0,0.0,BRAKE
8,0.0,0.0,BRAKE
8,0.0,0.0,BRAKE
8,0.0,0.0,BRAKE
8,0.0,0.0,BRAKE
8,0.0,0.0,BRAKE
8,0.0,0.0,BRAKE
8,0.0,0.0,BRAKE
8,0.0,0.0,BRAKE
8,0.0,0.0,BRAKE
8,0.0,0.0,BRAKE
8,0.0,0.0,BRAKE
8,0.0,0.0,BRAKE
2,0.0,0.0,BRAKE
8,0.0,0.0,BRAKE
8,0.0,0.0,BRAKE
8,0.0,0.0,BRAKE
8,0.0,0.0,BRAKE
8,0.0,0.0,BRAKE
8,0.0,0.0,BRAKE
8,0.0,0.0,BRAKE
8,0.0,0.0,BRAKE
1,0.0,0.0,BRAKE
1,0.0,0.0,BRAKE
1,0.0,0.0,BRAKE
8,0.0,0.0,BRAKE
8,0.0,0.0,BRAKE
8,0.0,0.0,BRAKE
8,0.0,0.0,BRAKE
8,0.0,0.0,BRAKE
8,0.0,0.0,BRAKE
8,0.0,0.0,BRAKE
8,0.0,0.0,BRAKE
8,0.0,0.0,BRAKE
8,0.0,0.0,BRAKE
8,0.0,0.0,BRAKE
8,0.0,0.0,BRAKE
8,0.0,0.0,BRAKE
8,0.0,0.0,BRAKE
8,0.0,0.0,BRAKE
8,0.0,0.0,BRAKE
8,0.0,0.0,BRAKE
8,0.0,0.0,BRAKE
8,0.0,0.0,BRAKE
8,0.0,0.0,BRAKE
8,0.0,0.0,BRAKE
8,0.0,0.0,BRAKE
8,0.0,0.0,BRAKE
8,0.0,0.0,BRAKE
8,0.0,0.0,BRAKE
8,0.0,0.0,BRAKE
8,0.0,0.0,BRAKE
8,0.0,0.0,BRAKE
8,0.0,0.0,BRAKE
8,0.0,0.0,BRAKE
8,0.0,0.0,BRAKE
8,0.0,0.0,BRAKE
8,0.0,0.0,BRAKE
8,0.0,0.0,BRAKE
8,0.0,0.0,BRAKE
8,0.0,0.0,BRAKE
8,0.0,0.0,BRAKE
8,0.0,0.0,BRAKE
8,0.0,0.0,BRAKE
8,0.0,0.0,BRAKE
8,0.0,0.0,BRAKE
8,0.0,0.0,BRAKE
8,0.0,0.0,BRAKE
8,0.0,0.0,BRAKE
8,0.0,0.0,BRAKE
8,0.0,0.0,BRAKE
8,0.0,0.0,BRAKE
8,0.0,0.0,BRAKE
8,0.0,0.0,BRAKE
8,0.0,0.0,BRAKE
8,0.0,0.0,BRAKE
8,0.0,0.0,BRAKE
8,0.0,0.0,BRAKE
8,0.0,0.0,BRAKE
8,0.0,0.0,BRAKE
8,0.0,0.0,BRAKE
8,0.0,0.0,BRAKE
8,0.0,0.0,BRAKE
8,0.0,0.0,BRAKE
8,0.0,0.0,BRAKE
8,0.0,0.0,BRAKE
8,0.0,0.0,BRAKE
8,0.0,0.0,BRAKE
8,0.0,0.0,BRAKE
8,0.0,0.0,BRAKE
8,0.0,0.0,BRAKE
8,0.0,0.0,BRAKE
8,0.0,0.0,BRAKE
8,0.0,0.0,BRAKE
8,0.0,0.0,BRAKE
8,0.0,0.0,BRAKE
8,0.0,0.0,BRAKE
8,0.0,0.0,BRAKE
8,0.0,0.0,BRAKE
8,0.0,0.0,BRAKE
8,0.0,0.0,BRAKE
8,0.0,0.0,BRAKE
8,0.0,0.0,BRAKE
8,0.0,0.0,BRAKE
8,0.0,0.0,BRAKE
8,0.0,0.0,BRAKE
8,0.0,0.0,BRAKE
8,0.0,0.0,BRAKE
8,0.0,0.0,BRAKE
8,0.0,0.0,BRAKE
8,0.0,0.0,BRAKE
8,0.0,0.0,BRAKE
8,0.0,0.0,BRAKE
8,0.0,0.0,BRAKE
8,0.0,0.0,BRAKE
8,0.0,0.0,BRAKE
8,0.0,0.0,BRAKE
8,0.0,0.0,BRAKE
8,0.0,0.0,BRAKE
8,0.0,0.0,BRAKE
8,0.0,0.0,BRAKE
8,0.0,0.0,BRAKE
8,0.0,0.0,BRAKE
8,0.0,0.0,BRAKE
8,0.0,0.0,BRAKE
8,0.0,0.0,BRAKE
8,0.0,0.0,BRAKE
8,0.0,0.0,BRAKE
8,0.0,0.0,BRAKE
8,0.0,0.0,BRAKE
8,0.0,0.0,BRAKE
8,0.0,0.0,BRAKE
8,0.0,0.0,BRAKE
8,0.0,0.0,BRAKE
8,0.0,0.0,BRAKE
8,0.0,0.0,BRAKE
8,0.0,0.0,BRAKE
8,0.0,0.0,BRAKE
8,0.0,0.0,BRAKE
8,0.0,0.0,BRAKE
8,0.0,0.0,BRAKE
8,0.0,0.0,BRAKE
8,0.0,0.0,BRAKE
8,0.0,0.0,BRAKE
8,0.0,0.0,BRAKE
8,0.0,0.0,BRAKE
8,0.0,0.0,BRAKE
8,0.0,0.0,BRAKE
8,0.0,0.0,BRAKE
8,0.0,0.0,BRAKE
8,0.0,0.0,BRAKE
8,0.0,0.0,BRAKE
8,0.0,0.0,BRAKE
8,0.0,0.0,BRAKE
8,0.0,0.0,BRAKE
8,0.0,0.0,BRAKE
8,0.0,0.0,BRAKE
8,0.0,0.0,BRAKE
8,0.0,0.0,BRAKE
8,0.0,0.0,BRAKE
8,0.0,0.0,BRAKE
8,0.0,0.0,BRAKE
8,0.0,0.0,BRAKE
8,0.0,0.0,BRAKE
8,0.0,0.0,BRAKE
8,0.0,0.0,BRAKE
8,0.0,0.0,BRAKE
8,0.0,0.0,BRAKE
8,0.0,0.0,BRAKE
8,0.0,0.0,BRAKE
8,0.0,0.0,BRAKE
8,0.0,0.0,BRAKE
8,0.0,0.0,BRAKE
8,0.0,0.0,BRAKE
8,0.0,0.0,BRAKE
8,0.0,0.0,BRAKE
8,0.0,0.0,BRAKE
8,0.0,0.0,BRAKE
8,0.0,0.0,BRAKE
8,0.0,0.0,BRAKE
8,0.0,0.0,BRAKE
8,0.0,0.0,BRAKE
8,0.0,0.0,BRAKE
8,0.0,0.0,BRAKE
8,0.0,0.0,BRAKE
8,0.0,0.0,BRAKE
8,0.0,0.0,BRAKE
8,0.0,0.0,BRAKE
8,0.0,0.0,BRAKE
8,0.0,0.0,BRAKE
8,0.0,0.0,BRAKE
8,0.0,0.0,BRAKE
8,0.0,0.0,BRAKE
8,0.0,0.0,BRAKE
8,0.0,0.0,BRAKE
8,0.0,0.0,BRAKE
8,0.0,0.0,BRAKE
8,0.0,0.0,BRAKE
8,0.0,0.0,BRAKE
8,0.0,0.0,BRAKE
8,0.0,0.0,BRAKE
8,0.0,0.0,BRAKE
8,0.0,0.0,BRAKE
8,0.0,0.0,BRAKE
8,0.0,0.0,BRAKE
8,0.0,0.0,BRAKE
8,0.0,0.0,BRAKE
8,0.0,0.0,BRAKE
8,0.0,0.0,BRAKE
8,0.0,0.0,BRAKE
8,0.0,0.0,BRAKE
8,0.0,0.0,BRAKE
8,0.0,0.0,BRAKE
8,0.0,0.0,BRAKE
8,0.0,0.0,BRAKE
8,0.0,0.0,BRAKE
8,0.0,0.0,BRAKE
8,0.0,0.0,BRAKE
8,0.0,0.0,BRAKE
8,0.0,0.0,BRAKE
8,0.0,0.0,BRAKE
8,0.0,0.0,BRAKE
8,0.0,0.0,BRAKE
8,0.0,0.0,BRAKE
8,0.0,0.0,BRAKE
8,0.0,0.0,BRAKE
8,0.0,0.0,BRAKE
8,0.0,0.0,BRAKE
8,0.0,0.0,BRAKE
8,0.0,0.0,BRAKE
8,0.0,0.0,BRAKE
8,0.0,0.0,BRAKE
8,0.0,0.0,BRAKE
8,0.0,0.0,BRAKE
8,0.0,0.0,BRAKE
8,0.0,0.0,BRAKE
8,0.0,0.0,BRAKE
8,0.0,0.0,BRAKE
8,0.0,0.0,BRAKE
8,0.0,0.0,BRAKE
8,0.0,0.0,BRAKE
8,0.0,0.0,BRAKE
8,0.0,0.0,BRAKE
8,0.0,0.0,BRAKE
8,0.0,0.0,BRAKE
8,0.0,0.0,BRAKE
8,0.0,0.0,BRAKE
8,0.0,0.0,BRAKE
8,0.0,0.0,BRAKE
8,0.0,0.0,BRAKE
8,0.0,0.0,BRAKE
8,0.0,0.0,BRAKE
8,0.0,0.0,BRAKE
8,0.0,0.0,BRAKE
8,0.0,0.0,BRAKE
8,0.0,0.0,BRAKE
8,0.0,0.0,BRAKE
8,0.0,0.0,BRAKE
8,0.0,0.0,BRAKE
8,0.0,0.0,BRAKE
8,0.0,0.0,BRAKE
8,0.0,0.0,BRAKE
8,0.0,0.0,BRAKE
8,0.0,0.0,BRAKE
8,0.0,0.0,BRAKE
8,0.0,0.0,BRAKE
8,0.0,0.0,BRAKE
8,0.0,0.0,BRAKE
8,0.0,0.0,BRAKE
8,0.0,0.0,BRAKE
8,0.0,0.0,BRAKE
8,0.0,0.0,BRAKE
8,0.0,0.0,BRAKE
8,0.0,0.0,BRAKE
8,0.0,0.0,BRAKE
8,0.0,0.0,BRAKE
8,0.0,0.0,BRAKE
8,0.0,0.0,BRAKE
8,0.0,0.0,BRAKE
8,0.0,0.0,BRAKE
8,0.0,0.0,BRAKE
8,0.0,0.0,BRAKE
8,0.0,0.0,BRAKE
8,0.0,0.0,BRAKE
8,0.0,0.0,BRAKE
8,0.0,0.0,BRAKE
8,0.0,0.0,BRAKE
8,0.0,0.0,BRAKE
8,0.0,0.0,BRAKE
8,0.0,0.0,BRAKE
8,0.0,0.0,BRAKE
8,0.0,0.0,BRAKE
8,0.0,0.0,BRAKE
8,0.0,0.0,BRAKE
8,0.0,0.0,BRAKE
8,0.0,0.0,BRAKE
8,0.0,0.0,BRAKE
8,0.0,0.0,BRAKE
8,0.0,0.0,BRAKE
8,0.0,0.0,BRAKE
8,0.0,0.0,BRAKE
8,0.0,0.0,BRAKE
8,0.0,0.0,BRAKE
8,0.0,0.0,BRAKE
8,0.0,0.0,BRAKE
8,0.0,0.0,BRAKE
8,0.0,0.0,BRAKE
8,0.0,0.0,BRAKE
8,0.0,0.0,BRAKE
8,0.0,0.0,BRAKE
8,0.0,0.0,BRAKE
8,0.0,0.0,BRAKE
8,0.0,0.0,BRAKE
8,0.0,0.0,BRAKE
8,0.0,0.0,BRAKE
8,0.0,0.0,BRAKE
8,0.0,0.0,BRAKE
8,0.0,0.0,BRAKE
8,0.0,0.0,BRAKE
8,0.0,0.0,BRAKE
8,0.0,0.0,BRAKE
8,0.0,0.0,BRAKE
8,0.0,0.0,BRAKE
8,0.0,0.0,BRAKE
8,0.0,0.0,BRAKE
8,0.0,0.0,BRAKE
8,0.0,0.0,BRAKE
8,0.0,0.0,BRAKE
8,0.0,0.0,BRAKE
8,0.0,0.0,BRAKE
8,0.0,0.0,BRAKE
8,0.0,0.0,BRAKE
8,0.0,0.0,BRAKE
8,0.0,0.0,BRAKE
8,0.0,0.0,BRAKE
8,0.0,0.0,BRAKE
8,0.0,0.0,BRAKE
8,0.0,0.0,BRAKE
8,0.0,0.0,BRAKE
8,0.0,0.0,BRAKE
8,0.0,0.0,BRAKE
8,0.0,0.0,BRAKE
8,0.0,0.0,BRAKE
8,0.0,0.0,BRAKE
8,0.0,0.0,BRAKE
8,0.0,0.0,BRAKE
8,0.0,0.0,BRAKE
8,0.0,0.0,BRAKE
8,0.0,0.0,BRAKE
8,0.0,0.0,BRAKE
8,0.0,0.0,BRAKE
8,0.0,0.0,BRAKE
8,0.0,0.0,BRAKE
8,0.0,0.0,BRAKE
8,0.0,0.0,BRAKE
8,0.0,0.0,BRAKE
8,0.0,0.0,BRAKE
8,0.0,0.0,BRAKE
8,0.0,0.0,BRAKE
8,0.0,0.0,BRAKE
8,0.0,0.0,BRAKE
8,0.0,0.0,BRAKE
8,0.0,0.0,BRAKE
8,0.0,0.0,BRAKE
8,0.0,0.0,BRAKE
8,0.0,0.0,BRAKE
8,0.0,0.0,BRAKE
8,0.0,0.0,BRAKE
8,0.0,0.0,BRAKE
8,0.0,0.0,BRAKE
8,0.0,0.0,BRAKE
8,0.0,0.0,BRAKE
8,0.0,0.0,BRAKE
8,0.0,0.0,BRAKE
8,0.0,0.0,BRAKE
8,0.0,0.0,BRAKE
8,0.0,0.0,BRAKE
8,0.0,0.0,BRAKE
8,0.0,0.0,BRAKE
8,0.0,0.0,BRAKE
8,0.0,0.0,BRAKE
8,0.0,0.0,BRAKE
8,0.0,0.0,BRAKE
8,0.0,0.0,BRAKE
8,0.0,0.0,BRAKE
8,0.0,0.0,BRAKE
8,0.0,0.0,BRAKE
8,0.0,0.0,BRAKE
8,0.0,0.0,BRAKE
8,0.0,0.0,BRAKE
8,0.0,0.0,BRAKE
8,0.0,0.0,BRAKE
8,0.0,0.0,BRAKE
8,0.0,0.0,BRAKE
8,0.0,0.0,BRAKE
8,0.0,0.0,BRAKE
8,0.0,0.0,BRAKE
8,0.0,0.0,BRAKE
8,0.0,0.0,BRAKE
8,0.0,0.0,BRAKE
8,0.0,0.0,BRAKE
8,0.0,0.0,BRAKE
8,0.0,0.0,BRAKE
8,0.0,0.0,BRAKE
8,0.0,0.0,BRAKE
8,0.0,0.0,BRAKE
8,0.0,0.0,BRAKE
8,0.0,0.0,BRAKE
8,0.0,0.0,BRAKE
8,0.0,0.0,BRAKE
8,0.0,0.0,BRAKE
8,0.0,0.0,BRAKE
8,0.0,0.0,BRAKE
8,0.0,0.0,BRAKE
8,0.0,0.0,BRAKE
8,0.0,0.0,BRAKE
8,0.0,0.0,BRAKE
8,0.0,0.0,BRAKE
8,0.0,0.0,BRAKE
8,0.0,0.0,BRAKE
8,0.0,0.0,BRAKE
8,0.0,0.0,BRAKE
8,0.0,0.0,BRAKE
8,0.0,0.0,BRAKE
8,0.0,0.0,BRAKE
8,0.0,0.0,BRAKE
8,0.0,0.0,BRAKE
8,0.0,0.0,BRAKE
8,0.0,0.0,BRAKE
8,0.0,0.0,BRAKE
8,0.0,0.0,BRAKE
8,0.0,0.0,BRAKE
8,0.0,0.0,BRAKE
8,0.0,0.0,BRAKE
8,0.0,0.0,BRAKE
8,0.0,0.0,BRAKE
8,0.0,0.0,BRAKE
8,0.0,0.0,BRAKE
8,0.0,0.0,BRAKE
8,0.0,0.0,BRAKE
8,0.0,0.0,BRAKE
8,0.0,0.0,BRAKE
8,0.0,0.0,BRAKE
8,0.0,0.0,BRAKE
8,0.0,0.0,BRAKE
8,0.0,0.0,BRAKE
8,0.0,0.0,BRAKE
8,0.0,0.0,BRAKE
8,0.0,0.0,BRAKE
8,0.0,0.0,BRAKE
8,0.0,0.0,BRAKE
8,0.0,0.0,BRAKE
8,0.0,0.0,BRAKE
8,0.0,0.0,BRAKE
8,0.0,0.0,BRAKE
8,0.0,0.0,BRAKE
8,0.0,0.0,BRAKE
8,0.0,0.0,BRAKE
8,0.0,0.0,BRAKE
8,0.0,0.0,BRAKE
8,0.0,0.0,BRAKE
8,0.0,0.0,BRAKE
8,0.0,0.0,BRAKE
8,0.0,0.0,BRAKE
8,0.0,0.0,BRAKE
8,0.0,0.0,BRAKE
8,0.0,0.0,BRAKE
8,0.0,0.0,BRAKE
8,0.0,0.0,BRAKE
8,0.0,0.0,BRAKE
8,0.0,0.0,BRAKE
8,0.0,0.0,BRAKE
8,0.0,0.0,BRAKE
8,0.0,0.0,BRAKE
8,0.0,0.0,BRAKE
8,0.0,0.0,BRAKE
8,0.0,0.0,BRAKE
8,0.0,0.0,BRAKE
8,0.0,0.0,BRAKE
8,0.0,0.0,BRAKE
8,0.0,0.0,BRAKE
8,0.0,0.0,BRAKE
8,0.0,0.0,BRAKE
8,0.0,0.0,BRAKE
8,0.0,0.0,BRAKE
8,0.0,0.0,BRAKE
8,0.0,0.0,BRAKE
8,0.0,0.0,BRAKE
8,0.0,0.0,BRAKE
8,0.0,0.0,BRAKE
8,0.0,0.0,BRAKE
8,0.0,0.0,BRAKE
8,0.0,0.0,BRAKE
8,0.0,0.0,BRAKE
8,0.0,0.0,BRAKE
8,0.0,0.0,BRAKE
8,0.0,0.0,BRAKE
8,0.0,0.0,BRAKE
8,0.0,0.0,BRAKE
8,0.0,0.0,BRAKE
8,0.0,0.0,BRAKE
8,0.0,0.0,BRAKE
8,0.0,0.0,BRAKE
8,0.0,0.0,BRAKE
8,0.0,0.0,BRAKE
8,0.0,0.0,BRAKE
8,0.0,0.0,BRAKE
8,0.0,0.0,BRAKE
8,0.0,0.0,BRAKE
8,0.0,0.0,BRAKE
8,0.0,0.0,BRAKE
8,0.0,0.0,BRAKE
8,0.0,0.0,BRAKE
8,0.0,0.0,BRAKE
8,0.0,0.0,BRAKE
8,0.0,0.0,BRAKE
8,0.0,0.0,BRAKE
8,0.0,0.0,BRAKE
8,0.0,0.0,BRAKE
8,0.0,0.0,BRAKE
8,0.0,0.0,BRAKE
8,0.0,0.0,BRAKE
8,0.0,0.0,BRAKE
8,0.0,0.0,BRAKE
8,0.0,0.0,BRAKE
8,0.0,0.0,BRAKE
8,0.0,0.0,BRAKE
8,0.0,0.0,BRAKE
8,0.0,0.0,BRAKE
8,0.0,0.0,BRAKE
8,0.0,0.0,BRAKE
8,0.0,0.0,BRAKE
8,0.0,0.0,BRAKE
8,0.0,0.0,BRAKE
8,0.0,0.0,BRAKE
8,0.0,0.0,BRAKE
8,0.0,0.0,BRAKE
8,0.0,0.0,BRAKE
8,0.0,0.0,BRAKE
8,0.0,0.0,BRAKE
8,0.0,0.0,BRAKE
8,0.0,0.0,BRAKE
8,0.0,0.0,BRAKE
8,0.0,0.0,BRAKE
8,0.0,0.0,BRAKE
8,0.0,0.0,BRAKE
8,0.0,0.0,BRAKE
8,0.0,0.0,BRAKE
8,0.0,0.0,BRAKE
8,0.0,0.0,BRAKE
8,0.0,0.0,BRAKE
8,0.0,0.0,BRAKE
8,0.0,0.0,BRAKE
8,0.0,0.0,BRAKE
8,0.0,0.0,BRAKE
8,0.0,0.0,BRAKE
8,0.0,0.0,BRAKE
8,0.0,0.0,BRAKE
8,0.0,0.0,BRAKE
8,0.0,0.0,BRAKE
8,0.0,0.0,BRAKE
8,0.0,0.0,BRAKE
8,0.0,0.0,BRAKE
8,0.0,0.0,BRAKE
8,0.0,0.0,BRAKE
8,0.0,0.0,BRAKE
8,0.0,0.0,BRAKE
8,0.0,0.0,BRAKE
8,0.0,0.0,BRAKE
8,0.0,0.0,BRAKE
8,0.0,0.0,BRAKE
8,0.0,0.0,BRAKE
8,0.0,0.0,BRAKE
8,0.0,0.0,BRAKE
8,0.0,0.0,BRAKE
8,0.0,0.0,BRAKE
8,0.0,0.0,BRAKE
8,0.0,0.0,BRAKE
8,0.0,0.0,BRAKE
8,0.0,0.0,BRAKE
8,0.0,0.0,BRAKE
8,0.0,0.0,BRAKE
8,0.0,0.0,BRAKE
8,0.0,0.0,BRAKE
8,0.0,0.0,BRAKE
8,0.0,0.0,BRAKE
8,0.0,0.0,BRAKE
8,0.0,0.0,BRAKE
8,0.0,0.0,BRAKE
8,0.0,0.0,BRAKE
8,0.0,0.0,BRAKE
8,0.0,0.0,BRAKE
8,0.0,0.0,BRAKE
8,0.0,0.0,BRAKE
8,0.0,0.0,BRAKE
8,0.0,0.0,BRAKE
8,0.0,0.0,BRAKE
8,0.0,0.0,BRAKE
8,0.0,0.0,BRAKE
8,0.0,0.0,BRAKE
8,0.0,0.0,BRAKE
8,0.0,0.0,BRAKE
8,0.0,0.0,BRAKE
8,0.0,0.0,BRAKE
8,0.0,0.0,BRAKE
8,0.0,0.0,BRAKE
8,0.0,0.0,BRAKE
8,0.0,0.0,BRAKE
8,0.0,0.0,BRAKE
8,0.0,0.0,BRAKE
8,0.0,0.0,BRAKE
8,0.0,0.0,BRAKE
8,0.0,0.0,BRAKE
8,0.0,0.0,BRAKE
8,0.0,0.0,BRAKE
8,0.0,0.0,BRAKE
8,0.0,0.0,BRAKE
8,0.0,0.0,BRAKE
8,0.0,0.0,BRAKE
8,0.0,0.0,BRAKE
8,0.0,0.0,BRAKE
8,0.0,0.0,BRAKE
8,0.0,0.0,BRAKE
8,0.0,0.0,BRAKE
8,0.0,0.0,BRAKE
8,0.0,0.0,BRAKE
8,0.0,0.0,BRAKE
8,0.0,0.0,BRAKE
8,0.0,0.0,BRAKE
8,0.0,0.0,BRAKE
8,0.0,0.0,BRAKE
8,0.0,0.0,BRAKE
8,0.0,0.0,BRAKE
8,0.0,0.0,BRAKE
8,0.0,0.0,BRAKE
8,0.0,0.0,BRAKE
8,0.0,0.0,BRAKE
8,0.0,0.0,BRAKE
8,0.0,0.0,BRAKE
8,0.0,0.0,BRAKE
8,0.0,0.0,BRAKE
8,0.0,0.0,BRAKE
8,0.0,0.0,BRAKE
8,0.0,0.0,BRAKE
8,0.0,0.0,BRAKE
8,0.0,0.0,BRAKE
8,0.0,0.0,BRAKE
8,0.0,0.0,BRAKE
8,0.0,0.0,BRAKE
8,0.0,0.0,BRAKE
8,0.0,0.0,BRAKE
8,0.0,0.0,BRAKE
8,0.0,0.0,BRAKE
8,0.0,0.0,BRAKE
8,0.0,0.0,BRAKE
8,0.0,0.0,BRAKE
8,0.0,0.0,BRAKE
8,0.0,0.0,BRAKE
8,0.0,0.0,BRAKE
8,0.0,0.0,BRAKE
8,0.0,0.0,BRAKE
8,0.0,0.0,BRAKE
8,0.0,0.0,BRAKE
8,0.0,0.0,BRAKE
8,0.0,0.0,BRAKE
8,0.0,0.0,BRAKE
8,0.0,0.0,BRAKE
8,0.0,0.0,BRAKE
8,0.0,0.0,BRAKE
8,0.0,0.0,BRAKE
8,0.0,0.0,BRAKE
8,0.0,0.0,BRAKE
8,0.0,0.0,BRAKE
8,0.0,0.0,BRAKE
8,0.0,0.0,BRAKE
8,0.0,0.0,BRAKE
8,0.0,0.0,BRAKE
8,0.0,0.0,BRAKE
8,0.0,0.0,BRAKE
8,0.0,0.0,BRAKE
8,0.0,0.0,BRAKE
8,0.0,0.0,BRAKE
8,0.0,0.0,BRAKE
8,0.0,0.0,BRAKE
8,0.0,0.0,BRAKE
8,0.0,0.0,BRAKE
8,0.0,0.0,BRAKE
8,0.0,0.0,BRAKE
8,0.0,0.0,BRAKE
8,0.0,0.0,BRAKE
8,0.0,0.0,BRAKE
8,0.0,0.0,BRAKE
8,0.0,0.0,BRAKE
8,0.0,0.0,BRAKE
8,0.0,0.0,BRAKE
8,0.0,0.0,BRAKE
8,0.0,0.0,BRAKE
8,0.0,0.0,BRAKE
8,0.0,0.0,BRAKE
8,0.0,0.0,BRAKE
8,0.0,0.0,BRAKE
8,0.0,0.0,BRAKE
8,0.0,0.0,BRAKE
8,0.0,0.0,BRAKE
8,0.0,0.0,BRAKE
8,0.0,0.0,BRAKE
8,0.0,0.0,BRAKE
8,0.0,0.0,BRAKE
8,0.0,0.0,BRAKE
8,0.0,0.0,BRAKE
8,0.0,0.0,BRAKE
8,0.0,0.0,BRAKE
8,0.0,0.0,BRAKE
8,0.0,0.0,BRAKE
8,0.0,0.0,BRAKE
8,0.0,0.0,BRAKE
8,0.0,0.0,BRAKE
8,0.0,0.0,BRAKE
8,0.0,0.0,BRAKE
8,0.0,0.0,BRAKE
8,0.0,0.0,BRAKE
8,0.0,0.0,BRAKE
8,0.0,0.0,BRAKE
8,0.0,0.0,BRAKE
8,0.0,0.0,BRAKE
8,0.0,0.0,BRAKE
8,0.0,0.0,BRAKE
8,0.0,0.0,BRAKE
8,0.0,0.0,BRAKE
8,0.0,0.0,BRAKE
8,0.0,0.0,BRAKE
8,0.0,0.0,BRAKE
8,0.0,0.0,BRAKE
8,0.0,0.0,BRAKE
8,0.0,0.0,BRAKE
8,0.0,0.0,BRAKE
8,0.0,0.0,BRAKE
8,0.0,0.0,BRAKE
8,0.0,0.0,BRAKE
8,0.0,0.0,BRAKE
8,0.0,0.0,BRAKE
8,0.0,0.0,BRAKE
8,0.0,0.0,BRAKE
8,0.0,0.0,BRAKE
8,0.0,0.0,BRAKE
8,0.0,0.0,BRAKE
8,0.0,0.0,BRAKE
8,0.0,0.0,BRAKE
8,0.0,0.0,BRAKE
8,0.0,0.0,BRAKE
8,0.0,0.0,BRAKE
8,0.0,0.0,BRAKE
8,0.0,0.0,BRAKE
8,0.0,0.0,BRAKE
8,0.0,0.0,BRAKE
8,0.0,0.0,BRAKE
8,0.0,0.0,BRAKE
8,0.0,0.0,BRAKE
8,0.0,0.0,BRAKE
1,0.0,0.0,BRAKE
1,0.0,0.0,BRAKE
8,0.0,0.0,BRAKE
8,0.0,0.0,BRAKE
8,0.0,0.0,BRAKE
8,0.0,0.0,BRAKE
8,0.0,0.0,BRAKE
8,0.0,0.0,BRAKE
8,0.0,0.0,BRAKE
8,0.0,0.0,BRAKE
8,0.0,0.0,BRAKE
8,0.0,0.0,BRAKE
1,0.0,0.0,BRAKE
1,0.0,0.0,BRAKE
1,0.0,0.0,BRAKE
1,0.0,0.0,BRAKE
1,0.0,0.0,BRAKE
1,0.0,0.0,BRAKE
1,0.0,0.0,BRAKE
8,0.0,0.0,BRAKE
8,0.0,0.0,BRAKE
8,0.0,0.0,BRAKE
8,0.0,0.0,BRAKE
8,0.0,0.0,BRAKE
8,0.0,0.0,BRAKE
8,0.0,0.0,BRAKE
8,0.0,0.0,BRAKE
8,0.0,0.0,BRAKE
8,0.0,0.0,BRAKE
8,0.0,0.0,BRAKE
8,0.0,0.0,BRAKE
8,0.0,0.0,BRAKE
8,0.0,0.0,BRAKE
8,0.0,0.0,BRAKE
8,0.0,0.0,BRAKE
8,0.0,0.0,BRAKE
8,0.0,0.0,BRAKE
8,0.0,0.0,BRAKE
8,0.0,0.0,BRAKE
8,0.0,0.0,BRAKE
8,0.0,0.0,BRAKE
8,0.0,0.0,BRAKE
8,0.0,0.0,BRAKE
8,0.0,0.0,BRAKE
8,0.0,0.0,BRAKE
8,0.0,0.0,BRAKE
8,0.0,0.0,BRAKE
8,0.0,0.0,BRAKE
8,0.0,0.0,BRAKE
8,0.0,0.0,BRAKE
8,0.0,0.0,BRAKE
8,0.0,0.0,BRAKE
8,0.0,0.0,BRAKE
8,0.0,0.0,BRAKE
8,0.0,0.0,BRAKE
8,0.0,0.0,BRAKE
8,0.0,0.0,BRAKE
8,0.0,0.0,BRAKE
8,0.0,0.0,BRAKE
8,0.0,0.0,BRAKE
8,0.0,0.0,BRAKE
8,0.0,0.0,BRAKE
8,0.0,0.0,BRAKE
8,0.0,0.0,BRAKE
8,0.0,0.0,BRAKE
8,0.0,0.0,BRAKE
8,0.0,0.0,BRAKE
8,0.0,0.0,BRAKE
8,0.0,0.0,BRAKE
8,0.0,0.0,BRAKE
8,0.0,0.0,BRAKE
8,0.0,0.0,BRAKE
8,0.0,0.0,BRAKE
8,0.0,0.0,BRAKE
8,0.0,0.0,BRAKE
8,0.0,0.0,BRAKE
8,0.0,0.0,BRAKE
8,0.0,0.0,BRAKE
8,0.0,0.0,BRAKE
8,0.0,0.0,BRAKE
8,0.0,0.0,BRAKE
8,0.0,0.0,BRAKE
8,0.0,0.0,BRAKE
8,0.0,0.0,BRAKE
8,0.0,0.0,BRAKE
8,0.0,0.0,BRAKE
8,0.0,0.0,BRAKE
8,0.0,0.0,BRAKE
8,0.0,0.0,BRAKE
8,0.0,0.0,BRAKE
8,0.0,0.0,BRAKE
8,0.0,0.0,BRAKE
8,0.0,0.0,BRAKE
8,0.0,0.0,BRAKE
8,0.0,0.0,BRAKE
8,0.0,0.0,BRAKE
8,0.0,0.0,BRAKE
8,0.0,0.0,BRAKE
8,0.0,0.0,BRAKE
8,0.0,0.0,BRAKE
8,0.0,0.0,BRAKE
8,0.0,0.0,BRAKE
8,0.0,0.0,BRAKE
8,0.0,0.0,BRAKE
8,0.0,0.0,BRAKE
8,0.0,0.0,BRAKE
8,0.0,0.0,BRAKE
8,0.0,0.0,BRAKE
8,0.0,0.0,BRAKE
8,0.0,0.0,BRAKE
8,0.0,0.0,BRAKE
8,0.0,0.0,BRAKE
8,0.0,0.0,BRAKE
8,0.0,0.0,BRAKE
8,0.0,0.0,BRAKE
8,0.0,0.0,BRAKE
8,0.0,0.0,BRAKE
8,0.0,0.0,BRAKE
8,0.0,0.0,BRAKE
8,0.0,0.0,BRAKE
8,0.0,0.0,BRAKE
8,0.0,0.0,BRAKE
8,0.0,0.0,BRAKE
8,0.0,0.0,BRAKE
8,0.0,0.0,BRAKE
8,0.0,0.0,BRAKE
8,0.0,0.0,BRAKE
8,0.0,0.0,BRAKE
8,0.0,0.0,BRAKE
8,0.0,0.0,BRAKE
8,0.0,0.0,BRAKE
8,0.0,0.0,BRAKE
8,0.0,0.0,BRAKE
8,0.0,0.0,BRAKE
8,0.0,0.0,BRAKE
8,0.0,0.0,BRAKE
8,0.0,0.0,BRAKE
8,0.0,0.0,BRAKE
8,0.0,0.0,BRAKE
8,0.0,0.0,BRAKE
8,0.0,0.0,BRAKE
8,0.0,0.0,BRAKE
8,0.0,0.0,BRAKE
8,0.0,0.0,BRAKE
8,0.0,0.0,BRAKE
8,0.0,0.0,BRAKE
1,0.0,0.0,BRAKE
1,0.0,0.0,BRAKE
8,0.0,0.0,BRAKE
8,0.0,0.0,BRAKE
8,0.0,0.0,BRAKE
8,0.0,0.0,BRAKE
8,0.0,0.0,BRAKE
8,0.0,0.0,BRAKE
8,0.0,0.0,BRAKE
8,0.0,0.0,BRAKE
8,0.0,0.0,BRAKE
8,0.0,0.0,BRAKE
8,0.0,0.0,BRAKE
8,0.0,0.0,BRAKE
8,0.0,0.0,BRAKE
8,0.0,0.0,BRAKE
8,0.0,0.0,BRAKE
8,0.0,0.0,BRAKE
8,0.0,0.0,BRAKE
8,0.0,0.0,BRAKE
8,0.0,0.0,BRAKE
8,0.0,0.0,BRAKE
8,0.0,0.0,BRAKE
8,0.0,0.0,BRAKE
8,0.0,0.0,BRAKE
8,0.0,0.0,BRAKE
8,0.0,0.0,BRAKE
8,0.0,0.0,BRAKE
8,0.0,0.0,BRAKE
8,0.0,0.0,BRAKE
8,0.0,0.0,BRAKE
8,0.0,0.0,BRAKE
8,0.0,0.0,BRAKE
8,0.0,0.0,BRAKE
8,0.0,0.0,BRAKE
8,0.0,0.0,BRAKE
8,0.0,0.0,BRAKE
8,0.0,0.0,BRAKE
8,0.0,0.0,BRAKE
8,0.0,0.0,BRAKE
8,0.0,0.0,BRAKE
8,0.0,0.0,BRAKE
8,0.0,0.0,BRAKE
8,0.0,0.0,BRAKE
8,0.0,0.0,BRAKE
8,0.0,0.0,BRAKE
8,0.0,0.0,BRAKE
8,0.0,0.0,BRAKE
8,0.0,0.0,BRAKE
8,0.0,0.0,BRAKE
8,0.0,0.0,BRAKE
8,0.0,0.0,BRAKE
8,0.0,0.0,BRAKE
8,0.0,0.0,BRAKE
8,0.0,0.0,BRAKE
8,0.0,0.0,BRAKE
8,0.0,0.0,BRAKE
8,0.0,0.0,BRAKE
8,0.0,0.0,BRAKE
8,0.0,0.0,BRAKE
8,0.0,0.0,BRAKE
8,0.0,0.0,BRAKE
8,0.0,0.0,BRAKE
8,0.0,0.0,BRAKE
8,0.0,0.0,BRAKE
8,0.0,0.0,BRAKE
8,0.0,0.0,BRAKE
8,0.0,0.0,BRAKE
8,0.0,0.0,BRAKE
8,0.0,0.0,BRAKE
8,0.0,0.0,BRAKE
8,0.0,0.0,BRAKE
8,0.0,0.0,BRAKE
8,0.0,0.0,BRAKE
8,0.0,0.0,BRAKE
8,0.0,0.0,BRAKE
8,0.0,0.0,BRAKE
8,0.0,0.0,BRAKE
8,0.0,0.0,BRAKE
8,0.0,0.0,BRAKE
8,0.0,0.0,BRAKE
8,0.0,0.0,BRAKE
8,0.0,0.0,BRAKE
8,0.0,0.0,BRAKE
8,0.0,0.0,BRAKE
8,0.0,0.0,BRAKE
8,0.0,0.0,BRAKE
8,0.0,0.0,BRAKE
8,0.0,0.0,BRAKE
8,0.0,0.0,BRAKE
8,0.0,0.0,BRAKE
8,0.0,0.0,BRAKE
8,0.0,0.0,BRAKE
8,0.0,0.0,BRAKE
8,0.0,0.0,BRAKE
8,0.0,0.0,BRAKE
8,0.0,0.0,BRAKE
8,0.0,0.0,BRAKE
8,0.0,0.0,BRAKE
8,0.0,0.0,BRAKE
8,0.0,0.0,BRAKE
8,0.0,0.0,BRAKE
8,0.0,0.0,BRAKE
8,0.0,0.0,BRAKE
8,0.0,0.0,BRAKE
8,0.0,0.0,BRAKE
8,0.0,0.0,BRAKE
8,0.0,0.0,BRAKE
8,0.0,0.0,BRAKE
8,0.0,0.0,BRAKE
8,0.0,0.0,BRAKE
8,0.0,0.0,BRAKE
8,0.0,0.0,BRAKE
8,0.0,0.0,BRAKE
8,0.0,0.0,BRAKE
8,0.0,0.0,BRAKE
8,0.0,0.0,BRAKE
8,0.0,0.0,BRAKE
8,0.0,0.0,BRAKE
8,0.0,0.0,BRAKE
8,0.0,0.0,BRAKE
8,0.0,0.0,BRAKE
8,0.0,0.0,BRAKE
8,0.0,0.0,BRAKE
8,0.0,0.0,BRAKE
8,0.0,0.0,BRAKE
8,0.0,0.0,BRAKE
8,0.0,0.0,BRAKE
8,0.0,0.0,BRAKE
8,0.0,0.0,BRAKE
8,0.0,0.0,BRAKE
8,0.0,0.0,BRAKE
8,0.0,0.0,BRAKE
1,0.0,0.0,BRAKE
1,0.0,0.0,BRAKE
8,0.0,0.0,BRAKE
8,0.0,0.0,BRAKE
8,0.0,0.0,BRAKE
8,0.0,0.0,BRAKE
8,0.0,0.0,BRAKE
8,0.0,0.0,BRAKE
8,0.0,0.0,BRAKE
8,0.0,0.0,BRAKE
8,0.0,0.0,BRAKE
8,0.0,0.0,BRAKE
8,0.0,0.0,BRAKE
8,0.0,0.0,BRAKE
8,0.0,0.0,BRAKE
8,0.0,0.0,BRAKE
8,0.0,0.0,BRAKE
8,0.0,0.0,BRAKE
8,0.0,0.0,BRAKE
8,0.0,0.0,BRAKE
8,0.0,0.0,BRAKE
8,0.0,0.0,BRAKE
8,0.0,0.0,BRAKE
8,0.0,0.0,BRAKE
8,0.0,0.0,BRAKE
8,0.0,0.0,BRAKE
8,0.0,0.0,BRAKE
8,0.0,0.0,BRAKE
8,0.0,0.0,BRAKE
8,0.0,0.0,BRAKE
8,0.0,0.0,BRAKE
8,0.0,0.0,BRAKE
8,0.0,0.0,BRAKE
8,0.0,0.0,BRAKE
8,0.0,0.0,BRAKE
8,0.0,0.0,BRAKE
8,0.0,0.0,BRAKE
8,0.0,0.0,BRAKE
8,0.0,0.0,BRAKE
8,0.0,0.0,BRAKE
8,0.0,0.0,BRAKE
8,0.0,0.0,BRAKE
8,0.0,0.0,BRAKE
8,0.0,0.0,BRAKE
8,0.0,0.0,BRAKE
8,0.0,0.0,BRAKE
8,0.0,0.0,BRAKE
8,0.0,0.0,BRAKE
8,0.0,0.0,BRAKE
8,0.0,0.0,BRAKE
8,0.0,0.0,BRAKE
8,0.0,0.0,BRAKE
8,0.0,0.0,BRAKE
8,0.0,0.0,BRAKE
8,0.0,0.0,BRAKE
8,0.0,0.0,BRAKE
8,0.0,0.0,BRAKE
8,0.0,0.0,BRAKE
8,0.0,0.0,BRAKE
8,0.0,0.0,BRAKE
8,0.0,0.0,BRAKE
8,0.0,0.0,BRAKE
8,0.0,0.0,BRAKE
8,0.0,0.0,BRAKE
8,0.0,0.0,BRAKE
8,0.0,0.0,BRAKE
8,0.0,0.0,BRAKE
8,0.0,0.0,BRAKE
8,0.0,0.0,BRAKE
8,0.0,0.0,BRAKE
8,0.0,0.0,BRAKE
8,0.0,0.0,BRAKE
8,0.0,0.0,BRAKE
8,0.0,0.0,BRAKE
8,0.0,0.0,BRAKE
8,0.0,0.0,BRAKE
8,0.0,0.0,BRAKE
8,0.0,0.0,BRAKE
8,0.0,0.0,BRAKE
8,0.0,0.0,BRAKE
8,0.0,0.0,BRAKE
8,0.0,0.0,BRAKE
8,0.0,0.0,BRAKE
8,0.0,0.0,BRAKE
8,0.0,0.0,BRAKE
8,0.0,0.0,BRAKE
8,0.0,0.0,BRAKE
8,0.0,0.0,BRAKE
8,0.0,0.0,BRAKE
8,0.0,0.0,BRAKE
8,0.0,0.0,BRAKE
8,0.0,0.0,BRAKE
8,0.0,0.0,BRAKE
8,0.0,0.0,BRAKE
8,0.0,0.0,BRAKE
8,0.0,0.0,BRAKE
8,0.0,0.0,BRAKE
8,0.0,0.0,BRAKE
8,0.0,0.0,BRAKE
8,0.0,0.0,BRAKE
8,0.0,0.0,BRAKE
8,0.0,0.0,BRAKE
8,0.0,0.0,BRAKE
8,0.0,0.0,BRAKE
8,0.0,0.0,BRAKE
8,0.0,0.0,BRAKE
8,0.0,0.0,BRAKE
8,0.0,0.0,BRAKE
8,0.0,0.0,BRAKE
8,0.0,0.0,BRAKE
8,0.0,0.0,BRAKE
8,0.0,0.0,BRAKE
8,0.0,0.0,BRAKE
8,0.0,0.0,BRAKE
8,0.0,0.0,BRAKE
8,0.0,0.0,BRAKE
8,0.0,0.0,BRAKE
8,0.0,0.0,BRAKE
8,0.0,0.0,BRAKE
8,0.0,0.0,BRAKE
8,0.0,0.0,BRAKE
8,0.0,0.0,BRAKE
8,0.0,0.0,BRAKE
8,0.0,0.0,BRAKE
8,0.0,0.0,BRAKE
8,0.0,0.0,BRAKE
8,0.0,0.0,BRAKE
8,0.0,0.0,BRAKE
8,0.0,0.0,BRAKE
8,0.0,0.0,BRAKE
8,0.0,0.0,BRAKE
8,0.0,0.0,BRAKE
8,0.0,0.0,BRAKE
8,0.0,0.0,BRAKE
8,0.0,0.0,BRAKE
8,0.0,0.0,BRAKE
8,0.0,0.0,BRAKE
8,0.0,0.0,BRAKE
8,0.0,0.0,BRAKE
8,0.0,0.0,BRAKE
8,0.0,0.0,BRAKE
8,0.0,0.0,BRAKE
8,0.0,0.0,BRAKE
8,0.0,0.0,BRAKE
8,0.0,0.0,BRAKE
8,0.0,0.0,BRAKE
8,0.0,0.0,BRAKE
8,0.0,0.0,BRAKE
8,0.0,0.0,BRAKE
8,0.0,0.0,BRAKE
8,0.0,0.0,BRAKE
8,0.0,0.0,BRAKE
8,0.0,0.0,BRAKE
8,0.0,0.0,BRAKE
8,0.0,0.0,BRAKE
8,0.0,0.0,BRAKE
8,0.0,0.0,BRAKE
8,0.0,0.0,BRAKE
8,0.0,0.0,BRAKE
8,0.0,0.0,BRAKE
8,0.0,0.0,BRAKE
8,0.0,0.0,BRAKE
8,0.0,0.0,BRAKE
8,0.0,0.0,BRAKE
8,0.0,0.0,BRAKE
8,0.0,0.0,BRAKE
8,0.0,0.0,BRAKE
8,0.0,0.0,BRAKE
8,0.0,0.0,BRAKE
8,0.0,0.0,BRAKE
8,0.0,0.0,BRAKE
8,0.0,0.0,BRAKE
8,0.0,0.0,BRAKE
8,0.0,0.0,BRAKE
8,0.0,0.0,BRAKE
8,0.0,0.0,BRAKE
8,0.0,0.0,BRAKE
8,0.0,0.0,BRAKE
8,0.0,0.0,BRAKE
8,0.0,0.0,BRAKE
8,0.0,0.0,BRAKE
8,0.0,0.0,BRAKE
8,0.0,0.0,BRAKE
8,0.0,0.0,BRAKE
8,0.0,0.0,BRAKE
1,0.0,0.0,BRAKE
1,0.0,0.0,BRAKE
1,0.0,0.0,BRAKE
8,0.0,0.0,BRAKE
8,0.0,0.0,BRAKE
1,0.0,0.0,BRAKE
1,0.0,0.0,BRAKE
1,0.0,0.0,BRAKE
8,0.0,0.0,BRAKE
1,0.0,0.0,BRAKE
1,0.0,0.0,BRAKE
1,0.0,0.0,BRAKE
1,0.0,0.0,BRAKE
1,0.0,0.0,BRAKE
1,0.0,0.0,BRAKE
1,0.0,0.0,BRAKE
1,0.0,0.0,BRAKE
1,0.0,0.0,BRAKE
1,0.0,0.0,BRAKE
1,0.0,0.0,BRAKE
1,0.0,0.0,BRAKE
1,0.0,0.0,BRAKE
1,0.0,0.0,BRAKE
1,0.0,0.0,BRAKE
1,0.0,0.0,BRAKE
1,0.0,0.0,BRAKE
1,0.0,0.0,BRAKE
1,0.0,0.0,BRAKE
1,0.0,0.0,BRAKE
1,0.0,0.0,BRAKE
1,0.0,0.0,BRAKE
1,0.0,0.0,BRAKE
1,0.0,0.0,BRAKE
1,0.0,0.0,BRAKE
1,0.0,0.0,BRAKE
1,0.0,0.0,BRAKE
1,0.0,0.0,BRAKE
1,0.0,0.0,BRAKE
1,0.0,0.0,BRAKE
1,0.0,0.0,BRAKE
1,0.0,0.0,BRAKE
1,0.0,0.0,BRAKE
1,0.0,0.0,BRAKE
1,0.0,0.0,BRAKE
1,0.0,0.0,BRAKE
1,0.0,0.0,BRAKE
1,0.0,0.0,BRAKE
1,0.0,0.0,BRAKE
1,0.0,0.0,BRAKE
1,0.0,0.0,BRAKE
8,0.0,0.0,BRAKE
8,0.0,0.0,BRAKE
8,0.0,0.0,BRAKE
8,0.0,0.0,BRAKE
8,0.0,0.0,BRAKE
1,0.0,0.0,BRAKE
1,0.0,0.0,BRAKE
8,0.0,0.0,BRAKE
8,0.0,0.0,BRAKE
8,0.0,0.0,BRAKE
8,0.0,0.0,BRAKE
1,0.0,0.0,BRAKE
8,0.0,0.0,BRAKE
8,0.0,0.0,BRAKE
8,0.0,0.0,BRAKE
1,0.0,0.0,BRAKE
1,0.0,0.0,BRAKE
8,0.0,0.0,BRAKE
8,0.0,0.0,BRAKE
8,0.0,0.0,BRAKE
8,0.0,0.0,BRAKE
1,0.0,0.0,BRAKE
8,0.0,0.0,BRAKE
1,0.0,0.0,BRAKE
8,0.0,0.0,BRAKE
8,0.0,0.0,BRAKE
8,0.0,0.0,BRAKE
8,0.0,0.0,BRAKE
8,0.0,0.0,BRAKE
8,0.0,0.0,BRAKE
8,0.0,0.0,BRAKE
8,0.0,0.0,BRAKE
8,0.0,0.0,BRAKE
8,0.0,0.0,BRAKE
1,0.0,0.0,BRAKE
8,0.0,0.0,BRAKE
8,0.0,0.0,BRAKE
8,0.0,0.0,BRAKE
8,0.0,0.0,BRAKE
8,0.0,0.0,BRAKE
1,0.0,0.0,BRAKE
1,0.0,0.0,BRAKE
8,0.0,0.0,BRAKE
8,0.0,0.0,BRAKE
8,0.0,0.0,BRAKE
8,0.0,0.0,BRAKE
1,0.0,0.0,BRAKE
8,0.0,0.0,BRAKE
1,0.0,0.0,BRAKE
1,0.0,0.0,BRAKE
1,0.0,0.0,BRAKE
1,0.0,0.0,BRAKE
8,0.0,0.0,BRAKE
8,0.0,0.0,BRAKE
1,0.0,0.0,BRAKE
1,0.0,0.0,BRAKE
1,0.0,0.0,BRAKE
1,0.0,0.0,BRAKE
1,0.0,0.0,BRAKE
1,0.0,0.0,BRAKE
1,0.0,0.0,BRAKE
1,0.0,0.0,BRAKE
1,0.0,0.0,BRAKE
1,0.0,0.0,BRAKE
1,0.0,0.0,BRAKE
8,0.0,0.0,BRAKE
8,0.0,0.0,BRAKE
1,0.0,0.0,BRAKE
8,0.0,0.0,BRAKE
8,0.0,0.0,BRAKE
8,0.0,0.0,BRAKE
8,0.0,0.0,BRAKE
8,0.0,0.0,BRAKE
8,0.0,0.0,BRAKE
1,0.0,0.0,BRAKE
1,0.0,0.0,BRAKE
1,0.0,0.0,BRAKE
1,0.0,0.0,BRAKE
1,0.0,0.0,BRAKE
8,0.0,0.0,BRAKE
8,0.0,0.0,BRAKE
8,0.0,0.0,BRAKE
1,0.0,0.0,BRAKE
1,0.0,0.0,BRAKE
8,0.0,0.0,BRAKE
8,0.0,0.0,BRAKE
8,0.0,0.0,BRAKE
8,0.0,0.0,BRAKE
8,0.0,0.0,BRAKE
8,0.0,0.0,BRAKE
8,0.0,0.0,BRAKE
1,0.0,0.0,BRAKE
8,0.0,0.0,BRAKE
8,0.0,0.0,BRAKE
1,0.0,0.0,BRAKE
1,0.0,0.0,BRAKE
8,0.0,0.0,BRAKE
8,0.0,0.0,BRAKE
8,0.0,0.0,BRAKE
8,0.0,0.0,BRAKE
8,0.0,0.0,BRAKE
8,0.0,0.0,BRAKE
8,0.0,0.0,BRAKE
8,0.0,0.0,BRAKE
8,0.0,0.0,BRAKE
1,0.0,0.0,BRAKE
1,0.0,0.0,BRAKE
1,0.0,0.0,BRAKE
1,0.0,0.0,BRAKE
1,0.0,0.0,BRAKE
1,0.0,0.0,BRAKE
8,0.0,0.0,BRAKE
8,0.0,0.0,BRAKE
1,0.0,0.0,BRAKE
1,0.0,0.0,BRAKE
1,0.0,0.0,BRAKE
1,0.0,0.0,BRAKE
1,0.0,0.0,BRAKE
1,0.0,0.0,BRAKE
1,0.0,0.0,BRAKE
1,0.0,0.0,BRAKE
8,0.0,0.0,BRAKE
8,0.0,0.0,BRAKE
8,0.0,0.0,BRAKE
1,0.0,0.0,BRAKE
8,0.0,0.0,BRAKE
8,0.0,0.0,BRAKE
1,0.0,0.0,BRAKE
8,0.0,0.0,BRAKE
8,0.0,0.0,BRAKE
8,0.0,0.0,BRAKE
8,0.0,0.0,BRAKE
8,0.0,0.0,BRAKE
8,0.0,0.0,BRAKE
8,0.0,0.0,BRAKE
8,0.0,0.0,BRAKE
8,0.0,0.0,BRAKE
8,0.0,0.0,BRAKE
8,0.0,0.0,BRAKE
8,0.0,0.0,BRAKE
8,0.0,0.0,BRAKE
8,0.0,0.0,BRAKE
8,0.0,0.0,BRAKE
8,0.0,0.0,BRAKE
8,0.0,0.0,BRAKE
8,0.0,0.0,BRAKE
8,0.0,0.0,BRAKE
8,0.0,0.0,BRAKE
8,0.0,0.0,BRAKE
8,0.0,0.0,BRAKE
8,0.0,0.0,BRAKE
8,0.0,0.0,BRAKE
8,0.0,0.0,BRAKE
8,0.0,0.0,BRAKE
8,0.0,0.0,BRAKE
8,0.0,0.0,BRAKE
8,0.0,0.0,BRAKE
8,0.0,0.0,BRAKE
8,0.0,0.0,BRAKE
7,0.0,0.0,BRAKE
8,0.0,0.0,BRAKE
7,0.0,0.0,BRAKE
7,0.0,0.0,BRAKE
7,0.0,0.0,BRAKE
7,0.0,0.0,BRAKE
7,0.0,0.0,BRAKE
8,0.0,0.0,BRAKE
8,0.0,0.0,BRAKE
8,0.0,0.0,BRAKE
8,0.0,0.0,BRAKE
8,0.0,0.0,BRAKE
8,0.0,0.0,BRAKE
8,0.0,0.0,BRAKE
8,0.0,0.0,BRAKE
8,0.0,0.0,BRAKE
8,0.0,0.0,BRAKE
8,0.0,0.0,BRAKE
8,0.0,0.0,BRAKE
8,0.0,0.0,BRAKE
8,0.0,0.0,BRAKE
8,0.0,0.0,BRAKE
8,0.0,0.0,BRAKE
8,0.0,0.0,BRAKE
8,0.0,0.0,BRAKE
8,0.0,0.0,BRAKE
8,0.0,0.0,BRAKE
8,0.0,0.0,BRAKE
8,0.0,0.0,BRAKE
8,0.0,0.0,BRAKE
8,0.0,0.0,BRAKE
8,0.0,0.0,BRAKE
8,0.0,0.0,BRAKE
8,0.0,0.0,BRAKE
8,0.0,0.0,BRAKE
8,0.0,0.0,BRAKE
8,0.0,0.0,BRAKE
8,0.0,0.0,BRAKE
8,0.0,0.0,BRAKE
8,0.0,0.0,BRAKE
8,0.0,0.0,BRAKE
8,0.0,0.0,BRAKE
8,0.0,0.0,BRAKE
8,0.0,0.0,BRAKE
8,0.0,0.0,BRAKE
8,0.0,0.0,BRAKE
8,0.0,0.0,BRAKE
8,0.0,0.0,BRAKE
8,0.0,0.0,BRAKE
8,0.0,0.0,BRAKE
8,0.0,0.0,BRAKE
8,0.0,0.0,BRAKE
8,0.0,0.0,BRAKE
8,0.0,0.0,BRAKE
8,0.0,0.0,BRAKE
8,0.0,0.0,BRAKE
8,0.0,0.0,BRAKE
8,0.0,0.0,BRAKE
8,0.0,0.0,BRAKE
8,0.0,0.0,BRAKE
8,0.0,0.0,BRAKE
8,0.0,0.0,BRAKE
8,0.0,0.0,BRAKE
8,0.0,0.0,BRAKE
8,0.0,0.0,BRAKE
8,0.0,0.0,BRAKE
7,0.0,0.0,BRAKE
7,0.0,0.0,BRAKE
7,0.0,0.0,BRAKE
7,0.0,0.0,BRAKE
7,0.0,0.0,BRAKE
7,0.0,0.0,BRAKE
7,0.0,0.0,BRAKE
7,0.0,0.0,BRAKE
7,0.0,0.0,BRAKE
7,0.0,0.0,BRAKE
7,0.0,0.0,BRAKE
7,0.0,0.0,BRAKE
7,0.0,0.0,BRAKE
7,0.0,0.0,BRAKE
7,0.0,0.0,BRAKE
7,0.0,0.0,BRAKE
7,0.0,0.0,BRAKE
7,0.0,0.0,BRAKE
7,0.0,0.0,BRAKE
7,0.0,0.0,BRAKE
7,0.0,0.0,BRAKE
7,0.0,0.0,BRAKE
7,0.0,0.0,BRAKE
7,0.0,0.0,BRAKE
7,0.0,0.0,BRAKE
7,0.0,0.0,BRAKE
7,0.0,0.0,BRAKE
7,0.0,0.0,BRAKE
7,0.0,0.0,BRAKE
8,0.0,0.0,BRAKE
8,0.0,0.0,BRAKE
8,0.0,0.0,BRAKE
8,0.0,0.0,BRAKE
8,0.0,0.0,BRAKE
8,0.0,0.0,BRAKE
7,0.0,0.0,BRAKE
8,0.0,0.0,BRAKE
8,0.0,0.0,BRAKE
8,0.0,0.0,BRAKE
8,0.0,0.0,BRAKE
0,0.0,0.0,BRAKE
0,0.0,0.0,BRAKE
0,0.0,0.0,BRAKE
8,0.0,0.0,BRAKE
8,0.0,0.0,BRAKE
8,0.0,0.0,BRAKE
8,0.0,0.0,BRAKE
8,0.0,0.0,BRAKE
8,0.0,0.0,BRAKE
8,0.0,0.0,BRAKE
8,0.0,0.0,BRAKE
8,0.0,0.0,BRAKE
8,0.0,0.0,BRAKE
8,0.0,0.0,BRAKE
8,0.0,0.0,BRAKE
8,0.0,0.0,BRAKE
8,0.0,0.0,BRAKE
8,0.0,0.0,BRAKE
8,0.0,0.0,BRAKE
8,0.0,0.0,BRAKE
8,0.0,0.0,BRAKE
8,0.0,0.0,BRAKE
8,0.0,0.0,BRAKE
8,0.0,0.0,BRAKE
8,0.0,0.0,BRAKE
8,0.0,0.0,BRAKE
8,0.0,0.0,BRAKE
8,0.0,0.0,BRAKE
8,0.0,0.0,BRAKE
8,0.0,0.0,BRAKE
8,0.0,0.0,BRAKE
8,0.0,0.0,BRAKE
8,0.0,0.0,BRAKE
8,0.0,0.0,BRAKE
8,0.0,0.0,BRAKE
8,0.0,0.0,BRAKE
8,0.0,0.0,BRAKE
8,0.0,0.0,BRAKE
8,0.0,0.0,BRAKE
8,0.0,0.0,BRAKE
8,0.0,0.0,BRAKE
8,0.0,0.0,BRAKE
8,0.0,0.0,BRAKE
8,0.0,0.0,BRAKE
8,0.0,0.0,BRAKE
8,0.0,0.0,BRAKE
8,0.0,0.0,BRAKE
8,0.0,0.0,BRAKE
8,0.0,0.0,BRAKE
8,0.0,0.0,BRAKE
8,0.0,0.0,BRAKE
8,0.0,0.0,BRAKE
8,0.0,0.0,BRAKE
8,0.0,0.0,BRAKE
8,0.0,0.0,BRAKE
8,0.0,0.0,BRAKE
8,0.0,0.0,BRAKE
8,0.0,0.0,BRAKE
8,0.0,0.0,BRAKE
8,0.0,0.0,BRAKE
8,0.0,0.0,BRAKE
8,0.0,0.0,BRAKE
8,0.0,0.0,BRAKE
8,0.0,0.0,BRAKE
8,0.0,0.0,BRAKE
8,0.0,0.0,BRAKE
8,0.0,0.0,BRAKE
8,0.0,0.0,BRAKE
8,0.0,0.0,BRAKE
8,0.0,0.0,BRAKE
8,0.0,0.0,BRAKE
8,0.0,0.0,BRAKE
8,0.0,0.0,BRAKE
8,0.0,0.0,BRAKE
8,0.0,0.0,BRAKE
8,0.0,0.0,BRAKE
8,0.0,0.0,BRAKE
8,0.0,0.0,BRAKE
8,0.0,0.0,BRAKE
8,0.0,0.0,BRAKE
8,0.0,0.0,BRAKE
8,0.0,0.0,BRAKE
8,0.0,0.0,BRAKE
8,0.0,0.0,BRAKE
8,0.0,0.0,BRAKE
8,0.0,0.0,BRAKE
8,0.0,0.0,BRAKE
8,0.0,0.0,BRAKE
8,0.0,0.0,BRAKE
8,0.0,0.0,BRAKE
8,0.0,0.0,BRAKE
8,0.0,0.0,BRAKE
8,0.0,0.0,BRAKE
8,0.0,0.0,BRAKE
8,0.0,0.0,BRAKE
8,0.0,0.0,BRAKE
8,0.0,0.0,BRAKE
8,0.0,0.0,BRAKE
8,0.0,0.0,BRAKE
8,0.0,0.0,BRAKE
8,0.0,0.0,BRAKE
8,0.0,0.0,BRAKE
8,0.0,0.0,BRAKE
8,0.0,0.0,BRAKE
8,0.0,0.0,BRAKE
8,0.0,0.0,BRAKE
8,0.0,0.0,BRAKE
8,0.0,0.0,BRAKE
8,0.0,0.0,BRAKE
8,0.0,0.0,BRAKE
8,0.0,0.0,BRAKE
8,0.0,0.0,BRAKE
8,0.0,0.0,BRAKE
8,0.0,0.0,BRAKE
8,0.0,0.0,BRAKE
8,0.0,0.0,BRAKE
8,0.0,0.0,BRAKE
8,0.0,0.0,BRAKE
8,0.0,0.0,BRAKE
8,0.0,0.0,BRAKE
8,0.0,0.0,BRAKE
8,0.0,0.0,BRAKE
8,0.0,0.0,BRAKE
8,0.0,0.0,BRAKE
8,0.0,0.0,BRAKE
8,0.0,0.0,BRAKE
8,0.0,0.0,BRAKE
8,0.0,0.0,BRAKE
8,0.0,0.0,BRAKE
8,0.0,0.0,BRAKE
8,0.0,0.0,BRAKE
8,0.0,0.0,BRAKE
8,0.0,0.0,BRAKE
8,0.0,0.0,BRAKE
8,0.0,0.0,BRAKE
8,0.0,0.0,BRAKE
8,0.0,0.0,BRAKE
8,0.0,0.0,BRAKE
8,0.0,0.0,BRAKE
8,0.0,0.0,BRAKE
8,0.0,0.0,BRAKE
8,0.0,0.0,BRAKE
8,0.0,0.0,BRAKE
8,0.0,0.0,BRAKE
8,0.0,0.0,BRAKE
8,0.0,0.0,BRAKE
8,0.0,0.0,BRAKE
8,0.0,0.0,BRAKE
8,0.0,0.0,BRAKE
8,0.0,0.0,BRAKE
8,0.0,0.0,BRAKE
8,0.0,0.0,BRAKE
8,0.0,0.0,BRAKE
8,0.0,0.0,BRAKE
8,0.0,0.0,BRAKE
8,0.0,0.0,BRAKE
8,0.0,0.0,BRAKE
8,0.0,0.0,BRAKE
8,0.0,0.0,BRAKE
8,0.0,0.0,BRAKE
8,0.0,0.0,BRAKE
8,0.0,0.0,BRAKE
7,0.0,0.0,BRAKE
8,0.0,0.0,BRAKE
8,0.0,0.0,BRAKE
8,0.0,0.0,BRAKE
8,0.0,0.0,BRAKE
8,0.0,0.0,BRAKE
8,0.0,0.0,BRAKE
8,0.0,0.0,BRAKE
8,0.0,0.0,BRAKE
8,0.0,0.0,BRAKE
8,0.0,0.0,BRAKE
8,0.0,0.0,BRAKE
8,0.0,0.0,BRAKE
8,0.0,0.0,BRAKE
8,0.0,0.0,BRAKE
8,0.0,0.0,BRAKE
8,0.0,0.0,BRAKE
8,0.0,0.0,BRAKE
8,0.0,0.0,BRAKE
8,0.0,0.0,BRAKE
8,0.0,0.0,BRAKE
8,0.0,0.0,BRAKE
8,0.0,0.0,BRAKE
8,0.0,0.0,BRAKE
7,0.0,0.0,BRAKE
7,0.0,0.0,BRAKE
7,0.0,0.0,BRAKE
7,0.0,0.0,BRAKE
7,0.0,0.0,BRAKE
7,0.0,0.0,BRAKE
7,0.0,0.0,BRAKE
7,0.0,0.0,BRAKE
7,0.0,0.0,BRAKE
7,0.0,0.0,BRAKE
7,0.0,0.0,BRAKE
7,0.0,0.0,BRAKE
7,0.0,0.0,BRAKE
7,0.0,0.0,BRAKE
7,0.0,0.0,BRAKE
7,0.0,0.0,BRAKE
7,0.0,0.0,BRAKE
7,0.0,0.0,BRAKE
7,0.0,0.0,BRAKE
7,0.0,0.0,BRAKE
7,0.0,0.0,BRAKE
7,0.0,0.0,BRAKE
7,0.0,0.0,BRAKE
7,0.0,0.0,BRAKE
7,0.0,0.0,BRAKE
7,0.0,0.0,BRAKE
7,0.0,0.0,BRAKE
7,0.0,0.0,BRAKE
7,0.0,0.0,BRAKE
7,0.0,0.0,BRAKE
7,0.0,0.0,BRAKE
7,0.0,0.0,BRAKE
7,0.0,0.0,BRAKE
7,0.0,0.0,BRAKE
7,0.0,0.0,BRAKE
7,0.0,0.0,BRAKE
7,0.0,0.0,BRAKE
7,0.0,0.0,BRAKE
7,0.0,0.0,BRAKE
7,0.0,0.0,BRAKE
7,0.0,0.0,BRAKE
7,0.0,0.0,BRAKE
7,0.0,0.0,BRAKE
7,0.0,0.0,BRAKE
7,0.0,0.0,BRAKE
7,0.0,0.0,BRAKE
7,0.0,0.0,BRAKE
7,0.0,0.0,BRAKE
7,0.0,0.0,BRAKE
7,0.0,0.0,BRAKE
7,0.0,0.0,BRAKE
7,0.0,0.0,BRAKE
7,0.0,0.0,BRAKE
7,0.0,0.0,BRAKE
7,0.0,0.0,BRAKE
7,0.0,0.0,BRAKE
7,0.0,0.0,BRAKE
7,0.0,0.0,BRAKE
7,0.0,0.0,BRAKE
7,0.0,0.0,BRAKE
7,0.0,0.0,BRAKE
7,0.0,0.0,BRAKE
7,0.0,0.0,BRAKE
7,0.0,0.0,BRAKE
7,0.0,0.0,BRAKE
7,0.0,0.0,BRAKE
7,0.0,0.0,BRAKE
7,0.0,0.0,BRAKE
7,0.0,0.0,BRAKE
7,0.0,0.0,BRAKE
7,0.0,0.0,BRAKE
7,0.0,0.0,BRAKE
7,0.0,0.0,BRAKE
7,0.0,0.0,BRAKE
7,0.0,0.0,BRAKE
7,0.0,0.0,BRAKE
7,0.0,0.0,BRAKE
7,0.0,0.0,BRAKE
7,0.0,0.0,BRAKE
7,0.0,0.0,BRAKE
7,0.0,0.0,BRAKE
7,0.0,0.0,BRAKE
7,0.0,0.0,BRAKE
7,0.0,0.0,BRAKE
7,0.0,0.0,BRAKE
7,0.0,0.0,BRAKE
7,0.0,0.0,BRAKE
7,0.0,0.0,BRAKE
7,0.0,0.0,BRAKE
7,0.0,0.0,BRAKE
7,0.0,0.0,BRAKE
7,0.0,0.0,BRAKE
7,0.0,0.0,BRAKE
7,0.0,0.0,BRAKE
7,0.0,0.0,BRAKE
7,0.0,0.0,BRAKE
7,0.0,0.0,BRAKE
7,0.0,0.0,BRAKE
7,0.0,0.0,BRAKE
7,0.0,0.0,BRAKE
7,0.0,0.0,BRAKE
7,0.0,0.0,BRAKE
7,0.0,0.0,BRAKE
7,0.0,0.0,BRAKE
7,0.0,0.0,BRAKE
7,0.0,0.0,BRAKE
7,0.0,0.0,BRAKE
7,0.0,0.0,BRAKE
7,0.0,0.0,BRAKE
7,0.0,0.0,BRAKE
7,0.0,0.0,BRAKE
7,0.0,0.0,BRAKE
7,0.0,0.0,BRAKE
7,0.0,0.0,BRAKE
7,0.0,0.0,BRAKE
7,0.0,0.0,BRAKE
7,0.0,0.0,BRAKE
7,0.0,0.0,BRAKE
7,0.0,0.0,BRAKE
7,0.0,0.0,BRAKE
7,0.0,0.0,BRAKE
7,0.0,0.0,BRAKE
7,0.0,0.0,BRAKE
7,0.0,0.0,BRAKE
7,0.0,0.0,BRAKE
7,0.0,0.0,BRAKE
7,0.0,0.0,BRAKE
7,0.0,0.0,BRAKE
7,0.0,0.0,BRAKE
7,0.0,0.0,BRAKE
7,0.0,0.0,BRAKE
7,0.0,0.0,BRAKE
7,0.0,0.0,BRAKE
7,0.0,0.0,BRAKE
7,0.0,0.0,BRAKE
7,0.0,0.0,BRAKE
7,0.0,0.0,BRAKE
7,0.0,0.0,BRAKE
7,0.0,0.0,BRAKE
7,0.0,0.0,BRAKE
7,0.0,0.0,BRAKE
7,0.0,0.0,BRAKE
7,0.0,0.0,BRAKE
7,0.0,0.0,BRAKE
7,0.0,0.0,BRAKE
7,0.0,0.0,BRAKE
7,0.0,0.0,BRAKE
7,0.0,0.0,BRAKE
7,0.0,0.0,BRAKE
7,0.0,0.0,BRAKE
7,0.0,0.0,BRAKE
7,0.0,0.0,BRAKE
7,0.0,0.0,BRAKE
7,0.0,0.0,BRAKE
7,0.0,0.0,BRAKE
7,0.0,0.0,BRAKE
7,0.0,0.0,BRAKE
7,0.0,0.0,BRAKE
7,0.0,0.0,BRAKE
7,0.0,0.0,BRAKE
7,0.0,0.0,BRAKE
7,0.0,0.0,BRAKE
7,0.0,0.0,BRAKE
7,0.0,0.0,BRAKE
7,0.0,0.0,BRAKE
7,0.0,0.0,BRAKE
7,0.0,0.0,BRAKE
7,0.0,0.0,BRAKE
7,0.0,0.0,BRAKE
7,0.0,0.0,BRAKE
7,0.0,0.0,BRAKE
7,0.0,0.0,BRAKE
7,0.0,0.0,BRAKE
7,0.0,0.0,BRAKE
7,0.0,0.0,BRAKE
7,0.0,0.0,BRAKE
7,0.0,0.0,BRAKE
7,0.0,0.0,BRAKE
7,0.0,0.0,BRAKE
7,0.0,0.0,BRAKE
7,0.0,0.0,BRAKE
7,0.0,0.0,BRAKE
7,0.0,0.0,BRAKE
7,0.0,0.0,BRAKE
7,0.0,0.0,BRAKE
7,0.0,0.0,BRAKE
7,0.0,0.0,BRAKE
7,0.0,0.0,BRAKE
7,0.0,0.0,BRAKE
7,0.0,0.0,BRAKE
7,0.0,0.0,BRAKE
7,0.0,0.0,BRAKE
7,0.0,0.0,BRAKE
7,0.0,0.0,BRAKE
7,0.0,0.0,BRAKE
7,0.0,0.0,BRAKE
7,0.0,0.0,BRAKE
7,0.0,0.0,BRAKE
7,0.0,0.0,BRAKE
7,0.0,0.0,BRAKE
7,0.0,0.0,BRAKE
7,0.0,0.0,BRAKE
7,0.0,0.0,BRAKE
7,0.0,0.0,BRAKE
7,0.0,0.0,BRAKE
7,0.0,0.0,BRAKE
7,0.0,0.0,BRAKE
7,0.0,0.0,BRAKE
7,0.0,0.0,BRAKE
7,0.0,0.0,BRAKE
7,0.0,0.0,BRAKE
7,0.0,0.0,BRAKE
7,0.0,0.0,BRAKE
7,0.0,0.0,BRAKE
7,0.0,0.0,BRAKE
7,0.0,0.0,BRAKE
7,0.0,0.0,BRAKE
7,0.0,0.0,BRAKE
7,0.0,0.0,BRAKE
1,0.0,0.0,BRAKE
3,0.0,0.0,BRAKE
3,0.0,0.0,BRAKE
8,0.0,0.0,BRAKE
8,0.0,0.0,BRAKE
7,0.0,0.0,BRAKE
7,0.0,0.0,BRAKE
7,0.0,0.0,BRAKE
3,0.0,0.0,BRAKE
7,0.0,0.0,BRAKE
3,0.0,0.0,BRAKE
3,0.0,0.0,BRAKE
1,0.0,0.0,BRAKE
1,0.0,0.0,BRAKE
3,0.0,0.0,BRAKE
0,0.0,0.0,BRAKE
0,0.0,0.0,BRAKE
0,0.0,0.0,BRAKE
0,0.0,0.0,BRAKE
3,0.0,0.0,BRAKE
3,0.0,0.0,BRAKE
3,0.0,0.0,BRAKE
3,0.0,0.0,BRAKE
3,0.0,0.0,BRAKE
3,0.0,0.0,BRAKE
3,0.0,0.0,BRAKE
3,0.0,0.0,BRAKE
3,0.0,0.0,BRAKE
3,0.0,0.0,BRAKE
3,0.0,0.0,BRAKE
3,0.0,0.0,BRAKE
3,0.0,0.0,BRAKE
3,0.0,0.0,BRAKE
3,0.0,0.0,BRAKE
3,0.0,0.0,BRAKE
3,0.0,0.0,BRAKE
3,0.0,0.0,BRAKE
3,0.0,0.0,BRAKE
3,0.0,0.0,BRAKE
3,0.0,0.0,BRAKE
3,0.0,0.0,BRAKE
3,0.0,0.0,BRAKE
3,0.0,0.0,BRAKE
3,0.0,0.0,BRAKE
3,0.0,0.0,BRAKE
3,0.0,0.0,BRAKE
3,0.0,0.0,BRAKE
3,0.0,0.0,BRAKE
3,0.0,0.0,BRAKE
3,0.0,0.0,BRAKE
3,0.0,0.0,BRAKE
3,0.0,0.0,BRAKE
3,0.0,0.0,BRAKE
3,0.0,0.0,BRAKE
3,0.0,0.0,BRAKE
3,0.0,0.0,BRAKE
3,0.0,0.0,BRAKE
3,0.0,0.0,BRAKE
3,0.0,0.0,BRAKE
3,0.0,0.0,BRAKE
3,0.0,0.0,BRAKE
3,0.0,0.0,BRAKE
3,0.0,0.0,BRAKE
3,0.0,0.0,BRAKE
3,0.0,0.0,BRAKE
3,0.0,0.0,BRAKE
3,0.0,0.0,BRAKE
3,0.0,0.0,BRAKE
3,0.0,0.0,BRAKE
3,0.0,0.0,BRAKE
3,0.0,0.0,BRAKE
3,0.0,0.0,BRAKE
3,0.0,0.0,BRAKE
3,0.0,0.0,BRAKE
3,0.0,0.0,BRAKE
3,0.0,0.0,BRAKE
3,0.0,0.0,BRAKE
3,0.0,0.0,BRAKE
3,0.0,0.0,BRAKE
3,0.0,0.0,BRAKE
3,0.0,0.0,BRAKE
3,0.0,0.0,BRAKE
3,0.0,0.0,BRAKE
3,0.0,0.0,BRAKE
3,0.0,0.0,BRAKE
3,0.0,0.0,BRAKE
3,0.0,0.0,BRAKE
3,0.0,0.0,BRAKE
3,0.0,0.0,BRAKE
3,0.0,0.0,BRAKE
3,0.0,0.0,BRAKE
3,0.0,0.0,BRAKE
3,0.0,0.0,BRAKE
3,0.0,0.0,BRAKE
3,0.0,0.0,BRAKE
3,0.0,0.0,BRAKE
3,0.0,0.0,BRAKE
3,0.0,0.0,BRAKE
3,0.0,0.0,BRAKE
3,0.0,0.0,BRAKE
3,0.0,0.0,BRAKE
3,0.0,0.0,BRAKE
3,0.0,0.0,BRAKE
3,0.0,0.0,BRAKE
3,0.0,0.0,BRAKE
3,0.0,0.0,BRAKE
3,0.0,0.0,BRAKE
3,0.0,0.0,BRAKE
3,0.0,0.0,BRAKE
3,0.0,0.0,BRAKE
3,0.0,0.0,BRAKE
3,0.0,0.0,BRAKE
3,0.0,0.0,BRAKE
3,0.0,0.0,BRAKE
3,0.0,0.0,BRAKE
3,0.0,0.0,BRAKE
3,0.0,0.0,BRAKE
3,0.0,0.0,BRAKE
3,0.0,0.0,BRAKE
3,0.0,0.0,BRAKE
3,0.0,0.0,BRAKE
3,0.0,0.0,BRAKE
3,0.0,0.0,BRAKE
3,0.0,0.0,BRAKE
3,0.0,0.0,BRAKE
3,0.0,0.0,BRAKE
3,0.0,0.0,BRAKE
3,0.0,0.0,BRAKE
3,0.0,0.0,BRAKE
3,0.0,0.0,BRAKE
3,0.0,0.0,BRAKE
3,0.0,0.0,BRAKE
3,0.0,0.0,BRAKE
3,0.0,0.0,BRAKE
3,0.0,0.0,BRAKE
3,0.0,0.0,BRAKE
3,0.0,0.0,BRAKE
3,0.0,0.0,BRAKE
3,0.0,0.0,BRAKE
3,0.0,0.0,BRAKE
3,0.0,0.0,BRAKE
3,0.0,0.0,BRAKE
3,0.0,0.0,BRAKE
3,0.0,0.0,BRAKE
3,0.0,0.0,BRAKE
3,0.0,0.0,BRAKE
3,0.0,0.0,BRAKE
3,0.0,0.0,BRAKE
3,0.0,0.0,BRAKE
3,0.0,0.0,BRAKE
3,0.0,0.0,BRAKE
3,0.0,0.0,BRAKE
3,0.0,0.0,BRAKE
3,0.0,0.0,BRAKE
3,0.0,0.0,BRAKE
3,0.0,0.0,BRAKE
3,0.0,0.0,BRAKE
3,0.0,0.0,BRAKE
3,0.0,0.0,BRAKE
3,0.0,0.0,BRAKE
3,0.0,0.0,BRAKE
3,0.0,0.0,BRAKE
3,0.0,0.0,BRAKE
3,0.0,0.0,BRAKE
3,0.0,0.0,BRAKE
3,0.0,0.0,BRAKE
3,0.0,0.0,BRAKE
3,0.0,0.0,BRAKE
3,0.0,0.0,BRAKE
3,0.0,0.0,BRAKE
3,0.0,0.0,BRAKE
3,0.0,0.0,BRAKE
3,0.0,0.0,BRAKE
3,0.0,0.0,BRAKE
3,0.0,0.0,BRAKE
3,0.0,0.0,BRAKE
3,0.0,0.0,BRAKE
3,0.0,0.0,BRAKE
3,0.0,0.0,BRAKE
3,0.0,0.0,BRAKE
3,0.0,0.0,BRAKE
3,0.0,0.0,BRAKE
3,0.0,0.0,BRAKE
3,0.0,0.0,BRAKE
3,0.0,0.0,BRAKE
3,0.0,0.0,BRAKE
3,0.0,0.0,BRAKE
3,0.0,0.0,BRAKE
3,0.0,0.0,BRAKE
3,0.0,0.0,BRAKE
3,0.0,0.0,BRAKE
3,0.0,0.0,BRAKE
3,0.0,0.0,BRAKE
3,0.0,0.0,BRAKE
3,0.0,0.0,BRAKE
3,0.0,0.0,BRAKE
3,0.0,0.0,BRAKE
3,0.0,0.0,BRAKE
3,0.0,0.0,BRAKE
3,0.0,0.0,BRAKE
3,0.0,0.0,BRAKE
3,0.0,0.0,BRAKE
3,0.0,0.0,BRAKE
3,0.0,0.0,BRAKE
3,0.0,0.0,BRAKE
3,0.0,0.0,BRAKE
3,0.0,0.0,BRAKE
3,0.0,0.0,BRAKE
3,0.0,0.0,BRAKE
3,0.0,0.0,BRAKE
3,0.0,0.0,BRAKE
3,0.0,0.0,BRAKE
3,0.0,0.0,BRAKE
3,0.0,0.0,BRAKE
3,0.0,0.0,BRAKE
3,0.0,0.0,BRAKE
3,0.0,0.0,BRAKE
3,0.0,0.0,BRAKE
3,0.0,0.0,BRAKE
3,0.0,0.0,BRAKE
3,0.0,0.0,BRAKE
3,0.0,0.0,BRAKE
3,0.0,0.0,BRAKE
3,0.0,0.0,BRAKE
3,0.0,0.0,BRAKE
3,0.0,0.0,BRAKE
3,0.0,0.0,BRAKE
3,0.0,0.0,BRAKE
3,0.0,0.0,BRAKE
3,0.0,0.0,BRAKE
3,0.0,0.0,BRAKE
3,0.0,0.0,BRAKE
3,0.0,0.0,BRAKE
3,0.0,0.0,BRAKE
3,0.0,0.0,BRAKE
3,0.0,0.0,BRAKE
3,0.0,0.0,BRAKE
3,0.0,0.0,BRAKE
3,0.0,0.0,BRAKE
3,0.0,0.0,BRAKE
3,0.0,0.0,BRAKE
3,0.0,0.0,BRAKE
3,0.0,0.0,BRAKE
3,0.0,0.0,BRAKE
3,0.0,0.0,BRAKE
3,0.0,0.0,BRAKE
3,0.0,0.0,BRAKE
3,0.0,0.0,BRAKE
3,0.0,0.0,BRAKE
3,0.0,0.0,BRAKE
3,0.0,0.0,BRAKE
3,0.0,0.0,BRAKE
3,0.0,0.0,BRAKE
3,0.0,0.0,BRAKE
3,0.0,0.0,BRAKE
3,0.0,0.0,BRAKE
3,0.0,0.0,BRAKE
3,0.0,0.0,BRAKE
3,0.0,0.0,BRAKE
3,0.0,0.0,BRAKE
3,0.0,0.0,BRAKE
3,0.0,0.0,BRAKE
3,0.0,0.0,BRAKE
3,0.0,0.0,BRAKE
3,0.0,0.0,BRAKE
3,0.0,0.0,BRAKE
3,0.0,0.0,BRAKE
3,0.0,0.0,BRAKE
3,0.0,0.0,BRAKE
3,0.0,0.0,BRAKE
3,0.0,0.0,BRAKE
3,0.0,0.0,BRAKE
3,0.0,0.0,BRAKE
3,0.0,0.0,BRAKE
3,0.0,0.0,BRAKE
3,0.0,0.0,BRAKE
3,0.0,0.0,BRAKE
3,0.0,0.0,BRAKE
3,0.0,0.0,BRAKE
3,0.0,0.0,BRAKE
3,0.0,0.0,BRAKE
3,0.0,0.0,BRAKE
3,0.0,0.0,BRAKE
3,0.0,0.0,BRAKE
3,0.0,0.0,BRAKE
3,0.0,0.0,BRAKE
3,0.0,0.0,BRAKE
3,0.0,0.0,BRAKE
3,0.0,0.0,BRAKE
3,0.0,0.0,BRAKE
3,0.0,0.0,BRAKE
3,0.0,0.0,BRAKE
3,0.0,0.0,BRAKE
3,0.0,0.0,BRAKE
3,0.0,0.0,BRAKE
3,0.0,0.0,BRAKE
3,0.0,0.0,BRAKE
3,0.0,0.0,BRAKE
3,0.0,0.0,BRAKE
3,0.0,0.0,BRAKE
3,0.0,0.0,BRAKE
3,0.0,0.0,BRAKE
3,0.0,0.0,BRAKE
3,0.0,0.0,BRAKE
3,0.0,0.0,BRAKE
3,0.0,0.0,BRAKE
3,0.0,0.0,BRAKE
3,0.0,0.0,BRAKE
3,0.0,0.0,BRAKE
3,0.0,0.0,BRAKE
3,0.0,0.0,BRAKE
3,0.0,0.0,BRAKE
3,0.0,0.0,BRAKE
3,0.0,0.0,BRAKE
3,0.0,0.0,BRAKE
3,0.0,0.0,BRAKE
3,0.0,0.0,BRAKE
3,0.0,0.0,BRAKE
3,0.0,0.0,BRAKE
3,0.0,0.0,BRAKE
3,0.0,0.0,BRAKE
3,0.0,0.0,BRAKE
3,0.0,0.0,BRAKE
3,0.0,0.0,BRAKE
3,0.0,0.0,BRAKE
3,0.0,0.0,BRAKE
3,0.0,0.0,BRAKE
3,0.0,0.0,BRAKE
3,0.0,0.0,BRAKE
3,0.0,0.0,BRAKE
3,0.0,0.0,BRAKE
3,0.0,0.0,BRAKE
3,0.0,0.0,BRAKE
3,0.0,0.0,BRAKE
3,0.0,0.0,BRAKE
3,0.0,0.0,BRAKE
3,0.0,0.0,BRAKE
3,0.0,0.0,BRAKE
3,0.0,0.0,BRAKE
3,0.0,0.0,BRAKE
3,0.0,0.0,BRAKE
3,0.0,0.0,BRAKE
3,0.0,0.0,BRAKE
3,0.0,0.0,BRAKE
3,0.0,0.0,BRAKE
3,0.0,0.0,BRAKE
3,0.0,0.0,BRAKE
3,0.0,0.0,BRAKE
3,0.0,0.0,BRAKE
3,0.0,0.0,BRAKE
3,0.0,0.0,BRAKE
3,0.0,0.0,BRAKE
3,0.0,0.0,BRAKE
3,0.0,0.0,BRAKE
3,0.0,0.0,BRAKE
3,0.0,0.0,BRAKE
3,0.0,0.0,BRAKE
3,0.0,0.0,BRAKE
3,0.0,0.0,BRAKE
3,0.0,0.0,BRAKE
3,0.0,0.0,BRAKE
3,0.0,0.0,BRAKE
3,0.0,0.0,BRAKE
3,0.0,0.0,BRAKE
3,0.0,0.0,BRAKE
3,0.0,0.0,BRAKE
3,0.0,0.0,BRAKE
3,0.0,0.0,BRAKE
3,0.0,0.0,BRAKE
3,0.0,0.0,BRAKE
3,0.0,0.0,BRAKE
3,0.0,0.0,BRAKE
3,0.0,0.0,BRAKE
3,0.0,0.0,BRAKE
3,0.0,0.0,BRAKE
3,0.0,0.0,BRAKE
3,0.0,0.0,BRAKE
3,0.0,0.0,BRAKE
3,0.0,0.0,BRAKE
3,0.0,0.0,BRAKE
3,0.0,0.0,BRAKE
3,0.0,0.0,BRAKE
3,0.0,0.0,BRAKE
3,0.0,0.0,BRAKE
3,0.0,0.0,BRAKE
3,0.0,0.0,BRAKE
3,0.0,0.0,BRAKE
3,0.0,0.0,BRAKE
3,0.0,0.0,BRAKE
3,0.0,0.0,BRAKE
3,0.0,0.0,BRAKE
3,0.0,0.0,BRAKE
3,0.0,0.0,BRAKE
3,0.0,0.0,BRAKE
3,0.0,0.0,BRAKE
3,0.0,0.0,BRAKE
3,0.0,0.0,BRAKE
3,0.0,0.0,BRAKE
3,0.0,0.0,BRAKE
3,0.0,0.0,BRAKE
3,0.0,0.0,BRAKE
3,0.0,0.0,BRAKE
3,0.0,0.0,BRAKE
3,0.0,0.0,BRAKE
3,0.0,0.0,BRAKE
3,0.0,0.0,BRAKE
3,0.0,0.0,BRAKE
3,0.0,0.0,BRAKE
3,0.0,0.0,BRAKE
3,0.0,0.0,BRAKE
3,0.0,0.0,BRAKE
3,0.0,0.0,BRAKE
3,0.0,0.0,BRAKE
3,0.0,0.0,BRAKE
3,0.0,0.0,BRAKE
3,0.0,0.0,BRAKE
3,0.0,0.0,BRAKE
3,0.0,0.0,BRAKE
3,0.0,0.0,BRAKE
3,0.0,0.0,BRAKE
3,0.0,0.0,BRAKE
3,0.0,0.0,BRAKE
3,0.0,0.0,BRAKE
3,0.0,0.0,BRAKE
3,0.0,0.0,BRAKE
3,0.0,0.0,BRAKE
3,0.0,0.0,BRAKE
3,0.0,0.0,BRAKE
3,0.0,0.0,BRAKE
3,0.0,0.0,BRAKE
3,0.0,0.0,BRAKE
3,0.0,0.0,BRAKE
3,0.0,0.0,BRAKE
3,0.0,0.0,BRAKE
3,0.0,0.0,BRAKE
3,0.0,0.0,BRAKE
3,0.0,0.0,BRAKE
3,0.0,0.0,BRAKE
3,0.0,0.0,BRAKE
3,0.0,0.0,BRAKE
3,0.0,0.0,BRAKE
3,0.0,0.0,BRAKE
3,0.0,0.0,BRAKE
3,0.0,0.0,BRAKE
3,0.0,0.0,BRAKE
3,0.0,0.0,BRAKE
3,0.0,0.0,BRAKE
3,0.0,0.0,BRAKE
3,0.0,0.0,BRAKE
3,0.0,0.0,BRAKE
3,0.0,0.0,BRAKE
3,0.0,0.0,BRAKE
3,0.0,0.0,BRAKE
3,0.0,0.0,BRAKE
3,0.0,0.0,BRAKE
3,0.0,0.0,BRAKE
3,0.0,0.0,BRAKE
3,0.0,0.0,BRAKE
3,0.0,0.0,BRAKE
3,0.0,0.0,BRAKE
3,0.0,0.0,BRAKE
3,0.0,0.0,BRAKE
3,0.0,0.0,BRAKE
3,0.0,0.0,BRAKE
3,0.0,0.0,BRAKE
3,0.0,0.0,BRAKE
3,0.0,0.0,BRAKE
3,0.0,0.0,BRAKE
3,0.0,0.0,BRAKE
3,0.0,0.0,BRAKE
3,0.0,0.0,BRAKE
3,0.0,0.0,BRAKE
3,0.0,0.0,BRAKE
3,0.0,0.0,BRAKE
3,0.0,0.0,BRAKE
3,0.0,0.0,BRAKE
3,0.0,0.0,BRAKE
3,0.0,0.0,BRAKE
3,0.0,0.0,BRAKE
3,0.0,0.0,BRAKE
3,0.0,0.0,BRAKE
3,0.0,0.0,BRAKE
3,0.0,0.0,BRAKE
3,0.0,0.0,BRAKE
3,0.0,0.0,BRAKE
3,0.0,0.0,BRAKE
3,0.0,0.0,BRAKE
3,0.0,0.0,BRAKE
3,0.0,0.0,BRAKE
3,0.0,0.0,BRAKE
3,0.0,0.0,BRAKE
3,0.0,0.0,BRAKE
3,0.0,0.0,BRAKE
3,0.0,0.0,BRAKE
3,0.0,0.0,BRAKE
3,0.0,0.0,BRAKE
3,0.0,0.0,BRAKE
3,0.0,0.0,BRAKE
3,0.0,0.0,BRAKE
3,0.0,0.0,BRAKE
3,0.0,0.0,BRAKE
3,0.0,0.0,BRAKE
3,0.0,0.0,BRAKE
3,0.0,0.0,BRAKE
3,0.0,0.0,BRAKE
3,0.0,0.0,BRAKE
3,0.0,0.0,BRAKE
3,0.0,0.0,BRAKE
3,0.0,0.0,BRAKE
3,0.0,0.0,BRAKE
3,0.0,0.0,BRAKE
3,0.0,0.0,BRAKE
3,0.0,0.0,BRAKE
3,0.0,0.0,BRAKE
3,0.0,0.0,BRAKE
3,0.0,0.0,BRAKE
3,0.0,0.0,BRAKE
3,0.0,0.0,BRAKE
3,0.0,0.0,BRAKE
3,0.0,0.0,BRAKE
3,0.0,0.0,BRAKE
3,0.0,0.0,BRAKE
3,0.0,0.0,BRAKE
3,0.0,0.0,BRAKE
3,0.0,0.0,BRAKE
3,0.0,0.0,BRAKE
3,0.0,0.0,BRAKE
3,0.0,0.0,BRAKE
3,0.0,0.0,BRAKE
3,0.0,0.0,BRAKE
3,0.0,0.0,BRAKE
3,0.0,0.0,BRAKE
3,0.0,0.0,BRAKE
3,0.0,0.0,BRAKE
3,0.0,0.0,BRAKE
3,0.0,0.0,BRAKE
3,0.0,0.0,BRAKE
3,0.0,0.0,BRAKE
3,0.0,0.0,BRAKE
3,0.0,0.0,BRAKE
3,0.0,0.0,BRAKE
3,0.0,0.0,BRAKE
3,0.0,0.0,BRAKE
3,0.0,0.0,BRAKE
3,0.0,0.0,BRAKE
3,0.0,0.0,BRAKE
0,0.0,0.0,BRAKE
3,0.0,0.0,BRAKE
0,0.0,0.0,BRAKE
0,0.0,0.0,BRAKE
0,0.0,0.0,BRAKE
1,0.0,0.0,BRAKE
0,0.0,0.0,BRAKE
1,0.0,0.0,BRAKE
1,0.0,0.0,BRAKE
1,0.0,0.0,BRAKE
0,0.0,0.0,BRAKE
0,0.0,0.0,BRAKE
0,0.0,0.0,BRAKE
0,0.0,0.0,BRAKE
0,0.0,0.0,BRAKE
0,0.0,0.0,BRAKE
0,0.0,0.0,BRAKE
0,0.0,0.0,BRAKE
0,0.0,0.0,BRAKE
0,0.0,0.0,BRAKE
0,0.0,0.0,BRAKE
0,0.0,0.0,BRAKE
0,0.0,0.0,BRAKE
0,0.0,0.0,BRAKE
0,0.0,0.0,BRAKE
0,0.0,0.0,BRAKE
0,0.0,0.0,BRAKE
0,0.0,0.0,BRAKE
0,0.0,0.0,BRAKE
0,0.0,0.0,BRAKE
0,0.0,0.0,BRAKE
0,0.0,0.0,BRAKE
0,0.0,0.0,BRAKE
0,0.0,0.0,BRAKE
7,0.0,0.0,BRAKE
0,0.0,0.0,BRAKE
7,0.0,0.0,BRAKE
7,0.0,0.0,BRAKE
7,0.0,0.0,BRAKE
0,0.0,0.0,BRAKE
7,0.0,0.0,BRAKE
7,0.0,0.0,BRAKE
0,0.0,0.0,BRAKE
0,0.0,0.0,BRAKE
0,0.0,0.0,BRAKE
0,0.0,0.0,BRAKE
0,0.0,0.0,BRAKE
0,0.0,0.0,BRAKE
0,0.0,0.0,BRAKE
0,0.0,0.0,BRAKE
0,0.0,0.0,BRAKE
0,0.0,0.0,BRAKE
0,0.0,0.0,BRAKE
0,0.0,0.0,BRAKE
0,0.0,0.0,BRAKE
7,0.0,0.0,BRAKE
0,0.0,0.0,BRAKE
0,0.0,0.0,BRAKE
0,0.0,0.0,BRAKE
0,0.0,0.0,BRAKE
7,0.0,0.0,BRAKE
7,0.0,0.0,BRAKE
7,0.0,0.0,BRAKE
0,0.0,0.0,BRAKE
0,0.0,0.0,BRAKE
0,0.0,0.0,BRAKE
7,0.0,0.0,BRAKE
7,0.0,0.0,BRAKE
7,0.0,0.0,BRAKE
0,0.0,0.0,BRAKE
7,0.0,0.0,BRAKE
7,0.0,0.0,BRAKE
7,0.0,0.0,BRAKE
0,0.0,0.0,BRAKE
0,0.0,0.0,BRAKE
0,0.0,0.0,BRAKE
0,0.0,0.0,BRAKE
0,0.0,0.0,BRAKE
0,0.0,0.0,BRAKE
0,0.0,0.0,BRAKE
0,0.0,0.0,BRAKE
0,0.0,0.0,BRAKE
0,0.0,0.0,BRAKE
0,0.0,0.0,BRAKE
0,0.0,0.0,BRAKE
0,0.0,0.0,BRAKE
0,0.0,0.0,BRAKE
0,0.0,0.0,BRAKE
0,0.0,0.0,BRAKE
0,0.0,0.0,BRAKE
0,0.0,0.0,BRAKE
0,0.0,0.0,BRAKE
0,0.0,0.0,BRAKE
0,0.0,0.0,BRAKE
0,0.0,0.0,BRAKE
0,0.0,0.0,BRAKE
0,0.0,0.0,BRAKE
0,0.0,0.0,BRAKE
0,0.0,0.0,BRAKE
0,0.0,0.0,BRAKE
0,0.0,0.0,BRAKE
0,0.0,0.0,BRAKE
0,0.0,0.0,BRAKE
0,0.0,0.0,BRAKE
0,0.0,0.0,BRAKE
0,0.0,0.0,BRAKE
0,0.0,0.0,BRAKE
0,0.0,0.0,BRAKE
7,0.0,0.0,BRAKE
0,0.0,0.0,BRAKE
7,0.0,0.0,BRAKE
0,0.0,0.0,BRAKE
7,0.0,0.0,BRAKE
0,0.0,0.0,BRAKE
0,0.0,0.0,BRAKE
0,0.0,0.0,BRAKE
0,0.0,0.0,BRAKE
0,0.0,0.0,BRAKE
0,0.0,0.0,BRAKE
0,0.0,0.0,BRAKE
0,0.0,0.0,BRAKE
0,0.0,0.0,BRAKE
0,0.0,0.0,BRAKE
0,0.0,0.0,BRAKE
0,0.0,0.0,BRAKE
7,0.0,0.0,BRAKE
0,0.0,0.0,BRAKE
7,0.0,0.0,BRAKE
0,0.0,0.0,BRAKE
0,0.0,0.0,BRAKE
0,0.0,0.0,BRAKE
0,0.0,0.0,BRAKE
7,0.0,0.0,BRAKE
7,0.0,0.0,BRAKE
1,0.0,0.0,BRAKE
2,0.0,0.0,BRAKE
1,0.0,0.0,BRAKE
7,0.0,0.0,BRAKE
7,0.0,0.0,BRAKE
7,0.0,0.0,BRAKE
7,0.0,0.0,BRAKE
7,0.0,0.0,BRAKE
7,0.0,0.0,BRAKE
7,0.0,0.0,BRAKE
1,0.0,0.0,BRAKE
1,0.0,0.0,BRAKE
3,0.0,0.0,BRAKE
3,0.0,0.0,BRAKE
3,0.0,0.0,BRAKE
3,0.0,0.0,BRAKE
3,0.0,0.0,BRAKE
3,0.0,0.0,BRAKE
3,0.0,0.0,BRAKE
3,0.0,0.0,BRAKE
3,0.0,0.0,BRAKE
1,0.0,0.0,BRAKE
7,0.0,0.0,BRAKE
7,0.0,0.0,BRAKE
7,0.0,0.0,BRAKE
7,0.0,0.0,BRAKE
7,0.0,0.0,BRAKE
7,0.0,0.0,BRAKE
7,0.0,0.0,BRAKE
7,0.0,0.0,BRAKE
7,0.0,0.0,BRAKE
7,0.0,0.0,BRAKE
7,0.0,0.0,BRAKE
7,0.0,0.0,BRAKE
7,0.0,0.0,BRAKE
7,0.0,0.0,BRAKE
7,0.0,0.0,BRAKE
7,0.0,0.0,BRAKE
7,0.0,0.0,BRAKE
7,0.0,0.0,BRAKE
7,0.0,0.0,BRAKE
7,0.0,0.0,BRAKE
7,0.0,0.0,BRAKE
7,0.0,0.0,BRAKE
7,0.0,0.0,BRAKE
7,0.0,0.0,BRAKE
7,0.0,0.0,BRAKE
7,0.0,0.0,BRAKE
7,0.0,0.0,BRAKE
7,0.0,0.0,BRAKE
7,0.0,0.0,BRAKE
7,0.0,0.0,BRAKE
7,0.0,0.0,BRAKE
7,0.0,0.0,BRAKE
7,0.0,0.0,BRAKE
7,0.0,0.0,BRAKE
7,0.0,0.0,BRAKE
7,0.0,0.0,BRAKE
7,0.0,0.0,BRAKE
7,0.0,0.0,BRAKE
7,0.0,0.0,BRAKE
7,0.0,0.0,BRAKE
7,0.0,0.0,BRAKE
7,0.0,0.0,BRAKE
7,0.0,0.0,BRAKE
7,0.0,0.0,BRAKE
7,0.0,0.0,BRAKE
7,0.0,0.0,BRAKE
7,0.0,0.0,BRAKE
7,0.0,0.0,BRAKE
7,0.0,0.0,BRAKE
7,0.0,0.0,BRAKE
7,0.0,0.0,BRAKE
7,0.0,0.0,BRAKE
7,0.0,0.0,BRAKE
7,0.0,0.0,BRAKE
7,0.0,0.0,BRAKE
7,0.0,0.0,BRAKE
7,0.0,0.0,BRAKE
7,0.0,0.0,BRAKE
7,0.0,0.0,BRAKE
7,0.0,0.0,BRAKE
7,0.0,0.0,BRAKE
7,0.0,0.0,BRAKE
7,0.0,0.0,BRAKE
7,0.0,0.0,BRAKE
7,0.0,0.0,BRAKE
7,0.0,0.0,BRAKE
7,0.0,0.0,BRAKE
7,0.0,0.0,BRAKE
7,0.0,0.0,BRAKE
7,0.0,0.0,BRAKE
7,0.0,0.0,BRAKE
7,0.0,0.0,BRAKE
7,0.0,0.0,BRAKE
7,0.0,0.0,BRAKE
7,0.0,0.0,BRAKE
7,0.0,0.0,BRAKE
7,0.0,0.0,BRAKE
7,0.0,0.0,BRAKE
7,0.0,0.0,BRAKE
7,0.0,0.0,BRAKE
7,0.0,0.0,BRAKE
7,0.0,0.0,BRAKE
7,0.0,0.0,BRAKE
7,0.0,0.0,BRAKE
7,0.0,0.0,BRAKE
7,0.0,0.0,BRAKE
7,0.0,0.0,BRAKE
7,0.0,0.0,BRAKE
7,0.0,0.0,BRAKE
7,0.0,0.0,BRAKE
7,0.0,0.0,BRAKE
7,0.0,0.0,BRAKE
7,0.0,0.0,BRAKE
7,0.0,0.0,BRAKE
7,0.0,0.0,BRAKE
7,0.0,0.0,BRAKE
7,0.0,0.0,BRAKE
7,0.0,0.0,BRAKE
7,0.0,0.0,BRAKE
7,0.0,0.0,BRAKE
7,0.0,0.0,BRAKE
7,0.0,0.0,BRAKE
7,0.0,0.0,BRAKE
7,0.0,0.0,BRAKE
7,0.0,0.0,BRAKE
7,0.0,0.0,BRAKE
7,0.0,0.0,BRAKE
7,0.0,0.0,BRAKE
7,0.0,0.0,BRAKE
7,0.0,0.0,BRAKE
7,0.0,0.0,BRAKE
7,0.0,0.0,BRAKE
7,0.0,0.0,BRAKE
7,0.0,0.0,BRAKE
7,0.0,0.0,BRAKE
7,0.0,0.0,BRAKE
7,0.0,0.0,BRAKE
7,0.0,0.0,BRAKE
7,0.0,0.0,BRAKE
7,0.0,0.0,BRAKE
7,0.0,0.0,BRAKE
7,0.0,0.0,BRAKE
7,0.0,0.0,BRAKE
7,0.0,0.0,BRAKE
7,0.0,0.0,BRAKE
7,0.0,0.0,BRAKE
7,0.0,0.0,BRAKE
7,0.0,0.0,BRAKE
7,0.0,0.0,BRAKE
7,0.0,0.0,BRAKE
7,0.0,0.0,BRAKE
7,0.0,0.0,BRAKE
7,0.0,0.0,BRAKE
7,0.0,0.0,BRAKE
7,0.0,0.0,BRAKE
7,0.0,0.0,BRAKE
7,0.0,0.0,BRAKE
7,0.0,0.0,BRAKE
7,0.0,0.0,BRAKE
7,0.0,0.0,BRAKE
7,0.0,0.0,BRAKE
7,0.0,0.0,BRAKE
7,0.0,0.0,BRAKE
7,0.0,0.0,BRAKE
7,0.0,0.0,BRAKE
7,0.0,0.0,BRAKE
7,0.0,0.0,BRAKE
7,0.0,0.0,BRAKE
7,0.0,0.0,BRAKE
7,0.0,0.0,BRAKE
7,0.0,0.0,BRAKE
7,0.0,0.0,BRAKE
7,0.0,0.0,BRAKE
7,0.0,0.0,BRAKE
7,0.0,0.0,BRAKE
7,0.0,0.0,BRAKE
7,0.0,0.0,BRAKE
7,0.0,0.0,BRAKE
7,0.0,0.0,BRAKE
7,0.0,0.0,BRAKE
7,0.0,0.0,BRAKE
7,0.0,0.0,BRAKE
7,0.0,0.0,BRAKE
7,0.0,0.0,BRAKE
7,0.0,0.0,BRAKE
7,0.0,0.0,BRAKE
7,0.0,0.0,BRAKE
7,0.0,0.0,BRAKE
7,0.0,0.0,BRAKE
7,0.0,0.0,BRAKE
7,0.0,0.0,BRAKE
7,0.0,0.0,BRAKE
7,0.0,0.0,BRAKE
7,0.0,0.0,BRAKE
7,0.0,0.0,BRAKE
7,0.0,0.0,BRAKE
7,0.0,0.0,BRAKE
7,0.0,0.0,BRAKE
7,0.0,0.0,BRAKE
7,0.0,0.0,BRAKE
7,0.0,0.0,BRAKE
7,0.0,0.0,BRAKE
7,0.0,0.0,BRAKE
7,0.0,0.0,BRAKE
7,0.0,0.0,BRAKE
7,0.0,0.0,BRAKE
7,0.0,0.0,BRAKE
7,0.0,0.0,BRAKE
7,0.0,0.0,BRAKE
7,0.0,0.0,BRAKE
7,0.0,0.0,BRAKE
7,0.0,0.0,BRAKE
7,0.0,0.0,BRAKE
7,0.0,0.0,BRAKE
7,0.0,0.0,BRAKE
7,0.0,0.0,BRAKE
7,0.0,0.0,BRAKE
7,0.0,0.0,BRAKE
7,0.0,0.0,BRAKE
7,0.0,0.0,BRAKE
7,0.0,0.0,BRAKE
7,0.0,0.0,BRAKE
7,0.0,0.0,BRAKE
7,0.0,0.0,BRAKE
7,0.0,0.0,BRAKE
7,0.0,0.0,BRAKE
7,0.0,0.0,BRAKE
7,0.0,0.0,BRAKE
7,0.0,0.0,BRAKE
7,0.0,0.0,BRAKE
7,0.0,0.0,BRAKE
7,0.0,0.0,BRAKE
7,0.0,0.0,BRAKE
7,0.0,0.0,BRAKE
7,0.0,0.0,BRAKE
7,0.0,0.0,BRAKE
7,0.0,0.0,BRAKE
7,0.0,0.0,BRAKE
7,0.0,0.0,BRAKE
7,0.0,0.0,BRAKE
7,0.0,0.0,BRAKE
7,0.0,0.0,BRAKE
7,0.0,0.0,BRAKE
7,0.0,0.0,BRAKE
7,0.0,0.0,BRAKE
7,0.0,0.0,BRAKE
7,0.0,0.0,BRAKE
7,0.0,0.0,BRAKE
7,0.0,0.0,BRAKE
7,0.0,0.0,BRAKE
7,0.0,0.0,BRAKE
7,0.0,0.0,BRAKE
7,0.0,0.0,BRAKE
7,0.0,0.0,BRAKE
7,0.0,0.0,BRAKE
7,0.0,0.0,BRAKE
7,0.0,0.0,BRAKE
7,0.0,0.0,BRAKE
7,0.0,0.0,BRAKE
7,0.0,0.0,BRAKE
7,0.0,0.0,BRAKE
7,0.0,0.0,BRAKE
7,0.0,0.0,BRAKE
7,0.0,0.0,BRAKE
7,0.0,0.0,BRAKE
7,0.0,0.0,BRAKE
7,0.0,0.0,BRAKE
7,0.0,0.0,BRAKE
7,0.0,0.0,BRAKE
7,0.0,0.0,BRAKE
7,0.0,0.0,BRAKE
7,0.0,0.0,BRAKE
7,0.0,0.0,BRAKE
7,0.0,0.0,BRAKE
7,0.0,0.0,BRAKE
7,0.0,0.0,BRAKE
7,0.0,0.0,BRAKE
7,0.0,0.0,BRAKE
7,0.0,0.0,BRAKE
7,0.0,0.0,BRAKE
7,0.0,0.0,BRAKE
7,0.0,0.0,BRAKE
7,0.0,0.0,BRAKE
7,0.0,0.0,BRAKE
7,0.0,0.0,BRAKE
7,0.0,0.0,BRAKE
7,0.0,0.0,BRAKE
7,0.0,0.0,BRAKE
7,0.0,0.0,BRAKE
7,0.0,0.0,BRAKE
7,0.0,0.0,BRAKE
7,0.0,0.0,BRAKE
7,0.0,0.0,BRAKE
7,0.0,0.0,BRAKE
7,0.0,0.0,BRAKE
7,0.0,0.0,BRAKE
7,0.0,0.0,BRAKE
7,0.0,0.0,BRAKE
7,0.0,0.0,BRAKE
7,0.0,0.0,BRAKE
7,0.0,0.0,BRAKE
7,0.0,0.0,BRAKE
7,0.0,0.0,BRAKE
7,0.0,0.0,BRAKE
7,0.0,0.0,BRAKE
7,0.0,0.0,BRAKE
7,0.0,0.0,BRAKE
7,0.0,0.0,BRAKE
7,0.0,0.0,BRAKE
7,0.0,0.0,BRAKE
7,0.0,0.0,BRAKE
7,0.0,0.0,BRAKE
7,0.0,0.0,BRAKE
7,0.0,0.0,BRAKE
7,0.0,0.0,BRAKE
7,0.0,0.0,BRAKE
7,0.0,0.0,BRAKE
7,0.0,0.0,BRAKE
7,0.0,0.0,BRAKE
7,0.0,0.0,BRAKE
7,0.0,0.0,BRAKE
7,0.0,0.0,BRAKE
7,0.0,0.0,BRAKE
7,0.0,0.0,BRAKE
7,0.0,0.0,BRAKE
7,0.0,0.0,BRAKE
7,0.0,0.0,BRAKE
7,0.0,0.0,BRAKE
7,0.0,0.0,BRAKE
7,0.0,0.0,BRAKE
7,0.0,0.0,BRAKE
7,0.0,0.0,BRAKE
7,0.0,0.0,BRAKE
7,0.0,0.0,BRAKE
7,0.0,0.0,BRAKE
7,0.0,0.0,BRAKE
7,0.0,0.0,BRAKE
7,0.0,0.0,BRAKE
7,0.0,0.0,BRAKE
7,0.0,0.0,BRAKE
7,0.0,0.0,BRAKE
7,0.0,0.0,BRAKE
7,0.0,0.0,BRAKE
7,0.0,0.0,BRAKE
7,0.0,0.0,BRAKE
7,0.0,0.0,BRAKE
7,0.0,0.0,BRAKE
7,0.0,0.0,BRAKE
7,0.0,0.0,BRAKE
7,0.0,0.0,BRAKE
7,0.0,0.0,BRAKE
7,0.0,0.0,BRAKE
7,0.0,0.0,BRAKE
7,0.0,0.0,BRAKE
7,0.0,0.0,BRAKE
7,0.0,0.0,BRAKE
7,0.0,0.0,BRAKE
7,0.0,0.0,BRAKE
7,0.0,0.0,BRAKE
7,0.0,0.0,BRAKE
7,0.0,0.0,BRAKE
7,0.0,0.0,BRAKE
7,0.0,0.0,BRAKE
7,0.0,0.0,BRAKE
7,0.0,0.0,BRAKE
7,0.0,0.0,BRAKE
7,0.0,0.0,BRAKE
7,0.0,0.0,BRAKE
7,0.0,0.0,BRAKE
7,0.0,0.0,BRAKE
7,0.0,0.0,BRAKE
7,0.0,0.0,BRAKE
7,0.0,0.0,BRAKE
7,0.0,0.0,BRAKE
7,0.0,0.0,BRAKE
7,0.0,0.0,BRAKE
7,0.0,0.0,BRAKE
7,0.0,0.0,BRAKE
7,0.0,0.0,BRAKE
7,0.0,0.0,BRAKE
7,0.0,0.0,BRAKE
7,0.0,0.0,BRAKE
7,0.0,0.0,BRAKE
7,0.0,0.0,BRAKE
7,0.0,0.0,BRAKE
7,0.0,0.0,BRAKE
7,0.0,0.0,BRAKE
7,0.0,0.0,BRAKE
7,0.0,0.0,BRAKE
7,0.0,0.0,BRAKE
7,0.0,0.0,BRAKE
7,0.0,0.0,BRAKE
7,0.0,0.0,BRAKE
7,0.0,0.0,BRAKE
7,0.0,0.0,BRAKE
7,0.0,0.0,BRAKE
7,0.0,0.0,BRAKE
7,0.0,0.0,BRAKE
7,0.0,0.0,BRAKE
7,0.0,0.0,BRAKE
7,0.0,0.0,BRAKE
4,0.0,0.0,BRAKE
4,0.0,0.0,BRAKE
7,0.0,0.0,BRAKE
7,0.0,0.0,BRAKE
7,0.0,0.0,BRAKE
7,0.0,0.0,BRAKE
1,0.0,0.0,BRAKE
1,0.0,0.0,BRAKE
1,0.0,0.0,BRAKE
1,0.0,0.0,BRAKE
1,0.0,0.0,BRAKE
7,0.0,0.0,BRAKE
7,0.0,0.0,BRAKE
7,0.0,0.0,BRAKE
7,0.0,0.0,BRAKE
1,0.0,0.0,BRAKE
7,0.0,0.0,BRAKE
1,0.0,0.0,BRAKE
1,0.0,0.0,BRAKE
1,0.0,0.0,BRAKE
7,0.0,0.0,BRAKE
7,0.0,0.0,BRAKE
7,0.0,0.0,BRAKE
1,0.0,0.0,BRAKE
7,0.0,0.0,BRAKE
7,0.0,0.0,BRAKE
7,0.0,0.0,BRAKE
7,0.0,0.0,BRAKE
7,0.0,0.0,BRAKE
7,0.0,0.0,BRAKE
7,0.0,0.0,BRAKE
7,0.0,0.0,BRAKE
7,0.0,0.0,BRAKE
7,0.0,0.0,BRAKE
7,0.0,0.0,BRAKE
7,0.0,0.0,BRAKE
7,0.0,0.0,BRAKE
7,0.0,0.0,BRAKE
7,0.0,0.0,BRAKE
7,0.0,0.0,BRAKE
7,0.0,0.0,BRAKE
7,0.0,0.0,BRAKE
7,0.0,0.0,BRAKE
7,0.0,0.0,BRAKE
1,0.0,0.0,BRAKE
7,0.0,0.0,BRAKE
7,0.0,0.0,BRAKE
1,0.0,0.0,BRAKE
7,0.0,0.0,BRAKE
1,0.0,0.0,BRAKE
1,0.0,0.0,BRAKE
1,0.0,0.0,BRAKE
1,0.0,0.0,BRAKE
1,0.0,0.0,BRAKE
1,0.0,0.0,BRAKE
1,0.0,0.0,BRAKE
1,0.0,0.0,BRAKE
1,0.0,0.0,BRAKE
1,0.0,0.0,BRAKE
1,0.0,0.0,BRAKE
7,0.0,0.0,BRAKE
1,0.0,0.0,BRAKE
7,0.0,0.0,BRAKE
7,0.0,0.0,BRAKE
7,0.0,0.0,BRAKE
7,0.0,0.0,BRAKE
7,0.0,0.0,BRAKE
7,0.0,0.0,BRAKE
7,0.0,0.0,BRAKE
7,0.0,0.0,BRAKE
7,0.0,0.0,BRAKE
7,0.0,0.0,BRAKE
7,0.0,0.0,BRAKE
7,0.0,0.0,BRAKE
7,0.0,0.0,BRAKE
7,0.0,0.0,BRAKE
7,0.0,0.0,BRAKE
7,0.0,0.0,BRAKE
7,0.0,0.0,BRAKE
7,0.0,0.0,BRAKE
7,0.0,0.0,BRAKE
7,0.0,0.0,BRAKE
7,0.0,0.0,BRAKE
1,0.0,0.0,BRAKE
7,0.0,0.0,BRAKE
7,0.0,0.0,BRAKE
1,0.0,0.0,BRAKE
7,0.0,0.0,BRAKE
7,0.0,0.0,BRAKE
7,0.0,0.0,BRAKE
7,0.0,0.0,BRAKE
7,0.0,0.0,BRAKE
7,0.0,0.0,BRAKE
7,0.0,0.0,BRAKE
8,0.0,0.0,BRAKE
7,0.0,0.0,BRAKE
1,0.0,0.0,BRAKE
1,0.0,0.0,BRAKE
8,0.0,0.0,BRAKE
7,0.0,0.0,BRAKE
7,0.0,0.0,BRAKE
1,0.0,0.0,BRAKE
1,0.0,0.0,BRAKE
1,0.0,0.0,BRAKE
7,0.0,0.0,BRAKE
7,0.0,0.0,BRAKE
7,0.0,0.0,BRAKE
7,0.0,0.0,BRAKE
7,0.0,0.0,BRAKE
7,0.0,0.0,BRAKE
7,0.0,0.0,BRAKE
7,0.0,0.0,BRAKE
7,0.0,0.0,BRAKE
7,0.0,0.0,BRAKE
7,0.0,0.0,BRAKE
7,0.0,0.0,BRAKE
1,0.0,0.0,BRAKE
1,0.0,0.0,BRAKE
7,0.0,0.0,BRAKE
7,0.0,0.0,BRAKE
7,0.0,0.0,BRAKE
7,0.0,0.0,BRAKE
7,0.0,0.0,BRAKE
7,0.0,0.0,BRAKE
7,0.0,0.0,BRAKE
7,0.0,0.0,BRAKE
7,0.0,0.0,BRAKE
7,0.0,0.0,BRAKE
7,0.0,0.0,BRAKE
7,0.0,0.0,BRAKE
7,0.0,0.0,BRAKE
1,0.0,0.0,BRAKE
7,0.0,0.0,BRAKE
7,0.0,0.0,BRAKE
7,0.0,0.0,BRAKE
7,0.0,0.0,BRAKE
7,0.0,0.0,BRAKE
7,0.0,0.0,BRAKE
7,0.0,0.0,BRAKE
7,0.0,0.0,BRAKE
7,0.0,0.0,BRAKE
7,0.0,0.0,BRAKE
7,0.0,0.0,BRAKE
7,0.0,0.0,BRAKE
7,0.0,0.0,BRAKE
7,0.0,0.0,BRAKE
7,0.0,0.0,BRAKE
7,0.0,0.0,BRAKE
7,0.0,0.0,BRAKE
7,0.0,0.0,BRAKE
7,0.0,0.0,BRAKE
7,0.0,0.0,BRAKE
7,0.0,0.0,BRAKE
7,0.0,0.0,BRAKE
1,0.0,0.0,BRAKE
7,0.0,0.0,BRAKE
1,0.0,0.0,BRAKE
1,0.0,0.0,BRAKE
7,0.0,0.0,BRAKE
7,0.0,0.0,BRAKE
1,0.0,0.0,BRAKE
7,0.0,0.0,BRAKE
1,0.0,0.0,BRAKE
7,0.0,0.0,BRAKE
7,0.0,0.0,BRAKE
1,0.0,0.0,BRAKE
1,0.0,0.0,BRAKE
7,0.0,0.0,BRAKE
1,0.0,0.0,BRAKE
1,0.0,0.0,BRAKE
7,0.0,0.0,BRAKE
8,0.0,0.0,BRAKE
7,0.0,0.0,BRAKE
7,0.0,0.0,BRAKE
7,0.0,0.0,BRAKE
7,0.0,0.0,BRAKE
1,0.0,0.0,BRAKE
7,0.0,0.0,BRAKE
7,0.0,0.0,BRAKE
7,0.0,0.0,BRAKE
8,0.0,0.0,BRAKE
7,0.0,0.0,BRAKE
1,0.0,0.0,BRAKE
7,0.0,0.0,BRAKE
7,0.0,0.0,BRAKE
7,0.0,0.0,BRAKE
7,0.0,0.0,BRAKE
0,0.0,0.0,BRAKE
0,0.0,0.0,BRAKE
7,0.0,0.0,BRAKE
7,0.0,0.0,BRAKE
7,0.0,0.0,BRAKE
0,0.0,0.0,BRAKE
0,0.0,0.0,BRAKE
0,0.0,0.0,BRAKE
0,0.0,0.0,BRAKE
0,0.0,0.0,BRAKE
7,0.0,0.0,BRAKE
1,0.0,0.0,BRAKE
1,0.0,0.0,BRAKE
1,0.0,0.0,BRAKE
1,0.0,0.0,BRAKE
1,0.0,0.0,BRAKE
1,0.0,0.0,BRAKE
1,0.0,0.0,BRAKE
1,0.0,0.0,BRAKE
1,0.0,0.0,BRAKE
0,0.0,0.0,BRAKE
7,0.0,0.0,BRAKE
7,0.0,0.0,BRAKE
0,0.0,0.0,BRAKE
7,0.0,0.0,BRAKE
0,0.0,0.0,BRAKE
1,0.0,0.0,BRAKE
1,0.0,0.0,BRAKE
1,0.0,0.0,BRAKE
0,0.0,0.0,BRAKE
1,0.0,0.0,BRAKE
1,0.0,0.0,BRAKE
1,0.0,0.0,BRAKE
7,0.0,0.0,BRAKE
7,0.0,0.0,BRAKE
7,0.0,0.0,BRAKE
7,0.0,0.0,BRAKE
7,0.0,0.0,BRAKE
7,0.0,0.0,BRAKE
3,0.0,0.0,BRAKE
7,0.0,0.0,BRAKE
3,0.0,0.0,BRAKE
3,0.0,0.0,BRAKE
3,0.0,0.0,BRAKE
7,0.0,0.0,BRAKE
3,0.0,0.0,BRAKE
3,0.0,0.0,BRAKE
3,0.0,0.0,BRAKE
7,0.0,0.0,BRAKE
3,0.0,0.0,BRAKE
3,0.0,0.0,BRAKE
7,0.0,0.0,BRAKE
7,0.0,0.0,BRAKE
7,0.0,0.0,BRAKE
7,0.0,0.0,BRAKE
7,0.0,0.0,BRAKE
7,0.0,0.0,BRAKE
7,0.0,0.0,BRAKE
7,0.0,0.0,BRAKE
3,0.0,0.0,BRAKE
7,0.0,0.0,BRAKE
7,0.0,0.0,BRAKE
7,0.0,0.0,BRAKE
7,0.0,0.0,BRAKE
7,0.0,0.0,BRAKE
7,0.0,0.0,BRAKE
3,0.0,0.0,BRAKE
7,0.0,0.0,BRAKE
7,0.0,0.0,BRAKE
7,0.0,0.0,BRAKE
7,0.0,0.0,BRAKE
7,0.0,0.0,BRAKE
7,0.0,0.0,BRAKE
7,0.0,0.0,BRAKE
7,0.0,0.0,BRAKE
7,0.0,0.0,BRAKE
7,0.0,0.0,BRAKE
7,0.0,0.0,BRAKE
7,0.0,0.0,BRAKE
7,0.0,0.0,BRAKE
7,0.0,0.0,BRAKE
7,0.0,0.0,BRAKE
7,0.0,0.0,BRAKE
7,0.0,0.0,BRAKE
7,0.0,0.0,BRAKE
0,0.0,0.0,BRAKE
7,0.0,0.0,BRAKE
3,0.0,0.0,BRAKE
7,0.0,0.0,BRAKE
3,0.0,0.0,BRAKE
0,0.0,0.0,BRAKE
7,0.0,0.0,BRAKE
7,0.0,0.0,BRAKE
7,0.0,0.0,BRAKE
7,0.0,0.0,BRAKE
7,0.0,0.0,BRAKE
7,0.0,0.0,BRAKE
7,0.0,0.0,BRAKE
7,0.0,0.0,BRAKE
7,0.0,0.0,BRAKE
7,0.0,0.0,BRAKE
7,0.0,0.0,BRAKE
7,0.0,0.0,BRAKE
3,0.0,0.0,BRAKE
7,0.0,0.0,BRAKE
7,0.0,0.0,BRAKE
7,0.0,0.0,BRAKE
3,0.0,0.0,BRAKE
7,0.0,0.0,BRAKE
7,0.0,0.0,BRAKE
7,0.0,0.0,BRAKE
7,0.0,0.0,BRAKE
7,0.0,0.0,BRAKE
7,0.0,0.0,BRAKE
7,0.0,0.0,BRAKE
7,0.0,0.0,BRAKE
7,0.0,0.0,BRAKE
7,0.0,0.0,BRAKE
7,0.0,0.0,BRAKE
7,0.0,0.0,BRAKE
7,0.0,0.0,BRAKE
7,0.0,0.0,BRAKE
7,0.0,0.0,BRAKE
7,0.0,0.0,BRAKE
7,0.0,0.0,BRAKE
7,0.0,0.0,BRAKE
7,0.0,0.0,BRAKE
7,0.0,0.0,BRAKE
3,0.0,0.0,BRAKE
0,0.0,0.0,BRAKE
7,0.0,0.0,BRAKE
3,0.0,0.0,BRAKE
0,0.0,0.0,BRAKE
0,0.0,0.0,BRAKE
3,0.0,0.0,BRAKE
3,0.0,0.0,BRAKE
7,0.0,0.0,BRAKE
7,0.0,0.0,BRAKE
7,0.0,0.0,BRAKE
7,0.0,0.0,BRAKE
0,0.0,0.0,BRAKE
0,0.0,0.0,BRAKE
7,0.0,0.0,BRAKE
7,0.0,0.0,BRAKE
7,0.0,0.0,BRAKE
7,0.0,0.0,BRAKE
7,0.0,0.0,BRAKE
3,0.0,0.0,BRAKE
7,0.0,0.0,BRAKE
7,0.0,0.0,BRAKE
7,0.0,0.0,BRAKE
7,0.0,0.0,BRAKE
7,0.0,0.0,BRAKE
7,0.0,0.0,BRAKE
0,0.0,0.0,BRAKE
7,0.0,0.0,BRAKE
3,0.0,0.0,BRAKE
3,0.0,0.0,BRAKE
0,0.0,0.0,BRAKE
7,0.0,0.0,BRAKE
7,0.0,0.0,BRAKE
7,0.0,0.0,BRAKE
0,0.0,0.0,BRAKE
7,0.0,0.0,BRAKE
7,0.0,0.0,BRAKE
3,0.0,0.0,BRAKE
0,0.0,0.0,BRAKE
7,0.0,0.0,BRAKE
7,0.0,0.0,BRAKE
3,0.0,0.0,BRAKE
7,0.0,0.0,BRAKE
0,0.0,0.0,BRAKE
3,0.0,0.0,BRAKE
7,0.0,0.0,BRAKE
7,0.0,0.0,BRAKE
7,0.0,0.0,BRAKE
7,0.0,0.0,BRAKE
7,0.0,0.0,BRAKE
7,0.0,0.0,BRAKE
7,0.0,0.0,BRAKE
7,0.0,0.0,BRAKE
7,0.0,0.0,BRAKE
7,0.0,0.0,BRAKE
3,0.0,0.0,BRAKE
7,0.0,0.0,BRAKE
7,0.0,0.0,BRAKE
3,0.0,0.0,BRAKE
7,0.0,0.0,BRAKE
7,0.0,0.0,BRAKE
7,0.0,0.0,BRAKE
3,0.0,0.0,BRAKE
3,0.0,0.0,BRAKE
3,0.0,0.0,BRAKE
7,0.0,0.0,BRAKE
7,0.0,0.0,BRAKE
7,0.0,0.0,BRAKE
7,0.0,0.0,BRAKE
7,0.0,0.0,BRAKE
7,0.0,0.0,BRAKE
7,0.0,0.0,BRAKE
7,0.0,0.0,BRAKE
7,0.0,0.0,BRAKE
7,0.0,0.0,BRAKE
7,0.0,0.0,BRAKE
7,0.0,0.0,BRAKE
7,0.0,0.0,BRAKE
7,0.0,0.0,BRAKE
7,0.0,0.0,BRAKE
7,0.0,0.0,BRAKE
7,0.0,0.0,BRAKE
7,0.0,0.0,BRAKE
7,0.0,0.0,BRAKE
7,0.0,0.0,BRAKE
7,0.0,0.0,BRAKE
7,0.0,0.0,BRAKE
7,0.0,0.0,BRAKE
7,0.0,0.0,BRAKE
7,0.0,0.0,BRAKE
7,0.0,0.0,BRAKE
7,0.0,0.0,BRAKE
7,0.0,0.0,BRAKE
7,0.0,0.0,BRAKE
7,0.0,0.0,BRAKE
7,0.0,0.0,BRAKE
7,0.0,0.0,BRAKE
7,0.0,0.0,BRAKE
7,0.0,0.0,BRAKE
7,0.0,0.0,BRAKE
0,0.0,0.0,BRAKE
7,0.0,0.0,BRAKE
7,0.0,0.0,BRAKE
7,0.0,0.0,BRAKE
7,0.0,0.0,BRAKE
7,0.0,0.0,BRAKE
7,0.0,0.0,BRAKE
7,0.0,0.0,BRAKE
3,0.0,0.0,BRAKE
0,0.0,0.0,BRAKE
0,0.0,0.0,BRAKE
7,0.0,0.0,BRAKE
7,0.0,0.0,BRAKE
0,0.0,0.0,BRAKE
7,0.0,0.0,BRAKE
7,0.0,0.0,BRAKE
7,0.0,0.0,BRAKE
7,0.0,0.0,BRAKE
0,0.0,0.0,BRAKE
7,0.0,0.0,BRAKE
7,0.0,0.0,BRAKE
7,0.0,0.0,BRAKE
7,0.0,0.0,BRAKE
7,0.0,0.0,BRAKE
7,0.0,0.0,BRAKE
7,0.0,0.0,BRAKE
7,0.0,0.0,BRAKE
7,0.0,0.0,BRAKE
7,0.0,0.0,BRAKE
7,0.0,0.0,BRAKE
7,0.0,0.0,BRAKE
3,0.0,0.0,BRAKE
7,0.0,0.0,BRAKE
7,0.0,0.0,BRAKE
7,0.0,0.0,BRAKE
7,0.0,0.0,BRAKE
7,0.0,0.0,BRAKE
7,0.0,0.0,BRAKE
7,0.0,0.0,BRAKE
7,0.0,0.0,BRAKE
7,0.0,0.0,BRAKE
7,0.0,0.0,BRAKE
7,0.0,0.0,BRAKE
7,0.0,0.0,BRAKE
7,0.0,0.0,BRAKE
3,0.0,0.0,BRAKE
7,0.0,0.0,BRAKE
7,0.0,0.0,BRAKE
3,0.0,0.0,BRAKE
3,0.0,0.0,BRAKE
7,0.0,0.0,BRAKE
7,0.0,0.0,BRAKE
7,0.0,0.0,BRAKE
7,0.0,0.0,BRAKE
7,0.0,0.0,BRAKE
7,0.0,0.0,BRAKE
7,0.0,0.0,BRAKE
7,0.0,0.0,BRAKE
7,0.0,0.0,BRAKE
7,0.0,0.0,BRAKE
7,0.0,0.0,BRAKE
7,0.0,0.0,BRAKE
7,0.0,0.0,BRAKE
7,0.0,0.0,BRAKE
7,0.0,0.0,BRAKE
3,0.0,0.0,BRAKE
7,0.0,0.0,BRAKE
3,0.0,0.0,BRAKE
7,0.0,0.0,BRAKE
7,0.0,0.0,BRAKE
7,0.0,0.0,BRAKE
7,0.0,0.0,BRAKE
7,0.0,0.0,BRAKE
7,0.0,0.0,BRAKE
7,0.0,0.0,BRAKE
7,0.0,0.0,BRAKE
7,0.0,0.0,BRAKE
7,0.0,0.0,BRAKE
7,0.0,0.0,BRAKE
7,0.0,0.0,BRAKE
7,0.0,0.0,BRAKE
7,0.0,0.0,BRAKE
7,0.0,0.0,BRAKE
7,0.0,0.0,BRAKE
7,0.0,0.0,BRAKE
7,0.0,0.0,BRAKE
7,0.0,0.0,BRAKE
7,0.0,0.0,BRAKE
7,0.0,0.0,BRAKE
7,0.0,0.0,BRAKE
7,0.0,0.0,BRAKE
7,0.0,0.0,BRAKE
7,0.0,0.0,BRAKE
7,0.0,0.0,BRAKE
7,0.0,0.0,BRAKE
7,0.0,0.0,BRAKE
7,0.0,0.0,BRAKE
7,0.0,0.0,BRAKE
7,0.0,0.0,BRAKE
7,0.0,0.0,BRAKE
7,0.0,0.0,BRAKE
7,0.0,0.0,BRAKE
7,0.0,0.0,BRAKE
7,0.0,0.0,BRAKE
7,0.0,0.0,BRAKE
7,0.0,0.0,BRAKE
7,0.0,0.0,BRAKE
7,0.0,0.0,BRAKE
7,0.0,0.0,BRAKE
7,0.0,0.0,BRAKE
7,0.0,0.0,BRAKE
7,0.0,0.0,BRAKE
7,0.0,0.0,BRAKE
7,0.0,0.0,BRAKE
3,0.0,0.0,BRAKE
3,0.0,0.0,BRAKE
3,0.0,0.0,BRAKE
3,0.0,0.0,BRAKE
3,0.0,0.0,BRAKE
3,0.0,0.0,BRAKE
7,0.0,0.0,BRAKE
7,0.0,0.0,BRAKE
7,0.0,0.0,BRAKE
7,0.0,0.0,BRAKE
7,0.0,0.0,BRAKE
7,0.0,0.0,BRAKE
7,0.0,0.0,BRAKE
7,0.0,0.0,BRAKE
7,0.0,0.0,BRAKE
7,0.0,0.0,BRAKE
7,0.0,0.0,BRAKE
7,0.0,0.0,BRAKE
7,0.0,0.0,BRAKE
7,0.0,0.0,BRAKE
7,0.0,0.0,BRAKE
7,0.0,0.0,BRAKE
7,0.0,0.0,BRAKE
7,0.0,0.0,BRAKE
7,0.0,0.0,BRAKE
7,0.0,0.0,BRAKE
7,0.0,0.0,BRAKE
7,0.0,0.0,BRAKE
7,0.0,0.0,BRAKE
7,0.0,0.0,BRAKE
3,0.0,0.0,BRAKE
7,0.0,0.0,BRAKE
7,0.0,0.0,BRAKE
7,0.0,0.0,BRAKE
7,0.0,0.0,BRAKE
7,0.0,0.0,BRAKE
7,0.0,0.0,BRAKE
7,0.0,0.0,BRAKE
7,0.0,0.0,BRAKE
7,0.0,0.0,BRAKE
7,0.0,0.0,BRAKE
7,0.0,0.0,BRAKE
7,0.0,0.0,BRAKE
7,0.0,0.0,BRAKE
7,0.0,0.0,BRAKE
7,0.0,0.0,BRAKE
7,0.0,0.0,BRAKE
7,0.0,0.0,BRAKE
7,0.0,0.0,BRAKE
7,0.0,0.0,BRAKE
7,0.0,0.0,BRAKE
7,0.0,0.0,BRAKE
7,0.0,0.0,BRAKE
7,0.0,0.0,BRAKE
7,0.0,0.0,BRAKE
7,0.0,0.0,BRAKE
7,0.0,0.0,BRAKE
7,0.0,0.0,BRAKE
7,0.0,0.0,BRAKE
7,0.0,0.0,BRAKE
7,0.0,0.0,BRAKE
7,0.0,0.0,BRAKE
7,0.0,0.0,BRAKE
7,0.0,0.0,BRAKE
7,0.0,0.0,BRAKE
7,0.0,0.0,BRAKE
7,0.0,0.0,BRAKE
7,0.0,0.0,BRAKE
7,0.0,0.0,BRAKE
7,0.0,0.0,BRAKE
7,0.0,0.0,BRAKE
7,0.0,0.0,BRAKE
7,0.0,0.0,BRAKE
7,0.0,0.0,BRAKE
0,0.0,0.0,BRAKE
7,0.0,0.0,BRAKE
7,0.0,0.0,BRAKE
7,0.0,0.0,BRAKE
7,0.0,0.0,BRAKE
7,0.0,0.0,BRAKE
7,0.0,0.0,BRAKE
7,0.0,0.0,BRAKE
7,0.0,0.0,BRAKE
7,0.0,0.0,BRAKE
7,0.0,0.0,BRAKE
7,0.0,0.0,BRAKE
7,0.0,0.0,BRAKE
7,0.0,0.0,BRAKE
3,0.0,0.0,BRAKE
7,0.0,0.0,BRAKE
7,0.0,0.0,BRAKE
7,0.0,0.0,BRAKE
7,0.0,0.0,BRAKE
7,0.0,0.0,BRAKE
7,0.0,0.0,BRAKE
7,0.0,0.0,BRAKE
7,0.0,0.0,BRAKE
7,0.0,0.0,BRAKE
7,0.0,0.0,BRAKE
7,0.0,0.0,BRAKE
3,0.0,0.0,BRAKE
7,0.0,0.0,BRAKE
3,0.0,0.0,BRAKE
7,0.0,0.0,BRAKE
7,0.0,0.0,BRAKE
7,0.0,0.0,BRAKE
7,0.0,0.0,BRAKE
7,0.0,0.0,BRAKE
7,0.0,0.0,BRAKE
7,0.0,0.0,BRAKE
3,0.0,0.0,BRAKE
7,0.0,0.0,BRAKE
3,0.0,0.0,BRAKE
3,0.0,0.0,BRAKE
3,0.0,0.0,BRAKE
7,0.0,0.0,BRAKE
7,0.0,0.0,BRAKE
7,0.0,0.0,BRAKE
7,0.0,0.0,BRAKE
7,0.0,0.0,BRAKE
7,0.0,0.0,BRAKE
3,0.0,0.0,BRAKE
7,0.0,0.0,BRAKE
0,0.0,0.0,BRAKE
7,0.0,0.0,BRAKE
7,0.0,0.0,BRAKE
7,0.0,0.0,BRAKE
7,0.0,0.0,BRAKE
7,0.0,0.0,BRAKE
7,0.0,0.0,BRAKE
3,0.0,0.0,BRAKE
7,0.0,0.0,BRAKE
7,0.0,0.0,BRAKE
7,0.0,0.0,BRAKE
7,0.0,0.0,BRAKE
0,0.0,0.0,BRAKE
3,0.0,0.0,BRAKE
7,0.0,0.0,BRAKE
7,0.0,0.0,BRAKE
3,0.0,0.0,BRAKE
7,0.0,0.0,BRAKE
7,0.0,0.0,BRAKE
7,0.0,0.0,BRAKE
7,0.0,0.0,BRAKE
3,0.0,0.0,BRAKE
3,0.0,0.0,BRAKE
3,0.0,0.0,BRAKE
3,0.0,0.0,BRAKE
7,0.0,0.0,BRAKE
3,0.0,0.0,BRAKE
7,0.0,0.0,BRAKE
7,0.0,0.0,BRAKE
3,0.0,0.0,BRAKE
7,0.0,0.0,BRAKE
3,0.0,0.0,BRAKE
7,0.0,0.0,BRAKE
7,0.0,0.0,BRAKE
3,0.0,0.0,BRAKE
3,0.0,0.0,BRAKE
3,0.0,0.0,BRAKE
7,0.0,0.0,BRAKE
7,0.0,0.0,BRAKE
7,0.0,0.0,BRAKE
7,0.0,0.0,BRAKE
7,0.0,0.0,BRAKE
7,0.0,0.0,BRAKE
7,0.0,0.0,BRAKE
7,0.0,0.0,BRAKE
7,0.0,0.0,BRAKE
7,0.0,0.0,BRAKE
7,0.0,0.0,BRAKE
7,0.0,0.0,BRAKE
7,0.0,0.0,BRAKE
7,0.0,0.0,BRAKE
3,0.0,0.0,BRAKE
3,0.0,0.0,BRAKE
7,0.0,0.0,BRAKE
7,0.0,0.0,BRAKE
7,0.0,0.0,BRAKE
7,0.0,0.0,BRAKE
3,0.0,0.0,BRAKE
7,0.0,0.0,BRAKE
3,0.0,0.0,BRAKE
7,0.0,0.0,BRAKE
3,0.0,0.0,BRAKE
7,0.0,0.0,BRAKE
3,0.0,0.0,BRAKE
7,0.0,0.0,BRAKE
7,0.0,0.0,BRAKE
7,0.0,0.0,BRAKE
7,0.0,0.0,BRAKE
7,0.0,0.0,BRAKE
7,0.0,0.0,BRAKE
7,0.0,0.0,BRAKE
7,0.0,0.0,BRAKE
7,0.0,0.0,BRAKE
7,0.0,0.0,BRAKE
7,0.0,0.0,BRAKE
1,0.0,0.0,BRAKE
3,0.0,0.0,BRAKE
7,0.0,0.0,BRAKE
7,0.0,0.0,BRAKE
7,0.0,0.0,BRAKE
7,0.0,0.0,BRAKE
7,0.0,0.0,BRAKE
3,0.0,0.0,BRAKE
7,0.0,0.0,BRAKE
3,0.0,0.0,BRAKE
7,0.0,0.0,BRAKE
7,0.0,0.0,BRAKE
7,0.0,0.0,BRAKE
3,0.0,0.0,BRAKE
7,0.0,0.0,BRAKE
7,0.0,0.0,BRAKE
7,0.0,0.0,BRAKE
7,0.0,0.0,BRAKE
7,0.0,0.0,BRAKE
7,0.0,0.0,BRAKE
7,0.0,0.0,BRAKE
3,0.0,0.0,BRAKE
3,0.0,0.0,BRAKE
7,0.0,0.0,BRAKE
1,0.0,0.0,BRAKE
7,0.0,0.0,BRAKE
7,0.0,0.0,BRAKE
7,0.0,0.0,BRAKE
7,0.0,0.0,BRAKE
1,0.0,0.0,BRAKE
3,0.0,0.0,BRAKE
7,0.0,0.0,BRAKE
7,0.0,0.0,BRAKE
3,0.0,0.0,BRAKE
7,0.0,0.0,BRAKE
7,0.0,0.0,BRAKE
7,0.0,0.0,BRAKE
7,0.0,0.0,BRAKE
7,0.0,0.0,BRAKE
7,0.0,0.0,BRAKE
7,0.0,0.0,BRAKE
3,0.0,0.0,BRAKE
7,0.0,0.0,BRAKE
3,0.0,0.0,BRAKE
1,0.0,0.0,BRAKE
3,0.0,0.0,BRAKE
3,0.0,0.0,BRAKE
1,0.0,0.0,BRAKE
1,0.0,0.0,BRAKE
1,0.0,0.0,BRAKE
7,0.0,0.0,BRAKE
3,0.0,0.0,BRAKE
1,0.0,0.0,BRAKE
7,0.0,0.0,BRAKE
7,0.0,0.0,BRAKE
1,0.0,0.0,BRAKE
7,0.0,0.0,BRAKE
1,0.0,0.0,BRAKE
7,0.0,0.0,BRAKE
7,0.0,0.0,BRAKE
3,0.0,0.0,BRAKE
7,0.0,0.0,BRAKE
7,0.0,0.0,BRAKE
7,0.0,0.0,BRAKE
7,0.0,0.0,BRAKE
7,0.0,0.0,BRAKE
1,0.0,0.0,BRAKE
3,0.0,0.0,BRAKE
7,0.0,0.0,BRAKE
7,0.0,0.0,BRAKE
3,0.0,0.0,BRAKE
3,0.0,0.0,BRAKE
3,0.0,0.0,BRAKE
7,0.0,0.0,BRAKE
7,0.0,0.0,BRAKE
3,0.0,0.0,BRAKE
7,0.0,0.0,BRAKE
3,0.0,0.0,BRAKE
7,0.0,0.0,BRAKE
3,0.0,0.0,BRAKE
0,0.0,0.0,BRAKE
0,0.0,0.0,BRAKE
7,0.0,0.0,BRAKE
3,0.0,0.0,BRAKE
3,0.0,0.0,BRAKE
7,0.0,0.0,BRAKE
7,0.0,0.0,BRAKE
7,0.0,0.0,BRAKE
7,0.0,0.0,BRAKE
7,0.0,0.0,BRAKE
7,0.0,0.0,BRAKE
7,0.0,0.0,BRAKE
7,0.0,0.0,BRAKE
7,0.0,0.0,BRAKE
7,0.0,0.0,BRAKE
7,0.0,0.0,BRAKE
3,0.0,0.0,BRAKE
7,0.0,0.0,BRAKE
7,0.0,0.0,BRAKE
7,0.0,0.0,BRAKE
7,0.0,0.0,BRAKE
3,0.0,0.0,BRAKE
3,0.0,0.0,BRAKE
7,0.0,0.0,BRAKE
7,0.0,0.0,BRAKE
7,0.0,0.0,BRAKE
3,0.0,0.0,BRAKE
7,0.0,0.0,BRAKE
7,0.0,0.0,BRAKE
7,0.0,0.0,BRAKE
7,0.0,0.0,BRAKE
7,0.0,0.0,BRAKE
7,0.0,0.0,BRAKE
7,0.0,0.0,BRAKE
7,0.0,0.0,BRAKE
7,0.0,0.0,BRAKE
7,0.0,0.0,BRAKE
7,0.0,0.0,BRAKE
7,0.0,0.0,BRAKE
7,0.0,0.0,BRAKE
7,0.0,0.0,BRAKE
7,0.0,0.0,BRAKE
7,0.0,0.0,BRAKE
7,0.0,0.0,BRAKE
7,0.0,0.0,BRAKE
7,0.0,0.0,BRAKE
7,0.0,0.0,BRAKE
7,0.0,0.0,BRAKE
7,0.0,0.0,BRAKE
7,0.0,0.0,BRAKE
7,0.0,0.0,BRAKE
7,0.0,0.0,BRAKE
0,0.0,0.0,BRAKE
7,0.0,0.0,BRAKE
7,0.0,0.0,BRAKE
7,0.0,0.0,BRAKE
7,0.0,0.0,BRAKE
7,0.0,0.0,BRAKE
7,0.0,0.0,BRAKE
7,0.0,0.0,BRAKE
7,0.0,0.0,BRAKE
7,0.0,0.0,BRAKE
7,0.0,0.0,BRAKE
7,0.0,0.0,BRAKE
7,0.0,0.0,BRAKE
7,0.0,0.0,BRAKE
7,0.0,0.0,BRAKE
7,0.0,0.0,BRAKE
7,0.0,0.0,BRAKE
7,0.0,0.0,BRAKE
7,0.0,0.0,BRAKE
7,0.0,0.0,BRAKE
7,0.0,0.0,BRAKE
3,0.0,0.0,BRAKE
3,0.0,0.0,BRAKE
7,0.0,0.0,BRAKE
7,0.0,0.0,BRAKE
7,0.0,0.0,BRAKE
7,0.0,0.0,BRAKE
7,0.0,0.0,BRAKE
7,0.0,0.0,BRAKE
7,0.0,0.0,BRAKE
7,0.0,0.0,BRAKE
7,0.0,0.0,BRAKE
7,0.0,0.0,BRAKE
7,0.0,0.0,BRAKE
7,0.0,0.0,BRAKE
7,0.0,0.0,BRAKE
7,0.0,0.0,BRAKE
7,0.0,0.0,BRAKE
7,0.0,0.0,BRAKE
7,0.0,0.0,BRAKE
7,0.0,0.0,BRAKE
7,0.0,0.0,BRAKE
7,0.0,0.0,BRAKE
3,0.0,0.0,BRAKE
7,0.0,0.0,BRAKE
7,0.0,0.0,BRAKE
7,0.0,0.0,BRAKE
7,0.0,0.0,BRAKE
7,0.0,0.0,BRAKE
7,0.0,0.0,BRAKE
7,0.0,0.0,BRAKE
3,0.0,0.0,BRAKE
7,0.0,0.0,BRAKE
7,0.0,0.0,BRAKE
3,0.0,0.0,BRAKE
3,0.0,0.0,BRAKE
7,0.0,0.0,BRAKE
3,0.0,0.0,BRAKE
3,0.0,0.0,BRAKE
3,0.0,0.0,BRAKE
3,0.0,0.0,BRAKE
3,0.0,0.0,BRAKE
3,0.0,0.0,BRAKE
3,0.0,0.0,BRAKE
0,0.0,0.0,BRAKE
7,0.0,0.0,BRAKE
0,0.0,0.0,BRAKE
7,0.0,0.0,BRAKE
3,0.0,0.0,BRAKE
0,0.0,0.0,BRAKE
7,0.0,0.0,BRAKE
3,0.0,0.0,BRAKE
7,0.0,0.0,BRAKE
7,0.0,0.0,BRAKE
3,0.0,0.0,BRAKE
3,0.0,0.0,BRAKE
7,0.0,0.0,BRAKE
7,0.0,0.0,BRAKE
7,0.0,0.0,BRAKE
7,0.0,0.0,BRAKE
7,0.0,0.0,BRAKE
3,0.0,0.0,BRAKE
7,0.0,0.0,BRAKE
3,0.0,0.0,BRAKE
3,0.0,0.0,BRAKE
7,0.0,0.0,BRAKE
7,0.0,0.0,BRAKE
7,0.0,0.0,BRAKE
3,0.0,0.0,BRAKE
7,0.0,0.0,BRAKE
3,0.0,0.0,BRAKE
7,0.0,0.0,BRAKE
3,0.0,0.0,BRAKE
7,0.0,0.0,BRAKE
3,0.0,0.0,BRAKE
3,0.0,0.0,BRAKE
7,0.0,0.0,BRAKE
7,0.0,0.0,BRAKE
7,0.0,0.0,BRAKE
7,0.0,0.0,BRAKE
7,0.0,0.0,BRAKE
7,0.0,0.0,BRAKE
7,0.0,0.0,BRAKE
7,0.0,0.0,BRAKE
3,0.0,0.0,BRAKE
7,0.0,0.0,BRAKE
7,0.0,0.0,BRAKE
7,0.0,0.0,BRAKE
3,0.0,0.0,BRAKE
7,0.0,0.0,BRAKE
0,0.0,0.0,BRAKE
7,0.0,0.0,BRAKE
7,0.0,0.0,BRAKE
7,0.0,0.0,BRAKE
3,0.0,0.0,BRAKE
7,0.0,0.0,BRAKE
7,0.0,0.0,BRAKE
0,0.0,0.0,BRAKE
7,0.0,0.0,BRAKE
3,0.0,0.0,BRAKE
0,0.0,0.0,BRAKE
7,0.0,0.0,BRAKE
7,0.0,0.0,BRAKE
3,0.0,0.0,BRAKE
3,0.0,0.0,BRAKE
3,0.0,0.0,BRAKE
7,0.0,0.0,BRAKE
7,0.0,0.0,BRAKE
7,0.0,0.0,BRAKE
7,0.0,0.0,BRAKE
7,0.0,0.0,BRAKE
7,0.0,0.0,BRAKE
7,0.0,0.0,BRAKE
7,0.0,0.0,BRAKE
7,0.0,0.0,BRAKE
7,0.0,0.0,BRAKE
3,0.0,0.0,BRAKE
3,0.0,0.0,BRAKE
7,0.0,0.0,BRAKE
3,0.0,0.0,BRAKE
3,0.0,0.0,BRAKE
7,0.0,0.0,BRAKE
3,0.0,0.0,BRAKE
3,0.0,0.0,BRAKE
0,0.0,0.0,BRAKE
7,0.0,0.0,BRAKE
3,0.0,0.0,BRAKE
3,0.0,0.0,BRAKE
7,0.0,0.0,BRAKE
7,0.0,0.0,BRAKE
7,0.0,0.0,BRAKE
7,0.0,0.0,BRAKE
7,0.0,0.0,BRAKE
7,0.0,0.0,BRAKE
7,0.0,0.0,BRAKE
3,0.0,0.0,BRAKE
7,0.0,0.0,BRAKE
7,0.0,0.0,BRAKE
3,0.0,0.0,BRAKE
7,0.0,0.0,BRAKE
3,0.0,0.0,BRAKE
7,0.0,0.0,BRAKE
3,0.0,0.0,BRAKE
3,0.0,0.0,BRAKE
7,0.0,0.0,BRAKE
3,0.0,0.0,BRAKE
3,0.0,0.0,BRAKE
3,0.0,0.0,BRAKE
3,0.0,0.0,BRAKE
7,0.0,0.0,BRAKE
7,0.0,0.0,BRAKE
3,0.0,0.0,BRAKE
7,0.0,0.0,BRAKE
7,0.0,0.0,BRAKE
0,0.0,0.0,BRAKE
7,0.0,0.0,BRAKE
7,0.0,0.0,BRAKE
7,0.0,0.0,BRAKE
7,0.0,0.0,BRAKE
3,0.0,0.0,BRAKE
3,0.0,0.0,BRAKE
7,0.0,0.0,BRAKE
3,0.0,0.0,BRAKE
3,0.0,0.0,BRAKE
3,0.0,0.0,BRAKE
3,0.0,0.0,BRAKE
7,0.0,0.0,BRAKE
3,0.0,0.0,BRAKE
7,0.0,0.0,BRAKE
3,0.0,0.0,BRAKE
3,0.0,0.0,BRAKE
3,0.0,0.0,BRAKE
7,0.0,0.0,BRAKE
3,0.0,0.0,BRAKE
3,0.0,0.0,BRAKE
7,0.0,0.0,BRAKE
3,0.0,0.0,BRAKE
7,0.0,0.0,BRAKE
3,0.0,0.0,BRAKE
3,0.0,0.0,BRAKE
3,0.0,0.0,BRAKE
3,0.0,0.0,BRAKE
3,0.0,0.0,BRAKE
3,0.0,0.0,BRAKE
3,0.0,0.0,BRAKE
7,0.0,0.0,BRAKE
3,0.0,0.0,BRAKE
3,0.0,0.0,BRAKE
3,0.0,0.0,BRAKE
3,0.0,0.0,BRAKE
3,0.0,0.0,BRAKE
3,0.0,0.0,BRAKE
3,0.0,0.0,BRAKE
3,0.0,0.0,BRAKE
3,0.0,0.0,BRAKE
3,0.0,0.0,BRAKE
3,0.0,0.0,BRAKE
3,0.0,0.0,BRAKE
3,0.0,0.0,BRAKE
3,0.0,0.0,BRAKE
3,0.0,0.0,BRAKE
3,0.0,0.0,BRAKE
3,0.0,0.0,BRAKE
3,0.0,0.0,BRAKE
7,0.0,0.0,BRAKE
3,0.0,0.0,BRAKE
7,0.0,0.0,BRAKE
3,0.0,0.0,BRAKE
3,0.0,0.0,BRAKE
3,0.0,0.0,BRAKE
3,0.0,0.0,BRAKE
3,0.0,0.0,BRAKE
7,0.0,0.0,BRAKE
3,0.0,0.0,BRAKE
7,0.0,0.0,BRAKE
3,0.0,0.0,BRAKE
3,0.0,0.0,BRAKE
3,0.0,0.0,BRAKE
3,0.0,0.0,BRAKE
3,0.0,0.0,BRAKE
3,0.0,0.0,BRAKE
3,0.0,0.0,BRAKE
3,0.0,0.0,BRAKE
3,0.0,0.0,BRAKE
3,0.0,0.0,BRAKE
3,0.0,0.0,BRAKE
3,0.0,0.0,BRAKE
7,0.0,0.0,BRAKE
3,0.0,0.0,BRAKE
7,0.0,0.0,BRAKE
7,0.0,0.0,BRAKE
3,0.0,0.0,BRAKE
3,0.0,0.0,BRAKE
7,0.0,0.0,BRAKE
7,0.0,0.0,BRAKE
7,0.0,0.0,BRAKE
3,0.0,0.0,BRAKE
7,0.0,0.0,BRAKE
3,0.0,0.0,BRAKE
3,0.0,0.0,BRAKE
7,0.0,0.0,BRAKE
3,0.0,0.0,BRAKE
3,0.0,0.0,BRAKE
7,0.0,0.0,BRAKE
7,0.0,0.0,BRAKE
7,0.0,0.0,BRAKE
3,0.0,0.0,BRAKE
3,0.0,0.0,BRAKE
3,0.0,0.0,BRAKE
3,0.0,0.0,BRAKE
7,0.0,0.0,BRAKE
3,0.0,0.0,BRAKE
3,0.0,0.0,BRAKE
3,0.0,0.0,BRAKE
3,0.0,0.0,BRAKE
7,0.0,0.0,BRAKE
7,0.0,0.0,BRAKE
3,0.0,0.0,BRAKE
7,0.0,0.0,BRAKE
3,0.0,0.0,BRAKE
3,0.0,0.0,BRAKE
7,0.0,0.0,BRAKE
7,0.0,0.0,BRAKE
3,0.0,0.0,BRAKE
3,0.0,0.0,BRAKE
7,0.0,0.0,BRAKE
7,0.0,0.0,BRAKE
3,0.0,0.0,BRAKE
7,0.0,0.0,BRAKE
3,0.0,0.0,BRAKE
7,0.0,0.0,BRAKE
7,0.0,0.0,BRAKE
3,0.0,0.0,BRAKE
3,0.0,0.0,BRAKE
3,0.0,0.0,BRAKE
3,0.0,0.0,BRAKE
7,0.0,0.0,BRAKE
3,0.0,0.0,BRAKE
7,0.0,0.0,BRAKE
7,0.0,0.0,BRAKE
3,0.0,0.0,BRAKE
7,0.0,0.0,BRAKE
7,0.0,0.0,BRAKE
7,0.0,0.0,BRAKE
7,0.0,0.0,BRAKE
3,0.0,0.0,BRAKE
7,0.0,0.0,BRAKE
7,0.0,0.0,BRAKE
7,0.0,0.0,BRAKE
3,0.0,0.0,BRAKE
7,0.0,0.0,BRAKE
7,0.0,0.0,BRAKE
7,0.0,0.0,BRAKE
7,0.0,0.0,BRAKE
7,0.0,0.0,BRAKE
7,0.0,0.0,BRAKE
3,0.0,0.0,BRAKE
7,0.0,0.0,BRAKE
7,0.0,0.0,BRAKE
3,0.0,0.0,BRAKE
3,0.0,0.0,BRAKE
7,0.0,0.0,BRAKE
7,0.0,0.0,BRAKE
7,0.0,0.0,BRAKE
7,0.0,0.0,BRAKE
3,0.0,0.0,BRAKE
7,0.0,0.0,BRAKE
7,0.0,0.0,BRAKE
7,0.0,0.0,BRAKE
7,0.0,0.0,BRAKE
7,0.0,0.0,BRAKE
7,0.0,0.0,BRAKE
3,0.0,0.0,BRAKE
3,0.0,0.0,BRAKE
7,0.0,0.0,BRAKE
7,0.0,0.0,BRAKE
7,0.0,0.0,BRAKE
7,0.0,0.0,BRAKE
7,0.0,0.0,BRAKE
7,0.0,0.0,BRAKE
3,0.0,0.0,BRAKE
7,0.0,0.0,BRAKE
7,0.0,0.0,BRAKE
7,0.0,0.0,BRAKE
7,0.0,0.0,BRAKE
7,0.0,0.0,BRAKE
7,0.0,0.0,BRAKE
7,0.0,0.0,BRAKE
7,0.0,0.0,BRAKE
7,0.0,0.0,BRAKE
7,0.0,0.0,BRAKE
7,0.0,0.0,BRAKE
7,0.0,0.0,BRAKE
7,0.0,0.0,BRAKE
7,0.0,0.0,BRAKE
7,0.0,0.0,BRAKE
7,0.0,0.0,BRAKE
7,0.0,0.0,BRAKE
7,0.0,0.0,BRAKE
7,0.0,0.0,BRAKE
7,0.0,0.0,BRAKE
7,0.0,0.0,BRAKE
7,0.0,0.0,BRAKE
7,0.0,0.0,BRAKE
7,0.0,0.0,BRAKE
7,0.0,0.0,BRAKE
7,0.0,0.0,BRAKE
7,0.0,0.0,BRAKE
7,0.0,0.0,BRAKE
7,0.0,0.0,BRAKE
7,0.0,0.0,BRAKE
7,0.0,0.0,BRAKE
7,0.0,0.0,BRAKE
7,0.0,0.0,BRAKE
7,0.0,0.0,BRAKE
7,0.0,0.0,BRAKE
7,0.0,0.0,BRAKE
7,0.0,0.0,BRAKE
7,0.0,0.0,BRAKE
7,0.0,0.0,BRAKE
0,0.0,0.0,BRAKE
7,0.0,0.0,BRAKE
7,0.0,0.0,BRAKE
7,0.0,0.0,BRAKE
7,0.0,0.0,BRAKE
7,0.0,0.0,BRAKE
7,0.0,0.0,BRAKE
7,0.0,0.0,BRAKE
7,0.0,0.0,BRAKE
7,0.0,0.0,BRAKE
7,0.0,0.0,BRAKE
0,0.0,0.0,BRAKE
7,0.0,0.0,BRAKE
7,0.0,0.0,BRAKE
7,0.0,0.0,BRAKE
7,0.0,0.0,BRAKE
7,0.0,0.0,BRAKE
7,0.0,0.0,BRAKE
7,0.0,0.0,BRAKE
7,0.0,0.0,BRAKE
7,0.0,0.0,BRAKE
7,0.0,0.0,BRAKE
7,0.0,0.0,BRAKE
7,0.0,0.0,BRAKE
0,0.0,0.0,BRAKE
7,0.0,0.0,BRAKE
7,0.0,0.0,BRAKE
7,0.0,0.0,BRAKE
7,0.0,0.0,BRAKE
7,0.0,0.0,BRAKE
7,0.0,0.0,BRAKE
7,0.0,0.0,BRAKE
7,0.0,0.0,BRAKE
7,0.0,0.0,BRAKE
7,0.0,0.0,BRAKE
7,0.0,0.0,BRAKE
7,0.0,0.0,BRAKE
7,0.0,0.0,BRAKE
7,0.0,0.0,BRAKE
1,0.0,0.0,BRAKE
1,0.0,0.0,BRAKE
1,0.0,0.0,BRAKE
1,0.0,0.0,BRAKE
1,0.0,0.0,BRAKE
7,0.0,0.0,BRAKE
0,0.0,0.0,BRAKE
0,0.0,0.0,BRAKE
0,0.0,0.0,BRAKE
3,0.0,0.0,BRAKE
3,0.0,0.0,BRAKE
7,0.0,0.0,BRAKE
7,0.0,0.0,BRAKE
7,0.0,0.0,BRAKE
7,0.0,0.0,BRAKE
7,0.0,0.0,BRAKE
7,0.0,0.0,BRAKE
1,0.0,0.0,BRAKE
7,0.0,0.0,BRAKE
7,0.0,0.0,BRAKE
7,0.0,0.0,BRAKE
7,0.0,0.0,BRAKE
7,0.0,0.0,BRAKE
7,0.0,0.0,BRAKE
7,0.0,0.0,BRAKE
7,0.0,0.0,BRAKE
7,0.0,0.0,BRAKE
7,0.0,0.0,BRAKE
7,0.0,0.0,BRAKE
7,0.0,0.0,BRAKE
7,0.0,0.0,BRAKE
7,0.0,0.0,BRAKE
7,0.0,0.0,BRAKE
7,0.0,0.0,BRAKE
7,0.0,0.0,BRAKE
7,0.0,0.0,BRAKE
7,0.0,0.0,BRAKE
7,0.0,0.0,BRAKE
7,0.0,0.0,BRAKE
7,0.0,0.0,BRAKE
7,0.0,0.0,BRAKE
7,0.0,0.0,BRAKE
7,0.0,0.0,BRAKE
7,0.0,0.0,BRAKE
7,0.0,0.0,BRAKE
7,0.0,0.0,BRAKE
7,0.0,0.0,BRAKE
7,0.0,0.0,BRAKE
7,0.0,0.0,BRAKE
7,0.0,0.0,BRAKE
7,0.0,0.0,BRAKE
7,0.0,0.0,BRAKE
7,0.0,0.0,BRAKE
7,0.0,0.0,BRAKE
7,0.0,0.0,BRAKE
7,0.0,0.0,BRAKE
7,0.0,0.0,BRAKE
7,0.0,0.0,BRAKE
7,0.0,0.0,BRAKE
7,0.0,0.0,BRAKE
7,0.0,0.0,BRAKE
7,0.0,0.0,BRAKE
7,0.0,0.0,BRAKE
7,0.0,0.0,BRAKE
7,0.0,0.0,BRAKE
7,0.0,0.0,BRAKE
7,0.0,0.0,BRAKE
7,0.0,0.0,BRAKE
7,0.0,0.0,BRAKE
7,0.0,0.0,BRAKE
7,0.0,0.0,BRAKE
7,0.0,0.0,BRAKE
7,0.0,0.0,BRAKE
0,0.0,0.0,BRAKE
7,0.0,0.0,BRAKE
7,0.0,0.0,BRAKE
7,0.0,0.0,BRAKE
7,0.0,0.0,BRAKE
7,0.0,0.0,BRAKE
7,0.0,0.0,BRAKE
7,0.0,0.0,BRAKE
7,0.0,0.0,BRAKE
7,0.0,0.0,BRAKE
7,0.0,0.0,BRAKE
7,0.0,0.0,BRAKE
7,0.0,0.0,BRAKE
7,0.0,0.0,BRAKE
7,0.0,0.0,BRAKE
7,0.0,0.0,BRAKE
7,0.0,0.0,BRAKE
7,0.0,0.0,BRAKE
7,0.0,0.0,BRAKE
7,0.0,0.0,BRAKE
7,0.0,0.0,BRAKE
7,0.0,0.0,BRAKE
7,0.0,0.0,BRAKE
7,0.0,0.0,BRAKE
7,0.0,0.0,BRAKE
7,0.0,0.0,BRAKE
7,0.0,0.0,BRAKE
7,0.0,0.0,BRAKE
7,0.0,0.0,BRAKE
7,0.0,0.0,BRAKE
7,0.0,0.0,BRAKE
7,0.0,0.0,BRAKE
7,0.0,0.0,BRAKE
7,0.0,0.0,BRAKE
7,0.0,0.0,BRAKE
7,0.0,0.0,BRAKE
7,0.0,0.0,BRAKE
7,0.0,0.0,BRAKE
7,0.0,0.0,BRAKE
7,0.0,0.0,BRAKE
7,0.0,0.0,BRAKE
7,0.0,0.0,BRAKE
7,0.0,0.0,BRAKE
7,0.0,0.0,BRAKE
7,0.0,0.0,BRAKE
7,0.0,0.0,BRAKE
7,0.0,0.0,BRAKE
7,0.0,0.0,BRAKE
7,0.0,0.0,BRAKE
7,0.0,0.0,BRAKE
7,0.0,0.0,BRAKE
7,0.0,0.0,BRAKE
7,0.0,0.0,BRAKE
7,0.0,0.0,BRAKE
7,0.0,0.0,BRAKE
7,0.0,0.0,BRAKE
7,0.0,0.0,BRAKE
7,0.0,0.0,BRAKE
7,0.0,0.0,BRAKE
7,0.0,0.0,BRAKE
7,0.0,0.0,BRAKE
7,0.0,0.0,BRAKE
7,0.0,0.0,BRAKE
7,0.0,0.0,BRAKE
7,0.0,0.0,BRAKE
7,0.0,0.0,BRAKE
7,0.0,0.0,BRAKE
7,0.0,0.0,BRAKE
7,0.0,0.0,BRAKE
7,0.0,0.0,BRAKE
7,0.0,0.0,BRAKE
7,0.0,0.0,BRAKE
7,0.0,0.0,BRAKE
7,0.0,0.0,BRAKE
7,0.0,0.0,BRAKE
7,0.0,0.0,BRAKE
7,0.0,0.0,BRAKE
7,0.0,0.0,BRAKE
7,0.0,0.0,BRAKE
7,0.0,0.0,BRAKE
7,0.0,0.0,BRAKE
7,0.0,0.0,BRAKE
7,0.0,0.0,BRAKE
7,0.0,0.0,BRAKE
7,0.0,0.0,BRAKE
7,0.0,0.0,BRAKE
7,0.0,0.0,BRAKE
7,0.0,0.0,BRAKE
7,0.0,0.0,BRAKE
7,0.0,0.0,BRAKE
7,0.0,0.0,BRAKE
7,0.0,0.0,BRAKE
7,0.0,0.0,BRAKE
7,0.0,0.0,BRAKE
7,0.0,0.0,BRAKE
7,0.0,0.0,BRAKE
7,0.0,0.0,BRAKE
7,0.0,0.0,BRAKE
7,0.0,0.0,BRAKE
7,0.0,0.0,BRAKE
7,0.0,0.0,BRAKE
7,0.0,0.0,BRAKE
7,0.0,0.0,BRAKE
7,0.0,0.0,BRAKE
7,0.0,0.0,BRAKE
7,0.0,0.0,BRAKE
7,0.0,0.0,BRAKE
7,0.0,0.0,BRAKE
7,0.0,0.0,BRAKE
7,0.0,0.0,BRAKE
7,0.0,0.0,BRAKE
7,0.0,0.0,BRAKE
7,0.0,0.0,BRAKE
7,0.0,0.0,BRAKE
7,0.0,0.0,BRAKE
7,0.0,0.0,BRAKE
7,0.0,0.0,BRAKE
7,0.0,0.0,BRAKE
7,0.0,0.0,BRAKE
7,0.0,0.0,BRAKE
7,0.0,0.0,BRAKE
7,0.0,0.0,BRAKE
7,0.0,0.0,BRAKE
7,0.0,0.0,BRAKE
7,0.0,0.0,BRAKE
7,0.0,0.0,BRAKE
7,0.0,0.0,BRAKE
7,0.0,0.0,BRAKE
7,0.0,0.0,BRAKE
7,0.0,0.0,BRAKE
7,0.0,0.0,BRAKE
7,0.0,0.0,BRAKE
7,0.0,0.0,BRAKE
7,0.0,0.0,BRAKE
7,0.0,0.0,BRAKE
7,0.0,0.0,BRAKE
7,0.0,0.0,BRAKE
7,0.0,0.0,BRAKE
7,0.0,0.0,BRAKE
7,0.0,0.0,BRAKE
7,0.0,0.0,BRAKE
7,0.0,0.0,BRAKE
7,0.0,0.0,BRAKE
7,0.0,0.0,BRAKE
7,0.0,0.0,BRAKE
7,0.0,0.0,BRAKE
7,0.0,0.0,BRAKE
7,0.0,0.0,BRAKE
7,0.0,0.0,BRAKE
7,0.0,0.0,BRAKE
7,0.0,0.0,BRAKE
7,0.0,0.0,BRAKE
7,0.0,0.0,BRAKE
7,0.0,0.0,BRAKE
7,0.0,0.0,BRAKE
7,0.0,0.0,BRAKE
7,0.0,0.0,BRAKE
7,0.0,0.0,BRAKE
7,0.0,0.0,BRAKE
7,0.0,0.0,BRAKE
7,0.0,0.0,BRAKE
7,0.0,0.0,BRAKE
7,0.0,0.0,BRAKE
7,0.0,0.0,BRAKE
7,0.0,0.0,BRAKE
7,0.0,0.0,BRAKE
7,0.0,0.0,BRAKE
7,0.0,0.0,BRAKE
7,0.0,0.0,BRAKE
7,0.0,0.0,BRAKE
7,0.0,0.0,BRAKE
7,0.0,0.0,BRAKE
7,0.0,0.0,BRAKE
7,0.0,0.0,BRAKE
7,0.0,0.0,BRAKE
7,0.0,0.0,BRAKE
7,0.0,0.0,BRAKE
7,0.0,0.0,BRAKE
7,0.0,0.0,BRAKE
7,0.0,0.0,BRAKE
7,0.0,0.0,BRAKE
7,0.0,0.0,BRAKE
7,0.0,0.0,BRAKE
7,0.0,0.0,BRAKE
7,0.0,0.0,BRAKE
7,0.0,0.0,BRAKE
7,0.0,0.0,BRAKE
7,0.0,0.0,BRAKE
7,0.0,0.0,BRAKE
7,0.0,0.0,BRAKE
7,0.0,0.0,BRAKE
7,0.0,0.0,BRAKE
7,0.0,0.0,BRAKE
7,0.0,0.0,BRAKE
7,0.0,0.0,BRAKE
7,0.0,0.0,BRAKE
7,0.0,0.0,BRAKE
7,0.0,0.0,BRAKE
7,0.0,0.0,BRAKE
7,0.0,0.0,BRAKE
7,0.0,0.0,BRAKE
7,0.0,0.0,BRAKE
7,0.0,0.0,BRAKE
7,0.0,0.0,BRAKE
7,0.0,0.0,BRAKE
7,0.0,0.0,BRAKE
7,0.0,0.0,BRAKE
7,0.0,0.0,BRAKE
7,0.0,0.0,BRAKE
7,0.0,0.0,BRAKE
7,0.0,0.0,BRAKE
7,0.0,0.0,BRAKE
7,0.0,0.0,BRAKE
7,0.0,0.0,BRAKE
7,0.0,0.0,BRAKE
7,0.0,0.0,BRAKE
7,0.0,0.0,BRAKE
7,0.0,0.0,BRAKE
7,0.0,0.0,BRAKE
7,0.0,0.0,BRAKE
7,0.0,0.0,BRAKE
7,0.0,0.0,BRAKE
7,0.0,0.0,BRAKE
7,0.0,0.0,BRAKE
7,0.0,0.0,BRAKE
7,0.0,0.0,BRAKE
7,0.0,0.0,BRAKE
7,0.0,0.0,BRAKE
7,0.0,0.0,BRAKE
7,0.0,0.0,BRAKE
7,0.0,0.0,BRAKE
7,0.0,0.0,BRAKE
7,0.0,0.0,BRAKE
7,0.0,0.0,BRAKE
7,0.0,0.0,BRAKE
7,0.0,0.0,BRAKE
7,0.0,0.0,BRAKE
7,0.0,0.0,BRAKE
7,0.0,0.0,BRAKE
7,0.0,0.0,BRAKE
7,0.0,0.0,BRAKE
7,0.0,0.0,BRAKE
7,0.0,0.0,BRAKE
7,0.0,0.0,BRAKE
7,0.0,0.0,BRAKE
7,0.0,0.0,BRAKE
7,0.0,0.0,BRAKE
7,0.0,0.0,BRAKE
7,0.0,0.0,BRAKE
7,0.0,0.0,BRAKE
7,0.0,0.0,BRAKE
7,0.0,0.0,BRAKE
7,0.0,0.0,BRAKE
7,0.0,0.0,BRAKE
7,0.0,0.0,BRAKE
7,0.0,0.0,BRAKE
7,0.0,0.0,BRAKE
7,0.0,0.0,BRAKE
7,0.0,0.0,BRAKE
7,0.0,0.0,BRAKE
7,0.0,0.0,BRAKE
7,0.0,0.0,BRAKE
7,0.0,0.0,BRAKE
7,0.0,0.0,BRAKE
7,0.0,0.0,BRAKE
7,0.0,0.0,BRAKE
7,0.0,0.0,BRAKE
7,0.0,0.0,BRAKE
7,0.0,0.0,BRAKE
7,0.0,0.0,BRAKE
7,0.0,0.0,BRAKE
7,0.0,0.0,BRAKE
7,0.0,0.0,BRAKE
7,0.0,0.0,BRAKE
7,0.0,0.0,BRAKE
7,0.0,0.0,BRAKE
7,0.0,0.0,BRAKE
7,0.0,0.0,BRAKE
7,0.0,0.0,BRAKE
7,0.0,0.0,BRAKE
7,0.0,0.0,BRAKE
7,0.0,0.0,BRAKE
7,0.0,0.0,BRAKE
7,0.0,0.0,BRAKE
7,0.0,0.0,BRAKE
7,0.0,0.0,BRAKE
7,0.0,0.0,BRAKE
7,0.0,0.0,BRAKE
7,0.0,0.0,BRAKE
7,0.0,0.0,BRAKE
7,0.0,0.0,BRAKE
7,0.0,0.0,BRAKE
7,0.0,0.0,BRAKE
7,0.0,0.0,BRAKE
7,0.0,0.0,BRAKE
7,0.0,0.0,BRAKE
7,0.0,0.0,BRAKE
7,0.0,0.0,BRAKE
7,0.0,0.0,BRAKE
7,0.0,0.0,BRAKE
7,0.0,0.0,BRAKE
7,0.0,0.0,BRAKE
7,0.0,0.0,BRAKE
7,0.0,0.0,BRAKE
7,0.0,0.0,BRAKE
7,0.0,0.0,BRAKE
7,0.0,0.0,BRAKE
7,0.0,0.0,BRAKE
7,0.0,0.0,BRAKE
7,0.0,0.0,BRAKE
7,0.0,0.0,BRAKE
7,0.0,0.0,BRAKE
7,0.0,0.0,BRAKE
7,0.0,0.0,BRAKE
7,0.0,0.0,BRAKE
7,0.0,0.0,BRAKE
7,0.0,0.0,BRAKE
7,0.0,0.0,BRAKE
7,0.0,0.0,BRAKE
7,0.0,0.0,BRAKE
7,0.0,0.0,BRAKE
7,0.0,0.0,BRAKE
7,0.0,0.0,BRAKE
7,0.0,0.0,BRAKE
7,0.0,0.0,BRAKE
7,0.0,0.0,BRAKE
7,0.0,0.0,BRAKE
7,0.0,0.0,BRAKE
7,0.0,0.0,BRAKE
7,0.0,0.0,BRAKE
7,0.0,0.0,BRAKE
7,0.0,0.0,BRAKE
7,0.0,0.0,BRAKE
7,0.0,0.0,BRAKE
7,0.0,0.0,BRAKE
7,0.0,0.0,BRAKE
7,0.0,0.0,BRAKE
7,0.0,0.0,BRAKE
7,0.0,0.0,BRAKE
7,0.0,0.0,BRAKE
7,0.0,0.0,BRAKE
7,0.0,0.0,BRAKE
7,0.0,0.0,BRAKE
7,0.0,0.0,BRAKE
7,0.0,0.0,BRAKE
7,0.0,0.0,BRAKE
7,0.0,0.0,BRAKE
7,0.0,0.0,BRAKE
7,0.0,0.0,BRAKE
7,0.0,0.0,BRAKE
7,0.0,0.0,BRAKE
7,0.0,0.0,BRAKE
7,0.0,0.0,BRAKE
7,0.0,0.0,BRAKE
7,0.0,0.0,BRAKE
7,0.0,0.0,BRAKE
7,0.0,0.0,BRAKE
7,0.0,0.0,BRAKE
7,0.0,0.0,BRAKE
7,0.0,0.0,BRAKE
7,0.0,0.0,BRAKE
7,0.0,0.0,BRAKE
7,0.0,0.0,BRAKE
7,0.0,0.0,BRAKE
7,0.0,0.0,BRAKE
7,0.0,0.0,BRAKE
7,0.0,0.0,BRAKE
7,0.0,0.0,BRAKE
7,0.0,0.0,BRAKE
7,0.0,0.0,BRAKE
7,0.0,0.0,BRAKE
7,0.0,0.0,BRAKE
7,0.0,0.0,BRAKE
7,0.0,0.0,BRAKE
7,0.0,0.0,BRAKE
7,0.0,0.0,BRAKE
7,0.0,0.0,BRAKE
7,0.0,0.0,BRAKE
7,0.0,0.0,BRAKE
7,0.0,0.0,BRAKE
7,0.0,0.0,BRAKE
7,0.0,0.0,BRAKE
7,0.0,0.0,BRAKE
7,0.0,0.0,BRAKE
7,0.0,0.0,BRAKE
7,0.0,0.0,BRAKE
7,0.0,0.0,BRAKE
7,0.0,0.0,BRAKE
7,0.0,0.0,BRAKE
7,0.0,0.0,BRAKE
7,0.0,0.0,BRAKE
7,0.0,0.0,BRAKE
7,0.0,0.0,BRAKE
7,0.0,0.0,BRAKE
7,0.0,0.0,BRAKE
7,0.0,0.0,BRAKE
7,0.0,0.0,BRAKE
7,0.0,0.0,BRAKE
7,0.0,0.0,BRAKE
7,0.0,0.0,BRAKE
7,0.0,0.0,BRAKE
7,0.0,0.0,BRAKE
7,0.0,0.0,BRAKE
7,0.0,0.0,BRAKE
7,0.0,0.0,BRAKE
7,0.0,0.0,BRAKE
7,0.0,0.0,BRAKE
7,0.0,0.0,BRAKE
7,0.0,0.0,BRAKE
7,0.0,0.0,BRAKE
7,0.0,0.0,BRAKE
7,0.0,0.0,BRAKE
7,0.0,0.0,BRAKE
7,0.0,0.0,BRAKE
7,0.0,0.0,BRAKE
7,0.0,0.0,BRAKE
7,0.0,0.0,BRAKE
7,0.0,0.0,BRAKE
7,0.0,0.0,BRAKE
7,0.0,0.0,BRAKE
7,0.0,0.0,BRAKE
7,0.0,0.0,BRAKE
7,0.0,0.0,BRAKE
7,0.0,0.0,BRAKE
7,0.0,0.0,BRAKE
7,0.0,0.0,BRAKE
7,0.0,0.0,BRAKE
7,0.0,0.0,BRAKE
7,0.0,0.0,BRAKE
7,0.0,0.0,BRAKE
7,0.0,0.0,BRAKE
7,0.0,0.0,BRAKE
7,0.0,0.0,BRAKE
7,0.0,0.0,BRAKE
7,0.0,0.0,BRAKE
7,0.0,0.0,BRAKE
7,0.0,0.0,BRAKE
7,0.0,0.0,BRAKE
7,0.0,0.0,BRAKE
7,0.0,0.0,BRAKE
7,0.0,0.0,BRAKE
7,0.0,0.0,BRAKE
7,0.0,0.0,BRAKE
7,0.0,0.0,BRAKE
7,0.0,0.0,BRAKE
7,0.0,0.0,BRAKE
7,0.0,0.0,BRAKE
7,0.0,0.0,BRAKE
7,0.0,0.0,BRAKE
7,0.0,0.0,BRAKE
7,0.0,0.0,BRAKE
7,0.0,0.0,BRAKE
7,0.0,0.0,BRAKE
7,0.0,0.0,BRAKE
7,0.0,0.0,BRAKE
7,0.0,0.0,BRAKE
7,0.0,0.0,BRAKE
7,0.0,0.0,BRAKE
7,0.0,0.0,BRAKE
7,0.0,0.0,BRAKE
7,0.0,0.0,BRAKE
7,0.0,0.0,BRAKE
7,0.0,0.0,BRAKE
7,0.0,0.0,BRAKE
7,0.0,0.0,BRAKE
7,0.0,0.0,BRAKE
7,0.0,0.0,BRAKE
7,0.0,0.0,BRAKE
7,0.0,0.0,BRAKE
7,0.0,0.0,BRAKE
7,0.0,0.0,BRAKE
7,0.0,0.0,BRAKE
7,0.0,0.0,BRAKE
7,0.0,0.0,BRAKE
7,0.0,0.0,BRAKE
7,0.0,0.0,BRAKE
7,0.0,0.0,BRAKE
7,0.0,0.0,BRAKE
7,0.0,0.0,BRAKE
7,0.0,0.0,BRAKE
7,0.0,0.0,BRAKE
7,0.0,0.0,BRAKE
7,0.0,0.0,BRAKE
7,0.0,0.0,BRAKE
7,0.0,0.0,BRAKE
7,0.0,0.0,BRAKE
7,0.0,0.0,BRAKE
7,0.0,0.0,BRAKE
7,0.0,0.0,BRAKE
7,0.0,0.0,BRAKE
7,0.0,0.0,BRAKE
7,0.0,0.0,BRAKE
7,0.0,0.0,BRAKE
7,0.0,0.0,BRAKE
7,0.0,0.0,BRAKE
7,0.0,0.0,BRAKE
7,0.0,0.0,BRAKE
7,0.0,0.0,BRAKE
7,0.0,0.0,BRAKE
7,0.0,0.0,BRAKE
7,0.0,0.0,BRAKE
7,0.0,0.0,BRAKE
7,0.0,0.0,BRAKE
7,0.0,0.0,BRAKE
7,0.0,0.0,BRAKE
7,0.0,0.0,BRAKE
7,0.0,0.0,BRAKE
7,0.0,0.0,BRAKE
7,0.0,0.0,BRAKE
7,0.0,0.0,BRAKE
7,0.0,0.0,BRAKE
7,0.0,0.0,BRAKE
7,0.0,0.0,BRAKE
7,0.0,0.0,BRAKE
7,0.0,0.0,BRAKE
7,0.0,0.0,BRAKE
7,0.0,0.0,BRAKE
7,0.0,0.0,BRAKE
7,0.0,0.0,BRAKE
7,0.0,0.0,BRAKE
7,0.0,0.0,BRAKE
7,0.0,0.0,BRAKE
7,0.0,0.0,BRAKE
7,0.0,0.0,BRAKE
7,0.0,0.0,BRAKE
7,0.0,0.0,BRAKE
7,0.0,0.0,BRAKE
7,0.0,0.0,BRAKE
7,0.0,0.0,BRAKE
7,0.0,0.0,BRAKE
7,0.0,0.0,BRAKE
7,0.0,0.0,BRAKE
7,0.0,0.0,BRAKE
7,0.0,0.0,BRAKE
7,0.0,0.0,BRAKE
7,0.0,0.0,BRAKE
7,0.0,0.0,BRAKE
7,0.0,0.0,BRAKE
7,0.0,0.0,BRAKE
7,0.0,0.0,BRAKE
7,0.0,0.0,BRAKE
7,0.0,0.0,BRAKE
7,0.0,0.0,BRAKE
7,0.0,0.0,BRAKE
7,0.0,0.0,BRAKE
7,0.0,0.0,BRAKE
7,0.0,0.0,BRAKE
7,0.0,0.0,BRAKE
7,0.0,0.0,BRAKE
7,0.0,0.0,BRAKE
7,0.0,0.0,BRAKE
7,0.0,0.0,BRAKE
7,0.0,0.0,BRAKE
7,0.0,0.0,BRAKE
7,0.0,0.0,BRAKE
7,0.0,0.0,BRAKE
7,0.0,0.0,BRAKE
7,0.0,0.0,BRAKE
7,0.0,0.0,BRAKE
7,0.0,0.0,BRAKE
7,0.0,0.0,BRAKE
7,0.0,0.0,BRAKE
7,0.0,0.0,BRAKE
7,0.0,0.0,BRAKE
7,0.0,0.0,BRAKE
7,0.0,0.0,BRAKE
7,0.0,0.0,BRAKE
7,0.0,0.0,BRAKE
7,0.0,0.0,BRAKE
7,0.0,0.0,BRAKE
7,0.0,0.0,BRAKE
7,0.0,0.0,BRAKE
7,0.0,0.0,BRAKE
7,0.0,0.0,BRAKE
7,0.0,0.0,BRAKE
7,0.0,0.0,BRAKE
7,0.0,0.0,BRAKE
7,0.0,0.0,BRAKE
7,0.0,0.0,BRAKE
7,0.0,0.0,BRAKE
7,0.0,0.0,BRAKE
7,0.0,0.0,BRAKE
7,0.0,0.0,BRAKE
7,0.0,0.0,BRAKE
7,0.0,0.0,BRAKE
7,0.0,0.0,BRAKE
7,0.0,0.0,BRAKE
7,0.0,0.0,BRAKE
7,0.0,0.0,BRAKE
7,0.0,0.0,BRAKE
7,0.0,0.0,BRAKE
7,0.0,0.0,BRAKE
7,0.0,0.0,BRAKE
7,0.0,0.0,BRAKE
7,0.0,0.0,BRAKE
7,0.0,0.0,BRAKE
7,0.0,0.0,BRAKE
7,0.0,0.0,BRAKE
0,0.0,0.0,BRAKE
7,0.0,0.0,BRAKE
7,0.0,0.0,BRAKE
7,0.0,0.0,BRAKE
7,0.0,0.0,BRAKE
7,0.0,0.0,BRAKE
7,0.0,0.0,BRAKE
7,0.0,0.0,BRAKE
7,0.0,0.0,BRAKE
7,0.0,0.0,BRAKE
7,0.0,0.0,BRAKE
7,0.0,0.0,BRAKE
7,0.0,0.0,BRAKE
7,0.0,0.0,BRAKE
7,0.0,0.0,BRAKE
7,0.0,0.0,BRAKE
7,0.0,0.0,BRAKE
7,0.0,0.0,BRAKE
7,0.0,0.0,BRAKE
7,0.0,0.0,BRAKE
7,0.0,0.0,BRAKE
7,0.0,0.0,BRAKE
7,0.0,0.0,BRAKE
7,0.0,0.0,BRAKE
7,0.0,0.0,BRAKE
7,0.0,0.0,BRAKE
7,0.0,0.0,BRAKE
7,0.0,0.0,BRAKE
7,0.0,0.0,BRAKE
7,0.0,0.0,BRAKE
7,0.0,0.0,BRAKE
7,0.0,0.0,BRAKE
7,0.0,0.0,BRAKE
7,0.0,0.0,BRAKE
7,0.0,0.0,BRAKE
7,0.0,0.0,BRAKE
7,0.0,0.0,BRAKE
7,0.0,0.0,BRAKE
7,0.0,0.0,BRAKE
7,0.0,0.0,BRAKE
7,0.0,0.0,BRAKE
7,0.0,0.0,BRAKE
7,0.0,0.0,BRAKE
7,0.0,0.0,BRAKE
7,0.0,0.0,BRAKE
7,0.0,0.0,BRAKE
7,0.0,0.0,BRAKE
7,0.0,0.0,BRAKE
7,0.0,0.0,BRAKE
7,0.0,0.0,BRAKE
7,0.0,0.0,BRAKE
7,0.0,0.0,BRAKE
7,0.0,0.0,BRAKE
7,0.0,0.0,BRAKE
7,0.0,0.0,BRAKE
7,0.0,0.0,BRAKE
7,0.0,0.0,BRAKE
7,0.0,0.0,BRAKE
7,0.0,0.0,BRAKE
7,0.0,0.0,BRAKE
7,0.0,0.0,BRAKE
7,0.0,0.0,BRAKE
7,0.0,0.0,BRAKE
7,0.0,0.0,BRAKE
7,0.0,0.0,BRAKE
7,0.0,0.0,BRAKE
7,0.0,0.0,BRAKE
7,0.0,0.0,BRAKE
7,0.0,0.0,BRAKE
7,0.0,0.0,BRAKE
7,0.0,0.0,BRAKE
7,0.0,0.0,BRAKE
7,0.0,0.0,BRAKE
7,0.0,0.0,BRAKE
7,0.0,0.0,BRAKE
7,0.0,0.0,BRAKE
7,0.0,0.0,BRAKE
7,0.0,0.0,BRAKE
7,0.0,0.0,BRAKE
7,0.0,0.0,BRAKE
7,0.0,0.0,BRAKE
7,0.0,0.0,BRAKE
7,0.0,0.0,BRAKE
7,0.0,0.0,BRAKE
7,0.0,0.0,BRAKE
7,0.0,0.0,BRAKE
7,0.0,0.0,BRAKE
7,0.0,0.0,BRAKE
7,0.0,0.0,BRAKE
7,0.0,0.0,BRAKE
7,0.0,0.0,BRAKE
7,0.0,0.0,BRAKE
7,0.0,0.0,BRAKE
7,0.0,0.0,BRAKE
7,0.0,0.0,BRAKE
7,0.0,0.0,BRAKE
7,0.0,0.0,BRAKE
7,0.0,0.0,BRAKE
7,0.0,0.0,BRAKE
7,0.0,0.0,BRAKE
7,0.0,0.0,BRAKE
7,0.0,0.0,BRAKE
7,0.0,0.0,BRAKE
7,0.0,0.0,BRAKE
7,0.0,0.0,BRAKE
7,0.0,0.0,BRAKE
7,0.0,0.0,BRAKE
7,0.0,0.0,BRAKE
7,0.0,0.0,BRAKE
7,0.0,0.0,BRAKE
7,0.0,0.0,BRAKE
7,0.0,0.0,BRAKE
7,0.0,0.0,BRAKE
7,0.0,0.0,BRAKE
7,0.0,0.0,BRAKE
7,0.0,0.0,BRAKE
7,0.0,0.0,BRAKE
7,0.0,0.0,BRAKE
0,0.0,0.0,BRAKE
7,0.0,0.0,BRAKE
7,0.0,0.0,BRAKE
7,0.0,0.0,BRAKE
7,0.0,0.0,BRAKE
7,0.0,0.0,BRAKE
7,0.0,0.0,BRAKE
7,0.0,0.0,BRAKE
7,0.0,0.0,BRAKE
7,0.0,0.0,BRAKE
7,0.0,0.0,BRAKE
7,0.0,0.0,BRAKE
7,0.0,0.0,BRAKE
7,0.0,0.0,BRAKE
7,0.0,0.0,BRAKE
7,0.0,0.0,BRAKE
7,0.0,0.0,BRAKE
7,0.0,0.0,BRAKE
7,0.0,0.0,BRAKE
7,0.0,0.0,BRAKE
7,0.0,0.0,BRAKE
7,0.0,0.0,BRAKE
7,0.0,0.0,BRAKE
7,0.0,0.0,BRAKE
7,0.0,0.0,BRAKE
7,0.0,0.0,BRAKE
7,0.0,0.0,BRAKE
7,0.0,0.0,BRAKE
7,0.0,0.0,BRAKE
7,0.0,0.0,BRAKE
7,0.0,0.0,BRAKE
7,0.0,0.0,BRAKE
7,0.0,0.0,BRAKE
7,0.0,0.0,BRAKE
7,0.0,0.0,BRAKE
7,0.0,0.0,BRAKE
7,0.0,0.0,BRAKE
7,0.0,0.0,BRAKE
7,0.0,0.0,BRAKE
7,0.0,0.0,BRAKE
7,0.0,0.0,BRAKE
7,0.0,0.0,BRAKE
7,0.0,0.0,BRAKE
7,0.0,0.0,BRAKE
7,0.0,0.0,BRAKE
7,0.0,0.0,BRAKE
7,0.0,0.0,BRAKE
7,0.0,0.0,BRAKE
7,0.0,0.0,BRAKE
7,0.0,0.0,BRAKE
7,0.0,0.0,BRAKE
7,0.0,0.0,BRAKE
0,0.0,0.0,BRAKE
7,0.0,0.0,BRAKE
7,0.0,0.0,BRAKE
7,0.0,0.0,BRAKE
7,0.0,0.0,BRAKE
7,0.0,0.0,BRAKE
7,0.0,0.0,BRAKE
7,0.0,0.0,BRAKE
7,0.0,0.0,BRAKE
7,0.0,0.0,BRAKE
7,0.0,0.0,BRAKE
7,0.0,0.0,BRAKE
7,0.0,0.0,BRAKE
7,0.0,0.0,BRAKE
7,0.0,0.0,BRAKE
7,0.0,0.0,BRAKE
7,0.0,0.0,BRAKE
7,0.0,0.0,BRAKE
7,0.0,0.0,BRAKE
7,0.0,0.0,BRAKE
7,0.0,0.0,BRAKE
7,0.0,0.0,BRAKE
7,0.0,0.0,BRAKE
7,0.0,0.0,BRAKE
7,0.0,0.0,BRAKE
7,0.0,0.0,BRAKE
7,0.0,0.0,BRAKE
7,0.0,0.0,BRAKE
7,0.0,0.0,BRAKE
7,0.0,0.0,BRAKE
7,0.0,0.0,BRAKE
7,0.0,0.0,BRAKE
7,0.0,0.0,BRAKE
7,0.0,0.0,BRAKE
7,0.0,0.0,BRAKE
7,0.0,0.0,BRAKE
7,0.0,0.0,BRAKE
7,0.0,0.0,BRAKE
7,0.0,0.0,BRAKE
7,0.0,0.0,BRAKE
7,0.0,0.0,BRAKE
7,0.0,0.0,BRAKE
7,0.0,0.0,BRAKE
7,0.0,0.0,BRAKE
7,0.0,0.0,BRAKE
7,0.0,0.0,BRAKE
7,0.0,0.0,BRAKE
7,0.0,0.0,BRAKE
7,0.0,0.0,BRAKE
7,0.0,0.0,BRAKE
7,0.0,0.0,BRAKE
7,0.0,0.0,BRAKE
7,0.0,0.0,BRAKE
7,0.0,0.0,BRAKE
7,0.0,0.0,BRAKE
7,0.0,0.0,BRAKE
7,0.0,0.0,BRAKE
7,0.0,0.0,BRAKE
7,0.0,0.0,BRAKE
7,0.0,0.0,BRAKE
7,0.0,0.0,BRAKE
7,0.0,0.0,BRAKE
7,0.0,0.0,BRAKE
7,0.0,0.0,BRAKE
7,0.0,0.0,BRAKE
7,0.0,0.0,BRAKE
7,0.0,0.0,BRAKE
7,0.0,0.0,BRAKE
7,0.0,0.0,BRAKE
7,0.0,0.0,BRAKE
7,0.0,0.0,BRAKE
7,0.0,0.0,BRAKE
7,0.0,0.0,BRAKE
7,0.0,0.0,BRAKE
7,0.0,0.0,BRAKE
7,0.0,0.0,BRAKE
7,0.0,0.0,BRAKE
7,0.0,0.0,BRAKE
7,0.0,0.0,BRAKE
7,0.0,0.0,BRAKE
7,0.0,0.0,BRAKE
7,0.0,0.0,BRAKE
7,0.0,0.0,BRAKE
7,0.0,0.0,BRAKE
7,0.0,0.0,BRAKE
7,0.0,0.0,BRAKE
7,0.0,0.0,BRAKE
7,0.0,0.0,BRAKE
7,0.0,0.0,BRAKE
7,0.0,0.0,BRAKE
7,0.0,0.0,BRAKE
7,0.0,0.0,BRAKE
7,0.0,0.0,BRAKE
7,0.0,0.0,BRAKE
7,0.0,0.0,BRAKE
7,0.0,0.0,BRAKE
7,0.0,0.0,BRAKE
7,0.0,0.0,BRAKE
7,0.0,0.0,BRAKE
7,0.0,0.0,BRAKE
7,0.0,0.0,BRAKE
7,0.0,0.0,BRAKE
7,0.0,0.0,BRAKE
7,0.0,0.0,BRAKE
7,0.0,0.0,BRAKE
7,0.0,0.0,BRAKE
7,0.0,0.0,BRAKE
7,0.0,0.0,BRAKE
7,0.0,0.0,BRAKE
7,0.0,0.0,BRAKE
7,0.0,0.0,BRAKE
7,0.0,0.0,BRAKE
7,0.0,0.0,BRAKE
7,0.0,0.0,BRAKE
7,0.0,0.0,BRAKE
7,0.0,0.0,BRAKE
7,0.0,0.0,BRAKE
7,0.0,0.0,BRAKE
7,0.0,0.0,BRAKE
7,0.0,0.0,BRAKE
7,0.0,0.0,BRAKE
7,0.0,0.0,BRAKE
7,0.0,0.0,BRAKE
7,0.0,0.0,BRAKE
7,0.0,0.0,BRAKE
7,0.0,0.0,BRAKE
7,0.0,0.0,BRAKE
7,0.0,0.0,BRAKE
7,0.0,0.0,BRAKE
7,0.0,0.0,BRAKE
7,0.0,0.0,BRAKE
7,0.0,0.0,BRAKE
7,0.0,0.0,BRAKE
7,0.0,0.0,BRAKE
7,0.0,0.0,BRAKE
7,0.0,0.0,BRAKE
7,0.0,0.0,BRAKE
7,0.0,0.0,BRAKE
7,0.0,0.0,BRAKE
7,0.0,0.0,BRAKE
7,0.0,0.0,BRAKE
7,0.0,0.0,BRAKE
7,0.0,0.0,BRAKE
7,0.0,0.0,BRAKE
7,0.0,0.0,BRAKE
7,0.0,0.0,BRAKE
7,0.0,0.0,BRAKE
7,0.0,0.0,BRAKE
7,0.0,0.0,BRAKE
7,0.0,0.0,BRAKE
7,0.0,0.0,BRAKE
7,0.0,0.0,BRAKE
7,0.0,0.0,BRAKE
7,0.0,0.0,BRAKE
7,0.0,0.0,BRAKE
7,0.0,0.0,BRAKE
7,0.0,0.0,BRAKE
7,0.0,0.0,BRAKE
7,0.0,0.0,BRAKE
7,0.0,0.0,BRAKE
7,0.0,0.0,BRAKE
7,0.0,0.0,BRAKE
7,0.0,0.0,BRAKE
7,0.0,0.0,BRAKE
7,0.0,0.0,BRAKE
7,0.0,0.0,BRAKE
7,0.0,0.0,BRAKE
7,0.0,0.0,BRAKE
7,0.0,0.0,BRAKE
7,0.0,0.0,BRAKE
7,0.0,0.0,BRAKE
7,0.0,0.0,BRAKE
7,0.0,0.0,BRAKE
7,0.0,0.0,BRAKE
7,0.0,0.0,BRAKE
7,0.0,0.0,BRAKE
7,0.0,0.0,BRAKE
7,0.0,0.0,BRAKE
7,0.0,0.0,BRAKE
7,0.0,0.0,BRAKE
7,0.0,0.0,BRAKE
7,0.0,0.0,BRAKE
7,0.0,0.0,BRAKE
7,0.0,0.0,BRAKE
7,0.0,0.0,BRAKE
7,0.0,0.0,BRAKE
7,0.0,0.0,BRAKE
7,0.0,0.0,BRAKE
7,0.0,0.0,BRAKE
7,0.0,0.0,BRAKE
7,0.0,0.0,BRAKE
7,0.0,0.0,BRAKE
7,0.0,0.0,BRAKE
0,0.0,0.0,BRAKE
7,0.0,0.0,BRAKE
7,0.0,0.0,BRAKE
7,0.0,0.0,BRAKE
7,0.0,0.0,BRAKE
7,0.0,0.0,BRAKE
7,0.0,0.0,BRAKE
7,0.0,0.0,BRAKE
7,0.0,0.0,BRAKE
7,0.0,0.0,BRAKE
7,0.0,0.0,BRAKE
7,0.0,0.0,BRAKE
7,0.0,0.0,BRAKE
7,0.0,0.0,BRAKE
7,0.0,0.0,BRAKE
7,0.0,0.0,BRAKE
7,0.0,0.0,BRAKE
7,0.0,0.0,BRAKE
7,0.0,0.0,BRAKE
7,0.0,0.0,BRAKE
7,0.0,0.0,BRAKE
7,0.0,0.0,BRAKE
7,0.0,0.0,BRAKE
7,0.0,0.0,BRAKE
7,0.0,0.0,BRAKE
7,0.0,0.0,BRAKE
7,0.0,0.0,BRAKE
7,0.0,0.0,BRAKE
7,0.0,0.0,BRAKE
7,0.0,0.0,BRAKE
7,0.0,0.0,BRAKE
7,0.0,0.0,BRAKE
7,0.0,0.0,BRAKE
7,0.0,0.0,BRAKE
7,0.0,0.0,BRAKE
7,0.0,0.0,BRAKE
7,0.0,0.0,BRAKE
7,0.0,0.0,BRAKE
7,0.0,0.0,BRAKE
7,0.0,0.0,BRAKE
7,0.0,0.0,BRAKE
7,0.0,0.0,BRAKE
7,0.0,0.0,BRAKE
7,0.0,0.0,BRAKE
7,0.0,0.0,BRAKE
7,0.0,0.0,BRAKE
7,0.0,0.0,BRAKE
7,0.0,0.0,BRAKE
7,0.0,0.0,BRAKE
7,0.0,0.0,BRAKE
7,0.0,0.0,BRAKE
7,0.0,0.0,BRAKE
7,0.0,0.0,BRAKE
7,0.0,0.0,BRAKE
7,0.0,0.0,BRAKE
7,0.0,0.0,BRAKE
7,0.0,0.0,BRAKE
7,0.0,0.0,BRAKE
7,0.0,0.0,BRAKE
7,0.0,0.0,BRAKE
7,0.0,0.0,BRAKE
7,0.0,0.0,BRAKE
7,0.0,0.0,BRAKE
7,0.0,0.0,BRAKE
7,0.0,0.0,BRAKE
7,0.0,0.0,BRAKE
7,0.0,0.0,BRAKE
7,0.0,0.0,BRAKE
7,0.0,0.0,BRAKE
7,0.0,0.0,BRAKE
7,0.0,0.0,BRAKE
7,0.0,0.0,BRAKE
7,0.0,0.0,BRAKE
7,0.0,0.0,BRAKE
7,0.0,0.0,BRAKE
7,0.0,0.0,BRAKE
7,0.0,0.0,BRAKE
7,0.0,0.0,BRAKE
7,0.0,0.0,BRAKE
7,0.0,0.0,BRAKE
7,0.0,0.0,BRAKE
7,0.0,0.0,BRAKE
7,0.0,0.0,BRAKE
7,0.0,0.0,BRAKE
0,0.0,0.0,BRAKE
7,0.0,0.0,BRAKE
7,0.0,0.0,BRAKE
7,0.0,0.0,BRAKE
7,0.0,0.0,BRAKE
7,0.0,0.0,BRAKE
7,0.0,0.0,BRAKE
7,0.0,0.0,BRAKE
7,0.0,0.0,BRAKE
7,0.0,0.0,BRAKE
7,0.0,0.0,BRAKE
7,0.0,0.0,BRAKE
7,0.0,0.0,BRAKE
7,0.0,0.0,BRAKE
7,0.0,0.0,BRAKE
7,0.0,0.0,BRAKE
7,0.0,0.0,BRAKE
7,0.0,0.0,BRAKE
7,0.0,0.0,BRAKE
7,0.0,0.0,BRAKE
7,0.0,0.0,BRAKE
7,0.0,0.0,BRAKE
7,0.0,0.0,BRAKE
7,0.0,0.0,BRAKE
7,0.0,0.0,BRAKE
7,0.0,0.0,BRAKE
7,0.0,0.0,BRAKE
7,0.0,0.0,BRAKE
7,0.0,0.0,BRAKE
7,0.0,0.0,BRAKE
7,0.0,0.0,BRAKE
7,0.0,0.0,BRAKE
7,0.0,0.0,BRAKE
7,0.0,0.0,BRAKE
7,0.0,0.0,BRAKE
7,0.0,0.0,BRAKE
7,0.0,0.0,BRAKE
7,0.0,0.0,BRAKE
7,0.0,0.0,BRAKE
7,0.0,0.0,BRAKE
7,0.0,0.0,BRAKE
7,0.0,0.0,BRAKE
7,0.0,0.0,BRAKE
7,0.0,0.0,BRAKE
7,0.0,0.0,BRAKE
7,0.0,0.0,BRAKE
7,0.0,0.0,BRAKE
7,0.0,0.0,BRAKE
7,0.0,0.0,BRAKE
7,0.0,0.0,BRAKE
7,0.0,0.0,BRAKE
7,0.0,0.0,BRAKE
7,0.0,0.0,BRAKE
7,0.0,0.0,BRAKE
7,0.0,0.0,BRAKE
7,0.0,0.0,BRAKE
7,0.0,0.0,BRAKE
7,0.0,0.0,BRAKE
7,0.0,0.0,BRAKE
7,0.0,0.0,BRAKE
7,0.0,0.0,BRAKE
7,0.0,0.0,BRAKE
7,0.0,0.0,BRAKE
7,0.0,0.0,BRAKE
7,0.0,0.0,BRAKE
7,0.0,0.0,BRAKE
7,0.0,0.0,BRAKE
7,0.0,0.0,BRAKE
7,0.0,0.0,BRAKE
7,0.0,0.0,BRAKE
7,0.0,0.0,BRAKE
7,0.0,0.0,BRAKE
7,0.0,0.0,BRAKE
7,0.0,0.0,BRAKE
7,0.0,0.0,BRAKE
7,0.0,0.0,BRAKE
7,0.0,0.0,BRAKE
7,0.0,0.0,BRAKE
7,0.0,0.0,BRAKE
7,0.0,0.0,BRAKE
7,0.0,0.0,BRAKE
7,0.0,0.0,BRAKE
7,0.0,0.0,BRAKE
7,0.0,0.0,BRAKE
7,0.0,0.0,BRAKE
7,0.0,0.0,BRAKE
7,0.0,0.0,BRAKE
7,0.0,0.0,BRAKE
7,0.0,0.0,BRAKE
7,0.0,0.0,BRAKE
7,0.0,0.0,BRAKE
7,0.0,0.0,BRAKE
7,0.0,0.0,BRAKE
7,0.0,0.0,BRAKE
7,0.0,0.0,BRAKE
7,0.0,0.0,BRAKE
7,0.0,0.0,BRAKE
7,0.0,0.0,BRAKE
7,0.0,0.0,BRAKE
7,0.0,0.0,BRAKE
7,0.0,0.0,BRAKE
7,0.0,0.0,BRAKE
7,0.0,0.0,BRAKE
7,0.0,0.0,BRAKE
7,0.0,0.0,BRAKE
7,0.0,0.0,BRAKE
7,0.0,0.0,BRAKE
7,0.0,0.0,BRAKE
7,0.0,0.0,BRAKE
7,0.0,0.0,BRAKE
7,0.0,0.0,BRAKE
7,0.0,0.0,BRAKE
7,0.0,0.0,BRAKE
7,0.0,0.0,BRAKE
0,0.0,0.0,BRAKE
7,0.0,0.0,BRAKE
7,0.0,0.0,BRAKE
7,0.0,0.0,BRAKE
7,0.0,0.0,BRAKE
7,0.0,0.0,BRAKE
7,0.0,0.0,BRAKE
7,0.0,0.0,BRAKE
7,0.0,0.0,BRAKE
7,0.0,0.0,BRAKE
7,0.0,0.0,BRAKE
7,0.0,0.0,BRAKE
7,0.0,0.0,BRAKE
7,0.0,0.0,BRAKE
7,0.0,0.0,BRAKE
7,0.0,0.0,BRAKE
7,0.0,0.0,BRAKE
7,0.0,0.0,BRAKE
7,0.0,0.0,BRAKE
7,0.0,0.0,BRAKE
7,0.0,0.0,BRAKE
7,0.0,0.0,BRAKE
7,0.0,0.0,BRAKE
7,0.0,0.0,BRAKE
7,0.0,0.0,BRAKE
7,0.0,0.0,BRAKE
7,0.0,0.0,BRAKE
7,0.0,0.0,BRAKE
7,0.0,0.0,BRAKE
7,0.0,0.0,BRAKE
7,0.0,0.0,BRAKE
7,0.0,0.0,BRAKE
7,0.0,0.0,BRAKE
7,0.0,0.0,BRAKE
7,0.0,0.0,BRAKE
7,0.0,0.0,BRAKE
7,0.0,0.0,BRAKE
7,0.0,0.0,BRAKE
7,0.0,0.0,BRAKE
7,0.0,0.0,BRAKE
7,0.0,0.0,BRAKE
7,0.0,0.0,BRAKE
7,0.0,0.0,BRAKE
7,0.0,0.0,BRAKE
7,0.0,0.0,BRAKE
7,0.0,0.0,BRAKE
7,0.0,0.0,BRAKE
7,0.0,0.0,BRAKE
7,0.0,0.0,BRAKE
7,0.0,0.0,BRAKE
7,0.0,0.0,BRAKE
7,0.0,0.0,BRAKE
7,0.0,0.0,BRAKE
7,0.0,0.0,BRAKE
7,0.0,0.0,BRAKE
7,0.0,0.0,BRAKE
7,0.0,0.0,BRAKE
7,0.0,0.0,BRAKE
7,0.0,0.0,BRAKE
7,0.0,0.0,BRAKE
7,0.0,0.0,BRAKE
7,0.0,0.0,BRAKE
7,0.0,0.0,BRAKE
7,0.0,0.0,BRAKE
7,0.0,0.0,BRAKE
7,0.0,0.0,BRAKE
7,0.0,0.0,BRAKE
7,0.0,0.0,BRAKE
7,0.0,0.0,BRAKE
7,0.0,0.0,BRAKE
7,0.0,0.0,BRAKE
7,0.0,0.0,BRAKE
7,0.0,0.0,BRAKE
7,0.0,0.0,BRAKE
7,0.0,0.0,BRAKE
7,0.0,0.0,BRAKE
7,0.0,0.0,BRAKE
7,0.0,0.0,BRAKE
7,0.0,0.0,BRAKE
7,0.0,0.0,BRAKE
7,0.0,0.0,BRAKE
7,0.0,0.0,BRAKE
7,0.0,0.0,BRAKE
7,0.0,0.0,BRAKE
7,0.0,0.0,BRAKE
7,0.0,0.0,BRAKE
7,0.0,0.0,BRAKE
7,0.0,0.0,BRAKE
7,0.0,0.0,BRAKE
7,0.0,0.0,BRAKE
7,0.0,0.0,BRAKE
7,0.0,0.0,BRAKE
7,0.0,0.0,BRAKE
7,0.0,0.0,BRAKE
7,0.0,0.0,BRAKE
7,0.0,0.0,BRAKE
7,0.0,0.0,BRAKE
7,0.0,0.0,BRAKE
7,0.0,0.0,BRAKE
7,0.0,0.0,BRAKE
7,0.0,0.0,BRAKE
7,0.0,0.0,BRAKE
7,0.0,0.0,BRAKE
7,0.0,0.0,BRAKE
7,0.0,0.0,BRAKE
7,0.0,0.0,BRAKE
7,0.0,0.0,BRAKE
7,0.0,0.0,BRAKE
7,0.0,0.0,BRAKE
7,0.0,0.0,BRAKE
7,0.0,0.0,BRAKE
7,0.0,0.0,BRAKE
7,0.0,0.0,BRAKE
7,0.0,0.0,BRAKE
7,0.0,0.0,BRAKE
7,0.0,0.0,BRAKE
7,0.0,0.0,BRAKE
7,0.0,0.0,BRAKE
7,0.0,0.0,BRAKE
7,0.0,0.0,BRAKE
7,0.0,0.0,BRAKE
7,0.0,0.0,BRAKE
7,0.0,0.0,BRAKE
7,0.0,0.0,BRAKE
7,0.0,0.0,BRAKE
7,0.0,0.0,BRAKE
7,0.0,0.0,BRAKE
7,0.0,0.0,BRAKE
7,0.0,0.0,BRAKE
7,0.0,0.0,BRAKE
7,0.0,0.0,BRAKE
7,0.0,0.0,BRAKE
7,0.0,0.0,BRAKE
7,0.0,0.0,BRAKE
7,0.0,0.0,BRAKE
7,0.0,0.0,BRAKE
7,0.0,0.0,BRAKE
7,0.0,0.0,BRAKE
7,0.0,0.0,BRAKE
7,0.0,0.0,BRAKE
7,0.0,0.0,BRAKE
7,0.0,0.0,BRAKE
7,0.0,0.0,BRAKE
7,0.0,0.0,BRAKE
7,0.0,0.0,BRAKE
7,0.0,0.0,BRAKE
7,0.0,0.0,BRAKE
7,0.0,0.0,BRAKE
7,0.0,0.0,BRAKE
7,0.0,0.0,BRAKE
7,0.0,0.0,BRAKE
7,0.0,0.0,BRAKE
7,0.0,0.0,BRAKE
7,0.0,0.0,BRAKE
7,0.0,0.0,BRAKE
7,0.0,0.0,BRAKE
7,0.0,0.0,BRAKE
7,0.0,0.0,BRAKE
7,0.0,0.0,BRAKE
7,0.0,0.0,BRAKE
7,0.0,0.0,BRAKE
7,0.0,0.0,BRAKE
7,0.0,0.0,BRAKE
7,0.0,0.0,BRAKE
7,0.0,0.0,BRAKE
7,0.0,0.0,BRAKE
7,0.0,0.0,BRAKE
7,0.0,0.0,BRAKE
7,0.0,0.0,BRAKE
7,0.0,0.0,BRAKE
7,0.0,0.0,BRAKE
7,0.0,0.0,BRAKE
7,0.0,0.0,BRAKE
7,0.0,0.0,BRAKE
7,0.0,0.0,BRAKE
7,0.0,0.0,BRAKE
7,0.0,0.0,BRAKE
7,0.0,0.0,BRAKE
7,0.0,0.0,BRAKE
7,0.0,0.0,BRAKE
7,0.0,0.0,BRAKE
7,0.0,0.0,BRAKE
7,0.0,0.0,BRAKE
7,0.0,0.0,BRAKE
7,0.0,0.0,BRAKE
7,0.0,0.0,BRAKE
7,0.0,0.0,BRAKE
7,0.0,0.0,BRAKE
7,0.0,0.0,BRAKE
7,0.0,0.0,BRAKE
7,0.0,0.0,BRAKE
7,0.0,0.0,BRAKE
7,0.0,0.0,BRAKE
7,0.0,0.0,BRAKE
7,0.0,0.0,BRAKE
7,0.0,0.0,BRAKE
7,0.0,0.0,BRAKE
7,0.0,0.0,BRAKE
7,0.0,0.0,BRAKE
7,0.0,0.0,BRAKE
7,0.0,0.0,BRAKE
7,0.0,0.0,BRAKE
7,0.0,0.0,BRAKE
7,0.0,0.0,BRAKE
7,0.0,0.0,BRAKE
7,0.0,0.0,BRAKE
7,0.0,0.0,BRAKE
7,0.0,0.0,BRAKE
7,0.0,0.0,BRAKE
7,0.0,0.0,BRAKE
7,0.0,0.0,BRAKE
7,0.0,0.0,BRAKE
7,0.0,0.0,BRAKE
7,0.0,0.0,BRAKE
7,0.0,0.0,BRAKE
7,0.0,0.0,BRAKE
7,0.0,0.0,BRAKE
7,0.0,0.0,BRAKE
7,0.0,0.0,BRAKE
7,0.0,0.0,BRAKE
7,0.0,0.0,BRAKE
7,0.0,0.0,BRAKE
7,0.0,0.0,BRAKE
7,0.0,0.0,BRAKE
7,0.0,0.0,BRAKE
7,0.0,0.0,BRAKE
7,0.0,0.0,BRAKE
7,0.0,0.0,BRAKE
7,0.0,0.0,BRAKE
7,0.0,0.0,BRAKE
7,0.0,0.0,BRAKE
7,0.0,0.0,BRAKE
7,0.0,0.0,BRAKE
7,0.0,0.0,BRAKE
7,0.0,0.0,BRAKE
7,0.0,0.0,BRAKE
7,0.0,0.0,BRAKE
7,0.0,0.0,BRAKE
7,0.0,0.0,BRAKE
7,0.0,0.0,BRAKE
7,0.0,0.0,BRAKE
7,0.0,0.0,BRAKE
7,0.0,0.0,BRAKE
7,0.0,0.0,BRAKE
7,0.0,0.0,BRAKE
7,0.0,0.0,BRAKE
7,0.0,0.0,BRAKE
7,0.0,0.0,BRAKE
7,0.0,0.0,BRAKE
7,0.0,0.0,BRAKE
7,0.0,0.0,BRAKE
7,0.0,0.0,BRAKE
7,0.0,0.0,BRAKE
7,0.0,0.0,BRAKE
7,0.0,0.0,BRAKE
7,0.0,0.0,BRAKE
7,0.0,0.0,BRAKE
7,0.0,0.0,BRAKE
7,0.0,0.0,BRAKE
7,0.0,0.0,BRAKE
7,0.0,0.0,BRAKE
7,0.0,0.0,BRAKE
7,0.0,0.0,BRAKE
7,0.0,0.0,BRAKE
7,0.0,0.0,BRAKE
7,0.0,0.0,BRAKE
7,0.0,0.0,BRAKE
7,0.0,0.0,BRAKE
7,0.0,0.0,BRAKE
7,0.0,0.0,BRAKE
7,0.0,0.0,BRAKE
7,0.0,0.0,BRAKE
7,0.0,0.0,BRAKE
7,0.0,0.0,BRAKE
7,0.0,0.0,BRAKE
7,0.0,0.0,BRAKE
7,0.0,0.0,BRAKE
7,0.0,0.0,BRAKE
7,0.0,0.0,BRAKE
7,0.0,0.0,BRAKE
7,0.0,0.0,BRAKE
7,0.0,0.0,BRAKE
7,0.0,0.0,BRAKE
7,0.0,0.0,BRAKE
7,0.0,0.0,BRAKE
7,0.0,0.0,BRAKE
7,0.0,0.0,BRAKE
7,0.0,0.0,BRAKE
7,0.0,0.0,BRAKE
7,0.0,0.0,BRAKE
7,0.0,0.0,BRAKE
7,0.0,0.0,BRAKE
7,0.0,0.0,BRAKE
7,0.0,0.0,BRAKE
7,0.0,0.0,BRAKE
7,0.0,0.0,BRAKE
7,0.0,0.0,BRAKE
7,0.0,0.0,BRAKE
7,0.0,0.0,BRAKE
7,0.0,0.0,BRAKE
7,0.0,0.0,BRAKE
7,0.0,0.0,BRAKE
7,0.0,0.0,BRAKE
7,0.0,0.0,BRAKE
7,0.0,0.0,BRAKE
7,0.0,0.0,BRAKE
7,0.0,0.0,BRAKE
7,0.0,0.0,BRAKE
7,0.0,0.0,BRAKE
7,0.0,0.0,BRAKE
7,0.0,0.0,BRAKE
7,0.0,0.0,BRAKE
7,0.0,0.0,BRAKE
7,0.0,0.0,BRAKE
7,0.0,0.0,BRAKE
7,0.0,0.0,BRAKE
7,0.0,0.0,BRAKE
7,0.0,0.0,BRAKE
7,0.0,0.0,BRAKE
7,0.0,0.0,BRAKE
7,0.0,0.0,BRAKE
7,0.0,0.0,BRAKE
7,0.0,0.0,BRAKE
7,0.0,0.0,BRAKE
7,0.0,0.0,BRAKE
7,0.0,0.0,BRAKE
7,0.0,0.0,BRAKE
7,0.0,0.0,BRAKE
7,0.0,0.0,BRAKE
7,0.0,0.0,BRAKE
7,0.0,0.0,BRAKE
7,0.0,0.0,BRAKE
7,0.0,0.0,BRAKE
7,0.0,0.0,BRAKE
7,0.0,0.0,BRAKE
7,0.0,0.0,BRAKE
7,0.0,0.0,BRAKE
7,0.0,0.0,BRAKE
7,0.0,0.0,BRAKE
7,0.0,0.0,BRAKE
7,0.0,0.0,BRAKE
7,0.0,0.0,BRAKE
7,0.0,0.0,BRAKE
7,0.0,0.0,BRAKE
7,0.0,0.0,BRAKE
7,0.0,0.0,BRAKE
7,0.0,0.0,BRAKE
7,0.0,0.0,BRAKE
7,0.0,0.0,BRAKE
7,0.0,0.0,BRAKE
7,0.0,0.0,BRAKE
3,0.0,0.0,BRAKE
3,0.0,0.0,BRAKE
7,0.0,0.0,BRAKE
7,0.0,0.0,BRAKE
7,0.0,0.0,BRAKE
7,0.0,0.0,BRAKE
7,0.0,0.0,BRAKE
7,0.0,0.0,BRAKE
7,0.0,0.0,BRAKE
7,0.0,0.0,BRAKE
7,0.0,0.0,BRAKE
7,0.0,0.0,BRAKE
7,0.0,0.0,BRAKE
7,0.0,0.0,BRAKE
7,0.0,0.0,BRAKE
7,0.0,0.0,BRAKE
7,0.0,0.0,BRAKE
7,0.0,0.0,BRAKE
7,0.0,0.0,BRAKE
7,0.0,0.0,BRAKE
7,0.0,0.0,BRAKE
7,0.0,0.0,BRAKE
7,0.0,0.0,BRAKE
7,0.0,0.0,BRAKE
7,0.0,0.0,BRAKE
3,0.0,0.0,BRAKE
7,0.0,0.0,BRAKE
3,0.0,0.0,BRAKE
3,0.0,0.0,BRAKE
3,0.0,0.0,BRAKE
3,0.0,0.0,BRAKE
3,0.0,0.0,BRAKE
7,0.0,0.0,BRAKE
7,0.0,0.0,BRAKE
7,0.0,0.0,BRAKE
7,0.0,0.0,BRAKE
7,0.0,0.0,BRAKE
7,0.0,0.0,BRAKE
7,0.0,0.0,BRAKE
7,0.0,0.0,BRAKE
7,0.0,0.0,BRAKE
7,0.0,0.0,BRAKE
7,0.0,0.0,BRAKE
7,0.0,0.0,BRAKE
7,0.0,0.0,BRAKE
7,0.0,0.0,BRAKE
7,0.0,0.0,BRAKE
7,0.0,0.0,BRAKE
7,0.0,0.0,BRAKE
7,0.0,0.0,BRAKE
7,0.0,0.0,BRAKE
7,0.0,0.0,BRAKE
7,0.0,0.0,BRAKE
7,0.0,0.0,BRAKE
7,0.0,0.0,BRAKE
7,0.0,0.0,BRAKE
7,0.0,0.0,BRAKE
7,0.0,0.0,BRAKE
7,0.0,0.0,BRAKE
7,0.0,0.0,BRAKE
7,0.0,0.0,BRAKE
7,0.0,0.0,BRAKE
7,0.0,0.0,BRAKE
7,0.0,0.0,BRAKE
7,0.0,0.0,BRAKE
7,0.0,0.0,BRAKE
7,0.0,0.0,BRAKE
7,0.0,0.0,BRAKE
7,0.0,0.0,BRAKE
7,0.0,0.0,BRAKE
7,0.0,0.0,BRAKE
7,0.0,0.0,BRAKE
7,0.0,0.0,BRAKE
7,0.0,0.0,BRAKE
7,0.0,0.0,BRAKE
7,0.0,0.0,BRAKE
7,0.0,0.0,BRAKE
0,0.0,0.0,BRAKE
7,0.0,0.0,BRAKE
7,0.0,0.0,BRAKE
7,0.0,0.0,BRAKE
7,0.0,0.0,BRAKE
7,0.0,0.0,BRAKE
7,0.0,0.0,BRAKE
7,0.0,0.0,BRAKE
7,0.0,0.0,BRAKE
7,0.0,0.0,BRAKE
7,0.0,0.0,BRAKE
7,0.0,0.0,BRAKE
7,0.0,0.0,BRAKE
7,0.0,0.0,BRAKE
7,0.0,0.0,BRAKE
7,0.0,0.0,BRAKE
7,0.0,0.0,BRAKE
7,0.0,0.0,BRAKE
7,0.0,0.0,BRAKE
7,0.0,0.0,BRAKE
7,0.0,0.0,BRAKE
7,0.0,0.0,BRAKE
3,0.6,0.14521684791984069,CLEAR
3,0.6,0.14521684791984069,CLEAR
1,0.0,0.0,BRAKE
2,0.0,0.0,BRAKE
2,0.0,0.0,BRAKE
3,0.0,0.0,BRAKE
3,0.0,0.0,BRAKE
3,0.0,0.0,BRAKE
3,0.0,0.0,BRAKE
0,0.0,0.0,BRAKE
3,0.0,0.0,BRAKE
4,0.045056724548339866,-0.0,CLEAR
1,0.05939700704225354,0.43565054375952217,CLEAR
4,0.07513070106506345,-0.0,CLEAR
1,0.10286091549295777,0.43565054375952217,CLEAR
4,0.09526848591549299,-0.0,CLEAR
4,0.09889964788732401,-0.0,CLEAR
4,0.08459507042253524,-0.0,CLEAR
4,0.06104753521126762,-0.0,CLEAR
3,0.06423855633802822,0.14521684791984069,CLEAR
3,0.06772222518920896,0.14521684791984069,CLEAR
1,0.025286091549295796,0.43565054375952217,CLEAR
3,0.07823672294616701,0.14521684791984069,CLEAR
3,0.08652582168579104,0.14521684791984069,CLEAR
3,0.08152289390563967,0.14521684791984069,CLEAR
1,0.046742957746478915,0.43565054375952217,CLEAR
1,0.041021126760563395,0.43565054375952217,CLEAR
1,0.04531250000000002,0.43565054375952217,CLEAR
3,0.08074383802816905,0.14521684791984069,CLEAR
3,0.06784658432006836,0.14521684791984069,CLEAR
3,0.015596342086792014,0.14521684791984069,CLEAR
2,0.0,0.0,BRAKE
2,0.0,0.0,BRAKE
3,0.0,0.0,BRAKE
3,0.0,0.0,BRAKE
0,0.0,0.0,BRAKE
0,0.0,0.0,BRAKE
0,0.0,0.0,BRAKE
2,0.0,0.0,BRAKE
0,0.0,0.0,BRAKE
0,0.0,0.0,BRAKE
3,0.0,0.0,BRAKE
3,0.0,0.0,BRAKE
0,0.0,0.0,BRAKE
3,0.0,0.0,BRAKE
3,0.0,0.0,BRAKE
3,0.01412200927734375,0.14521684791984069,CLEAR
1,0.0,0.0,BRAKE
1,0.0,0.0,BRAKE
2,0.0,0.0,BRAKE
2,0.0,0.0,BRAKE
2,0.0938380281690141,0.29043369583968137,CLEAR
2,0.1235475352112676,0.29043369583968137,CLEAR
2,0.15776848591549297,0.29043369583968137,CLEAR
2,0.21135563380281697,0.29043369583968137,CLEAR
2,0.23468309859154934,0.29043369583968137,CLEAR
2,0.2265404929577465,0.29043369583968137,CLEAR
2,0.2460167253521127,0.29043369583968137,CLEAR
2,0.2307218309859155,0.29043369583968137,CLEAR
2,0.23413292253521129,0.29043369583968137,CLEAR
2,0.24634683098591548,0.29043369583968137,CLEAR
2,0.24029489436619722,0.29043369583968137,CLEAR
2,0.23523327464788737,0.29043369583968137,CLEAR
2,0.21509683098591553,0.29043369583968137,CLEAR
2,0.21861795774647888,0.29043369583968137,CLEAR
2,0.21927816901408453,0.29043369583968137,CLEAR
2,0.22202904929577472,0.29043369583968137,CLEAR
2,0.22411971830985922,0.29043369583968137,CLEAR
2,0.22599031690140847,0.29043369583968137,CLEAR
2,0.22466989436619725,0.29043369583968137,CLEAR
2,0.2181778169014085,0.29043369583968137,CLEAR
2,0.21960827464788735,0.29043369583968137,CLEAR
2,0.21938820422535216,0.29043369583968137,CLEAR
2,0.22158890845070423,0.29043369583968137,CLEAR
2,0.22345950704225354,0.29043369583968137,CLEAR
2,0.2181778169014085,0.29043369583968137,CLEAR
2,0.22279929577464788,0.29043369583968137,CLEAR
2,0.2211487676056338,0.29043369583968137,CLEAR
2,0.22004841549295776,0.29043369583968137,CLEAR
2,0.22037852112676062,0.29043369583968137,CLEAR
2,0.224449823943662,0.29043369583968137,CLEAR
2,0.20013204225352116,0.29043369583968137,CLEAR
2,0.20563380281690138,0.29043369583968137,CLEAR
2,0.20750440140845075,0.29043369583968137,CLEAR
2,0.20442341549295778,0.29043369583968137,CLEAR
2,0.19672095070422538,0.29043369583968137,CLEAR
2,0.19330985915492954,0.29043369583968137,CLEAR
2,0.20530369718309863,0.29043369583968137,CLEAR
2,0.15941901408450704,0.29043369583968137,CLEAR
2,0.1838468309859155,0.29043369583968137,CLEAR
4,0.12772887323943666,-0.0,CLEAR
2,0.06016725352112677,0.29043369583968137,CLEAR
2,0.0,0.0,BRAKE
2,0.0,0.0,BRAKE
2,0.0,0.0,BRAKE
2,0.017143485915492973,0.29043369583968137,CLEAR
2,0.04025088028169017,0.29043369583968137,CLEAR
2,0.014502640845070424,0.29043369583968137,CLEAR
2,0.08591549295774652,0.29043369583968137,CLEAR
2,0.05455545774647887,0.29043369583968137,CLEAR
2,0.0612676056338028,0.29043369583968137,CLEAR
2,0.06016725352112677,0.29043369583968137,CLEAR
2,0.05477552816901412,0.29043369583968137,CLEAR
2,0.0399207746478873,0.29043369583968137,CLEAR
2,0.03375880281690142,0.29043369583968137,CLEAR
2,0.04751320422535214,0.29043369583968137,CLEAR
2,0.057086267605633796,0.29043369583968137,CLEAR
2,0.06632922535211272,0.29043369583968137,CLEAR
2,0.06786971830985918,0.29043369583968137,CLEAR
2,0.04047095070422535,0.29043369583968137,CLEAR
2,0.032768485915493015,0.29043369583968137,CLEAR
2,0.029907570422535223,0.29043369583968137,CLEAR
2,0.028367077464788767,0.29043369583968137,CLEAR
2,0.06368838028169017,0.29043369583968137,CLEAR
2,0.05939700704225354,0.29043369583968137,CLEAR
2,0.04608274647887325,0.29043369583968137,CLEAR
2,0.04652288732394367,0.29043369583968137,CLEAR
2,0.04113116197183102,0.29043369583968137,CLEAR
2,0.03915052816901414,0.29043369583968137,CLEAR
2,0.05202464788732401,0.29043369583968137,CLEAR
2,0.07689260563380285,0.29043369583968137,CLEAR
2,0.1085827464788733,0.29043369583968137,CLEAR
2,0.13125,0.29043369583968137,CLEAR
2,0.17900528169014085,0.29043369583968137,CLEAR
2,0.22984154929577466,0.29043369583968137,CLEAR
2,0.18681778169014088,0.29043369583968137,CLEAR
3,0.0812940140845071,0.14521684791984069,CLEAR
3,0.06786971830985918,0.14521684791984069,CLEAR
3,0.05818661971830989,0.14521684791984069,CLEAR
3,0.10825264084507043,0.14521684791984069,CLEAR
3,0.10847271126760567,0.14521684791984069,CLEAR
3,0.07205105633802818,0.14521684791984069,CLEAR
3,0.09856954225352114,0.14521684791984069,CLEAR
3,0.14357394366197188,0.14521684791984069,CLEAR
3,0.21509683098591553,0.14521684791984069,CLEAR
3,0.1914392605633803,0.14521684791984069,CLEAR
3,0.1911091549295775,0.14521684791984069,CLEAR
3,0.19485035211267612,0.14521684791984069,CLEAR
3,0.18274647887323942,0.14521684791984069,CLEAR
3,0.20750440140845075,0.14521684791984069,CLEAR
3,0.19231954225352113,0.14521684791984069,CLEAR
3,0.20673415492957747,0.14521684791984069,CLEAR
3,0.22951144366197185,0.14521684791984069,CLEAR
3,0.2223591549295775,0.14521684791984069,CLEAR
3,0.23567341549295773,0.14521684791984069,CLEAR
3,0.23118760585784912,0.14521684791984069,CLEAR
3,0.24447623239436622,0.14521684791984069,CLEAR
3,0.2503080985915493,0.14521684791984069,CLEAR
3,0.263512323943662,0.14521684791984069,CLEAR
3,0.22367957746478873,0.14521684791984069,CLEAR
3,0.24205545774647885,0.14521684791984069,CLEAR
3,0.21597711267605638,0.14521684791984069,CLEAR
3,0.22059859154929576,0.14521684791984069,CLEAR
3,0.20860475352112678,0.14521684791984069,CLEAR
3,0.21388644366197188,0.14521684791984069,CLEAR
3,0.22995158450704223,0.14521684791984069,CLEAR
3,0.2506382042253521,0.14521684791984069,CLEAR
3,0.16172975352112678,0.14521684791984069,CLEAR
3,0.1721830985915493,0.14521684791984069,CLEAR
3,0.09196742957746484,0.14521684791984069,CLEAR
3,0.1039612676056338,0.14521684791984069,CLEAR
3,0.09339788732394368,0.14521684791984069,CLEAR
3,0.10649207746478873,0.14521684791984069,CLEAR
3,0.10066021126760565,0.14521684791984069,CLEAR
3,0.03133802816901412,0.14521684791984069,CLEAR
3,0.043441901408450764,0.14521684791984069,CLEAR
3,0.05026408450704225,0.14521684791984069,CLEAR
3,0.031888204225352164,0.14521684791984069,CLEAR
3,0.07700264084507047,0.14521684791984069,CLEAR
3,0.0658890845070423,0.14521684791984069,CLEAR
3,0.05818661971830989,0.14521684791984069,CLEAR
3,0.030347711267605645,0.14521684791984069,CLEAR
3,0.03672975352112677,0.14521684791984069,CLEAR
3,0.06170774647887329,0.14521684791984069,CLEAR
3,0.1448943661971831,0.14521684791984069,CLEAR
3,0.12926936619718313,0.14521684791984069,CLEAR
3,0.19650588035583494,0.14521684791984069,CLEAR
3,0.20867631435394285,0.14521684791984069,CLEAR
3,0.25724234580993655,0.14521684791984069,CLEAR
3,0.2772667253521127,0.14521684791984069,CLEAR
3,0.25206866197183103,0.14521684791984069,CLEAR
3,0.21366637323943663,0.14521684791984069,CLEAR
3,0.24425616197183098,0.14521684791984069,CLEAR
3,0.2586707746478874,0.14521684791984069,CLEAR
3,0.18560739436619722,0.14521684791984069,CLEAR
3,0.21828785211267612,0.14521684791984069,CLEAR
3,0.20420334507042254,0.14521684791984069,CLEAR
3,0.2181778169014085,0.14521684791984069,CLEAR
3,0.17823503521126763,0.14521684791984069,CLEAR
3,0.21718750000000003,0.14521684791984069,CLEAR
3,0.21443661971830988,0.14521684791984069,CLEAR
3,0.2302816901408451,0.14521684791984069,CLEAR
3,0.20222271126760566,0.14521684791984069,CLEAR
3,0.17735475352112676,0.14521684791984069,CLEAR
3,0.21465669014084504,0.14521684791984069,CLEAR
3,0.2446963028169014,0.14521684791984069,CLEAR
3,0.18219630281690138,0.14521684791984069,CLEAR
4,0.11529489436619722,-0.0,CLEAR
3,0.1384022887323944,0.14521684791984069,CLEAR
3,0.19903169014084512,0.14521684791984069,CLEAR
3,0.2431897640228271,0.14521684791984069,CLEAR
3,0.24154441356658937,0.14521684791984069,CLEAR
3,0.24928126335144044,0.14521684791984069,CLEAR
3,0.23061179577464788,0.14521684791984069,CLEAR
3,0.24984519481658934,0.14521684791984069,CLEAR
3,0.2267605633802817,0.14521684791984069,CLEAR
3,0.19198943661971835,0.14521684791984069,CLEAR
3,0.20420334507042254,0.14521684791984069,CLEAR
3,0.19496038732394363,0.14521684791984069,CLEAR
3,0.19804137323943666,0.14521684791984069,CLEAR
3,0.2148767605633803,0.14521684791984069,CLEAR
3,0.26796338558197025,0.14521684791984069,CLEAR
3,0.21784771126760563,0.14521684791984069,CLEAR
3,0.23721390845070425,0.14521684791984069,CLEAR
3,0.19507042253521126,0.14521684791984069,CLEAR
3,0.24557658450704226,0.14521684791984069,CLEAR
3,0.1760343309859155,0.14521684791984069,CLEAR
3,0.1488556338028169,0.14521684791984069,CLEAR
3,0.14401408450704226,0.14521684791984069,CLEAR
3,0.17141285211267612,0.14521684791984069,CLEAR
3,0.15798855633802822,0.14521684791984069,CLEAR
3,0.1557878521126761,0.14521684791984069,CLEAR
3,0.2072843309859155,0.14521684791984069,CLEAR
3,0.20860475352112678,0.14521684791984069,CLEAR
3,0.13477112676056338,0.14521684791984069,CLEAR
3,0.15457746478873238,0.14521684791984069,CLEAR
3,0.22092869718309863,0.14521684791984069,CLEAR
3,0.2543794014084508,0.14521684791984069,CLEAR
3,0.2394145011901855,0.14521684791984069,CLEAR
3,0.2781470070422535,0.14521684791984069,CLEAR
3,0.2359229326248169,0.14521684791984069,CLEAR
3,0.2337069749832153,0.14521684791984069,CLEAR
3,0.21730008125305172,0.14521684791984069,CLEAR
3,0.24513409137725828,0.14521684791984069,CLEAR
3,0.22632042253521126,0.14521684791984069,CLEAR
3,0.19720559120178222,0.14521684791984069,CLEAR
3,0.18681778169014088,0.14521684791984069,CLEAR
3,0.1914392605633803,0.14521684791984069,CLEAR
3,0.17317341549295776,0.14521684791984069,CLEAR
3,0.16426056338028172,0.14521684791984069,CLEAR
3,0.18274647887323942,0.14521684791984069,CLEAR
3,0.22257922535211275,0.14521684791984069,CLEAR
3,0.0,0.0,BRAKE
3,0.20552376760563387,0.14521684791984069,CLEAR
3,0.20563380281690138,0.14521684791984069,CLEAR
3,0.1994718309859155,0.14521684791984069,CLEAR
3,0.19749119718309863,0.14521684791984069,CLEAR
3,0.21795774647887325,0.14521684791984069,CLEAR
3,0.18351672535211272,0.14521684791984069,CLEAR
3,0.19099911971830988,0.14521684791984069,CLEAR
3,0.197381161971831,0.14521684791984069,CLEAR
3,0.17317341549295776,0.14521684791984069,CLEAR
3,0.1947403169014085,0.14521684791984069,CLEAR
3,0.18934859154929579,0.14521684791984069,CLEAR
3,0.19936179577464788,0.14521684791984069,CLEAR
3,0.1785651408450704,0.14521684791984069,CLEAR
3,0.17493397887323947,0.14521684791984069,CLEAR
3,0.15479753521126763,0.14521684791984069,CLEAR
3,0.1763644366197183,0.14521684791984069,CLEAR
3,0.19330985915492954,0.14521684791984069,CLEAR
3,0.0,0.0,BRAKE
3,0.0,0.0,BRAKE
3,0.0,0.0,BRAKE
3,0.0,0.0,BRAKE
3,0.0,0.0,BRAKE
3,0.0,0.0,BRAKE
3,0.0,0.0,BRAKE
3,0.19033890845070425,0.14521684791984069,CLEAR
3,0.0,0.0,BRAKE
3,0.18681778169014088,0.14521684791984069,CLEAR
3,0.20640404929577466,0.14521684791984069,CLEAR
3,0.20706426056338034,0.14521684791984069,CLEAR
3,0.2223591549295775,0.14521684791984069,CLEAR
3,0.22841109154929576,0.14521684791984069,CLEAR
3,0.24139524647887325,0.14521684791984069,CLEAR
3,0.24568661971830988,0.14521684791984069,CLEAR
3,0.2577393054962158,0.14521684791984069,CLEAR
3,0.2571514368057251,0.14521684791984069,CLEAR
3,0.2702244718309859,0.14521684791984069,CLEAR
3,0.2570202464788732,0.14521684791984069,CLEAR
3,0.0,0.0,BRAKE
3,0.21234595070422538,0.14521684791984069,CLEAR
3,0.0,0.0,BRAKE
3,0.0,0.0,BRAKE
3,0.19132922535211266,0.14521684791984069,CLEAR
3,0.18813820422535213,0.14521684791984069,CLEAR
3,0.18043573943661975,0.14521684791984069,CLEAR
3,0.19088908450704226,0.14521684791984069,CLEAR
3,0.18890845070422538,0.14521684791984069,CLEAR
3,0.18868838028169013,0.14521684791984069,CLEAR
3,0.18252640845070425,0.14521684791984069,CLEAR
3,0.16261003521126763,0.14521684791984069,CLEAR
3,0.14830545774647888,0.14521684791984069,CLEAR
3,0.14852552816901413,0.14521684791984069,CLEAR
3,0.15897887323943663,0.14521684791984069,CLEAR
3,0.17174295774647888,0.14521684791984069,CLEAR
3,0.178125,0.14521684791984069,CLEAR
3,0.1796654929577465,0.14521684791984069,CLEAR
3,0.18065580985915491,0.14521684791984069,CLEAR
3,0.18241637323943663,0.14521684791984069,CLEAR
3,0.18747799295774648,0.14521684791984069,CLEAR
3,0.1754841549295775,0.14521684791984069,CLEAR
3,0.1796654929577465,0.14521684791984069,CLEAR
3,0.18923855633802816,0.14521684791984069,CLEAR
3,0.19617077464788735,0.14521684791984069,CLEAR
3,0.20662411971830985,0.14521684791984069,CLEAR
3,0.20145246478873238,0.14521684791984069,CLEAR
3,0.19584066901408453,0.14521684791984069,CLEAR
3,0.16062940140845075,0.14521684791984069,CLEAR
3,0.15380721830985922,0.14521684791984069,CLEAR
3,0.15809859154929584,0.14521684791984069,CLEAR
3,0.14918573943661972,0.14521684791984069,CLEAR
3,0.15666813380281688,0.14521684791984069,CLEAR
3,0.21091549295774648,0.14521684791984069,CLEAR
3,0.2566773176193237,0.14521684791984069,CLEAR
3,0.15127640845070423,0.14521684791984069,CLEAR
3,0.09812940140845072,0.14521684791984069,CLEAR
2,0.11331426056338034,0.29043369583968137,CLEAR
2,0.24524647887323947,0.29043369583968137,CLEAR
2,0.22555017605633804,0.29043369583968137,CLEAR
2,0.1722931338028169,0.29043369583968137,CLEAR
2,0.11265404929577466,0.29043369583968137,CLEAR
2,0.012632042253521169,0.29043369583968137,CLEAR
1,0.0,0.0,BRAKE
1,0.0,0.0,BRAKE
1,0.0,0.0,BRAKE
1,0.0,0.0,BRAKE
1,0.0,0.0,BRAKE
1,0.0,0.0,BRAKE
1,0.0,0.0,BRAKE
1,0.0,0.0,BRAKE
1,0.0,0.0,BRAKE
1,0.0,0.0,BRAKE
1,0.0,0.0,BRAKE
1,0.0,0.0,BRAKE
1,0.0,0.0,BRAKE
1,0.0,0.0,BRAKE
3,0.0,0.0,BRAKE
3,0.0,0.0,BRAKE
3,0.0,0.0,BRAKE
3,0.0,0.0,BRAKE
0,0.0,0.0,BRAKE
0,0.0,0.0,BRAKE
0,0.0,0.0,BRAKE
0,0.0,0.0,BRAKE
0,0.0,0.0,BRAKE
0,0.0,0.0,BRAKE
0,0.0,0.0,BRAKE
0,0.0,0.0,BRAKE
0,0.0,0.0,BRAKE
0,0.0,0.0,BRAKE
0,0.0,0.0,BRAKE
0,0.0,0.0,BRAKE
0,0.0,0.0,BRAKE
2,0.0,0.0,BRAKE
2,0.0,0.0,BRAKE
0,0.0,0.0,BRAKE
0,0.0,0.0,BRAKE
2,0.0,0.0,BRAKE
2,0.0,0.0,BRAKE
2,0.021104753521126795,0.29043369583968137,CLEAR
2,0.0,0.0,BRAKE
2,0.028807218309859127,0.29043369583968137,CLEAR
2,0.0,0.0,BRAKE
2,0.02715669014084505,0.29043369583968137,CLEAR
2,0.0196742957746479,0.29043369583968137,CLEAR
2,0.04196815490722654,0.29043369583968137,CLEAR
3,0.0,0.0,BRAKE
1,0.0,0.0,BRAKE
4,0.0,0.0,BRAKE
2,0.03628961267605635,0.29043369583968137,CLEAR
2,0.07029049295774648,0.29043369583968137,CLEAR
2,0.08690580985915493,0.29043369583968137,CLEAR
2,0.10495158450704227,0.29043369583968137,CLEAR
2,0.09834947183098597,0.29043369583968137,CLEAR
2,0.1529269366197183,0.29043369583968137,CLEAR
2,0.17900528169014085,0.29043369583968137,CLEAR
2,0.2219190140845071,0.29043369583968137,CLEAR
2,0.1978213028169014,0.29043369583968137,CLEAR
3,0.10704225352112677,0.14521684791984069,CLEAR
3,0.22539918422698973,0.14521684791984069,CLEAR
4,0.26796669960021974,-0.0,CLEAR
4,0.19988117218017576,-0.0,CLEAR
4,0.1681117957746479,-0.0,CLEAR
5,0.6,-0.14521684791984069,CLEAR
3,0.3424075704225352,0.14521684791984069,CLEAR
2,0.14412411971830988,0.29043369583968137,CLEAR
1,0.0851452464788733,0.43565054375952217,CLEAR
1,0.0,0.0,BRAKE
1,0.0,0.0,BRAKE
0,0.0,0.0,BRAKE
0,0.0,0.0,BRAKE
2,0.0,0.0,BRAKE
1,0.05455545774647887,0.43565054375952217,CLEAR
1,0.02957746478873242,0.43565054375952217,CLEAR
0,0.05697623239436617,0.5818900455379532,CLEAR
0,0.1382383346557617,0.5818900455379532,CLEAR
0,0.11142797470092773,0.5818900455379532,CLEAR
0,0.11179566383361818,0.5818900455379532,CLEAR
8,0.13296470642089842,-0.5808673916793627,CLEAR
4,0.1096336841583252,-0.0,CLEAR
3,0.0822277069091797,0.14521684791984069,CLEAR
8,0.08904428482055661,-0.5808673916793627,CLEAR
3,0.14330382347106935,0.14521684791984069,CLEAR
4,0.058313274383544944,-0.0,CLEAR
3,0.6,0.14521684791984069,CLEAR
2,0.6,0.29043369583968137,CLEAR
4,0.6,-0.0,CLEAR
4,0.42036894559860233,-0.0,CLEAR
6,0.6,-0.29043369583968137,CLEAR
0,0.215508246421814,0.5818900455379532,CLEAR
4,0.18443670272827148,-0.0,CLEAR
4,0.042109346389770486,-0.0,CLEAR
4,0.08185720443725587,-0.0,CLEAR
4,0.13392376899719238,-0.0,CLEAR
4,0.18514590263366695,-0.0,CLEAR
4,0.18043573943661975,-0.0,CLEAR
3,0.19859154929577472,0.14521684791984069,CLEAR
3,0.2665147542953491,0.14521684791984069,CLEAR
3,0.19121919014084504,0.14521684791984069,CLEAR
3,0.13422095070422535,0.14521684791984069,CLEAR
3,0.08602552816901414,0.14521684791984069,CLEAR
3,0.04531250000000002,0.14521684791984069,CLEAR
3,0.07304137323943664,0.14521684791984069,CLEAR
2,0.12013644366197189,0.29043369583968137,CLEAR
2,0.22595181465148922,0.29043369583968137,CLEAR
2,0.20758538246154784,0.29043369583968137,CLEAR
2,0.21740757042253522,0.29043369583968137,CLEAR
2,0.17735475352112676,0.29043369583968137,CLEAR
2,0.11632823944091798,0.29043369583968137,CLEAR
2,0.15567781690140847,0.29043369583968137,CLEAR
2,0.17405369718309863,0.29043369583968137,CLEAR
2,0.13128881454467775,0.29043369583968137,CLEAR
2,0.20614504814147952,0.29043369583968137,CLEAR
4,0.07668051719665525,-0.0,CLEAR
2,0.046192073822021486,0.29043369583968137,CLEAR
4,0.020986080169677755,-0.0,CLEAR
5,0.6,-0.14521684791984069,CLEAR
3,0.6,0.14521684791984069,CLEAR
3,0.0,0.0,BRAKE
3,0.0,0.0,BRAKE
1,0.0,0.0,BRAKE
1,0.0,0.0,BRAKE
1,0.0,0.0,BRAKE
1,0.0,0.0,BRAKE
3,0.010651408450704225,0.14521684791984069,CLEAR
3,0.12504477500915528,0.14521684791984069,CLEAR
1,0.0023987676056338447,0.43565054375952217,CLEAR
1,0.15127640845070423,0.43565054375952217,CLEAR
1,0.0,0.0,BRAKE
1,0.0,0.0,BRAKE
1,0.0,0.0,BRAKE
1,0.0,0.0,BRAKE
1,0.012191901408450745,0.43565054375952217,CLEAR
2,0.030017605633802846,0.29043369583968137,CLEAR
1,0.023085387323943673,0.43565054375952217,CLEAR
1,0.05818661971830989,0.43565054375952217,CLEAR
1,0.0,0.0,BRAKE
1,0.0,0.0,BRAKE
1,0.0,0.0,BRAKE
1,0.0,0.0,BRAKE
1,0.0,0.0,BRAKE
1,0.0,0.0,BRAKE
1,0.0,0.0,BRAKE
1,0.0,0.0,BRAKE
1,0.0,0.0,BRAKE
1,0.0,0.0,BRAKE
1,0.0,0.0,BRAKE
1,0.0,0.0,BRAKE
1,0.0,0.0,BRAKE
1,0.0,0.0,BRAKE
1,0.0,0.0,BRAKE
1,0.0,0.0,BRAKE
1,0.0,0.0,BRAKE
1,0.0,0.0,BRAKE
1,0.0,0.0,BRAKE
1,0.0,0.0,BRAKE
1,0.0,0.0,BRAKE
1,0.0,0.0,BRAKE
1,0.0,0.0,BRAKE
1,0.0,0.0,BRAKE
1,0.0,0.0,BRAKE
1,0.0,0.0,BRAKE
1,0.0,0.0,BRAKE
1,0.11419454225352112,0.43565054375952217,CLEAR
2,0.03926056338028176,0.29043369583968137,CLEAR
1,0.03849031690140847,0.43565054375952217,CLEAR
1,0.0,0.0,BRAKE
1,0.015933098591549254,0.43565054375952217,CLEAR
1,0.0,0.0,BRAKE
1,0.0,0.0,BRAKE
1,0.0,0.0,BRAKE
1,0.0,0.0,BRAKE
1,0.0,0.0,BRAKE
1,0.0,0.0,BRAKE
1,0.0,0.0,BRAKE
1,0.0,0.0,BRAKE
1,0.0,0.0,BRAKE
1,0.0,0.0,BRAKE
1,0.0,0.0,BRAKE
1,0.0,0.0,BRAKE
1,0.0,0.0,BRAKE
1,0.0,0.0,BRAKE
1,0.0,0.0,BRAKE
1,0.0,0.0,BRAKE
1,0.0,0.0,BRAKE
3,0.029247359154929552,0.14521684791984069,CLEAR
2,0.116175176056338,0.29043369583968137,CLEAR
2,0.030787852112676137,0.29043369583968137,CLEAR
2,0.018243838028169,0.29043369583968137,CLEAR
2,0.173393485915493,0.29043369583968137,CLEAR
2,0.173393485915493,0.29043369583968137,CLEAR
2,0.18362676056338034,0.29043369583968137,CLEAR
2,0.14269366197183103,0.29043369583968137,CLEAR
2,0.15743838028169016,0.29043369583968137,CLEAR
2,0.15039612676056338,0.29043369583968137,CLEAR
2,0.1530369718309859,0.29043369583968137,CLEAR
2,0.17702464788732397,0.29043369583968137,CLEAR
2,0.16018926056338034,0.29043369583968137,CLEAR
2,0.12926936619718313,0.29043369583968137,CLEAR
2,0.17108274647887325,0.29043369583968137,CLEAR
2,0.17592429577464788,0.29043369583968137,CLEAR
2,0.11771566901408452,0.29043369583968137,CLEAR
2,0.12321742957746479,0.29043369583968137,CLEAR
2,0.14753521126760563,0.29043369583968137,CLEAR
2,0.14445422535211266,0.29043369583968137,CLEAR
2,0.13895246478873247,0.29043369583968137,CLEAR
2,0.0490536971830986,0.29043369583968137,CLEAR
2,0.023415492957746475,0.29043369583968137,CLEAR
2,0.06258802816901414,0.29043369583968137,CLEAR
2,0.05862676056338025,0.29043369583968137,CLEAR
2,0.026936619718309872,0.29043369583968137,CLEAR
2,0.012522007042253546,0.29043369583968137,CLEAR
2,0.05686619718309862,0.29043369583968137,CLEAR
4,0.06258802816901414,-0.0,CLEAR
4,0.05928697183098592,-0.0,CLEAR
4,0.061157570422535244,-0.0,CLEAR
4,0.06698943661971839,-0.0,CLEAR
4,0.03915052816901414,-0.0,CLEAR
4,0.04498239436619722,-0.0,CLEAR
4,0.051694542253521145,-0.0,CLEAR
4,0.059617077464788726,-0.0,CLEAR
4,0.05279489436619717,-0.0,CLEAR
4,0.045202464788732466,-0.0,CLEAR
4,0.04564260563380289,-0.0,CLEAR
4,0.05488556338028167,-0.0,CLEAR
2,0.06665933098591552,0.29043369583968137,CLEAR
2,0.09438820422535214,0.29043369583968137,CLEAR
2,0.05246478873239437,0.29043369583968137,CLEAR
2,0.06401848591549297,0.29043369583968137,CLEAR
2,0.11287411971830985,0.29043369583968137,CLEAR
2,0.0490536971830986,0.29043369583968137,CLEAR
2,0.08107394366197185,0.29043369583968137,CLEAR
2,0.07931338028169022,0.29043369583968137,CLEAR
2,0.060387323943662016,0.29043369583968137,CLEAR
4,0.04542253521126764,-0.0,CLEAR
2,0.04025088028169017,0.29043369583968137,CLEAR
2,0.03915052816901414,0.29043369583968137,CLEAR
4,0.0437720070422535,-0.0,CLEAR
2,0.05070422535211267,0.29043369583968137,CLEAR
2,0.08041373239436618,0.29043369583968137,CLEAR
2,0.07920334507042259,0.29043369583968137,CLEAR
2,0.08107394366197185,0.29043369583968137,CLEAR
2,0.07953345070422539,0.29043369583968137,CLEAR
2,0.08140404929577472,0.29043369583968137,CLEAR
2,0.05928697183098592,0.29043369583968137,CLEAR
2,0.07513204225352114,0.29043369583968137,CLEAR
2,0.12663950920104983,0.29043369583968137,CLEAR
4,0.11632733345031737,-0.0,CLEAR
3,0.03736610412597656,0.14521684791984069,CLEAR
3,0.08290419578552248,0.14521684791984069,CLEAR
4,0.03170113563537597,-0.0,CLEAR
6,0.6,-0.29043369583968137,CLEAR
5,0.01950411796569822,-0.14521684791984069,CLEAR
5,0.073459529876709,-0.14521684791984069,CLEAR
5,0.0620826244354248,-0.14521684791984069,CLEAR
4,0.0,0.0,BRAKE
4,0.6,-0.0,CLEAR
3,0.00865764617919924,0.14521684791984069,CLEAR
1,0.06174097061157224,0.43565054375952217,CLEAR
1,0.049242734909057596,0.43565054375952217,CLEAR
0,0.10132861137390138,0.5818900455379532,CLEAR
1,0.14917039871215818,0.43565054375952217,CLEAR
0,0.11671733856201173,0.5818900455379532,CLEAR
1,0.0720565319061279,0.43565054375952217,CLEAR
3,0.096919014084507,0.14521684791984069,CLEAR
2,0.06698943661971839,0.29043369583968137,CLEAR
2,0.15567781690140847,0.29043369583968137,CLEAR
2,0.2360035211267606,0.29043369583968137,CLEAR
3,0.228631161971831,0.14521684791984069,CLEAR
4,0.23919439315795898,-0.0,CLEAR
4,0.10888891220092771,-0.0,CLEAR
4,0.6,-0.0,CLEAR
1,0.6,0.43565054375952217,CLEAR
1,0.6,0.43565054375952217,CLEAR
3,0.6,0.14521684791984069,CLEAR
1,0.2679249286651611,0.43565054375952217,CLEAR
6,0.0,0.0,BRAKE
6,0.0,0.0,BRAKE
5,0.0,0.0,BRAKE
5,0.0,0.0,BRAKE
7,0.0,0.0,BRAKE
7,0.0,0.0,BRAKE
7,0.0,0.0,BRAKE
7,0.0,0.0,BRAKE
7,0.0015193939208984597,-0.43565054375952217,CLEAR
7,0.0,0.0,BRAKE
7,0.0,0.0,BRAKE
6,0.0,0.0,BRAKE
6,0.0,0.0,BRAKE
7,0.0,0.0,BRAKE
6,0.0,0.0,BRAKE
7,0.0,0.0,BRAKE
6,0.0,0.0,BRAKE
7,0.0,0.0,BRAKE
7,0.0,0.0,BRAKE
7,0.0,0.0,BRAKE
6,0.0,0.0,BRAKE
8,0.0,0.0,BRAKE
6,0.009768629074096657,-0.29043369583968137,CLEAR
7,0.08146004676818848,-0.43565054375952217,CLEAR
6,0.08829612731933591,-0.29043369583968137,CLEAR
7,0.00670504570007322,-0.43565054375952217,CLEAR
7,0.06514363288879395,-0.43565054375952217,CLEAR
7,0.06653103828430174,-0.43565054375952217,CLEAR
7,0.055940771102905296,-0.43565054375952217,CLEAR
7,0.0633030414581299,-0.43565054375952217,CLEAR
7,0.05370182991027832,-0.43565054375952217,CLEAR
7,0.08888888359069826,-0.43565054375952217,CLEAR
7,0.08554530143737793,-0.43565054375952217,CLEAR
7,0.08865065574645996,-0.43565054375952217,CLEAR
7,0.08388066291809083,-0.43565054375952217,CLEAR
6,0.08578939437866213,-0.29043369583968137,CLEAR
6,0.07833862304687497,-0.29043369583968137,CLEAR
7,0.05873556137084963,-0.43565054375952217,CLEAR
6,0.10795631408691408,-0.29043369583968137,CLEAR
1,0.6,0.43565054375952217,CLEAR
6,0.6,-0.29043369583968137,CLEAR
5,0.6,-0.14521684791984069,CLEAR
4,0.6,-0.0,CLEAR
1,0.6,0.43565054375952217,CLEAR
5,0.6,-0.14521684791984069,CLEAR
3,0.6,0.14521684791984069,CLEAR
5,0.6,-0.14521684791984069,CLEAR
5,0.6,-0.14521684791984069,CLEAR
3,0.6,0.14521684791984069,CLEAR
3,0.6,0.14521684791984069,CLEAR
5,0.6,-0.14521684791984069,CLEAR
5,0.6,-0.14521684791984069,CLEAR
6,0.6,-0.29043369583968137,CLEAR
3,0.6,0.14521684791984069,CLEAR
5,0.6,-0.14521684791984069,CLEAR
4,0.6,-0.0,CLEAR
2,0.6,0.29043369583968137,CLEAR
3,0.6,0.14521684791984069,CLEAR
3,0.6,0.14521684791984069,CLEAR
4,0.6,-0.0,CLEAR
3,0.6,0.14521684791984069,CLEAR
3,0.6,0.14521684791984069,CLEAR
3,0.6,0.14521684791984069,CLEAR
4,0.6,-0.0,CLEAR
4,0.6,-0.0,CLEAR
3,0.6,0.14521684791984069,CLEAR
4,0.6,-0.0,CLEAR
4,0.6,-0.0,CLEAR
4,0.6,-0.0,CLEAR
4,0.6,-0.0,CLEAR
3,0.6,0.14521684791984069,CLEAR
3,0.6,0.14521684791984069,CLEAR
2,0.6,0.29043369583968137,CLEAR
4,0.6,-0.0,CLEAR
2,0.6,0.29043369583968137,CLEAR
4,0.6,-0.0,CLEAR
2,0.6,0.29043369583968137,CLEAR
4,0.6,-0.0,CLEAR
4,0.6,-0.0,CLEAR
2,0.0,0.0,BRAKE
1,0.0013624191284179687,0.43565054375952217,CLEAR
1,0.005722093582153342,0.43565054375952217,CLEAR
1,0.0,0.0,BRAKE
1,0.0,0.0,BRAKE
1,0.0,0.0,BRAKE
7,0.0,0.0,BRAKE
7,0.0,0.0,BRAKE
7,0.0,0.0,BRAKE
7,0.0,0.0,BRAKE
7,0.0,0.0,BRAKE
7,0.0,0.0,BRAKE
7,0.0,0.0,BRAKE
7,0.0,0.0,BRAKE
7,0.0,0.0,BRAKE
7,0.0,0.0,BRAKE
7,0.0,0.0,BRAKE
7,0.0,0.0,BRAKE
7,0.0,0.0,BRAKE
7,0.0,0.0,BRAKE
7,0.0,0.0,BRAKE
7,0.0,0.0,BRAKE
7,0.0,0.0,BRAKE
7,0.0,0.0,BRAKE
7,0.0,0.0,BRAKE
7,0.0,0.0,BRAKE
7,0.0,0.0,BRAKE
7,0.0,0.0,BRAKE
7,0.0,0.0,BRAKE
7,0.0,0.0,BRAKE
7,0.0,0.0,BRAKE
7,0.0,0.0,BRAKE
7,0.0,0.0,BRAKE
7,0.0,0.0,BRAKE
7,0.0,0.0,BRAKE
7,0.0,0.0,BRAKE
7,0.0,0.0,BRAKE
7,0.0,0.0,BRAKE
7,0.0,0.0,BRAKE
7,0.0,0.0,BRAKE
7,0.0,0.0,BRAKE
7,0.0,0.0,BRAKE
7,0.0,0.0,BRAKE
7,0.0,0.0,BRAKE
7,0.0,0.0,BRAKE
7,0.0,0.0,BRAKE
7,0.0,0.0,BRAKE
7,0.0,0.0,BRAKE
7,0.0,0.0,BRAKE
7,0.0,0.0,BRAKE
7,0.0,0.0,BRAKE
7,0.0,0.0,BRAKE
7,0.0,0.0,BRAKE
7,0.0,0.0,BRAKE
7,0.0,0.0,BRAKE
7,0.0,0.0,BRAKE
7,0.0,0.0,BRAKE
7,0.0,0.0,BRAKE
7,0.0,0.0,BRAKE
7,0.0,0.0,BRAKE
7,0.0,0.0,BRAKE
7,0.0,0.0,BRAKE
7,0.0,0.0,BRAKE
7,0.0,0.0,BRAKE
7,0.0,0.0,BRAKE
7,0.0,0.0,BRAKE
7,0.0,0.0,BRAKE
7,0.0,0.0,BRAKE
7,0.0,0.0,BRAKE
7,0.0,0.0,BRAKE
7,0.0,0.0,BRAKE
7,0.0,0.0,BRAKE
7,0.0,0.0,BRAKE
7,0.0,0.0,BRAKE
7,0.0,0.0,BRAKE
7,0.0,0.0,BRAKE
7,0.0,0.0,BRAKE
7,0.0,0.0,BRAKE
7,0.0,0.0,BRAKE
7,0.0,0.0,BRAKE
7,0.0,0.0,BRAKE
7,0.0,0.0,BRAKE
7,0.0,0.0,BRAKE
7,0.0,0.0,BRAKE
7,0.0,0.0,BRAKE
7,0.0,0.0,BRAKE
7,0.0,0.0,BRAKE
7,0.0,0.0,BRAKE
7,0.0,0.0,BRAKE
7,0.0,0.0,BRAKE
7,0.0,0.0,BRAKE
7,0.0,0.0,BRAKE
7,0.0,0.0,BRAKE
7,0.0,0.0,BRAKE
7,0.0,0.0,BRAKE
7,0.0,0.0,BRAKE
7,0.0,0.0,BRAKE
7,0.0,0.0,BRAKE
7,0.0,0.0,BRAKE
7,0.0,0.0,BRAKE
7,0.0,0.0,BRAKE
7,0.0,0.0,BRAKE
7,0.0,0.0,BRAKE
7,0.0,0.0,BRAKE
7,0.0,0.0,BRAKE
7,0.0,0.0,BRAKE
7,0.0,0.0,BRAKE
7,0.0,0.0,BRAKE
7,0.0,0.0,BRAKE
7,0.0,0.0,BRAKE
7,0.0,0.0,BRAKE
7,0.0,0.0,BRAKE
7,0.0,0.0,BRAKE
7,0.0,0.0,BRAKE
8,0.0,0.0,BRAKE
7,0.0,0.0,BRAKE
7,0.0,0.0,BRAKE
7,0.0,0.0,BRAKE
7,0.0,0.0,BRAKE
7,0.0,0.0,BRAKE
7,0.0,0.0,BRAKE
7,0.0,0.0,BRAKE
7,0.0,0.0,BRAKE
7,0.0,0.0,BRAKE
7,0.0,0.0,BRAKE
7,0.0,0.0,BRAKE
7,0.0,0.0,BRAKE
7,0.0,0.0,BRAKE
7,0.0,0.0,BRAKE
7,0.0,0.0,BRAKE
7,0.0,0.0,BRAKE
7,0.0,0.0,BRAKE
7,0.0,0.0,BRAKE
7,0.0,0.0,BRAKE
7,0.0,0.0,BRAKE
7,0.0,0.0,BRAKE
7,0.0,0.0,BRAKE
7,0.0,0.0,BRAKE
7,0.0,0.0,BRAKE
7,0.0,0.0,BRAKE
7,0.0,0.0,BRAKE
7,0.0,0.0,BRAKE
7,0.0,0.0,BRAKE
7,0.0,0.0,BRAKE
7,0.0,0.0,BRAKE
7,0.0,0.0,BRAKE
7,0.0,0.0,BRAKE
7,0.0,0.0,BRAKE
7,0.0,0.0,BRAKE
7,0.0,0.0,BRAKE
7,0.0,0.0,BRAKE
7,0.0,0.0,BRAKE
7,0.0,0.0,BRAKE
7,0.0,0.0,BRAKE
7,0.0,0.0,BRAKE
7,0.0,0.0,BRAKE
7,0.0,0.0,BRAKE
7,0.0,0.0,BRAKE
7,0.0,0.0,BRAKE
7,0.0,0.0,BRAKE
7,0.0,0.0,BRAKE
7,0.0,0.0,BRAKE
7,0.0,0.0,BRAKE
7,0.0,0.0,BRAKE
7,0.0,0.0,BRAKE
7,0.0,0.0,BRAKE
7,0.0,0.0,BRAKE
7,0.0,0.0,BRAKE
7,0.0,0.0,BRAKE
7,0.0,0.0,BRAKE
7,0.0,0.0,BRAKE
7,0.0,0.0,BRAKE
7,0.0,0.0,BRAKE
7,0.0,0.0,BRAKE
7,0.0,0.0,BRAKE
7,0.0,0.0,BRAKE
7,0.0,0.0,BRAKE
7,0.0,0.0,BRAKE
7,0.0,0.0,BRAKE
7,0.0,0.0,BRAKE
7,0.0,0.0,BRAKE
7,0.0,0.0,BRAKE
7,0.0,0.0,BRAKE
7,0.0,0.0,BRAKE
7,0.0,0.0,BRAKE
7,0.0,0.0,BRAKE
7,0.0,0.0,BRAKE
7,0.0,0.0,BRAKE
7,0.0,0.0,BRAKE
7,0.0,0.0,BRAKE
7,0.0,0.0,BRAKE
7,0.0,0.0,BRAKE
7,0.0,0.0,BRAKE
7,0.0,0.0,BRAKE
7,0.0,0.0,BRAKE
7,0.0,0.0,BRAKE
7,0.0,0.0,BRAKE
7,0.0,0.0,BRAKE
7,0.0,0.0,BRAKE
7,0.0,0.0,BRAKE
7,0.0,0.0,BRAKE
7,0.0,0.0,BRAKE
7,0.0,0.0,BRAKE
7,0.0,0.0,BRAKE
7,0.0,0.0,BRAKE
7,0.0,0.0,BRAKE
7,0.0,0.0,BRAKE
7,0.0,0.0,BRAKE
7,0.0,0.0,BRAKE
7,0.0,0.0,BRAKE
7,0.0,0.0,BRAKE
7,0.0,0.0,BRAKE
7,0.0,0.0,BRAKE
7,0.0,0.0,BRAKE
7,0.0,0.0,BRAKE
7,0.0,0.0,BRAKE
7,0.0,0.0,BRAKE
7,0.0,0.0,BRAKE
7,0.0,0.0,BRAKE
7,0.0,0.0,BRAKE
7,0.0,0.0,BRAKE
7,0.0,0.0,BRAKE
7,0.0,0.0,BRAKE
7,0.0,0.0,BRAKE
7,0.0,0.0,BRAKE
7,0.0,0.0,BRAKE
7,0.0,0.0,BRAKE
7,0.0,0.0,BRAKE
7,0.0,0.0,BRAKE
7,0.0,0.0,BRAKE
7,0.0,0.0,BRAKE
7,0.0,0.0,BRAKE
7,0.0,0.0,BRAKE
7,0.0,0.0,BRAKE
7,0.0,0.0,BRAKE
7,0.0,0.0,BRAKE
2,0.0,0.0,BRAKE
2,0.0,0.0,BRAKE
2,0.0,0.0,BRAKE
7,0.0,0.0,BRAKE
7,0.0,0.0,BRAKE
7,0.0,0.0,BRAKE
2,0.0,0.0,BRAKE
2,0.0,0.0,BRAKE
2,0.0,0.0,BRAKE
2,0.0,0.0,BRAKE
7,0.0,0.0,BRAKE
2,0.0,0.0,BRAKE
7,0.0,0.0,BRAKE
7,0.0,0.0,BRAKE
7,0.0,0.0,BRAKE
7,0.0,0.0,BRAKE
7,0.0,0.0,BRAKE
7,0.0,0.0,BRAKE
7,0.0,0.0,BRAKE
7,0.0,0.0,BRAKE
7,0.0,0.0,BRAKE
7,0.0,0.0,BRAKE
7,0.0,0.0,BRAKE
7,0.0,0.0,BRAKE
7,0.0,0.0,BRAKE
7,0.0,0.0,BRAKE
7,0.0,0.0,BRAKE
7,0.0,0.0,BRAKE
7,0.0,0.0,BRAKE
7,0.0,0.0,BRAKE
7,0.0,0.0,BRAKE
7,0.0,0.0,BRAKE
7,0.0,0.0,BRAKE
7,0.0,0.0,BRAKE
7,0.0,0.0,BRAKE
7,0.0,0.0,BRAKE
7,0.0,0.0,BRAKE
7,0.0,0.0,BRAKE
7,0.0,0.0,BRAKE
7,0.0,0.0,BRAKE
7,0.0,0.0,BRAKE
7,0.0,0.0,BRAKE
7,0.0,0.0,BRAKE
7,0.0,0.0,BRAKE
7,0.0,0.0,BRAKE
7,0.0,0.0,BRAKE
7,0.0,0.0,BRAKE
7,0.0,0.0,BRAKE
7,0.0,0.0,BRAKE
7,0.0,0.0,BRAKE
7,0.0,0.0,BRAKE
7,0.0,0.0,BRAKE
7,0.0,0.0,BRAKE
7,0.0,0.0,BRAKE
7,0.0,0.0,BRAKE
7,0.0,0.0,BRAKE
7,0.0,0.0,BRAKE
7,0.0,0.0,BRAKE
7,0.0,0.0,BRAKE
7,0.0,0.0,BRAKE
7,0.0,0.0,BRAKE
7,0.0,0.0,BRAKE
7,0.0,0.0,BRAKE
7,0.0,0.0,BRAKE
7,0.0,0.0,BRAKE
7,0.0,0.0,BRAKE
7,0.0,0.0,BRAKE
7,0.0,0.0,BRAKE
7,0.0,0.0,BRAKE
7,0.0,0.0,BRAKE
7,0.0,0.0,BRAKE
7,0.0,0.0,BRAKE
7,0.0,0.0,BRAKE
7,0.0,0.0,BRAKE
7,0.0,0.0,BRAKE
7,0.0,0.0,BRAKE
7,0.0,0.0,BRAKE
7,0.0,0.0,BRAKE
7,0.0,0.0,BRAKE
7,0.0,0.0,BRAKE
7,0.0,0.0,BRAKE
7,0.0,0.0,BRAKE
7,0.0,0.0,BRAKE
7,0.0,0.0,BRAKE
7,0.0,0.0,BRAKE
7,0.0,0.0,BRAKE
7,0.0,0.0,BRAKE
7,0.0,0.0,BRAKE
7,0.0,0.0,BRAKE
7,0.0,0.0,BRAKE
7,0.0,0.0,BRAKE
7,0.0,0.0,BRAKE
7,0.0,0.0,BRAKE
7,0.0,0.0,BRAKE
7,0.0,0.0,BRAKE
7,0.0,0.0,BRAKE
7,0.0,0.0,BRAKE
7,0.0,0.0,BRAKE
7,0.0,0.0,BRAKE
7,0.0,0.0,BRAKE
7,0.0,0.0,BRAKE
7,0.0,0.0,BRAKE
7,0.0,0.0,BRAKE
7,0.0,0.0,BRAKE
7,0.0,0.0,BRAKE
7,0.0,0.0,BRAKE
7,0.0,0.0,BRAKE
7,0.0,0.0,BRAKE
7,0.0,0.0,BRAKE
7,0.0,0.0,BRAKE
7,0.0,0.0,BRAKE
7,0.0,0.0,BRAKE
7,0.0,0.0,BRAKE
7,0.0,0.0,BRAKE
7,0.0,0.0,BRAKE
7,0.0,0.0,BRAKE
7,0.0,0.0,BRAKE
7,0.0,0.0,BRAKE
7,0.0,0.0,BRAKE
7,0.0,0.0,BRAKE
7,0.0,0.0,BRAKE
7,0.0,0.0,BRAKE
7,0.0,0.0,BRAKE
7,0.0,0.0,BRAKE
7,0.0,0.0,BRAKE
7,0.0,0.0,BRAKE
7,0.0,0.0,BRAKE
7,0.0,0.0,BRAKE
7,0.0,0.0,BRAKE
7,0.0,0.0,BRAKE
7,0.0,0.0,BRAKE
7,0.0,0.0,BRAKE
7,0.0,0.0,BRAKE
7,0.0,0.0,BRAKE
7,0.0,0.0,BRAKE
7,0.0,0.0,BRAKE
7,0.0,0.0,BRAKE
7,0.0,0.0,BRAKE
7,0.0,0.0,BRAKE
7,0.0,0.0,BRAKE
7,0.0,0.0,BRAKE
7,0.0,0.0,BRAKE
7,0.0,0.0,BRAKE
7,0.0,0.0,BRAKE
7,0.0,0.0,BRAKE
7,0.0,0.0,BRAKE
7,0.0,0.0,BRAKE
7,0.0,0.0,BRAKE
7,0.0,0.0,BRAKE
7,0.0,0.0,BRAKE
7,0.0,0.0,BRAKE
7,0.0,0.0,BRAKE
7,0.0,0.0,BRAKE
7,0.0,0.0,BRAKE
7,0.0,0.0,BRAKE
7,0.0,0.0,BRAKE
7,0.0,0.0,BRAKE
7,0.0,0.0,BRAKE
7,0.0,0.0,BRAKE
7,0.0,0.0,BRAKE
7,0.0,0.0,BRAKE
7,0.0,0.0,BRAKE
7,0.0,0.0,BRAKE
7,0.0,0.0,BRAKE
7,0.0,0.0,BRAKE
7,0.0,0.0,BRAKE
7,0.0,0.0,BRAKE
7,0.0,0.0,BRAKE
7,0.0,0.0,BRAKE
7,0.0,0.0,BRAKE
7,0.0,0.0,BRAKE
7,0.0,0.0,BRAKE
7,0.0,0.0,BRAKE
7,0.0,0.0,BRAKE
7,0.0,0.0,BRAKE
7,0.0,0.0,BRAKE
7,0.0,0.0,BRAKE
7,0.0,0.0,BRAKE
7,0.0,0.0,BRAKE
7,0.0,0.0,BRAKE
7,0.0,0.0,BRAKE
7,0.0,0.0,BRAKE
7,0.0,0.0,BRAKE
7,0.0,0.0,BRAKE
7,0.0,0.0,BRAKE
7,0.0,0.0,BRAKE
7,0.0,0.0,BRAKE
7,0.0,0.0,BRAKE
7,0.0,0.0,BRAKE
7,0.0,0.0,BRAKE
7,0.0,0.0,BRAKE
7,0.0,0.0,BRAKE
7,0.0,0.0,BRAKE
7,0.0,0.0,BRAKE
7,0.0,0.0,BRAKE
7,0.0,0.0,BRAKE
7,0.0,0.0,BRAKE
7,0.0,0.0,BRAKE
7,0.0,0.0,BRAKE
7,0.0,0.0,BRAKE
7,0.0,0.0,BRAKE
7,0.0,0.0,BRAKE
7,0.0,0.0,BRAKE
7,0.0,0.0,BRAKE
7,0.0,0.0,BRAKE
7,0.0,0.0,BRAKE
7,0.0,0.0,BRAKE
7,0.0,0.0,BRAKE
7,0.0,0.0,BRAKE
7,0.0,0.0,BRAKE
7,0.0,0.0,BRAKE
7,0.0,0.0,BRAKE
7,0.0,0.0,BRAKE
7,0.0,0.0,BRAKE
7,0.0,0.0,BRAKE
7,0.0,0.0,BRAKE
7,0.0,0.0,BRAKE
7,0.0,0.0,BRAKE
7,0.0,0.0,BRAKE
7,0.0,0.0,BRAKE
7,0.0,0.0,BRAKE
7,0.0,0.0,BRAKE
7,0.0,0.0,BRAKE
7,0.0,0.0,BRAKE
7,0.0,0.0,BRAKE
7,0.0,0.0,BRAKE
7,0.0,0.0,BRAKE
7,0.0,0.0,BRAKE
7,0.0,0.0,BRAKE
7,0.0,0.0,BRAKE
7,0.0,0.0,BRAKE
7,0.0,0.0,BRAKE
7,0.0,0.0,BRAKE
7,0.0,0.0,BRAKE
7,0.0,0.0,BRAKE
7,0.0,0.0,BRAKE
7,0.0,0.0,BRAKE
7,0.0,0.0,BRAKE
7,0.0,0.0,BRAKE
7,0.0,0.0,BRAKE
7,0.0,0.0,BRAKE
7,0.0,0.0,BRAKE
7,0.0,0.0,BRAKE
7,0.0,0.0,BRAKE
7,0.0,0.0,BRAKE
7,0.0,0.0,BRAKE
7,0.0,0.0,BRAKE
7,0.0,0.0,BRAKE
7,0.0,0.0,BRAKE
7,0.0,0.0,BRAKE
7,0.0,0.0,BRAKE
7,0.0,0.0,BRAKE
7,0.0,0.0,BRAKE
7,0.0,0.0,BRAKE
7,0.0,0.0,BRAKE
7,0.0,0.0,BRAKE
7,0.0,0.0,BRAKE
7,0.0,0.0,BRAKE
7,0.0,0.0,BRAKE
7,0.0,0.0,BRAKE
7,0.0,0.0,BRAKE
7,0.0,0.0,BRAKE
7,0.0,0.0,BRAKE
7,0.0,0.0,BRAKE
7,0.0,0.0,BRAKE
7,0.0,0.0,BRAKE
7,0.0,0.0,BRAKE
7,0.0,0.0,BRAKE
7,0.0,0.0,BRAKE
7,0.0,0.0,BRAKE
7,0.0,0.0,BRAKE
7,0.0,0.0,BRAKE
7,0.0,0.0,BRAKE
7,0.0,0.0,BRAKE
7,0.0,0.0,BRAKE
7,0.0,0.0,BRAKE
7,0.0,0.0,BRAKE
7,0.0,0.0,BRAKE
7,0.0,0.0,BRAKE
7,0.0,0.0,BRAKE
7,0.0,0.0,BRAKE
7,0.0,0.0,BRAKE
7,0.0,0.0,BRAKE
7,0.0,0.0,BRAKE
7,0.0,0.0,BRAKE
7,0.0,0.0,BRAKE
7,0.0,0.0,BRAKE
7,0.0,0.0,BRAKE
7,0.0,0.0,BRAKE
7,0.0,0.0,BRAKE
7,0.0,0.0,BRAKE
7,0.0,0.0,BRAKE
7,0.0,0.0,BRAKE
7,0.0,0.0,BRAKE
7,0.0,0.0,BRAKE
7,0.0,0.0,BRAKE
7,0.0,0.0,BRAKE
7,0.0,0.0,BRAKE
7,0.0,0.0,BRAKE
7,0.0,0.0,BRAKE
7,0.0,0.0,BRAKE
7,0.0,0.0,BRAKE
7,0.0,0.0,BRAKE
7,0.0,0.0,BRAKE
7,0.0,0.0,BRAKE
7,0.0,0.0,BRAKE
7,0.0,0.0,BRAKE
7,0.0,0.0,BRAKE
7,0.0,0.0,BRAKE
7,0.0,0.0,BRAKE
7,0.0,0.0,BRAKE
7,0.0,0.0,BRAKE
7,0.0,0.0,BRAKE
7,0.0,0.0,BRAKE
7,0.0,0.0,BRAKE
7,0.0,0.0,BRAKE
7,0.0,0.0,BRAKE
7,0.0,0.0,BRAKE
7,0.0,0.0,BRAKE
7,0.0,0.0,BRAKE
7,0.0,0.0,BRAKE
2,0.0,0.0,BRAKE
2,0.0,0.0,BRAKE
2,0.0,0.0,BRAKE
2,0.0,0.0,BRAKE
2,0.0,0.0,BRAKE
2,0.0,0.0,BRAKE
2,0.0,0.0,BRAKE
2,0.0,0.0,BRAKE
2,0.0,0.0,BRAKE
2,0.0,0.0,BRAKE
2,0.0,0.0,BRAKE
2,0.0,0.0,BRAKE
2,0.0,0.0,BRAKE
2,0.0,0.0,BRAKE
2,0.0,0.0,BRAKE
2,0.0,0.0,BRAKE
2,0.0,0.0,BRAKE
2,0.0,0.0,BRAKE
2,0.0,0.0,BRAKE
2,0.0,0.0,BRAKE
2,0.0,0.0,BRAKE
2,0.0,0.0,BRAKE
2,0.0,0.0,BRAKE
2,0.0,0.0,BRAKE
2,0.0,0.0,BRAKE
2,0.0,0.0,BRAKE
2,0.0,0.0,BRAKE
2,0.0,0.0,BRAKE
2,0.0,0.0,BRAKE
2,0.0,0.0,BRAKE
2,0.0,0.0,BRAKE
2,0.0,0.0,BRAKE
2,0.0,0.0,BRAKE
2,0.0,0.0,BRAKE
2,0.0,0.0,BRAKE
2,0.0,0.0,BRAKE
2,0.0,0.0,BRAKE
2,0.0,0.0,BRAKE
2,0.0,0.0,BRAKE
7,0.0,0.0,BRAKE
7,0.0,0.0,BRAKE
2,0.0,0.0,BRAKE
2,0.0,0.0,BRAKE
2,0.0,0.0,BRAKE
2,0.0,0.0,BRAKE
2,0.0,0.0,BRAKE
2,0.0,0.0,BRAKE
2,0.0,0.0,BRAKE
7,0.0,0.0,BRAKE
2,0.0,0.0,BRAKE
7,0.0,0.0,BRAKE
2,0.0,0.0,BRAKE
2,0.0,0.0,BRAKE
2,0.0,0.0,BRAKE
7,0.0,0.0,BRAKE
2,0.0,0.0,BRAKE
2,0.0,0.0,BRAKE
2,0.0,0.0,BRAKE
2,0.0,0.0,BRAKE
2,0.0,0.0,BRAKE
2,0.0,0.0,BRAKE
2,0.0,0.0,BRAKE
2,0.0,0.0,BRAKE
2,0.0,0.0,BRAKE
7,0.0,0.0,BRAKE
7,0.0,0.0,BRAKE
2,0.0,0.0,BRAKE
2,0.0,0.0,BRAKE
2,0.0,0.0,BRAKE
2,0.0,0.0,BRAKE
2,0.0,0.0,BRAKE
7,0.0,0.0,BRAKE
7,0.0,0.0,BRAKE
7,0.0,0.0,BRAKE
2,0.0,0.0,BRAKE
2,0.0,0.0,BRAKE
7,0.0,0.0,BRAKE
2,0.0,0.0,BRAKE
2,0.0,0.0,BRAKE
7,0.0,0.0,BRAKE
2,0.0,0.0,BRAKE
2,0.0,0.0,BRAKE
7,0.0,0.0,BRAKE
2,0.0,0.0,BRAKE
2,0.0,0.0,BRAKE
7,0.0,0.0,BRAKE
7,0.0,0.0,BRAKE
2,0.0,0.0,BRAKE
2,0.0,0.0,BRAKE
2,0.0,0.0,BRAKE
2,0.0,0.0,BRAKE
2,0.0,0.0,BRAKE
2,0.0,0.0,BRAKE
2,0.0,0.0,BRAKE
2,0.0,0.0,BRAKE
2,0.0,0.0,BRAKE
2,0.0,0.0,BRAKE
2,0.0,0.0,BRAKE
2,0.0,0.0,BRAKE
2,0.0,0.0,BRAKE
2,0.0,0.0,BRAKE
2,0.0,0.0,BRAKE
2,0.0,0.0,BRAKE
2,0.0,0.0,BRAKE
2,0.0,0.0,BRAKE
2,0.0,0.0,BRAKE
2,0.0,0.0,BRAKE
2,0.0,0.0,BRAKE
2,0.0,0.0,BRAKE
2,0.0,0.0,BRAKE
2,0.0,0.0,BRAKE
2,0.0,0.0,BRAKE
2,0.0,0.0,BRAKE
2,0.0,0.0,BRAKE
2,0.0,0.0,BRAKE
2,0.0,0.0,BRAKE
2,0.0,0.0,BRAKE
2,0.0,0.0,BRAKE
2,0.0,0.0,BRAKE
2,0.0,0.0,BRAKE
2,0.0,0.0,BRAKE
2,0.0,0.0,BRAKE
2,0.0,0.0,BRAKE
2,0.0,0.0,BRAKE
2,0.0,0.0,BRAKE
2,0.0,0.0,BRAKE
2,0.0,0.0,BRAKE
2,0.0,0.0,BRAKE
2,0.0,0.0,BRAKE
2,0.0,0.0,BRAKE
2,0.0,0.0,BRAKE
2,0.0,0.0,BRAKE
2,0.0,0.0,BRAKE
2,0.0,0.0,BRAKE
2,0.0,0.0,BRAKE
2,0.0,0.0,BRAKE
2,0.0,0.0,BRAKE
2,0.0,0.0,BRAKE
2,0.0,0.0,BRAKE
2,0.0,0.0,BRAKE
2,0.0,0.0,BRAKE
2,0.0,0.0,BRAKE
2,0.0,0.0,BRAKE
2,0.0,0.0,BRAKE
2,0.0,0.0,BRAKE
2,0.0,0.0,BRAKE
2,0.0,0.0,BRAKE
2,0.0,0.0,BRAKE
2,0.0,0.0,BRAKE
2,0.0,0.0,BRAKE
2,0.0,0.0,BRAKE
2,0.0,0.0,BRAKE
2,0.0,0.0,BRAKE
2,0.0,0.0,BRAKE
2,0.0,0.0,BRAKE
2,0.0,0.0,BRAKE
2,0.0,0.0,BRAKE
2,0.0,0.0,BRAKE
2,0.0,0.0,BRAKE
2,0.0,0.0,BRAKE
7,0.0,0.0,BRAKE
2,0.0,0.0,BRAKE
2,0.0,0.0,BRAKE
7,0.0,0.0,BRAKE
2,0.0,0.0,BRAKE
2,0.0,0.0,BRAKE
7,0.0,0.0,BRAKE
7,0.0,0.0,BRAKE
7,0.0,0.0,BRAKE
7,0.0,0.0,BRAKE
7,0.0,0.0,BRAKE
2,0.0,0.0,BRAKE
2,0.0,0.0,BRAKE
7,0.0,0.0,BRAKE
2,0.0,0.0,BRAKE
2,0.0,0.0,BRAKE
2,0.0,0.0,BRAKE
7,0.0,0.0,BRAKE
7,0.0,0.0,BRAKE
2,0.0,0.0,BRAKE
2,0.0,0.0,BRAKE
7,0.0,0.0,BRAKE
7,0.0,0.0,BRAKE
2,0.0,0.0,BRAKE
2,0.0,0.0,BRAKE
7,0.0,0.0,BRAKE
2,0.0,0.0,BRAKE
2,0.0,0.0,BRAKE
7,0.0,0.0,BRAKE
2,0.0,0.0,BRAKE
2,0.0,0.0,BRAKE
2,0.0,0.0,BRAKE
7,0.0,0.0,BRAKE
2,0.0,0.0,BRAKE
7,0.0,0.0,BRAKE
7,0.0,0.0,BRAKE
2,0.0,0.0,BRAKE
7,0.0,0.0,BRAKE
7,0.0,0.0,BRAKE
7,0.0,0.0,BRAKE
2,0.0,0.0,BRAKE
7,0.0,0.0,BRAKE
7,0.0,0.0,BRAKE
2,0.0,0.0,BRAKE
2,0.0,0.0,BRAKE
7,0.0,0.0,BRAKE
7,0.0,0.0,BRAKE
7,0.0,0.0,BRAKE
7,0.0,0.0,BRAKE
7,0.0,0.0,BRAKE
7,0.0,0.0,BRAKE
7,0.0,0.0,BRAKE
2,0.0,0.0,BRAKE
2,0.0,0.0,BRAKE
7,0.0,0.0,BRAKE
2,0.0,0.0,BRAKE
7,0.0,0.0,BRAKE
7,0.0,0.0,BRAKE
7,0.0,0.0,BRAKE
7,0.0,0.0,BRAKE
2,0.0,0.0,BRAKE
7,0.0,0.0,BRAKE
2,0.0,0.0,BRAKE
2,0.0,0.0,BRAKE
2,0.0,0.0,BRAKE
2,0.0,0.0,BRAKE
7,0.0,0.0,BRAKE
7,0.0,0.0,BRAKE
2,0.0,0.0,BRAKE
7,0.0,0.0,BRAKE
7,0.0,0.0,BRAKE
7,0.0,0.0,BRAKE
7,0.0,0.0,BRAKE
7,0.0,0.0,BRAKE
2,0.0,0.0,BRAKE
2,0.0,0.0,BRAKE
2,0.0,0.0,BRAKE
2,0.0,0.0,BRAKE
7,0.0,0.0,BRAKE
2,0.0,0.0,BRAKE
2,0.0,0.0,BRAKE
2,0.0,0.0,BRAKE
2,0.0,0.0,BRAKE
2,0.0,0.0,BRAKE
2,0.0,0.0,BRAKE
2,0.0,0.0,BRAKE
2,0.0,0.0,BRAKE
2,0.0,0.0,BRAKE
2,0.0,0.0,BRAKE
2,0.0,0.0,BRAKE
2,0.0,0.0,BRAKE
2,0.0,0.0,BRAKE
2,0.0,0.0,BRAKE
2,0.0,0.0,BRAKE
2,0.0,0.0,BRAKE
2,0.0,0.0,BRAKE
2,0.0,0.0,BRAKE
2,0.0,0.0,BRAKE
2,0.0,0.0,BRAKE
2,0.0,0.0,BRAKE
2,0.0,0.0,BRAKE
2,0.0,0.0,BRAKE
2,0.0,0.0,BRAKE
2,0.0,0.0,BRAKE
2,0.0,0.0,BRAKE
2,0.0,0.0,BRAKE
2,0.0,0.0,BRAKE
2,0.0,0.0,BRAKE
2,0.0,0.0,BRAKE
2,0.0,0.0,BRAKE
2,0.0,0.0,BRAKE
2,0.0,0.0,BRAKE
2,0.0,0.0,BRAKE
2,0.0,0.0,BRAKE
2,0.0,0.0,BRAKE
2,0.0,0.0,BRAKE
2,0.0,0.0,BRAKE
2,0.0,0.0,BRAKE
2,0.0,0.0,BRAKE
2,0.0,0.0,BRAKE
2,0.0,0.0,BRAKE
2,0.0,0.0,BRAKE
2,0.0,0.0,BRAKE
2,0.0,0.0,BRAKE
2,0.0,0.0,BRAKE
2,0.0,0.0,BRAKE
2,0.0,0.0,BRAKE
2,0.0,0.0,BRAKE
2,0.0,0.0,BRAKE
2,0.0,0.0,BRAKE
2,0.0,0.0,BRAKE
7,0.0,0.0,BRAKE
2,0.0,0.0,BRAKE
2,0.0,0.0,BRAKE
2,0.0,0.0,BRAKE
2,0.0,0.0,BRAKE
2,0.0,0.0,BRAKE
2,0.0,0.0,BRAKE
2,0.0,0.0,BRAKE
2,0.0,0.0,BRAKE
2,0.0,0.0,BRAKE
2,0.0,0.0,BRAKE
7,0.0,0.0,BRAKE
2,0.0,0.0,BRAKE
7,0.0,0.0,BRAKE
7,0.0,0.0,BRAKE
2,0.0,0.0,BRAKE
2,0.0,0.0,BRAKE
2,0.0,0.0,BRAKE
2,0.0,0.0,BRAKE
7,0.0,0.0,BRAKE
7,0.0,0.0,BRAKE
7,0.0,0.0,BRAKE
2,0.0,0.0,BRAKE
2,0.0,0.0,BRAKE
2,0.0,0.0,BRAKE
2,0.0,0.0,BRAKE
7,0.0,0.0,BRAKE
2,0.0,0.0,BRAKE
2,0.0,0.0,BRAKE
2,0.0,0.0,BRAKE
7,0.0,0.0,BRAKE
7,0.0,0.0,BRAKE
2,0.0,0.0,BRAKE
2,0.0,0.0,BRAKE
7,0.0,0.0,BRAKE
2,0.0,0.0,BRAKE
7,0.0,0.0,BRAKE
7,0.0,0.0,BRAKE
7,0.0,0.0,BRAKE
7,0.0,0.0,BRAKE
7,0.0,0.0,BRAKE
2,0.0,0.0,BRAKE
7,0.0,0.0,BRAKE
2,0.0,0.0,BRAKE
2,0.0,0.0,BRAKE
2,0.0,0.0,BRAKE
7,0.0,0.0,BRAKE
2,0.0,0.0,BRAKE
7,0.0,0.0,BRAKE
2,0.0,0.0,BRAKE
2,0.0,0.0,BRAKE
2,0.0,0.0,BRAKE
2,0.0,0.0,BRAKE
2,0.0,0.0,BRAKE
2,0.0,0.0,BRAKE
2,0.0,0.0,BRAKE
7,0.0,0.0,BRAKE
2,0.0,0.0,BRAKE
7,0.0,0.0,BRAKE
2,0.0,0.0,BRAKE
7,0.0,0.0,BRAKE
7,0.0,0.0,BRAKE
7,0.0,0.0,BRAKE
7,0.0,0.0,BRAKE
2,0.0,0.0,BRAKE
7,0.0,0.0,BRAKE
2,0.0,0.0,BRAKE
2,0.0,0.0,BRAKE
2,0.0,0.0,BRAKE
2,0.0,0.0,BRAKE
7,0.0,0.0,BRAKE
7,0.0,0.0,BRAKE
7,0.0,0.0,BRAKE
2,0.0,0.0,BRAKE
2,0.0,0.0,BRAKE
7,0.0,0.0,BRAKE
7,0.0,0.0,BRAKE
7,0.0,0.0,BRAKE
7,0.0,0.0,BRAKE
2,0.0,0.0,BRAKE
7,0.0,0.0,BRAKE
7,0.0,0.0,BRAKE
7,0.0,0.0,BRAKE
7,0.0,0.0,BRAKE
7,0.0,0.0,BRAKE
7,0.0,0.0,BRAKE
2,0.0,0.0,BRAKE
7,0.0,0.0,BRAKE
2,0.0,0.0,BRAKE
7,0.0,0.0,BRAKE
7,0.0,0.0,BRAKE
7,0.0,0.0,BRAKE
7,0.0,0.0,BRAKE
7,0.0,0.0,BRAKE
2,0.0,0.0,BRAKE
7,0.0,0.0,BRAKE
7,0.0,0.0,BRAKE
2,0.0,0.0,BRAKE
2,0.0,0.0,BRAKE
2,0.0,0.0,BRAKE
2,0.0,0.0,BRAKE
2,0.0,0.0,BRAKE
7,0.0,0.0,BRAKE
7,0.0,0.0,BRAKE
2,0.0,0.0,BRAKE
2,0.0,0.0,BRAKE
2,0.0,0.0,BRAKE
2,0.0,0.0,BRAKE
7,0.0,0.0,BRAKE
7,0.0,0.0,BRAKE
2,0.0,0.0,BRAKE
7,0.0,0.0,BRAKE
7,0.0,0.0,BRAKE
2,0.0,0.0,BRAKE
2,0.0,0.0,BRAKE
7,0.0,0.0,BRAKE
2,0.0,0.0,BRAKE
7,0.0,0.0,BRAKE
7,0.0,0.0,BRAKE
7,0.0,0.0,BRAKE
7,0.0,0.0,BRAKE
2,0.0,0.0,BRAKE
2,0.0,0.0,BRAKE
2,0.0,0.0,BRAKE
2,0.0,0.0,BRAKE
2,0.0,0.0,BRAKE
2,0.0,0.0,BRAKE
2,0.0,0.0,BRAKE
2,0.0,0.0,BRAKE
2,0.0,0.0,BRAKE
2,0.0,0.0,BRAKE
7,0.0,0.0,BRAKE
2,0.0,0.0,BRAKE
2,0.0,0.0,BRAKE
2,0.0,0.0,BRAKE
2,0.0,0.0,BRAKE
2,0.0,0.0,BRAKE
2,0.0,0.0,BRAKE
2,0.0,0.0,BRAKE
2,0.0,0.0,BRAKE
2,0.0,0.0,BRAKE
2,0.0,0.0,BRAKE
2,0.0,0.0,BRAKE
2,0.0,0.0,BRAKE
2,0.0,0.0,BRAKE
2,0.0,0.0,BRAKE
2,0.0,0.0,BRAKE
2,0.0,0.0,BRAKE
2,0.0,0.0,BRAKE
2,0.0,0.0,BRAKE
2,0.0,0.0,BRAKE
7,0.0,0.0,BRAKE
2,0.0,0.0,BRAKE
7,0.0,0.0,BRAKE
7,0.0,0.0,BRAKE
7,0.0,0.0,BRAKE
7,0.0,0.0,BRAKE
7,0.0,0.0,BRAKE
7,0.0,0.0,BRAKE
7,0.0,0.0,BRAKE
2,0.0,0.0,BRAKE
7,0.0,0.0,BRAKE
7,0.0,0.0,BRAKE
2,0.0,0.0,BRAKE
7,0.0,0.0,BRAKE
2,0.0,0.0,BRAKE
2,0.0,0.0,BRAKE
7,0.0,0.0,BRAKE
7,0.0,0.0,BRAKE
7,0.0,0.0,BRAKE
7,0.0,0.0,BRAKE
7,0.0,0.0,BRAKE
7,0.0,0.0,BRAKE
7,0.0,0.0,BRAKE
7,0.0,0.0,BRAKE
7,0.0,0.0,BRAKE
7,0.0,0.0,BRAKE
7,0.0,0.0,BRAKE
7,0.0,0.0,BRAKE
7,0.0,0.0,BRAKE
7,0.0,0.0,BRAKE
7,0.0,0.0,BRAKE
2,0.0,0.0,BRAKE
7,0.0,0.0,BRAKE
7,0.0,0.0,BRAKE
7,0.0,0.0,BRAKE
7,0.0,0.0,BRAKE
7,0.0,0.0,BRAKE
7,0.0,0.0,BRAKE
7,0.0,0.0,BRAKE
7,0.0,0.0,BRAKE
7,0.0,0.0,BRAKE
7,0.0,0.0,BRAKE
7,0.0,0.0,BRAKE
7,0.0,0.0,BRAKE
7,0.0,0.0,BRAKE
7,0.0,0.0,BRAKE
7,0.0,0.0,BRAKE
2,0.0,0.0,BRAKE
2,0.0,0.0,BRAKE
7,0.0,0.0,BRAKE
7,0.0,0.0,BRAKE
7,0.0,0.0,BRAKE
2,0.0,0.0,BRAKE
7,0.0,0.0,BRAKE
7,0.0,0.0,BRAKE
2,0.0,0.0,BRAKE
7,0.0,0.0,BRAKE
2,0.0,0.0,BRAKE
7,0.0,0.0,BRAKE
7,0.0,0.0,BRAKE
7,0.0,0.0,BRAKE
7,0.0,0.0,BRAKE
7,0.0,0.0,BRAKE
7,0.0,0.0,BRAKE
7,0.0,0.0,BRAKE
7,0.0,0.0,BRAKE
7,0.0,0.0,BRAKE
2,0.0,0.0,BRAKE
2,0.0,0.0,BRAKE
2,0.0,0.0,BRAKE
2,0.0,0.0,BRAKE
2,0.0,0.0,BRAKE
2,0.0,0.0,BRAKE
2,0.0,0.0,BRAKE
2,0.0,0.0,BRAKE
2,0.0,0.0,BRAKE
2,0.0,0.0,BRAKE
2,0.0,0.0,BRAKE
2,0.0,0.0,BRAKE
2,0.0,0.0,BRAKE
2,0.0,0.0,BRAKE
2,0.0,0.0,BRAKE
2,0.0,0.0,BRAKE
2,0.0,0.0,BRAKE
2,0.0,0.0,BRAKE
2,0.0,0.0,BRAKE
2,0.0,0.0,BRAKE
2,0.0,0.0,BRAKE
2,0.0,0.0,BRAKE
2,0.0,0.0,BRAKE
2,0.0,0.0,BRAKE
2,0.0,0.0,BRAKE
2,0.0,0.0,BRAKE
2,0.0,0.0,BRAKE
2,0.0,0.0,BRAKE
2,0.0,0.0,BRAKE
7,0.0,0.0,BRAKE
2,0.0,0.0,BRAKE
7,0.0,0.0,BRAKE
7,0.0,0.0,BRAKE
2,0.0,0.0,BRAKE
7,0.0,0.0,BRAKE
2,0.0,0.0,BRAKE
2,0.0,0.0,BRAKE
2,0.0,0.0,BRAKE
7,0.0,0.0,BRAKE
7,0.0,0.0,BRAKE
2,0.0,0.0,BRAKE
7,0.0,0.0,BRAKE
2,0.0,0.0,BRAKE
7,0.0,0.0,BRAKE
2,0.0,0.0,BRAKE
2,0.0,0.0,BRAKE
2,0.0,0.0,BRAKE
2,0.0,0.0,BRAKE
7,0.0,0.0,BRAKE
7,0.0,0.0,BRAKE
2,0.0,0.0,BRAKE
7,0.0,0.0,BRAKE
2,0.0,0.0,BRAKE
7,0.0,0.0,BRAKE
7,0.0,0.0,BRAKE
7,0.0,0.0,BRAKE
2,0.0,0.0,BRAKE
2,0.0,0.0,BRAKE
2,0.0,0.0,BRAKE
2,0.0,0.0,BRAKE
2,0.0,0.0,BRAKE
2,0.0,0.0,BRAKE
2,0.0,0.0,BRAKE
2,0.0,0.0,BRAKE
7,0.0,0.0,BRAKE
7,0.0,0.0,BRAKE
7,0.0,0.0,BRAKE
2,0.0,0.0,BRAKE
7,0.0,0.0,BRAKE
7,0.0,0.0,BRAKE
2,0.0,0.0,BRAKE
2,0.0,0.0,BRAKE
2,0.0,0.0,BRAKE
2,0.0,0.0,BRAKE
2,0.0,0.0,BRAKE
2,0.0,0.0,BRAKE
2,0.0,0.0,BRAKE
2,0.0,0.0,BRAKE
7,0.0,0.0,BRAKE
2,0.0,0.0,BRAKE
2,0.0,0.0,BRAKE
2,0.0,0.0,BRAKE
2,0.0,0.0,BRAKE
2,0.0,0.0,BRAKE
2,0.0,0.0,BRAKE
2,0.0,0.0,BRAKE
2,0.0,0.0,BRAKE
2,0.0,0.0,BRAKE
7,0.0,0.0,BRAKE
2,0.0,0.0,BRAKE
2,0.0,0.0,BRAKE
2,0.0,0.0,BRAKE
2,0.0,0.0,BRAKE
2,0.0,0.0,BRAKE
2,0.0,0.0,BRAKE
2,0.0,0.0,BRAKE
2,0.0,0.0,BRAKE
2,0.0,0.0,BRAKE
2,0.0,0.0,BRAKE
2,0.0,0.0,BRAKE
2,0.0,0.0,BRAKE
2,0.0,0.0,BRAKE
2,0.0,0.0,BRAKE
2,0.0,0.0,BRAKE
2,0.0,0.0,BRAKE
2,0.0,0.0,BRAKE
2,0.0,0.0,BRAKE
2,0.0,0.0,BRAKE
2,0.0,0.0,BRAKE
7,0.0,0.0,BRAKE
7,0.0,0.0,BRAKE
7,0.0,0.0,BRAKE
7,0.0,0.0,BRAKE
7,0.0,0.0,BRAKE
7,0.0,0.0,BRAKE
2,0.0,0.0,BRAKE
2,0.0,0.0,BRAKE
2,0.0,0.0,BRAKE
2,0.0,0.0,BRAKE
2,0.0,0.0,BRAKE
2,0.0,0.0,BRAKE
2,0.0,0.0,BRAKE
2,0.0,0.0,BRAKE
2,0.0,0.0,BRAKE
2,0.0,0.0,BRAKE
2,0.0,0.0,BRAKE
7,0.0,0.0,BRAKE
2,0.0,0.0,BRAKE
2,0.0,0.0,BRAKE
2,0.0,0.0,BRAKE
7,0.0,0.0,BRAKE
2,0.0,0.0,BRAKE
2,0.0,0.0,BRAKE
2,0.0,0.0,BRAKE
2,0.0,0.0,BRAKE
2,0.0,0.0,BRAKE
2,0.0,0.0,BRAKE
2,0.0,0.0,BRAKE
2,0.0,0.0,BRAKE
2,0.0,0.0,BRAKE
2,0.0,0.0,BRAKE
2,0.0,0.0,BRAKE
2,0.0,0.0,BRAKE
2,0.0,0.0,BRAKE
2,0.0,0.0,BRAKE
2,0.0,0.0,BRAKE
2,0.0,0.0,BRAKE
2,0.0,0.0,BRAKE
2,0.0,0.0,BRAKE
2,0.0,0.0,BRAKE
2,0.0,0.0,BRAKE
2,0.0,0.0,BRAKE
2,0.0,0.0,BRAKE
2,0.0,0.0,BRAKE
2,0.0,0.0,BRAKE
2,0.0,0.0,BRAKE
2,0.0,0.0,BRAKE
2,0.0,0.0,BRAKE
2,0.0,0.0,BRAKE
2,0.0,0.0,BRAKE
2,0.0,0.0,BRAKE
2,0.0,0.0,BRAKE
2,0.0,0.0,BRAKE
2,0.0,0.0,BRAKE
2,0.0,0.0,BRAKE
2,0.0,0.0,BRAKE
2,0.0,0.0,BRAKE
2,0.0,0.0,BRAKE
2,0.0,0.0,BRAKE
2,0.0,0.0,BRAKE
2,0.0,0.0,BRAKE
2,0.0,0.0,BRAKE
2,0.0,0.0,BRAKE
2,0.0,0.0,BRAKE
2,0.0,0.0,BRAKE
2,0.0,0.0,BRAKE
2,0.0,0.0,BRAKE
2,0.0,0.0,BRAKE
2,0.0,0.0,BRAKE
2,0.0,0.0,BRAKE
2,0.0,0.0,BRAKE
2,0.0,0.0,BRAKE
2,0.0,0.0,BRAKE
2,0.0,0.0,BRAKE
2,0.0,0.0,BRAKE
2,0.0,0.0,BRAKE
2,0.0,0.0,BRAKE
2,0.0,0.0,BRAKE
2,0.0,0.0,BRAKE
2,0.0,0.0,BRAKE
2,0.0,0.0,BRAKE
2,0.0,0.0,BRAKE
2,0.0,0.0,BRAKE
2,0.0,0.0,BRAKE
2,0.0,0.0,BRAKE
7,0.0,0.0,BRAKE
7,0.0,0.0,BRAKE
7,0.0,0.0,BRAKE
7,0.0,0.0,BRAKE
2,0.0,0.0,BRAKE
2,0.0,0.0,BRAKE
7,0.0,0.0,BRAKE
2,0.0,0.0,BRAKE
7,0.0,0.0,BRAKE
2,0.0,0.0,BRAKE
7,0.0,0.0,BRAKE
2,0.0,0.0,BRAKE
2,0.0,0.0,BRAKE
2,0.0,0.0,BRAKE
7,0.0,0.0,BRAKE
7,0.0,0.0,BRAKE
2,0.0,0.0,BRAKE
2,0.0,0.0,BRAKE
2,0.0,0.0,BRAKE
2,0.0,0.0,BRAKE
2,0.0,0.0,BRAKE
7,0.0,0.0,BRAKE
7,0.0,0.0,BRAKE
7,0.0,0.0,BRAKE
7,0.0,0.0,BRAKE
8,0.0,0.0,BRAKE
8,0.0,0.0,BRAKE
8,0.0,0.0,BRAKE
7,0.0,0.0,BRAKE
7,0.0,0.0,BRAKE
7,0.0,0.0,BRAKE
7,0.0,0.0,BRAKE
7,0.0,0.0,BRAKE
7,0.0,0.0,BRAKE
7,0.0,0.0,BRAKE
7,0.0,0.0,BRAKE
8,0.0,0.0,BRAKE
7,0.0,0.0,BRAKE
8,0.0,0.0,BRAKE
0,0.0,0.0,BRAKE
7,0.0,0.0,BRAKE
7,0.0,0.0,BRAKE
7,0.0,0.0,BRAKE
7,0.0,0.0,BRAKE
7,0.0,0.0,BRAKE
7,0.0,0.0,BRAKE
7,0.0,0.0,BRAKE
7,0.0,0.0,BRAKE
7,0.0,0.0,BRAKE
7,0.0,0.0,BRAKE
7,0.0,0.0,BRAKE
7,0.0,0.0,BRAKE
7,0.0,0.0,BRAKE
7,0.0,0.0,BRAKE
7,0.0,0.0,BRAKE
7,0.0,0.0,BRAKE
7,0.0,0.0,BRAKE
7,0.0,0.0,BRAKE
7,0.0,0.0,BRAKE
7,0.0,0.0,BRAKE
7,0.0,0.0,BRAKE
7,0.0,0.0,BRAKE
7,0.0,0.0,BRAKE
7,0.0,0.0,BRAKE
7,0.0,0.0,BRAKE
7,0.0,0.0,BRAKE
7,0.0,0.0,BRAKE
7,0.0,0.0,BRAKE
7,0.0,0.0,BRAKE
7,0.0,0.0,BRAKE
7,0.0,0.0,BRAKE
7,0.0,0.0,BRAKE
7,0.0,0.0,BRAKE
7,0.0,0.0,BRAKE
7,0.0,0.0,BRAKE
7,0.0,0.0,BRAKE
7,0.0,0.0,BRAKE
7,0.0,0.0,BRAKE
7,0.0,0.0,BRAKE
7,0.0,0.0,BRAKE
7,0.0,0.0,BRAKE
7,0.0,0.0,BRAKE
7,0.0,0.0,BRAKE
7,0.0,0.0,BRAKE
7,0.0,0.0,BRAKE
7,0.0,0.0,BRAKE
7,0.0,0.0,BRAKE
7,0.0,0.0,BRAKE
7,0.0,0.0,BRAKE
7,0.0,0.0,BRAKE
7,0.0,0.0,BRAKE
7,0.0,0.0,BRAKE
7,0.0,0.0,BRAKE
7,0.0,0.0,BRAKE
7,0.0,0.0,BRAKE
7,0.0,0.0,BRAKE
7,0.0,0.0,BRAKE
7,0.0,0.0,BRAKE
7,0.0,0.0,BRAKE
7,0.0,0.0,BRAKE
7,0.0,0.0,BRAKE
8,0.0,0.0,BRAKE
8,0.0,0.0,BRAKE
8,0.0,0.0,BRAKE
8,0.0,0.0,BRAKE
8,0.0,0.0,BRAKE
8,0.0,0.0,BRAKE
8,0.0,0.0,BRAKE
8,0.0,0.0,BRAKE
7,0.0,0.0,BRAKE
7,0.0,0.0,BRAKE
8,0.0,0.0,BRAKE
7,0.0,0.0,BRAKE
7,0.0,0.0,BRAKE
7,0.0,0.0,BRAKE
8,0.0,0.0,BRAKE
8,0.0,0.0,BRAKE
8,0.0,0.0,BRAKE
7,0.0,0.0,BRAKE
7,0.0,0.0,BRAKE
7,0.0,0.0,BRAKE
7,0.0,0.0,BRAKE
7,0.0,0.0,BRAKE
7,0.0,0.0,BRAKE
7,0.0,0.0,BRAKE
7,0.0,0.0,BRAKE
7,0.0,0.0,BRAKE
8,0.0,0.0,BRAKE
8,0.0,0.0,BRAKE
7,0.0,0.0,BRAKE
7,0.0,0.0,BRAKE
8,0.0,0.0,BRAKE
8,0.0,0.0,BRAKE
7,0.0,0.0,BRAKE
8,0.0,0.0,BRAKE
8,0.0,0.0,BRAKE
8,0.0,0.0,BRAKE
7,0.0,0.0,BRAKE
7,0.0,0.0,BRAKE
7,0.0,0.0,BRAKE
7,0.0,0.0,BRAKE
7,0.0,0.0,BRAKE
0,0.0,0.0,BRAKE
0,0.0,0.0,BRAKE
0,0.0,0.0,BRAKE
0,0.0,0.0,BRAKE
0,0.0,0.0,BRAKE
0,0.0,0.0,BRAKE
0,0.0,0.0,BRAKE
7,0.0,0.0,BRAKE
7,0.0,0.0,BRAKE
8,0.0,0.0,BRAKE
8,0.0,0.0,BRAKE
8,0.0,0.0,BRAKE
7,0.0,0.0,BRAKE
8,0.0,0.0,BRAKE
8,0.0,0.0,BRAKE
2,0.0,0.0,BRAKE
2,0.0,0.0,BRAKE
2,0.0,0.0,BRAKE
2,0.0,0.0,BRAKE
2,0.0,0.0,BRAKE
2,0.0,0.0,BRAKE
2,0.0,0.0,BRAKE
2,0.0,0.0,BRAKE
2,0.0,0.0,BRAKE
2,0.0,0.0,BRAKE
2,0.0,0.0,BRAKE
2,0.0,0.0,BRAKE
2,0.0,0.0,BRAKE
2,0.0,0.0,BRAKE
2,0.0,0.0,BRAKE
2,0.0,0.0,BRAKE
1,0.0,0.0,BRAKE
2,0.0,0.0,BRAKE
2,0.0,0.0,BRAKE
2,0.0,0.0,BRAKE
2,0.0,0.0,BRAKE
2,0.0,0.0,BRAKE
2,0.0,0.0,BRAKE
2,0.0,0.0,BRAKE
2,0.0,0.0,BRAKE
0,0.0,0.0,BRAKE
2,0.0,0.0,BRAKE
2,0.0,0.0,BRAKE
2,0.0,0.0,BRAKE
3,0.0,0.0,BRAKE
2,0.6,0.29043369583968137,CLEAR
0,0.6,0.5818900455379532,CLEAR
0,0.6,0.5818900455379532,CLEAR
0,0.041902208328247044,0.5818900455379532,CLEAR
0,0.0,0.0,BRAKE
3,0.0,0.0,BRAKE
2,0.0,0.0,BRAKE
3,0.0,0.0,BRAKE
1,0.0,0.0,BRAKE
1,0.0,0.0,BRAKE
1,0.0,0.0,BRAKE
1,0.0,0.0,BRAKE
1,0.0,0.0,BRAKE
1,0.0,0.0,BRAKE
2,0.0,0.0,BRAKE
0,0.0,0.0,BRAKE
4,0.0,0.0,BRAKE
4,0.2760491132736206,-0.0,CLEAR
3,0.0,0.0,BRAKE
3,0.20350263118743897,0.14521684791984069,CLEAR
3,0.0,0.0,BRAKE
3,0.0,0.0,BRAKE
4,0.0,0.0,BRAKE
4,0.0,0.0,BRAKE
4,0.17801496478873238,-0.0,CLEAR
4,0.15853873239436625,-0.0,CLEAR
4,0.24959883689880372,-0.0,CLEAR
4,0.1273987676056338,-0.0,CLEAR
4,0.0662191901408451,-0.0,CLEAR
5,0.23424295774647885,-0.14521684791984069,CLEAR
5,0.2766703605651855,-0.14521684791984069,CLEAR
4,0.20068221830985922,-0.0,CLEAR
4,0.0644586267605634,-0.0,CLEAR
4,0.1214568661971831,-0.0,CLEAR
4,0.19187940140845072,-0.0,CLEAR
4,0.16789172535211266,-0.0,CLEAR
4,0.201012323943662,-0.0,CLEAR
4,0.22797095070422535,-0.0,CLEAR
4,0.21014524647887325,-0.0,CLEAR
2,0.21179577464788737,0.29043369583968137,CLEAR
4,0.20002200704225354,-0.0,CLEAR
4,0.2383142605633803,-0.0,CLEAR
4,0.22907130281690144,-0.0,CLEAR
4,0.22367787361145017,-0.0,CLEAR
4,0.15017605633802814,-0.0,CLEAR
4,0.19297975352112676,-0.0,CLEAR
4,0.158318661971831,-0.0,CLEAR
4,0.12332746478873241,-0.0,CLEAR
4,0.18483714788732392,-0.0,CLEAR
4,0.2751760563380282,-0.0,CLEAR
4,0.3685234308242798,-0.0,CLEAR
4,0.3104313611984253,-0.0,CLEAR
5,0.31462402343749996,-0.14521684791984069,CLEAR
5,0.3628119707107544,-0.14521684791984069,CLEAR
5,0.31580040454864494,-0.14521684791984069,CLEAR
5,0.4020169377326965,-0.14521684791984069,CLEAR
5,0.4098193287849426,-0.14521684791984069,CLEAR
5,0.4118163704872131,-0.14521684791984069,CLEAR
5,0.4106466889381409,-0.14521684791984069,CLEAR
4,0.3184585809707641,-0.0,CLEAR
4,0.3231153964996337,-0.0,CLEAR
5,0.4144092202186585,-0.14521684791984069,CLEAR
4,0.3724210500717163,-0.0,CLEAR
4,0.4107394366197183,-0.0,CLEAR
4,0.35539172535211266,-0.0,CLEAR
4,0.33679577464788735,-0.0,CLEAR
4,0.35737235915492954,-0.0,CLEAR
4,0.33580545774647885,-0.0,CLEAR
4,0.2770466549295775,-0.0,CLEAR
4,0.19694102112676062,-0.0,CLEAR
4,0.0662191901408451,-0.0,CLEAR
4,0.06434859154929584,-0.0,CLEAR
4,0.11881602112676054,-0.0,CLEAR
4,0.1214568661971831,-0.0,CLEAR
4,0.10836267605633805,-0.0,CLEAR
4,0.15523767605633804,-0.0,CLEAR
4,0.209375,-0.0,CLEAR
4,0.21542693661971835,-0.0,CLEAR
4,0.15743838028169016,-0.0,CLEAR
4,0.1525968309859155,-0.0,CLEAR
4,0.1914392605633803,-0.0,CLEAR
4,0.21212588028169013,-0.0,CLEAR
4,0.22345950704225354,-0.0,CLEAR
4,0.15908890845070425,-0.0,CLEAR
4,0.17306338028169022,-0.0,CLEAR
4,0.177574823943662,-0.0,CLEAR
4,0.17823503521126763,-0.0,CLEAR
4,0.22224911971830988,-0.0,CLEAR
4,0.24799735915492963,-0.0,CLEAR
4,0.21828785211267612,-0.0,CLEAR
4,0.1796654929577465,-0.0,CLEAR
4,0.3139084507042254,-0.0,CLEAR
4,0.17878521126760566,-0.0,CLEAR
4,0.23127200704225348,-0.0,CLEAR
4,0.2386443661971831,-0.0,CLEAR
4,0.25713028169014085,-0.0,CLEAR
4,0.35396126760563384,-0.0,CLEAR
4,0.22301936619718313,-0.0,CLEAR
4,0.36628521126760566,-0.0,CLEAR
4,0.3403169014084507,-0.0,CLEAR
4,0.3751750469207764,-0.0,CLEAR
4,0.29652288732394366,-0.0,CLEAR
4,0.19253961267605638,-0.0,CLEAR
4,0.27290060520172116,-0.0,CLEAR
4,0.08294454225352117,-0.0,CLEAR
4,0.13290052816901413,-0.0,CLEAR
4,0.07568221830985912,-0.0,CLEAR
4,0.08866637323943662,-0.0,CLEAR
4,0.09394806338028172,-0.0,CLEAR
4,0.07106073943661977,-0.0,CLEAR
4,0.14522447183098597,-0.0,CLEAR
4,0.13455105633802822,-0.0,CLEAR
4,0.09922975352112674,-0.0,CLEAR
4,0.05312500000000004,-0.0,CLEAR
4,0.036509683098591594,-0.0,CLEAR
4,0.03838028169014085,-0.0,CLEAR
4,0.0031690140845070046,-0.0,CLEAR
4,0.0612676056338028,-0.0,CLEAR
4,0.09680897887323951,-0.0,CLEAR
4,0.04058098591549297,-0.0,CLEAR
4,0.0,0.0,BRAKE
4,0.0,0.0,BRAKE
4,0.0,0.0,BRAKE
4,0.010101232394366177,-0.0,CLEAR
4,0.024515845070422503,-0.0,CLEAR
4,0.06566901408450705,-0.0,CLEAR
4,0.02418573943661977,-0.0,CLEAR
4,0.031998239436619724,-0.0,CLEAR
4,0.02627640845070427,-0.0,CLEAR
4,0.014282570422535244,-0.0,CLEAR
4,0.09669894366197189,-0.0,CLEAR
4,0.14588468309859162,-0.0,CLEAR
4,0.20255281690140847,-0.0,CLEAR
4,0.21300616197183103,-0.0,CLEAR
4,0.15567781690140847,-0.0,CLEAR
4,0.2128961267605634,-0.0,CLEAR
4,0.04047095070422535,-0.0,CLEAR
4,0.18868838028169013,-0.0,CLEAR
4,0.1885783450704225,-0.0,CLEAR
4,0.15666813380281688,-0.0,CLEAR
4,0.12871919014084512,-0.0,CLEAR
4,0.11925616197183103,-0.0,CLEAR
4,0.1068221830985916,-0.0,CLEAR
4,0.16492077464788737,-0.0,CLEAR
4,0.09251760563380289,-0.0,CLEAR
4,0.07942341549295777,-0.0,CLEAR
4,0.006029929577464799,-0.0,CLEAR
4,0.20607394366197188,-0.0,CLEAR
4,0.09438820422535214,-0.0,CLEAR
4,0.11914612676056341,-0.0,CLEAR
4,0.18098591549295778,-0.0,CLEAR
4,0.2254401408450704,-0.0,CLEAR
4,0.09944982394366199,-0.0,CLEAR
3,0.08481514084507043,0.14521684791984069,CLEAR
3,0.2436179161071777,0.14521684791984069,CLEAR
3,0.14357394366197188,0.14521684791984069,CLEAR
3,0.22491755485534665,0.14521684791984069,CLEAR
3,0.25221314430236813,0.14521684791984069,CLEAR
3,0.16855193661971835,0.14521684791984069,CLEAR
0,0.0,0.0,BRAKE
3,0.2974826097488403,0.14521684791984069,CLEAR
3,0.2570276021957397,0.14521684791984069,CLEAR
3,0.023363876342773458,0.14521684791984069,CLEAR
3,0.22286038398742675,0.14521684791984069,CLEAR
3,0.1994718309859155,0.14521684791984069,CLEAR
3,0.1843970070422535,0.14521684791984069,CLEAR
3,0.13972271126760563,0.14521684791984069,CLEAR
3,0.10022007042253522,0.14521684791984069,CLEAR
3,0.08536531690140847,0.14521684791984069,CLEAR
3,0.09658890845070427,0.14521684791984069,CLEAR
3,0.09152728873239442,0.14521684791984069,CLEAR
3,0.04850352112676055,0.14521684791984069,CLEAR
3,0.05158450704225359,0.14521684791984069,CLEAR
3,0.07447183098591555,0.14521684791984069,CLEAR
3,0.08569542253521134,0.14521684791984069,CLEAR
3,0.0007482394366197686,0.14521684791984069,CLEAR
3,0.011091549295774716,0.14521684791984069,CLEAR
3,0.0,0.0,BRAKE
3,0.0,0.0,BRAKE
3,0.010431338028169045,0.14521684791984069,CLEAR
4,0.0,0.0,BRAKE
4,0.0,0.0,BRAKE
4,0.0,0.0,BRAKE
4,0.0,0.0,BRAKE
3,0.0,0.0,BRAKE
3,0.0014084507042253724,0.14521684791984069,CLEAR
4,0.0,0.0,BRAKE
4,0.06357834507042255,-0.0,CLEAR
4,0.0,0.0,BRAKE
4,0.0,0.0,BRAKE
4,0.0,0.0,BRAKE
4,0.0,0.0,BRAKE
4,0.0,0.0,BRAKE
4,0.0,0.0,BRAKE
4,0.0,0.0,BRAKE
4,0.005809859154929553,-0.0,CLEAR
4,0.0,0.0,BRAKE
4,0.0017385563380281743,-0.0,CLEAR
4,0.0,0.0,BRAKE
4,0.0,0.0,BRAKE
4,0.016373239436619745,-0.0,CLEAR
4,0.038160211267605666,-0.0,CLEAR
4,0.038600352112676095,-0.0,CLEAR
4,0.021434859154929597,-0.0,CLEAR
4,0.03761003521126762,-0.0,CLEAR
4,0.041021126760563395,-0.0,CLEAR
4,0.027376760563380297,-0.0,CLEAR
4,0.04399207746478875,-0.0,CLEAR
4,0.033978873239436665,-0.0,CLEAR
4,0.03232834507042259,-0.0,CLEAR
4,0.038160211267605666,-0.0,CLEAR
4,0.0042693661971831,-0.0,CLEAR
4,0.00911091549295777,-0.0,CLEAR
4,0.06313820422535212,-0.0,CLEAR
4,0.0683098591549296,-0.0,CLEAR
4,0.041681338028169,-0.0,CLEAR
4,0.028587147887324013,-0.0,CLEAR
4,0.0,0.0,BRAKE
4,0.05510563380281692,-0.0,CLEAR
4,0.029907570422535223,-0.0,CLEAR
4,0.0,0.0,BRAKE
4,0.0,0.0,BRAKE
4,0.025836267605633845,-0.0,CLEAR
4,0.0,0.0,BRAKE
4,0.0,0.0,BRAKE
4,0.05642605633802813,-0.0,CLEAR
4,0.039370598591549254,-0.0,CLEAR
4,0.13972271126760563,-0.0,CLEAR
4,0.2914612676056338,-0.0,CLEAR
4,0.2840889084507043,-0.0,CLEAR
4,0.14588468309859162,-0.0,CLEAR
4,0.1911091549295775,-0.0,CLEAR
4,0.1294894366197183,-0.0,CLEAR
4,0.14709507042253522,-0.0,CLEAR
4,0.10594190140845074,-0.0,CLEAR
4,0.12134683098591553,-0.0,CLEAR
4,0.143243838028169,-0.0,CLEAR
4,0.06952024647887324,-0.0,CLEAR
4,0.07194102112676055,-0.0,CLEAR
4,0.026936619718309872,-0.0,CLEAR
4,0.092737676056338,-0.0,CLEAR
4,0.033648767605633796,-0.0,CLEAR
4,0.04498239436619722,-0.0,CLEAR
4,0.059066901408450743,-0.0,CLEAR
4,0.027266725352112674,-0.0,CLEAR
4,0.00911091549295777,-0.0,CLEAR
4,0.011421654929577517,-0.0,CLEAR
4,0.033318661971831,-0.0,CLEAR
4,0.053455105633802846,-0.0,CLEAR
4,0.1469850352112676,-0.0,CLEAR
4,0.18186619718309863,-0.0,CLEAR
4,0.08250440140845074,-0.0,CLEAR
4,0.16954225352112676,-0.0,CLEAR
4,0.050484154929577495,-0.0,CLEAR
4,0.0812940140845071,-0.0,CLEAR
4,0.06456866197183102,-0.0,CLEAR
4,0.05653609154929575,-0.0,CLEAR
4,0.13851232394366197,-0.0,CLEAR
4,0.11177376760563389,-0.0,CLEAR
4,0.1436839788732395,-0.0,CLEAR
4,0.11771566901408452,-0.0,CLEAR
4,0.10616197183098593,-0.0,CLEAR
4,0.06148767605633804,-0.0,CLEAR
4,0.18604753521126763,-0.0,CLEAR
4,0.1384022887323944,-0.0,CLEAR
4,0.0437720070422535,-0.0,CLEAR
4,0.0,0.0,BRAKE
4,0.0,0.0,BRAKE
4,0.06148767605633804,-0.0,CLEAR
4,0.0,0.0,BRAKE
4,0.0,0.0,BRAKE
4,0.007460387323943629,-0.0,CLEAR
4,0.0,0.0,BRAKE
4,0.0,0.0,BRAKE
4,0.0,0.0,BRAKE
4,0.061597711267605666,-0.0,CLEAR
4,0.0,0.0,BRAKE
4,0.0,0.0,BRAKE
4,0.0,0.0,BRAKE
4,0.0,0.0,BRAKE
4,0.0,0.0,BRAKE
4,0.0,0.0,BRAKE
4,0.0,0.0,BRAKE
4,0.007350352112676139,-0.0,CLEAR
4,0.09570862676056342,-0.0,CLEAR
4,0.09658890845070427,-0.0,CLEAR
4,0.09900968309859164,-0.0,CLEAR
4,0.0906470070422535,-0.0,CLEAR
4,0.0917473591549296,-0.0,CLEAR
4,0.08415492957746475,-0.0,CLEAR
4,0.07491197183098597,-0.0,CLEAR
4,0.06808978873239442,-0.0,CLEAR
4,0.06324823943661974,-0.0,CLEAR
4,0.09130721830985918,-0.0,CLEAR
4,0.08668573943661974,-0.0,CLEAR
4,0.05147447183098597,-0.0,CLEAR
4,0.10253080985915497,-0.0,CLEAR
4,0.06500880281690137,-0.0,CLEAR
4,0.06170774647887329,-0.0,CLEAR
4,0.1039612676056338,-0.0,CLEAR
4,0.0784330985915493,-0.0,CLEAR
4,0.201012323943662,-0.0,CLEAR
4,0.07513204225352114,-0.0,CLEAR
4,0.10055017605633809,-0.0,CLEAR
4,0.06247799295774652,-0.0,CLEAR
4,0.0784330985915493,-0.0,CLEAR
4,0.09031690140845076,-0.0,CLEAR
4,0.09548855633802818,-0.0,CLEAR
4,0.08382482394366202,-0.0,CLEAR
4,0.07876320422535217,-0.0,CLEAR
4,0.0914172535211268,-0.0,CLEAR
4,0.10880281690140847,-0.0,CLEAR
4,0.13609154929577466,-0.0,CLEAR
4,0.12585827464788735,-0.0,CLEAR
4,0.12112676056338029,-0.0,CLEAR
4,0.15138644366197185,-0.0,CLEAR
4,0.1525968309859155,-0.0,CLEAR
4,0.06500880281690137,-0.0,CLEAR
4,0.06005721830985922,-0.0,CLEAR
4,0.073481514084507,-0.0,CLEAR
4,0.04410211267605637,-0.0,CLEAR
4,0.04366197183098588,-0.0,CLEAR
4,0.031998239436619724,-0.0,CLEAR
4,0.04894366197183104,-0.0,CLEAR
4,0.07150088028169012,-0.0,CLEAR
4,0.029687500000000044,-0.0,CLEAR
4,0.016703345070422548,-0.0,CLEAR
4,0.0016285211267605515,-0.0,CLEAR
4,0.004819542253521147,-0.0,CLEAR
4,0.04784330985915501,-0.0,CLEAR
4,0.009991197183098622,-0.0,CLEAR
4,0.006360035211267601,-0.0,CLEAR
4,0.0532350352112676,-0.0,CLEAR
4,0.019784330985915522,-0.0,CLEAR
4,0.031558098591549295,-0.0,CLEAR
4,0.039370598591549254,-0.0,CLEAR
4,0.030347711267605645,-0.0,CLEAR
4,0.012522007042253546,-0.0,CLEAR
4,0.020004401408450768,-0.0,CLEAR
4,0.04047095070422535,-0.0,CLEAR
4,0.05939700704225354,-0.0,CLEAR
4,0.08833626760563389,-0.0,CLEAR
4,0.03298855633802813,-0.0,CLEAR
4,0.10374119718309861,-0.0,CLEAR
4,0.08228433098591549,-0.0,CLEAR
4,0.047623239436619766,-0.0,CLEAR
4,0.03849031690140847,-0.0,CLEAR
4,0.0847051056338028,-0.0,CLEAR
4,0.06808978873239442,-0.0,CLEAR
4,0.06786971830985918,-0.0,CLEAR
4,0.07172095070422536,-0.0,CLEAR
4,0.08283450704225355,-0.0,CLEAR
4,0.058736795774647875,-0.0,CLEAR
4,0.055875880281690216,-0.0,CLEAR
4,0.08910651408450705,-0.0,CLEAR
4,0.11265404929577466,-0.0,CLEAR
4,0.11716549295774648,-0.0,CLEAR
4,0.15798855633802822,-0.0,CLEAR
4,0.15490757042253525,-0.0,CLEAR
4,0.12585827464788735,-0.0,CLEAR
4,0.19000880281690147,-0.0,CLEAR
4,0.19286971830985913,-0.0,CLEAR
4,0.17526408450704226,-0.0,CLEAR
4,0.17559419014084512,-0.0,CLEAR
4,0.13224031690140847,-0.0,CLEAR
4,0.15732834507042254,-0.0,CLEAR
4,0.16690140845070425,-0.0,CLEAR
4,0.146324823943662,-0.0,CLEAR
4,0.15237676056338026,-0.0,CLEAR
4,0.15875880281690138,-0.0,CLEAR
4,0.19121919014084504,-0.0,CLEAR
4,0.1721830985915493,-0.0,CLEAR
4,0.15116637323943666,-0.0,CLEAR
4,0.1578785211267606,-0.0,CLEAR
4,0.16448063380281697,-0.0,CLEAR
4,0.16272007042253525,-0.0,CLEAR
4,0.18329665492957747,-0.0,CLEAR
4,0.21168573943661975,-0.0,CLEAR
4,0.20024207746478873,-0.0,CLEAR
4,0.21960827464788735,-0.0,CLEAR
4,0.2212588028169014,-0.0,CLEAR
4,0.1854973591549296,-0.0,CLEAR
4,0.20035211267605635,-0.0,CLEAR
4,0.14236355633802816,-0.0,CLEAR
4,0.18274647887323942,-0.0,CLEAR
4,0.1651408450704225,-0.0,CLEAR
4,0.20354313380281688,-0.0,CLEAR
4,0.19936179577464788,-0.0,CLEAR
4,0.13829225352112678,-0.0,CLEAR
4,0.15688820422535213,-0.0,CLEAR
4,0.18241637323943663,-0.0,CLEAR
4,0.2212588028169014,-0.0,CLEAR
4,0.22742077464788735,-0.0,CLEAR
4,0.24447623239436622,-0.0,CLEAR
4,0.24612676056338031,-0.0,CLEAR
4,0.2354091167449951,-0.0,CLEAR
4,0.2302816901408451,-0.0,CLEAR
4,0.19617077464788735,-0.0,CLEAR
4,0.19969190140845075,-0.0,CLEAR
4,0.20409330985915491,-0.0,CLEAR
4,0.18395686619718313,-0.0,CLEAR
4,0.15765845070422535,-0.0,CLEAR
4,0.18494718309859154,-0.0,CLEAR
4,0.17240316901408453,-0.0,CLEAR
4,0.15952904929577466,-0.0,CLEAR
4,0.15490757042253525,-0.0,CLEAR
4,0.13455105633802822,-0.0,CLEAR
4,0.13180017605633804,-0.0,CLEAR
4,0.14643485915492954,-0.0,CLEAR
4,0.15281690140845075,-0.0,CLEAR
4,0.18098591549295778,-0.0,CLEAR
4,0.18483714788732392,-0.0,CLEAR
4,0.21619718309859162,-0.0,CLEAR
4,0.23996478873239435,-0.0,CLEAR
4,0.24304577464788735,-0.0,CLEAR
4,0.25680017605633804,-0.0,CLEAR
4,0.2705545774647887,-0.0,CLEAR
4,0.2527288732394366,-0.0,CLEAR
4,0.2898107394366197,-0.0,CLEAR
4,0.30257482394366203,-0.0,CLEAR
4,0.2861795774647888,-0.0,CLEAR
4,0.2834286971830986,-0.0,CLEAR
4,0.2822183098591549,-0.0,CLEAR
4,0.27484595070422535,-0.0,CLEAR
4,0.3065360915492958,-0.0,CLEAR
4,0.23246662616729735,-0.0,CLEAR
4,0.24033792018890382,-0.0,CLEAR
4,0.24996349811553953,-0.0,CLEAR
4,0.2765353202819824,-0.0,CLEAR
4,0.27858714788732397,-0.0,CLEAR
4,0.27049908638000486,-0.0,CLEAR
4,0.27561619718309865,-0.0,CLEAR
4,0.28027114868164066,-0.0,CLEAR
4,0.267693661971831,-0.0,CLEAR
4,0.3156690140845071,-0.0,CLEAR
4,0.31632922535211266,-0.0,CLEAR
4,0.24643726348876954,-0.0,CLEAR
4,0.24430780410766603,-0.0,CLEAR
4,0.2517216682434082,-0.0,CLEAR
4,0.2489898920059204,-0.0,CLEAR
4,0.3132564783096313,-0.0,CLEAR
4,0.2657102823257446,-0.0,CLEAR
4,0.2514364004135132,-0.0,CLEAR
4,0.25771584510803225,-0.0,CLEAR
4,0.27561619718309865,-0.0,CLEAR
4,0.2723151408450704,-0.0,CLEAR
4,0.28089788732394366,-0.0,CLEAR
4,0.2719850352112676,-0.0,CLEAR
4,0.25845070422535216,-0.0,CLEAR
4,0.26758362676056335,-0.0,CLEAR
4,0.28155809859154934,-0.0,CLEAR
4,0.33503521126760566,-0.0,CLEAR
4,0.28595950704225354,-0.0,CLEAR
4,0.3058758802816901,-0.0,CLEAR
4,0.34757922535211266,-0.0,CLEAR
4,0.3738776408450704,-0.0,CLEAR
4,0.29377200704225354,-0.0,CLEAR
4,0.30015404929577466,-0.0,CLEAR
4,0.29905369718309865,-0.0,CLEAR
4,0.2971830985915493,-0.0,CLEAR
4,0.2861795774647888,-0.0,CLEAR
4,0.2964128521126761,-0.0,CLEAR
4,0.26714348591549303,-0.0,CLEAR
4,0.30675616197183103,-0.0,CLEAR
4,0.28455047607421874,-0.0,CLEAR
4,0.2892605633802817,-0.0,CLEAR
4,0.26871759891510005,-0.0,CLEAR
4,0.23127200704225348,-0.0,CLEAR
4,0.2676581144332886,-0.0,CLEAR
4,0.2439260563380282,-0.0,CLEAR
4,0.2700044014084507,-0.0,CLEAR
4,0.2750660211267606,-0.0,CLEAR
4,0.2457966549295775,-0.0,CLEAR
4,0.274955985915493,-0.0,CLEAR
4,0.28265845070422535,-0.0,CLEAR
4,0.23585102558135984,-0.0,CLEAR
4,0.24868283271789549,-0.0,CLEAR
4,0.24998259544372559,-0.0,CLEAR
4,0.22632682323455808,-0.0,CLEAR
4,0.25085827464788735,-0.0,CLEAR
4,0.23083186619718313,-0.0,CLEAR
4,0.23589348591549297,-0.0,CLEAR
4,0.21839788732394363,-0.0,CLEAR
4,0.21322623239436622,-0.0,CLEAR
4,0.21366637323943663,-0.0,CLEAR
4,0.24733714788732397,-0.0,CLEAR
4,0.2642825704225352,-0.0,CLEAR
4,0.23149207746478873,-0.0,CLEAR
4,0.236993838028169,-0.0,CLEAR
4,0.2470070422535211,-0.0,CLEAR
4,0.23523327464788737,-0.0,CLEAR
4,0.24205545774647885,-0.0,CLEAR
4,0.2806778169014085,-0.0,CLEAR
4,0.2599911971830986,-0.0,CLEAR
4,0.29564260563380285,-0.0,CLEAR
4,0.2383142605633803,-0.0,CLEAR
4,0.22301936619718313,-0.0,CLEAR
4,0.22896126760563382,-0.0,CLEAR
4,0.23248239436619722,-0.0,CLEAR
4,0.2339128521126761,-0.0,CLEAR
4,0.2470070422535211,-0.0,CLEAR
4,0.2870598591549296,-0.0,CLEAR
4,0.2801276408450704,-0.0,CLEAR
4,0.3130234241485595,-0.0,CLEAR
4,0.3020667552947998,-0.0,CLEAR
4,0.27893714904785155,-0.0,CLEAR
4,0.28119871616363523,-0.0,CLEAR
4,0.3272227112676056,-0.0,CLEAR
4,0.3107938528060913,-0.0,CLEAR
4,0.31890506744384767,-0.0,CLEAR
4,0.2752860915492958,-0.0,CLEAR
4,0.2603213028169014,-0.0,CLEAR
4,0.24128521126760563,-0.0,CLEAR
4,0.25812059859154934,-0.0,CLEAR
4,0.21091549295774648,-0.0,CLEAR
4,0.21839788732394363,-0.0,CLEAR
4,0.2640625,-0.0,CLEAR
4,0.21366637323943663,-0.0,CLEAR
4,0.2005721830985916,-0.0,CLEAR
4,0.21641725352112676,-0.0,CLEAR
4,0.22477992957746476,-0.0,CLEAR
4,0.18406690140845075,-0.0,CLEAR
4,0.22599031690140847,-0.0,CLEAR
4,0.18681778169014088,-0.0,CLEAR
4,0.19760123239436617,-0.0,CLEAR
4,0.2039832746478873,-0.0,CLEAR
4,0.19859154929577472,-0.0,CLEAR
4,0.18956866197183103,-0.0,CLEAR
4,0.2211487676056338,-0.0,CLEAR
4,0.1796654929577465,-0.0,CLEAR
4,0.20739436619718313,-0.0,CLEAR
4,0.2610915492957746,-0.0,CLEAR
4,0.21993838028169022,-0.0,CLEAR
4,0.25746038732394366,-0.0,CLEAR
4,0.2758362676056338,-0.0,CLEAR
4,0.2426056338028169,-0.0,CLEAR
4,0.24876760563380285,-0.0,CLEAR
4,0.27077464788732397,-0.0,CLEAR
4,0.2775060176849365,-0.0,CLEAR
4,0.2656433343887329,-0.0,CLEAR
4,0.2716509342193603,-0.0,CLEAR
4,0.2632484436035156,-0.0,CLEAR
4,0.2865849494934082,-0.0,CLEAR
4,0.2713798999786377,-0.0,CLEAR
4,0.2814480633802817,-0.0,CLEAR
4,0.27550616197183103,-0.0,CLEAR
4,0.2772667253521127,-0.0,CLEAR
4,0.20244278169014085,-0.0,CLEAR
4,0.2015625,-0.0,CLEAR
4,0.2426056338028169,-0.0,CLEAR
4,0.2606514084507043,-0.0,CLEAR
4,0.3342649647887324,-0.0,CLEAR
4,0.35784637928009033,-0.0,CLEAR
5,0.2570764780044556,-0.14521684791984069,CLEAR
5,0.2508988380432129,-0.14521684791984069,CLEAR
5,0.26003253459930414,-0.14521684791984069,CLEAR
5,0.26664283275604245,-0.14521684791984069,CLEAR
5,0.24506685733795164,-0.14521684791984069,CLEAR
5,0.25896828174591063,-0.14521684791984069,CLEAR
5,0.2475504398345947,-0.14521684791984069,CLEAR
5,0.2570268392562866,-0.14521684791984069,CLEAR
5,0.25410645008087157,-0.14521684791984069,CLEAR
5,0.25705738067626954,-0.14521684791984069,CLEAR
5,0.31156337261199946,-0.14521684791984069,CLEAR
5,0.2578262329101562,-0.14521684791984069,CLEAR
5,0.28627116680145265,-0.14521684791984069,CLEAR
5,0.307036805152893,-0.14521684791984069,CLEAR
5,0.31993615627288813,-0.14521684791984069,CLEAR
5,0.2909771203994751,-0.14521684791984069,CLEAR
5,0.28881719112396237,-0.14521684791984069,CLEAR
5,0.2613628387451172,-0.14521684791984069,CLEAR
5,0.2651750326156616,-0.14521684791984069,CLEAR
5,0.2598459959030151,-0.14521684791984069,CLEAR
5,0.2380934715270996,-0.14521684791984069,CLEAR
5,0.23557691574096679,-0.14521684791984069,CLEAR
5,0.24528815746307372,-0.14521684791984069,CLEAR
5,0.2046718120574951,-0.14521684791984069,CLEAR
5,0.19605164527893068,-0.14521684791984069,CLEAR
5,0.19024577140808108,-0.14521684791984069,CLEAR
5,0.20301885604858397,-0.14521684791984069,CLEAR
5,0.2018223285675049,-0.14521684791984069,CLEAR
5,0.20157127380371095,-0.14521684791984069,CLEAR
5,0.2398528337478638,-0.14521684791984069,CLEAR
5,0.24150762557983396,-0.14521684791984069,CLEAR
5,0.24674577713012694,-0.14521684791984069,CLEAR
5,0.23638997077941892,-0.14521684791984069,CLEAR
5,0.24496722221374512,-0.14521684791984069,CLEAR
5,0.20174214839935303,-0.14521684791984069,CLEAR
5,0.21022858619689944,-0.14521684791984069,CLEAR
5,0.2402268409729004,-0.14521684791984069,CLEAR
5,0.21268601417541502,-0.14521684791984069,CLEAR
5,0.20098598003387452,-0.14521684791984069,CLEAR
5,0.2258040189743042,-0.14521684791984069,CLEAR
5,0.2098628044128418,-0.14521684791984069,CLEAR
5,0.22321767807006834,-0.14521684791984069,CLEAR
5,0.21817495822906494,-0.14521684791984069,CLEAR
5,0.23556058406829836,-0.14521684791984069,CLEAR
5,0.22038762569427486,-0.14521684791984069,CLEAR
5,0.2078554630279541,-0.14521684791984069,CLEAR
5,0.19259991645812988,-0.14521684791984069,CLEAR
5,0.1823226451873779,-0.14521684791984069,CLEAR
5,0.18952674865722655,-0.14521684791984069,CLEAR
5,0.19937863349914547,-0.14521684791984069,CLEAR
5,0.2011900186538696,-0.14521684791984069,CLEAR
5,0.19473481178283691,-0.14521684791984069,CLEAR
5,0.19725975990295408,-0.14521684791984069,CLEAR
5,0.18080000877380367,-0.14521684791984069,CLEAR
5,0.1946028232574463,-0.14521684791984069,CLEAR
5,0.2150970935821533,-0.14521684791984069,CLEAR
5,0.2454959630966186,-0.14521684791984069,CLEAR
5,0.26461894512176515,-0.14521684791984069,CLEAR
5,0.24085903167724607,-0.14521684791984069,CLEAR
5,0.23665943145751955,-0.14521684791984069,CLEAR
5,0.2747721433639526,-0.14521684791984069,CLEAR
5,0.2369999885559082,-0.14521684791984069,CLEAR
5,0.2538163661956787,-0.14521684791984069,CLEAR
5,0.23659698963165285,-0.14521684791984069,CLEAR
6,0.23875772953033447,-0.29043369583968137,CLEAR
6,0.23396861553192136,-0.29043369583968137,CLEAR
6,0.2092464447021484,-0.29043369583968137,CLEAR
6,0.22926566600799558,-0.29043369583968137,CLEAR
6,0.22158966064453126,-0.29043369583968137,CLEAR
6,0.2072111845016479,-0.29043369583968137,CLEAR
6,0.2300935983657837,-0.29043369583968137,CLEAR
6,0.21810879707336425,-0.29043369583968137,CLEAR
6,0.22223019599914548,-0.29043369583968137,CLEAR
6,0.232451057434082,-0.29043369583968137,CLEAR
6,0.2442211151123047,-0.29043369583968137,CLEAR
6,0.2384587526321411,-0.29043369583968137,CLEAR
6,0.225169825553894,-0.29043369583968137,CLEAR
6,0.21495194435119627,-0.29043369583968137,CLEAR
6,0.24485347270965577,-0.29043369583968137,CLEAR
6,0.20673747062683104,-0.29043369583968137,CLEAR
5,0.2184598445892334,-0.14521684791984069,CLEAR
5,0.23823421001434328,-0.14521684791984069,CLEAR
5,0.24584729671478267,-0.14521684791984069,CLEAR
5,0.24493391513824458,-0.14521684791984069,CLEAR
5,0.21727869510650633,-0.14521684791984069,CLEAR
5,0.21337432861328123,-0.14521684791984069,CLEAR
5,0.2201257944107056,-0.14521684791984069,CLEAR
5,0.2276508092880249,-0.14521684791984069,CLEAR
5,0.20596842765808102,-0.14521684791984069,CLEAR
5,0.21258633136749264,-0.14521684791984069,CLEAR
6,0.2095839500427246,-0.29043369583968137,CLEAR
6,0.21970160007476805,-0.29043369583968137,CLEAR
6,0.22588911056518557,-0.29043369583968137,CLEAR
6,0.2349999904632568,-0.29043369583968137,CLEAR
5,0.2922942638397217,-0.14521684791984069,CLEAR
5,0.23198678493499753,-0.14521684791984069,CLEAR
5,0.27706203460693357,-0.14521684791984069,CLEAR
5,0.329616355895996,-0.14521684791984069,CLEAR
5,0.29125089645385743,-0.14521684791984069,CLEAR
5,0.2524550437927246,-0.14521684791984069,CLEAR
5,0.23874704837799074,-0.14521684791984069,CLEAR
5,0.24124498367309566,-0.14521684791984069,CLEAR
5,0.2583486557006836,-0.14521684791984069,CLEAR
5,0.31335827464788735,-0.14521684791984069,CLEAR
5,0.29985446929931636,-0.14521684791984069,CLEAR
5,0.22965722084045412,-0.14521684791984069,CLEAR
5,0.21590824127197264,-0.14521684791984069,CLEAR
5,0.18285651408450704,-0.14521684791984069,CLEAR
5,0.24307551383972167,-0.14521684791984069,CLEAR
5,0.23622359154929579,-0.14521684791984069,CLEAR
5,0.25137546062469485,-0.14521684791984069,CLEAR
5,0.23127200704225348,-0.14521684791984069,CLEAR
5,0.17473926544189453,-0.14521684791984069,CLEAR
5,0.3422975352112676,-0.14521684791984069,CLEAR
6,0.3173578500747681,-0.29043369583968137,CLEAR
6,0.3254501819610596,-0.29043369583968137,CLEAR
7,0.1920671463012695,-0.43565054375952217,CLEAR
7,0.21051113605499266,-0.43565054375952217,CLEAR
7,0.17434473037719725,-0.43565054375952217,CLEAR
7,0.1724939823150635,-0.43565054375952217,CLEAR
7,0.1953479290008545,-0.43565054375952217,CLEAR
7,0.2405816555023193,-0.43565054375952217,CLEAR
7,0.28426716327667234,-0.43565054375952217,CLEAR
6,0.6,-0.29043369583968137,CLEAR
5,0.2695642605633803,-0.14521684791984069,CLEAR
5,0.23626153469085695,-0.14521684791984069,CLEAR
4,0.2980127096176148,-0.0,CLEAR
4,0.25426936619718316,-0.0,CLEAR
4,0.20442341549295778,-0.0,CLEAR
4,0.1446742957746479,-0.0,CLEAR
4,0.09097711267605636,-0.0,CLEAR
4,0.0,0.0,BRAKE
4,0.0,0.0,BRAKE
3,0.09779929577464792,0.14521684791984069,CLEAR
3,0.0,0.0,BRAKE
2,0.0,0.0,BRAKE
2,0.0,0.0,BRAKE
2,0.0,0.0,BRAKE
2,0.0,0.0,BRAKE
2,0.0,0.0,BRAKE
2,0.0,0.0,BRAKE
2,0.0,0.0,BRAKE
2,0.0,0.0,BRAKE
2,0.0,0.0,BRAKE
2,0.0,0.0,BRAKE
2,0.0,0.0,BRAKE
2,0.0,0.0,BRAKE
2,0.0,0.0,BRAKE
2,0.0,0.0,BRAKE
1,0.0,0.0,BRAKE
1,0.0,0.0,BRAKE
1,0.0,0.0,BRAKE
1,0.0,0.0,BRAKE
1,0.0,0.0,BRAKE
1,0.0,0.0,BRAKE
1,0.0,0.0,BRAKE
1,0.0,0.0,BRAKE
1,0.0,0.0,BRAKE
1,0.0,0.0,BRAKE
1,0.0,0.0,BRAKE
1,0.0,0.0,BRAKE
2,0.0,0.0,BRAKE
2,0.0,0.0,BRAKE
2,0.0,0.0,BRAKE
2,0.0,0.0,BRAKE
2,0.0,0.0,BRAKE
2,0.0,0.0,BRAKE
2,0.0,0.0,BRAKE
2,0.0,0.0,BRAKE
2,0.0,0.0,BRAKE
2,0.0,0.0,BRAKE
2,0.0,0.0,BRAKE
2,0.0,0.0,BRAKE
3,0.0,0.0,BRAKE
3,0.012191901408450745,0.14521684791984069,CLEAR
3,0.0011883802816901267,0.14521684791984069,CLEAR
3,0.07172095070422536,0.14521684791984069,CLEAR
3,0.09966989436619718,0.14521684791984069,CLEAR
3,0.04707306338028172,0.14521684791984069,CLEAR
3,0.00030809859154934394,0.14521684791984069,CLEAR
3,0.0,0.0,BRAKE
3,0.0,0.0,BRAKE
3,0.010981514084507094,0.14521684791984069,CLEAR
3,0.18010563380281688,0.14521684791984069,CLEAR
3,0.16349031690140842,0.14521684791984069,CLEAR
3,0.11639524647887324,0.14521684791984069,CLEAR
3,0.17174295774647888,0.14521684791984069,CLEAR
3,0.20354313380281688,0.14521684791984069,CLEAR
3,0.13466109154929584,0.14521684791984069,CLEAR
3,0.08393485915492964,0.14521684791984069,CLEAR
3,0.13609154929577466,0.14521684791984069,CLEAR
3,0.12431778169014089,0.14521684791984069,CLEAR
3,0.11716549295774648,0.14521684791984069,CLEAR
3,0.186487676056338,0.14521684791984069,CLEAR
3,0.1557878521126761,0.14521684791984069,CLEAR
3,0.13917253521126763,0.14521684791984069,CLEAR
3,0.11122359154929584,0.14521684791984069,CLEAR
3,0.1275088028169014,0.14521684791984069,CLEAR
3,0.18197623239436625,0.14521684791984069,CLEAR
3,0.23336267605633806,0.14521684791984069,CLEAR
3,0.22265360355377198,0.14521684791984069,CLEAR
3,0.2089348591549296,0.14521684791984069,CLEAR
3,0.14753521126760563,0.14521684791984069,CLEAR
3,0.143794014084507,0.14521684791984069,CLEAR
3,0.10077024647887327,0.14521684791984069,CLEAR
3,0.04971390845070427,0.14521684791984069,CLEAR
3,0.1092429577464789,0.14521684791984069,CLEAR
3,0.08525528169014085,0.14521684791984069,CLEAR
3,0.06280809859154925,0.14521684791984069,CLEAR
3,0.04080105633802822,0.14521684791984069,CLEAR
3,0.05433538732394363,0.14521684791984069,CLEAR
3,0.08151408450704227,0.14521684791984069,CLEAR
3,0.09889964788732401,0.14521684791984069,CLEAR
3,0.09900968309859164,0.14521684791984069,CLEAR
3,0.11815580985915501,0.14521684791984069,CLEAR
3,0.19733180999755862,0.14521684791984069,CLEAR
3,0.10297095070422539,0.14521684791984069,CLEAR
3,0.08195422535211276,0.14521684791984069,CLEAR
3,0.09515845070422536,0.14521684791984069,CLEAR
3,0.03353873239436617,0.14521684791984069,CLEAR
3,0.059617077464788726,0.14521684791984069,CLEAR
3,0.07128080985915501,0.14521684791984069,CLEAR
3,0.14522447183098597,0.14521684791984069,CLEAR
3,0.20233274647887328,0.14521684791984069,CLEAR
3,0.13708186619718313,0.14521684791984069,CLEAR
3,0.1645906690140845,0.14521684791984069,CLEAR
3,0.1625,0.14521684791984069,CLEAR
3,0.10000000000000005,0.14521684791984069,CLEAR
3,0.15743838028169016,0.14521684791984069,CLEAR
3,0.14082306338028172,0.14521684791984069,CLEAR
3,0.022535211267605625,0.14521684791984069,CLEAR
3,0.033318661971831,0.14521684791984069,CLEAR
3,0.04256161971830985,0.14521684791984069,CLEAR
3,0.18351672535211272,0.14521684791984069,CLEAR
3,0.22256267070770266,0.14521684791984069,CLEAR
3,0.13014964788732397,0.14521684791984069,CLEAR
3,0.11122359154929584,0.14521684791984069,CLEAR
3,0.111993838028169,0.14521684791984069,CLEAR
3,0.17878521126760566,0.14521684791984069,CLEAR
3,0.20282626152038577,0.14521684791984069,CLEAR
3,0.19958186619718313,0.14521684791984069,CLEAR
3,0.18604753521126763,0.14521684791984069,CLEAR
3,0.20569267272949218,0.14521684791984069,CLEAR
3,0.2010296583175659,0.14521684791984069,CLEAR
3,0.1913344383239746,0.14521684791984069,CLEAR
3,0.20662411971830985,0.14521684791984069,CLEAR
3,0.150506161971831,0.14521684791984069,CLEAR
3,0.1863776408450705,0.14521684791984069,CLEAR
3,0.16018926056338034,0.14521684791984069,CLEAR
4,0.0,0.0,BRAKE
4,0.14973591549295776,-0.0,CLEAR
4,0.1281690140845071,-0.0,CLEAR
4,0.15391725352112676,-0.0,CLEAR
4,0.09944982394366199,-0.0,CLEAR
4,0.11562500000000002,-0.0,CLEAR
4,0.1754841549295775,-0.0,CLEAR
4,0.1681117957746479,-0.0,CLEAR
4,0.10517165492957752,-0.0,CLEAR
4,0.1151848591549296,-0.0,CLEAR
4,0.15963908450704228,-0.0,CLEAR
4,0.20497359154929584,-0.0,CLEAR
4,0.24689700704225354,-0.0,CLEAR
4,0.08096390845070423,-0.0,CLEAR
4,0.2254401408450704,-0.0,CLEAR
4,0.08283450704225355,-0.0,CLEAR
4,0.19958186619718313,-0.0,CLEAR
4,0.17790492957746476,-0.0,CLEAR
4,0.11001320422535212,-0.0,CLEAR
4,0.15820862676056338,-0.0,CLEAR
4,0.07106073943661977,-0.0,CLEAR
4,0.18560739436619722,-0.0,CLEAR
4,0.2620818661971831,-0.0,CLEAR
4,0.13091989436619725,-0.0,CLEAR
4,0.13598151408450704,-0.0,CLEAR
4,0.22466989436619725,-0.0,CLEAR
4,0.23116197183098594,-0.0,CLEAR
4,0.16954225352112676,-0.0,CLEAR
4,0.06148767605633804,-0.0,CLEAR
4,0.10880281690140847,-0.0,CLEAR
4,0.17471390845070423,-0.0,CLEAR
4,0.12497799295774649,-0.0,CLEAR
4,0.2545994718309859,-0.0,CLEAR
4,0.18318661971830985,-0.0,CLEAR
4,0.1425836267605634,-0.0,CLEAR
4,0.1407130281690141,-0.0,CLEAR
4,0.13510123239436625,-0.0,CLEAR
4,0.08217429577464787,-0.0,CLEAR
4,0.1286091549295775,-0.0,CLEAR
4,0.13102992957746476,-0.0,CLEAR
4,0.09207746478873247,-0.0,CLEAR
4,0.14302376760563384,-0.0,CLEAR
4,0.16844190140845072,-0.0,CLEAR
4,0.17768485915492963,-0.0,CLEAR
4,0.04212147887323942,-0.0,CLEAR
4,0.12783890845070423,-0.0,CLEAR
4,0.08272447183098593,-0.0,CLEAR
4,0.16646126760563384,-0.0,CLEAR
4,0.08382482394366202,-0.0,CLEAR
4,0.19760123239436617,-0.0,CLEAR
4,0.13047975352112676,-0.0,CLEAR
4,0.1140845070422535,-0.0,CLEAR
4,0.12673855633802814,-0.0,CLEAR
4,0.11001320422535212,-0.0,CLEAR
4,0.09746919014084506,-0.0,CLEAR
4,0.06764964788732393,-0.0,CLEAR
4,0.05521566901408454,-0.0,CLEAR
4,0.0031690140845070046,-0.0,CLEAR
4,0.01472271126760567,-0.0,CLEAR
4,0.04707306338028172,-0.0,CLEAR
4,0.0011883802816901267,-0.0,CLEAR
4,0.06974031690140843,-0.0,CLEAR
4,0.15655809859154926,-0.0,CLEAR
4,0.21256602112676054,-0.0,CLEAR
4,0.10660211267605635,-0.0,CLEAR
4,0.09526848591549299,-0.0,CLEAR
4,0.15490757042253525,-0.0,CLEAR
4,0.15765845070422535,-0.0,CLEAR
4,0.10319102112676064,-0.0,CLEAR
4,0.13058978873239438,-0.0,CLEAR
4,0.16316021126760563,-0.0,CLEAR
4,0.11452464788732392,-0.0,CLEAR
4,0.04872359154929579,-0.0,CLEAR
4,0.16062940140845075,-0.0,CLEAR
4,0.0644586267605634,-0.0,CLEAR
4,0.18780809859154934,-0.0,CLEAR
4,0.20288292253521134,-0.0,CLEAR
4,0.18373679577464788,-0.0,CLEAR
4,0.18417693661971837,-0.0,CLEAR
4,0.16866197183098597,-0.0,CLEAR
4,0.1639304577464789,-0.0,CLEAR
4,0.21586707746478875,-0.0,CLEAR
4,0.16172975352112678,-0.0,CLEAR
4,0.19914172535211275,-0.0,CLEAR
4,0.12882922535211275,-0.0,CLEAR
4,0.19375000000000003,-0.0,CLEAR
4,0.10660211267605635,-0.0,CLEAR
4,0.19397007042253522,-0.0,CLEAR
4,0.11573503521126764,-0.0,CLEAR
4,0.24106514084507047,-0.0,CLEAR
4,0.2410788059234619,-0.0,CLEAR
4,0.17482394366197185,-0.0,CLEAR
4,0.1784551056338028,-0.0,CLEAR
4,0.23094754219055177,-0.0,CLEAR
4,0.21413271427154537,-0.0,CLEAR
4,0.23480551242828368,-0.0,CLEAR
4,0.2265404929577465,-0.0,CLEAR
4,0.16789172535211266,-0.0,CLEAR
4,0.09581866197183105,-0.0,CLEAR
4,0.18912852112676054,-0.0,CLEAR
4,0.120356514084507,-0.0,CLEAR
4,0.038160211267605666,-0.0,CLEAR
4,0.189018485915493,-0.0,CLEAR
4,0.05576584507042259,-0.0,CLEAR
4,0.13741197183098589,-0.0,CLEAR
4,0.0588468309859155,-0.0,CLEAR
4,0.07777288732394362,-0.0,CLEAR
4,0.024075704225352147,-0.0,CLEAR
4,0.12882922535211275,-0.0,CLEAR
4,0.11551496478873247,-0.0,CLEAR
4,0.08173415492957752,-0.0,CLEAR
4,0.041351232394366264,-0.0,CLEAR
4,0.1395026408450705,-0.0,CLEAR
4,0.12365757042253522,-0.0,CLEAR
4,0.06985035211267605,-0.0,CLEAR
4,0.0028389084507042693,-0.0,CLEAR
4,0.026056338028169024,-0.0,CLEAR
4,0.0,0.0,BRAKE
4,0.0,0.0,BRAKE
4,0.0,0.0,BRAKE
4,0.0,0.0,BRAKE
4,0.0,0.0,BRAKE
4,0.0,0.0,BRAKE
4,0.0,0.0,BRAKE
4,0.0,0.0,BRAKE
4,0.0,0.0,BRAKE
4,0.0,0.0,BRAKE
4,0.1729533450704226,-0.0,CLEAR
4,0.09471830985915501,-0.0,CLEAR
4,0.11034330985915493,-0.0,CLEAR
4,0.02748679577464792,-0.0,CLEAR
4,0.0,0.0,BRAKE
4,0.0,0.0,BRAKE
4,0.02682658450704225,-0.0,CLEAR
4,0.003829225352112675,-0.0,CLEAR
4,0.04740316901408452,-0.0,CLEAR
4,0.23094190140845075,-0.0,CLEAR
4,0.10165052816901411,-0.0,CLEAR
4,0.2073374271392822,-0.0,CLEAR
4,0.20322222709655763,-0.0,CLEAR
4,0.08031845092773435,-0.0,CLEAR
4,0.1895373821258545,-0.0,CLEAR
4,0.20789580345153807,-0.0,CLEAR
4,0.2174481391906738,-0.0,CLEAR
5,0.05536913871765139,-0.14521684791984069,CLEAR
4,0.24741976261138915,-0.0,CLEAR
4,0.2043600797653198,-0.0,CLEAR
4,0.04641285211267605,-0.0,CLEAR
4,0.0,0.0,BRAKE
4,0.0,0.0,BRAKE
4,0.030787852112676137,-0.0,CLEAR
4,0.0588468309859155,-0.0,CLEAR
3,0.15182658450704226,0.14521684791984069,CLEAR
3,0.15784168243408206,0.14521684791984069,CLEAR
3,0.6,0.14521684791984069,CLEAR
1,0.6,0.43565054375952217,CLEAR
3,0.18203253746032713,0.14521684791984069,CLEAR
5,0.0,0.0,BRAKE
4,0.6,-0.0,CLEAR
3,0.6,0.14521684791984069,CLEAR
2,0.6,0.29043369583968137,CLEAR
4,0.23951923847198486,-0.0,CLEAR
5,0.4177816901408451,-0.14521684791984069,CLEAR
3,0.4181117957746479,0.14521684791984069,CLEAR
2,0.46550523042678826,0.29043369583968137,CLEAR
4,0.12315654754638669,-0.0,CLEAR
1,0.11946368217468259,0.43565054375952217,CLEAR
2,0.1798005104064941,0.29043369583968137,CLEAR
5,0.07704916000366209,-0.14521684791984069,CLEAR
3,0.0,0.0,BRAKE
1,0.0,0.0,BRAKE
2,0.0,0.0,BRAKE
3,0.0,0.0,BRAKE
3,0.0,0.0,BRAKE
3,0.0,0.0,BRAKE
8,0.0,0.0,BRAKE
8,0.0,0.0,BRAKE
8,0.0,0.0,BRAKE
8,0.0,0.0,BRAKE
8,0.0,0.0,BRAKE
3,0.0,0.0,BRAKE
3,0.0,0.0,BRAKE
8,0.0,0.0,BRAKE
3,0.0,0.0,BRAKE
3,0.0,0.0,BRAKE
3,0.0,0.0,BRAKE
3,0.0,0.0,BRAKE
3,0.0,0.0,BRAKE
3,0.0,0.0,BRAKE
3,0.0,0.0,BRAKE
3,0.0,0.0,BRAKE
3,0.0,0.0,BRAKE
3,0.0,0.0,BRAKE
3,0.0,0.0,BRAKE
3,0.0,0.0,BRAKE
3,0.0,0.0,BRAKE
8,0.0,0.0,BRAKE
8,0.0,0.0,BRAKE
8,0.0,0.0,BRAKE
8,0.0,0.0,BRAKE
3,0.0,0.0,BRAKE
3,0.0,0.0,BRAKE
3,0.0,0.0,BRAKE
3,0.0,0.0,BRAKE
3,0.0,0.0,BRAKE
3,0.0,0.0,BRAKE
3,0.0,0.0,BRAKE
3,0.0,0.0,BRAKE
3,0.0,0.0,BRAKE
3,0.0,0.0,BRAKE
3,0.0,0.0,BRAKE
3,0.0,0.0,BRAKE
3,0.0,0.0,BRAKE
3,0.0,0.0,BRAKE
3,0.0,0.0,BRAKE
2,0.0,0.0,BRAKE
2,0.0,0.0,BRAKE
7,0.0,0.0,BRAKE
2,0.1774299144744873,0.29043369583968137,CLEAR
1,0.5354093309859155,0.43565054375952217,CLEAR
4,0.6,-0.0,CLEAR
8,0.0,0.0,BRAKE
8,0.11584458351135256,-0.5808673916793627,CLEAR
8,0.11757526397705076,-0.5808673916793627,CLEAR
8,0.0,0.0,BRAKE
8,0.0,0.0,BRAKE
3,0.0,0.0,BRAKE
3,0.0,0.0,BRAKE
3,0.0,0.0,BRAKE
3,0.0,0.0,BRAKE
3,0.0,0.0,BRAKE
3,0.0,0.0,BRAKE
3,0.0,0.0,BRAKE
3,0.0,0.0,BRAKE
3,0.0,0.0,BRAKE
2,0.0,0.0,BRAKE
2,0.0,0.0,BRAKE
3,0.0,0.0,BRAKE
3,0.0,0.0,BRAKE
2,0.0,0.0,BRAKE
3,0.0,0.0,BRAKE
3,0.0,0.0,BRAKE
3,0.0,0.0,BRAKE
3,0.0,0.0,BRAKE
3,0.0,0.0,BRAKE
3,0.0,0.0,BRAKE
3,0.0,0.0,BRAKE
3,0.0,0.0,BRAKE
3,0.0,0.0,BRAKE
3,0.0,0.0,BRAKE
3,0.0,0.0,BRAKE
8,0.0,0.0,BRAKE
8,0.0,0.0,BRAKE
8,0.02363556338028172,-0.5808673916793627,CLEAR
8,0.015933098591549254,-0.5808673916793627,CLEAR
8,0.013842429577464755,-0.5808673916793627,CLEAR
8,0.08767605633802822,-0.5808673916793627,CLEAR
8,0.10092072486877442,-0.5808673916793627,CLEAR
8,0.05939700704225354,-0.5808673916793627,CLEAR
8,0.05818661971830989,-0.5808673916793627,CLEAR
8,0.05356514084507047,-0.5808673916793627,CLEAR
8,0.0,0.0,BRAKE
8,0.0,0.0,BRAKE
8,0.0,0.0,BRAKE
8,0.0,0.0,BRAKE
8,0.0,0.0,BRAKE
8,0.0,0.0,BRAKE
8,0.0,0.0,BRAKE
8,0.0,0.0,BRAKE
8,0.0,0.0,BRAKE
8,0.0,0.0,BRAKE
8,0.0,0.0,BRAKE
8,0.0,0.0,BRAKE
8,0.0,0.0,BRAKE
3,0.0,0.0,BRAKE
8,0.0,0.0,BRAKE
3,0.0,0.0,BRAKE
3,0.0,0.0,BRAKE
3,0.0,0.0,BRAKE
3,0.0,0.0,BRAKE
3,0.0,0.0,BRAKE
3,0.0,0.0,BRAKE
3,0.0,0.0,BRAKE
3,0.0,0.0,BRAKE
3,0.0,0.0,BRAKE
3,0.0,0.0,BRAKE
3,0.0,0.0,BRAKE
2,0.0,0.0,BRAKE
2,0.0,0.0,BRAKE
2,0.0,0.0,BRAKE
8,0.0,0.0,BRAKE
8,0.0,0.0,BRAKE
2,0.0,0.0,BRAKE
8,0.0,0.0,BRAKE
8,0.0,0.0,BRAKE
8,0.0,0.0,BRAKE
8,0.0,0.0,BRAKE
3,0.0,0.0,BRAKE
8,0.0,0.0,BRAKE
3,0.0,0.0,BRAKE
8,0.0,0.0,BRAKE
8,0.0,0.0,BRAKE
8,0.0,0.0,BRAKE
8,0.0,0.0,BRAKE
3,0.0,0.0,BRAKE
8,0.0,0.0,BRAKE
3,0.0,0.0,BRAKE
3,0.0,0.0,BRAKE
2,0.0,0.0,BRAKE
8,0.0,0.0,BRAKE
8,0.0,0.0,BRAKE
8,0.0,0.0,BRAKE
8,0.0,0.0,BRAKE
8,0.0,0.0,BRAKE
8,0.0,0.0,BRAKE
8,0.0,0.0,BRAKE
8,0.0,0.0,BRAKE
8,0.0,0.0,BRAKE
3,0.0,0.0,BRAKE
3,0.0,0.0,BRAKE
8,0.0,0.0,BRAKE
2,0.0,0.0,BRAKE
8,0.0,0.0,BRAKE
2,0.0,0.0,BRAKE
2,0.0,0.0,BRAKE
2,0.0,0.0,BRAKE
2,0.0,0.0,BRAKE
2,0.0,0.0,BRAKE
8,0.0,0.0,BRAKE
8,0.0,0.0,BRAKE
8,0.0,0.0,BRAKE
8,0.0,0.0,BRAKE
8,0.0,0.0,BRAKE
2,0.0,0.0,BRAKE
8,0.0,0.0,BRAKE
8,0.0,0.0,BRAKE
8,0.0,0.0,BRAKE
8,0.0,0.0,BRAKE
8,0.0,0.0,BRAKE
3,0.0,0.0,BRAKE
3,0.0,0.0,BRAKE
3,0.0,0.0,BRAKE
8,0.0,0.0,BRAKE
3,0.0,0.0,BRAKE
3,0.0,0.0,BRAKE
3,0.0,0.0,BRAKE
3,0.0,0.0,BRAKE
8,0.0,0.0,BRAKE
3,0.0,0.0,BRAKE
3,0.0,0.0,BRAKE
3,0.0,0.0,BRAKE
3,0.0,0.0,BRAKE
8,0.0,0.0,BRAKE
3,0.0,0.0,BRAKE
3,0.0,0.0,BRAKE
8,0.0,0.0,BRAKE
3,0.0,0.0,BRAKE
3,0.0,0.0,BRAKE
3,0.0,0.0,BRAKE
3,0.0,0.0,BRAKE
2,0.0,0.0,BRAKE
2,0.0,0.0,BRAKE
2,0.0,0.0,BRAKE
2,0.0,0.0,BRAKE
2,0.0,0.0,BRAKE
2,0.0,0.0,BRAKE
2,0.0,0.0,BRAKE
2,0.0,0.0,BRAKE
2,0.0,0.0,BRAKE
2,0.0,0.0,BRAKE
8,0.0,0.0,BRAKE
8,0.0,0.0,BRAKE
2,0.0,0.0,BRAKE
8,0.0,0.0,BRAKE
8,0.0,0.0,BRAKE
8,0.0,0.0,BRAKE
8,0.0,0.0,BRAKE
8,0.0,0.0,BRAKE
8,0.0,0.0,BRAKE
2,0.0,0.0,BRAKE
8,0.0,0.0,BRAKE
2,0.0,0.0,BRAKE
8,0.0,0.0,BRAKE
2,0.0,0.0,BRAKE
2,0.0,0.0,BRAKE
2,0.0,0.0,BRAKE
2,0.0,0.0,BRAKE
2,0.0,0.0,BRAKE
2,0.0,0.0,BRAKE
8,0.0,0.0,BRAKE
8,0.0,0.0,BRAKE
8,0.0,0.0,BRAKE
8,0.0,0.0,BRAKE
2,0.0,0.0,BRAKE
8,0.0,0.0,BRAKE
8,0.0,0.0,BRAKE
8,0.0,0.0,BRAKE
8,0.0,0.0,BRAKE
8,0.0,0.0,BRAKE
8,0.0,0.0,BRAKE
8,0.0,0.0,BRAKE
8,0.0,0.0,BRAKE
2,0.0,0.0,BRAKE
2,0.0,0.0,BRAKE
2,0.0,0.0,BRAKE
2,0.0,0.0,BRAKE
2,0.0,0.0,BRAKE
2,0.0,0.0,BRAKE
2,0.0,0.0,BRAKE
2,0.0,0.0,BRAKE
2,0.0,0.0,BRAKE
8,0.0,0.0,BRAKE
2,0.0,0.0,BRAKE
2,0.0,0.0,BRAKE
8,0.0,0.0,BRAKE
8,0.0,0.0,BRAKE
8,0.0,0.0,BRAKE
8,0.0,0.0,BRAKE
2,0.0,0.0,BRAKE
8,0.0,0.0,BRAKE
8,0.0,0.0,BRAKE
2,0.0,0.0,BRAKE
2,0.0,0.0,BRAKE
2,0.0,0.0,BRAKE
2,0.0,0.0,BRAKE
2,0.0,0.0,BRAKE
2,0.0,0.0,BRAKE
2,0.0,0.0,BRAKE
8,0.0,0.0,BRAKE
2,0.0,0.0,BRAKE
8,0.0,0.0,BRAKE
8,0.0,0.0,BRAKE
2,0.0,0.0,BRAKE
2,0.0,0.0,BRAKE
2,0.0,0.0,BRAKE
2,0.0,0.0,BRAKE
2,0.0,0.0,BRAKE
8,0.0,0.0,BRAKE
2,0.0,0.0,BRAKE
2,0.0,0.0,BRAKE
2,0.0,0.0,BRAKE
2,0.0,0.0,BRAKE
2,0.0,0.0,BRAKE
2,0.0,0.0,BRAKE
2,0.0,0.0,BRAKE
2,0.0,0.0,BRAKE
2,0.0,0.0,BRAKE
2,0.0,0.0,BRAKE
2,0.0,0.0,BRAKE
2,0.0,0.0,BRAKE
2,0.0,0.0,BRAKE
2,0.0,0.0,BRAKE
2,0.0,0.0,BRAKE
8,0.0,0.0,BRAKE
2,0.0,0.0,BRAKE
2,0.0,0.0,BRAKE
8,0.0,0.0,BRAKE
2,0.0,0.0,BRAKE
2,0.0,0.0,BRAKE
2,0.0,0.0,BRAKE
2,0.0,0.0,BRAKE
2,0.0,0.0,BRAKE
2,0.0,0.0,BRAKE
2,0.0,0.0,BRAKE
2,0.0,0.0,BRAKE
2,0.0,0.0,BRAKE
2,0.0,0.0,BRAKE
2,0.0,0.0,BRAKE
2,0.0,0.0,BRAKE
2,0.0,0.0,BRAKE
2,0.0,0.0,BRAKE
2,0.0,0.0,BRAKE
2,0.0,0.0,BRAKE
2,0.0,0.0,BRAKE
2,0.0,0.0,BRAKE
2,0.0,0.0,BRAKE
2,0.0,0.0,BRAKE
8,0.0,0.0,BRAKE
2,0.0,0.0,BRAKE
2,0.0,0.0,BRAKE
2,0.0,0.0,BRAKE
2,0.0,0.0,BRAKE
2,0.0,0.0,BRAKE
2,0.0,0.0,BRAKE
2,0.0,0.0,BRAKE
2,0.0,0.0,BRAKE
2,0.0,0.0,BRAKE
8,0.0,0.0,BRAKE
2,0.0,0.0,BRAKE
2,0.0,0.0,BRAKE
2,0.0,0.0,BRAKE
2,0.0,0.0,BRAKE
2,0.0,0.0,BRAKE
8,0.0,0.0,BRAKE
8,0.0,0.0,BRAKE
8,0.0,0.0,BRAKE
8,0.0,0.0,BRAKE
8,0.0,0.0,BRAKE
2,0.0,0.0,BRAKE
8,0.0,0.0,BRAKE
8,0.0,0.0,BRAKE
8,0.0,0.0,BRAKE
2,0.0,0.0,BRAKE
2,0.0,0.0,BRAKE
2,0.0,0.0,BRAKE
2,0.0,0.0,BRAKE
2,0.0,0.0,BRAKE
2,0.0,0.0,BRAKE
8,0.0,0.0,BRAKE
2,0.0,0.0,BRAKE
2,0.0,0.0,BRAKE
8,0.0,0.0,BRAKE
8,0.0,0.0,BRAKE
8,0.0,0.0,BRAKE
8,0.0,0.0,BRAKE
8,0.0,0.0,BRAKE
2,0.0,0.0,BRAKE
8,0.0,0.0,BRAKE
2,0.0,0.0,BRAKE
8,0.0,0.0,BRAKE
2,0.0,0.0,BRAKE
2,0.0,0.0,BRAKE
2,0.0,0.0,BRAKE
2,0.0,0.0,BRAKE
8,0.0,0.0,BRAKE
8,0.0,0.0,BRAKE
8,0.0,0.0,BRAKE
8,0.0,0.0,BRAKE
8,0.0,0.0,BRAKE
8,0.0,0.0,BRAKE
8,0.0,0.0,BRAKE
8,0.0,0.0,BRAKE
8,0.0,0.0,BRAKE
8,0.0,0.0,BRAKE
8,0.0,0.0,BRAKE
8,0.0,0.0,BRAKE
8,0.0,0.0,BRAKE
8,0.0,0.0,BRAKE
2,0.0,0.0,BRAKE
2,0.0,0.0,BRAKE
2,0.0,0.0,BRAKE
2,0.0,0.0,BRAKE
2,0.0,0.0,BRAKE
3,0.0,0.0,BRAKE
3,0.0,0.0,BRAKE
8,0.0,0.0,BRAKE
3,0.0,0.0,BRAKE
3,0.0,0.0,BRAKE
3,0.0,0.0,BRAKE
8,0.0,0.0,BRAKE
8,0.0,0.0,BRAKE
3,0.0,0.0,BRAKE
3,0.0,0.0,BRAKE
3,0.0,0.0,BRAKE
3,0.0,0.0,BRAKE
3,0.0,0.0,BRAKE
3,0.0,0.0,BRAKE
3,0.0,0.0,BRAKE
3,0.0,0.0,BRAKE
3,0.0,0.0,BRAKE
3,0.0,0.0,BRAKE
3,0.0,0.0,BRAKE
3,0.0,0.0,BRAKE
3,0.0,0.0,BRAKE
3,0.0,0.0,BRAKE
3,0.0,0.0,BRAKE
3,0.0,0.0,BRAKE
3,0.0,0.0,BRAKE
3,0.0,0.0,BRAKE
3,0.0,0.0,BRAKE
3,0.0,0.0,BRAKE
3,0.0,0.0,BRAKE
3,0.0,0.0,BRAKE
3,0.0,0.0,BRAKE
3,0.0,0.0,BRAKE
3,0.0,0.0,BRAKE
3,0.0,0.0,BRAKE
3,0.0,0.0,BRAKE
3,0.0,0.0,BRAKE
3,0.0,0.0,BRAKE
3,0.0,0.0,BRAKE
3,0.0,0.0,BRAKE
3,0.0,0.0,BRAKE
3,0.0,0.0,BRAKE
3,0.0,0.0,BRAKE
3,0.0,0.0,BRAKE
3,0.0,0.0,BRAKE
3,0.0,0.0,BRAKE
3,0.0,0.0,BRAKE
3,0.0,0.0,BRAKE
3,0.0,0.0,BRAKE
3,0.0,0.0,BRAKE
3,0.0,0.0,BRAKE
3,0.0,0.0,BRAKE
3,0.0,0.0,BRAKE
3,0.0,0.0,BRAKE
3,0.0,0.0,BRAKE
3,0.0,0.0,BRAKE
3,0.0,0.0,BRAKE
3,0.0,0.0,BRAKE
3,0.0,0.0,BRAKE
3,0.0,0.0,BRAKE
3,0.0,0.0,BRAKE
3,0.0,0.0,BRAKE
3,0.0,0.0,BRAKE
3,0.0,0.0,BRAKE
3,0.0,0.0,BRAKE
3,0.0,0.0,BRAKE
3,0.0,0.0,BRAKE
3,0.0,0.0,BRAKE
3,0.0,0.0,BRAKE
3,0.0,0.0,BRAKE
3,0.0,0.0,BRAKE
3,0.0,0.0,BRAKE
3,0.0,0.0,BRAKE
3,0.0,0.0,BRAKE
3,0.0,0.0,BRAKE
3,0.0,0.0,BRAKE
3,0.0,0.0,BRAKE
3,0.0,0.0,BRAKE
3,0.0,0.0,BRAKE
3,0.0,0.0,BRAKE
3,0.0,0.0,BRAKE
3,0.0,0.0,BRAKE
3,0.0,0.0,BRAKE
3,0.0,0.0,BRAKE
3,0.0,0.0,BRAKE
3,0.0,0.0,BRAKE
3,0.0,0.0,BRAKE
3,0.0,0.0,BRAKE
3,0.0,0.0,BRAKE
3,0.0,0.0,BRAKE
3,0.0,0.0,BRAKE
3,0.0,0.0,BRAKE
3,0.0,0.0,BRAKE
3,0.0,0.0,BRAKE
3,0.0,0.0,BRAKE
3,0.0,0.0,BRAKE
3,0.0,0.0,BRAKE
3,0.0,0.0,BRAKE
3,0.0,0.0,BRAKE
3,0.0,0.0,BRAKE
3,0.0,0.0,BRAKE
3,0.0,0.0,BRAKE
3,0.0,0.0,BRAKE
3,0.0,0.0,BRAKE
3,0.0,0.0,BRAKE
3,0.0,0.0,BRAKE
3,0.0,0.0,BRAKE
3,0.0,0.0,BRAKE
3,0.0,0.0,BRAKE
3,0.0,0.0,BRAKE
3,0.0,0.0,BRAKE
3,0.0,0.0,BRAKE
3,0.0,0.0,BRAKE
3,0.0,0.0,BRAKE
3,0.0,0.0,BRAKE
3,0.0,0.0,BRAKE
3,0.0,0.0,BRAKE
3,0.0,0.0,BRAKE
3,0.0,0.0,BRAKE
3,0.0,0.0,BRAKE
3,0.0,0.0,BRAKE
3,0.0,0.0,BRAKE
3,0.0,0.0,BRAKE
3,0.0,0.0,BRAKE
3,0.0,0.0,BRAKE
3,0.0,0.0,BRAKE
3,0.0,0.0,BRAKE
3,0.0,0.0,BRAKE
3,0.0,0.0,BRAKE
3,0.0,0.0,BRAKE
3,0.0,0.0,BRAKE
3,0.0,0.0,BRAKE
3,0.0,0.0,BRAKE
3,0.0,0.0,BRAKE
3,0.0,0.0,BRAKE
3,0.0,0.0,BRAKE
3,0.0,0.0,BRAKE
3,0.0,0.0,BRAKE
3,0.0,0.0,BRAKE
3,0.0,0.0,BRAKE
3,0.0,0.0,BRAKE
3,0.0,0.0,BRAKE
3,0.0,0.0,BRAKE
3,0.0,0.0,BRAKE
3,0.0,0.0,BRAKE
3,0.0,0.0,BRAKE
3,0.0,0.0,BRAKE
3,0.0,0.0,BRAKE
3,0.0,0.0,BRAKE
3,0.0,0.0,BRAKE
3,0.0,0.0,BRAKE
3,0.0,0.0,BRAKE
3,0.0,0.0,BRAKE
3,0.0,0.0,BRAKE
3,0.0,0.0,BRAKE
3,0.0,0.0,BRAKE
3,0.0,0.0,BRAKE
3,0.0,0.0,BRAKE
3,0.0,0.0,BRAKE
3,0.0,0.0,BRAKE
3,0.0,0.0,BRAKE
3,0.0,0.0,BRAKE
3,0.0,0.0,BRAKE
3,0.0,0.0,BRAKE
3,0.0,0.0,BRAKE
3,0.0,0.0,BRAKE
3,0.0,0.0,BRAKE
3,0.0,0.0,BRAKE
3,0.0,0.0,BRAKE
3,0.0,0.0,BRAKE
3,0.0,0.0,BRAKE
3,0.0,0.0,BRAKE
3,0.0,0.0,BRAKE
3,0.0,0.0,BRAKE
3,0.0,0.0,BRAKE
3,0.0,0.0,BRAKE
3,0.0,0.0,BRAKE
3,0.0,0.0,BRAKE
3,0.0,0.0,BRAKE
3,0.0,0.0,BRAKE
3,0.0,0.0,BRAKE
3,0.0,0.0,BRAKE
3,0.0,0.0,BRAKE
3,0.0,0.0,BRAKE
3,0.0,0.0,BRAKE
3,0.0,0.0,BRAKE
3,0.0,0.0,BRAKE
3,0.0,0.0,BRAKE
3,0.0,0.0,BRAKE
3,0.0,0.0,BRAKE
3,0.0,0.0,BRAKE
3,0.0,0.0,BRAKE
3,0.0,0.0,BRAKE
3,0.0,0.0,BRAKE
3,0.0,0.0,BRAKE
3,0.0,0.0,BRAKE
3,0.0,0.0,BRAKE
3,0.0,0.0,BRAKE
3,0.0,0.0,BRAKE
3,0.0,0.0,BRAKE
3,0.0,0.0,BRAKE
3,0.0,0.0,BRAKE
3,0.0,0.0,BRAKE
3,0.0,0.0,BRAKE
3,0.0,0.0,BRAKE
3,0.0,0.0,BRAKE
3,0.0,0.0,BRAKE
3,0.0,0.0,BRAKE
3,0.0,0.0,BRAKE
3,0.0,0.0,BRAKE
3,0.0,0.0,BRAKE
3,0.0,0.0,BRAKE
3,0.0,0.0,BRAKE
3,0.0,0.0,BRAKE
3,0.0,0.0,BRAKE
3,0.0,0.0,BRAKE
3,0.0,0.0,BRAKE
3,0.0,0.0,BRAKE
3,0.0,0.0,BRAKE
3,0.0,0.0,BRAKE
3,0.0,0.0,BRAKE
3,0.0,0.0,BRAKE
3,0.0,0.0,BRAKE
3,0.0,0.0,BRAKE
3,0.0,0.0,BRAKE
3,0.0,0.0,BRAKE
3,0.0,0.0,BRAKE
3,0.0,0.0,BRAKE
3,0.0,0.0,BRAKE
3,0.0,0.0,BRAKE
3,0.0,0.0,BRAKE
3,0.0,0.0,BRAKE
3,0.0,0.0,BRAKE
3,0.0,0.0,BRAKE
3,0.0,0.0,BRAKE
3,0.0,0.0,BRAKE
3,0.0,0.0,BRAKE
3,0.0,0.0,BRAKE
3,0.0,0.0,BRAKE
3,0.0,0.0,BRAKE
3,0.0,0.0,BRAKE
3,0.0,0.0,BRAKE
3,0.0,0.0,BRAKE
3,0.0,0.0,BRAKE
3,0.0,0.0,BRAKE
3,0.0,0.0,BRAKE
3,0.0,0.0,BRAKE
3,0.0,0.0,BRAKE
3,0.0,0.0,BRAKE
3,0.0,0.0,BRAKE
3,0.0,0.0,BRAKE
3,0.0,0.0,BRAKE
3,0.0,0.0,BRAKE
3,0.0,0.0,BRAKE
3,0.0,0.0,BRAKE
3,0.0,0.0,BRAKE
3,0.0,0.0,BRAKE
3,0.0,0.0,BRAKE
3,0.0,0.0,BRAKE
3,0.0,0.0,BRAKE
3,0.0,0.0,BRAKE
3,0.0,0.0,BRAKE
3,0.0,0.0,BRAKE
3,0.0,0.0,BRAKE
3,0.0,0.0,BRAKE
3,0.0,0.0,BRAKE
3,0.0,0.0,BRAKE
3,0.0,0.0,BRAKE
3,0.0,0.0,BRAKE
3,0.0,0.0,BRAKE
3,0.0,0.0,BRAKE
3,0.0,0.0,BRAKE
3,0.0,0.0,BRAKE
3,0.0,0.0,BRAKE
3,0.0,0.0,BRAKE
3,0.0,0.0,BRAKE
3,0.0,0.0,BRAKE
3,0.0,0.0,BRAKE
3,0.0,0.0,BRAKE
3,0.0,0.0,BRAKE
3,0.0,0.0,BRAKE
3,0.0,0.0,BRAKE
3,0.0,0.0,BRAKE
3,0.0,0.0,BRAKE
3,0.0,0.0,BRAKE
3,0.0,0.0,BRAKE
3,0.0,0.0,BRAKE
3,0.0,0.0,BRAKE
3,0.0,0.0,BRAKE
3,0.0,0.0,BRAKE
3,0.0,0.0,BRAKE
3,0.0,0.0,BRAKE
3,0.0,0.0,BRAKE
3,0.0,0.0,BRAKE
3,0.0,0.0,BRAKE
3,0.0,0.0,BRAKE
3,0.0,0.0,BRAKE
3,0.0,0.0,BRAKE
3,0.0,0.0,BRAKE
3,0.0,0.0,BRAKE
3,0.0,0.0,BRAKE
3,0.0,0.0,BRAKE
3,0.0,0.0,BRAKE
3,0.0,0.0,BRAKE
3,0.0,0.0,BRAKE
3,0.0,0.0,BRAKE
3,0.0,0.0,BRAKE
3,0.0,0.0,BRAKE
3,0.0,0.0,BRAKE
3,0.0,0.0,BRAKE
3,0.0,0.0,BRAKE
3,0.0,0.0,BRAKE
3,0.0,0.0,BRAKE
3,0.0,0.0,BRAKE
3,0.0,0.0,BRAKE
3,0.0,0.0,BRAKE
3,0.0,0.0,BRAKE
3,0.0,0.0,BRAKE
3,0.0,0.0,BRAKE
3,0.0,0.0,BRAKE
3,0.0,0.0,BRAKE
3,0.0,0.0,BRAKE
3,0.0,0.0,BRAKE
3,0.0,0.0,BRAKE
3,0.0,0.0,BRAKE
3,0.0,0.0,BRAKE
3,0.0,0.0,BRAKE
3,0.0,0.0,BRAKE
3,0.0,0.0,BRAKE
3,0.0,0.0,BRAKE
3,0.0,0.0,BRAKE
3,0.0,0.0,BRAKE
3,0.0,0.0,BRAKE
3,0.0,0.0,BRAKE
3,0.0,0.0,BRAKE
3,0.0,0.0,BRAKE
3,0.0,0.0,BRAKE
3,0.0,0.0,BRAKE
3,0.0,0.0,BRAKE
3,0.0,0.0,BRAKE
3,0.0,0.0,BRAKE
3,0.0,0.0,BRAKE
3,0.0,0.0,BRAKE
3,0.0,0.0,BRAKE
3,0.0,0.0,BRAKE
3,0.0,0.0,BRAKE
3,0.0,0.0,BRAKE
3,0.0,0.0,BRAKE
3,0.0,0.0,BRAKE
3,0.0,0.0,BRAKE
3,0.0,0.0,BRAKE
3,0.0,0.0,BRAKE
3,0.0,0.0,BRAKE
3,0.0,0.0,BRAKE
3,0.0,0.0,BRAKE
3,0.0,0.0,BRAKE
3,0.0,0.0,BRAKE
3,0.0,0.0,BRAKE
3,0.0,0.0,BRAKE
3,0.0,0.0,BRAKE
3,0.0,0.0,BRAKE
3,0.0,0.0,BRAKE
3,0.0,0.0,BRAKE
3,0.0,0.0,BRAKE
3,0.0,0.0,BRAKE
3,0.0,0.0,BRAKE
3,0.0,0.0,BRAKE
3,0.0,0.0,BRAKE
3,0.0,0.0,BRAKE
3,0.0,0.0,BRAKE
3,0.0,0.0,BRAKE
3,0.0,0.0,BRAKE
3,0.0,0.0,BRAKE
3,0.0,0.0,BRAKE
3,0.0,0.0,BRAKE
3,0.0,0.0,BRAKE
3,0.0,0.0,BRAKE
3,0.0,0.0,BRAKE
3,0.0,0.0,BRAKE
3,0.0,0.0,BRAKE
3,0.0,0.0,BRAKE
3,0.0,0.0,BRAKE
3,0.0,0.0,BRAKE
3,0.0,0.0,BRAKE
3,0.0,0.0,BRAKE
3,0.0,0.0,BRAKE
3,0.0,0.0,BRAKE
3,0.0,0.0,BRAKE
3,0.0,0.0,BRAKE
3,0.0,0.0,BRAKE
3,0.0,0.0,BRAKE
3,0.0,0.0,BRAKE
3,0.0,0.0,BRAKE
3,0.0,0.0,BRAKE
3,0.0,0.0,BRAKE
3,0.0,0.0,BRAKE
3,0.0,0.0,BRAKE
3,0.0,0.0,BRAKE
3,0.0,0.0,BRAKE
3,0.0,0.0,BRAKE
3,0.0,0.0,BRAKE
3,0.0,0.0,BRAKE
3,0.0,0.0,BRAKE
3,0.0,0.0,BRAKE
3,0.0,0.0,BRAKE
3,0.0,0.0,BRAKE
3,0.0,0.0,BRAKE
3,0.0,0.0,BRAKE
3,0.0,0.0,BRAKE
3,0.0,0.0,BRAKE
3,0.0,0.0,BRAKE
3,0.0,0.0,BRAKE
3,0.0,0.0,BRAKE
3,0.0,0.0,BRAKE
3,0.0,0.0,BRAKE
3,0.0,0.0,BRAKE
3,0.0,0.0,BRAKE
3,0.0,0.0,BRAKE
3,0.0,0.0,BRAKE
3,0.0,0.0,BRAKE
3,0.0,0.0,BRAKE
3,0.0,0.0,BRAKE
3,0.0,0.0,BRAKE
3,0.0,0.0,BRAKE
3,0.0,0.0,BRAKE
3,0.0,0.0,BRAKE
3,0.0,0.0,BRAKE
3,0.0,0.0,BRAKE
3,0.0,0.0,BRAKE
3,0.0,0.0,BRAKE
3,0.0,0.0,BRAKE
3,0.0,0.0,BRAKE
3,0.0,0.0,BRAKE
3,0.0,0.0,BRAKE
3,0.0,0.0,BRAKE
3,0.0,0.0,BRAKE
3,0.0,0.0,BRAKE
3,0.0,0.0,BRAKE
3,0.0,0.0,BRAKE
3,0.0,0.0,BRAKE
3,0.0,0.0,BRAKE
3,0.0,0.0,BRAKE
3,0.0,0.0,BRAKE
3,0.0,0.0,BRAKE
3,0.0,0.0,BRAKE
3,0.0,0.0,BRAKE
3,0.0,0.0,BRAKE
3,0.0,0.0,BRAKE
3,0.0,0.0,BRAKE
3,0.0,0.0,BRAKE
3,0.0,0.0,BRAKE
3,0.0,0.0,BRAKE
3,0.0,0.0,BRAKE
3,0.0,0.0,BRAKE
3,0.0,0.0,BRAKE
3,0.0,0.0,BRAKE
3,0.0,0.0,BRAKE
3,0.0,0.0,BRAKE
3,0.0,0.0,BRAKE
3,0.0,0.0,BRAKE
3,0.0,0.0,BRAKE
3,0.0,0.0,BRAKE
3,0.0,0.0,BRAKE
3,0.0,0.0,BRAKE
3,0.0,0.0,BRAKE
3,0.0,0.0,BRAKE
3,0.0,0.0,BRAKE
3,0.0,0.0,BRAKE
3,0.0,0.0,BRAKE
3,0.0,0.0,BRAKE
3,0.0,0.0,BRAKE
3,0.0,0.0,BRAKE
3,0.0,0.0,BRAKE
3,0.0,0.0,BRAKE
3,0.0,0.0,BRAKE
3,0.0,0.0,BRAKE
3,0.0,0.0,BRAKE
3,0.0,0.0,BRAKE
3,0.0,0.0,BRAKE
3,0.0,0.0,BRAKE
3,0.0,0.0,BRAKE
3,0.0,0.0,BRAKE
3,0.0,0.0,BRAKE
3,0.0,0.0,BRAKE
3,0.0,0.0,BRAKE
3,0.0,0.0,BRAKE
3,0.0,0.0,BRAKE
3,0.0,0.0,BRAKE
3,0.0,0.0,BRAKE
3,0.0,0.0,BRAKE
3,0.0,0.0,BRAKE
3,0.0,0.0,BRAKE
3,0.0,0.0,BRAKE
3,0.0,0.0,BRAKE
3,0.0,0.0,BRAKE
3,0.0,0.0,BRAKE
3,0.0,0.0,BRAKE
3,0.0,0.0,BRAKE
3,0.0,0.0,BRAKE
3,0.0,0.0,BRAKE
3,0.0,0.0,BRAKE
3,0.0,0.0,BRAKE
3,0.0,0.0,BRAKE
3,0.0,0.0,BRAKE
3,0.0,0.0,BRAKE
3,0.0,0.0,BRAKE
3,0.0,0.0,BRAKE
3,0.0,0.0,BRAKE
3,0.0,0.0,BRAKE
3,0.0,0.0,BRAKE
3,0.0,0.0,BRAKE
3,0.0,0.0,BRAKE
3,0.0,0.0,BRAKE
3,0.0,0.0,BRAKE
3,0.0,0.0,BRAKE
3,0.0,0.0,BRAKE
3,0.0,0.0,BRAKE
3,0.0,0.0,BRAKE
3,0.0,0.0,BRAKE
3,0.0,0.0,BRAKE
3,0.0,0.0,BRAKE
3,0.0,0.0,BRAKE
3,0.0,0.0,BRAKE
3,0.0,0.0,BRAKE
3,0.0,0.0,BRAKE
3,0.0,0.0,BRAKE
3,0.0,0.0,BRAKE
3,0.0,0.0,BRAKE
3,0.0,0.0,BRAKE
3,0.0,0.0,BRAKE
3,0.0,0.0,BRAKE
3,0.0,0.0,BRAKE
3,0.0,0.0,BRAKE
3,0.0,0.0,BRAKE
3,0.0,0.0,BRAKE
3,0.0,0.0,BRAKE
3,0.0,0.0,BRAKE
3,0.0,0.0,BRAKE
3,0.0,0.0,BRAKE
3,0.0,0.0,BRAKE
3,0.0,0.0,BRAKE
3,0.0,0.0,BRAKE
3,0.0,0.0,BRAKE
3,0.0,0.0,BRAKE
3,0.0,0.0,BRAKE
3,0.0,0.0,BRAKE
3,0.0,0.0,BRAKE
3,0.0,0.0,BRAKE
3,0.0,0.0,BRAKE
3,0.0,0.0,BRAKE
3,0.0,0.0,BRAKE
3,0.0,0.0,BRAKE
3,0.0,0.0,BRAKE
3,0.0,0.0,BRAKE
3,0.0,0.0,BRAKE
3,0.0,0.0,BRAKE
3,0.0,0.0,BRAKE
3,0.0,0.0,BRAKE
3,0.0,0.0,BRAKE
3,0.0,0.0,BRAKE
3,0.0,0.0,BRAKE
3,0.0,0.0,BRAKE
3,0.0,0.0,BRAKE
3,0.0,0.0,BRAKE
3,0.0,0.0,BRAKE
3,0.0,0.0,BRAKE
3,0.0,0.0,BRAKE
3,0.0,0.0,BRAKE
3,0.0,0.0,BRAKE
3,0.0,0.0,BRAKE
3,0.0,0.0,BRAKE
3,0.0,0.0,BRAKE
3,0.0,0.0,BRAKE
3,0.0,0.0,BRAKE
3,0.0,0.0,BRAKE
3,0.0,0.0,BRAKE
3,0.0,0.0,BRAKE
3,0.0,0.0,BRAKE
3,0.0,0.0,BRAKE
3,0.0,0.0,BRAKE
3,0.0,0.0,BRAKE
3,0.0,0.0,BRAKE
3,0.0,0.0,BRAKE
3,0.0,0.0,BRAKE
3,0.0,0.0,BRAKE
3,0.0,0.0,BRAKE
3,0.0,0.0,BRAKE
3,0.0,0.0,BRAKE
3,0.0,0.0,BRAKE
3,0.0,0.0,BRAKE
3,0.0,0.0,BRAKE
3,0.0,0.0,BRAKE
3,0.0,0.0,BRAKE
3,0.0,0.0,BRAKE
3,0.0,0.0,BRAKE
3,0.0,0.0,BRAKE
3,0.0,0.0,BRAKE
3,0.0,0.0,BRAKE
3,0.0,0.0,BRAKE
3,0.0,0.0,BRAKE
3,0.0,0.0,BRAKE
3,0.0,0.0,BRAKE
3,0.0,0.0,BRAKE
3,0.0,0.0,BRAKE
3,0.0,0.0,BRAKE
3,0.0,0.0,BRAKE
3,0.0,0.0,BRAKE
3,0.0,0.0,BRAKE
3,0.0,0.0,BRAKE
3,0.0,0.0,BRAKE
3,0.0,0.0,BRAKE
3,0.0,0.0,BRAKE
3,0.0,0.0,BRAKE
3,0.0,0.0,BRAKE
3,0.0,0.0,BRAKE
3,0.0,0.0,BRAKE
3,0.0,0.0,BRAKE
3,0.0,0.0,BRAKE
3,0.0,0.0,BRAKE
3,0.0,0.0,BRAKE
3,0.0,0.0,BRAKE
3,0.0,0.0,BRAKE
3,0.0,0.0,BRAKE
3,0.0,0.0,BRAKE
3,0.0,0.0,BRAKE
3,0.0,0.0,BRAKE
3,0.0,0.0,BRAKE
3,0.0,0.0,BRAKE
3,0.0,0.0,BRAKE
3,0.0,0.0,BRAKE
3,0.0,0.0,BRAKE
3,0.0,0.0,BRAKE
3,0.0,0.0,BRAKE
3,0.0,0.0,BRAKE
3,0.0,0.0,BRAKE
3,0.0,0.0,BRAKE
3,0.0,0.0,BRAKE
3,0.0,0.0,BRAKE
3,0.0,0.0,BRAKE
3,0.0,0.0,BRAKE
3,0.0,0.0,BRAKE
3,0.0,0.0,BRAKE
3,0.0,0.0,BRAKE
3,0.0,0.0,BRAKE
3,0.0,0.0,BRAKE
3,0.0,0.0,BRAKE
3,0.0,0.0,BRAKE
3,0.0,0.0,BRAKE
3,0.0,0.0,BRAKE
3,0.0,0.0,BRAKE
3,0.0,0.0,BRAKE
3,0.0,0.0,BRAKE
3,0.0,0.0,BRAKE
3,0.0,0.0,BRAKE
3,0.0,0.0,BRAKE
3,0.0,0.0,BRAKE
3,0.0,0.0,BRAKE
3,0.0,0.0,BRAKE
3,0.0,0.0,BRAKE
3,0.0,0.0,BRAKE
3,0.0,0.0,BRAKE
3,0.0,0.0,BRAKE
3,0.0,0.0,BRAKE
3,0.0,0.0,BRAKE
3,0.0,0.0,BRAKE
3,0.0,0.0,BRAKE
3,0.0,0.0,BRAKE
3,0.0,0.0,BRAKE
3,0.0,0.0,BRAKE
3,0.0,0.0,BRAKE
3,0.0,0.0,BRAKE
3,0.0,0.0,BRAKE
3,0.0,0.0,BRAKE
3,0.0,0.0,BRAKE
3,0.0,0.0,BRAKE
3,0.0,0.0,BRAKE
3,0.0,0.0,BRAKE
3,0.0,0.0,BRAKE
3,0.0,0.0,BRAKE
3,0.0,0.0,BRAKE
3,0.0,0.0,BRAKE
3,0.0,0.0,BRAKE
3,0.0,0.0,BRAKE
3,0.0,0.0,BRAKE
3,0.0,0.0,BRAKE
3,0.0,0.0,BRAKE
3,0.0,0.0,BRAKE
3,0.0,0.0,BRAKE
3,0.0,0.0,BRAKE
3,0.0,0.0,BRAKE
3,0.0,0.0,BRAKE
3,0.0,0.0,BRAKE
3,0.0,0.0,BRAKE
3,0.0,0.0,BRAKE
3,0.0,0.0,BRAKE
3,0.0,0.0,BRAKE
3,0.0,0.0,BRAKE
3,0.0,0.0,BRAKE
3,0.0,0.0,BRAKE
3,0.0,0.0,BRAKE
3,0.0,0.0,BRAKE
3,0.0,0.0,BRAKE
3,0.0,0.0,BRAKE
3,0.0,0.0,BRAKE
3,0.0,0.0,BRAKE
3,0.0,0.0,BRAKE
3,0.0,0.0,BRAKE
3,0.0,0.0,BRAKE
3,0.0,0.0,BRAKE
3,0.0,0.0,BRAKE
3,0.0,0.0,BRAKE
3,0.0,0.0,BRAKE
3,0.0,0.0,BRAKE
3,0.0,0.0,BRAKE
3,0.0,0.0,BRAKE
3,0.0,0.0,BRAKE
3,0.0,0.0,BRAKE
3,0.0,0.0,BRAKE
3,0.0,0.0,BRAKE
3,0.0,0.0,BRAKE
3,0.0,0.0,BRAKE
3,0.0,0.0,BRAKE
3,0.0,0.0,BRAKE
3,0.0,0.0,BRAKE
3,0.0,0.0,BRAKE
3,0.0,0.0,BRAKE
3,0.0,0.0,BRAKE
3,0.0,0.0,BRAKE
3,0.0,0.0,BRAKE
3,0.0,0.0,BRAKE
3,0.0,0.0,BRAKE
3,0.0,0.0,BRAKE
3,0.0,0.0,BRAKE
3,0.0,0.0,BRAKE
3,0.0,0.0,BRAKE
3,0.0,0.0,BRAKE
3,0.0,0.0,BRAKE
3,0.0,0.0,BRAKE
3,0.0,0.0,BRAKE
3,0.0,0.0,BRAKE
3,0.0,0.0,BRAKE
3,0.0,0.0,BRAKE
3,0.0,0.0,BRAKE
3,0.0,0.0,BRAKE
3,0.0,0.0,BRAKE
3,0.0,0.0,BRAKE
3,0.0,0.0,BRAKE
3,0.0,0.0,BRAKE
3,0.0,0.0,BRAKE
3,0.0,0.0,BRAKE
3,0.0,0.0,BRAKE
3,0.0,0.0,BRAKE
3,0.0,0.0,BRAKE
3,0.0,0.0,BRAKE
3,0.0,0.0,BRAKE
3,0.0,0.0,BRAKE
3,0.0,0.0,BRAKE
3,0.0,0.0,BRAKE
3,0.0,0.0,BRAKE
3,0.0,0.0,BRAKE
3,0.0,0.0,BRAKE
3,0.0,0.0,BRAKE
3,0.0,0.0,BRAKE
3,0.0,0.0,BRAKE
3,0.0,0.0,BRAKE
3,0.0,0.0,BRAKE
3,0.0,0.0,BRAKE
3,0.0,0.0,BRAKE
3,0.0,0.0,BRAKE
3,0.0,0.0,BRAKE
3,0.0,0.0,BRAKE
3,0.0,0.0,BRAKE
3,0.0,0.0,BRAKE
3,0.0,0.0,BRAKE
3,0.0,0.0,BRAKE
3,0.0,0.0,BRAKE
3,0.0,0.0,BRAKE
3,0.0,0.0,BRAKE
3,0.0,0.0,BRAKE
3,0.0,0.0,BRAKE
3,0.0,0.0,BRAKE
3,0.0,0.0,BRAKE
3,0.0,0.0,BRAKE
3,0.0,0.0,BRAKE
3,0.0,0.0,BRAKE
3,0.0,0.0,BRAKE
3,0.0,0.0,BRAKE
3,0.0,0.0,BRAKE
3,0.0,0.0,BRAKE
3,0.0,0.0,BRAKE
3,0.0,0.0,BRAKE
3,0.0,0.0,BRAKE
3,0.0,0.0,BRAKE
3,0.0,0.0,BRAKE
3,0.0,0.0,BRAKE
3,0.0,0.0,BRAKE
3,0.0,0.0,BRAKE
3,0.0,0.0,BRAKE
3,0.0,0.0,BRAKE
3,0.0,0.0,BRAKE
3,0.0,0.0,BRAKE
3,0.0,0.0,BRAKE
3,0.0,0.0,BRAKE
3,0.0,0.0,BRAKE
3,0.0,0.0,BRAKE
3,0.0,0.0,BRAKE
3,0.0,0.0,BRAKE
3,0.0,0.0,BRAKE
3,0.0,0.0,BRAKE
3,0.0,0.0,BRAKE
3,0.0,0.0,BRAKE
3,0.0,0.0,BRAKE
3,0.0,0.0,BRAKE
3,0.0,0.0,BRAKE
3,0.0,0.0,BRAKE
3,0.0,0.0,BRAKE
3,0.0,0.0,BRAKE
3,0.0,0.0,BRAKE
3,0.0,0.0,BRAKE
3,0.0,0.0,BRAKE
3,0.0,0.0,BRAKE
3,0.0,0.0,BRAKE
3,0.0,0.0,BRAKE
3,0.0,0.0,BRAKE
3,0.0,0.0,BRAKE
3,0.0,0.0,BRAKE
3,0.0,0.0,BRAKE
3,0.0,0.0,BRAKE
3,0.0,0.0,BRAKE
3,0.0,0.0,BRAKE
3,0.0,0.0,BRAKE
3,0.0,0.0,BRAKE
3,0.0,0.0,BRAKE
3,0.0,0.0,BRAKE
3,0.0,0.0,BRAKE
3,0.0,0.0,BRAKE
3,0.0,0.0,BRAKE
3,0.0,0.0,BRAKE
3,0.0,0.0,BRAKE
3,0.0,0.0,BRAKE
3,0.0,0.0,BRAKE
3,0.0,0.0,BRAKE
3,0.0,0.0,BRAKE
3,0.0,0.0,BRAKE
3,0.0,0.0,BRAKE
3,0.0,0.0,BRAKE
3,0.0,0.0,BRAKE
3,0.0,0.0,BRAKE
3,0.0,0.0,BRAKE
3,0.0,0.0,BRAKE
3,0.0,0.0,BRAKE
3,0.0,0.0,BRAKE
3,0.0,0.0,BRAKE
3,0.0,0.0,BRAKE
3,0.0,0.0,BRAKE
3,0.0,0.0,BRAKE
3,0.0,0.0,BRAKE
3,0.0,0.0,BRAKE
3,0.0,0.0,BRAKE
3,0.0,0.0,BRAKE
3,0.0,0.0,BRAKE
3,0.0,0.0,BRAKE
3,0.0,0.0,BRAKE
3,0.0,0.0,BRAKE
3,0.0,0.0,BRAKE
3,0.0,0.0,BRAKE
3,0.0,0.0,BRAKE
3,0.0,0.0,BRAKE
3,0.0,0.0,BRAKE
3,0.0,0.0,BRAKE
3,0.0,0.0,BRAKE
3,0.0,0.0,BRAKE
3,0.0,0.0,BRAKE
3,0.0,0.0,BRAKE
3,0.0,0.0,BRAKE
3,0.0,0.0,BRAKE
3,0.0,0.0,BRAKE
3,0.0,0.0,BRAKE
3,0.0,0.0,BRAKE
3,0.0,0.0,BRAKE
3,0.0,0.0,BRAKE
3,0.0,0.0,BRAKE
3,0.0,0.0,BRAKE
3,0.0,0.0,BRAKE
3,0.0,0.0,BRAKE
3,0.0,0.0,BRAKE
3,0.0,0.0,BRAKE
3,0.0,0.0,BRAKE
3,0.0,0.0,BRAKE
3,0.0,0.0,BRAKE
3,0.0,0.0,BRAKE
3,0.0,0.0,BRAKE
3,0.0,0.0,BRAKE
3,0.0,0.0,BRAKE
3,0.0,0.0,BRAKE
3,0.0,0.0,BRAKE
3,0.0,0.0,BRAKE
3,0.0,0.0,BRAKE
3,0.0,0.0,BRAKE
3,0.0,0.0,BRAKE
3,0.0,0.0,BRAKE
3,0.0,0.0,BRAKE
3,0.0,0.0,BRAKE
3,0.0,0.0,BRAKE
3,0.0,0.0,BRAKE
3,0.0,0.0,BRAKE
3,0.0,0.0,BRAKE
3,0.0,0.0,BRAKE
3,0.0,0.0,BRAKE
3,0.0,0.0,BRAKE
3,0.0,0.0,BRAKE
3,0.0,0.0,BRAKE
3,0.0,0.0,BRAKE
3,0.0,0.0,BRAKE
3,0.0,0.0,BRAKE
3,0.0,0.0,BRAKE
3,0.0,0.0,BRAKE
3,0.0,0.0,BRAKE
3,0.0,0.0,BRAKE
3,0.0,0.0,BRAKE
3,0.0,0.0,BRAKE
3,0.0,0.0,BRAKE
3,0.0,0.0,BRAKE
3,0.0,0.0,BRAKE
3,0.0,0.0,BRAKE
3,0.0,0.0,BRAKE
3,0.0,0.0,BRAKE
3,0.0,0.0,BRAKE
3,0.0,0.0,BRAKE
3,0.0,0.0,BRAKE
3,0.0,0.0,BRAKE
3,0.0,0.0,BRAKE
3,0.0,0.0,BRAKE
3,0.0,0.0,BRAKE
3,0.0,0.0,BRAKE
3,0.0,0.0,BRAKE
3,0.0,0.0,BRAKE
3,0.0,0.0,BRAKE
3,0.0,0.0,BRAKE
3,0.0,0.0,BRAKE
3,0.0,0.0,BRAKE
3,0.0,0.0,BRAKE
3,0.0,0.0,BRAKE
3,0.0,0.0,BRAKE
3,0.0,0.0,BRAKE
3,0.0,0.0,BRAKE
3,0.0,0.0,BRAKE
3,0.0,0.0,BRAKE
3,0.0,0.0,BRAKE
3,0.0,0.0,BRAKE
3,0.0,0.0,BRAKE
3,0.0,0.0,BRAKE
3,0.0,0.0,BRAKE
3,0.0,0.0,BRAKE
3,0.0,0.0,BRAKE
3,0.0,0.0,BRAKE
3,0.0,0.0,BRAKE
3,0.0,0.0,BRAKE
3,0.0,0.0,BRAKE
3,0.0,0.0,BRAKE
3,0.0,0.0,BRAKE
3,0.0,0.0,BRAKE
3,0.0,0.0,BRAKE
3,0.0,0.0,BRAKE
3,0.0,0.0,BRAKE
3,0.0,0.0,BRAKE
3,0.0,0.0,BRAKE
3,0.0,0.0,BRAKE
3,0.0,0.0,BRAKE
3,0.0,0.0,BRAKE
3,0.0,0.0,BRAKE
3,0.0,0.0,BRAKE
3,0.0,0.0,BRAKE
3,0.0,0.0,BRAKE
3,0.0,0.0,BRAKE
3,0.0,0.0,BRAKE
3,0.0,0.0,BRAKE
3,0.0,0.0,BRAKE
3,0.0,0.0,BRAKE
3,0.0,0.0,BRAKE
3,0.0,0.0,BRAKE
3,0.0,0.0,BRAKE
3,0.0,0.0,BRAKE
3,0.0,0.0,BRAKE
3,0.0,0.0,BRAKE
3,0.0,0.0,BRAKE
3,0.0,0.0,BRAKE
3,0.0,0.0,BRAKE
3,0.0,0.0,BRAKE
3,0.0,0.0,BRAKE
3,0.0,0.0,BRAKE
3,0.0,0.0,BRAKE
3,0.0,0.0,BRAKE
3,0.0,0.0,BRAKE
3,0.0,0.0,BRAKE
3,0.0,0.0,BRAKE
3,0.0,0.0,BRAKE
3,0.0,0.0,BRAKE
3,0.0,0.0,BRAKE
3,0.0,0.0,BRAKE
3,0.0,0.0,BRAKE
3,0.0,0.0,BRAKE
3,0.0,0.0,BRAKE
3,0.0,0.0,BRAKE
3,0.0,0.0,BRAKE
3,0.0,0.0,BRAKE
3,0.0,0.0,BRAKE
3,0.0,0.0,BRAKE
3,0.0,0.0,BRAKE
3,0.0,0.0,BRAKE
3,0.0,0.0,BRAKE
3,0.0,0.0,BRAKE
3,0.0,0.0,BRAKE
3,0.0,0.0,BRAKE
3,0.0,0.0,BRAKE
3,0.0,0.0,BRAKE
3,0.0,0.0,BRAKE
3,0.0,0.0,BRAKE
3,0.0,0.0,BRAKE
3,0.0,0.0,BRAKE
3,0.0,0.0,BRAKE
3,0.0,0.0,BRAKE
3,0.0,0.0,BRAKE
3,0.0,0.0,BRAKE
3,0.0,0.0,BRAKE
3,0.0,0.0,BRAKE
3,0.0,0.0,BRAKE
3,0.0,0.0,BRAKE
3,0.0,0.0,BRAKE
3,0.0,0.0,BRAKE
3,0.0,0.0,BRAKE
3,0.0,0.0,BRAKE
3,0.0,0.0,BRAKE
3,0.0,0.0,BRAKE
3,0.0,0.0,BRAKE
3,0.0,0.0,BRAKE
3,0.0,0.0,BRAKE
3,0.0,0.0,BRAKE
3,0.0,0.0,BRAKE
3,0.0,0.0,BRAKE
3,0.0,0.0,BRAKE
3,0.0,0.0,BRAKE
3,0.0,0.0,BRAKE
3,0.0,0.0,BRAKE
3,0.0,0.0,BRAKE
3,0.0,0.0,BRAKE
3,0.0,0.0,BRAKE
3,0.0,0.0,BRAKE
3,0.0,0.0,BRAKE
3,0.0,0.0,BRAKE
3,0.0,0.0,BRAKE
3,0.0,0.0,BRAKE
3,0.0,0.0,BRAKE
8,0.0,0.0,BRAKE
3,0.0,0.0,BRAKE
3,0.0,0.0,BRAKE
3,0.0,0.0,BRAKE
3,0.0,0.0,BRAKE
3,0.0,0.0,BRAKE
3,0.0,0.0,BRAKE
8,0.0,0.0,BRAKE
8,0.0,0.0,BRAKE
8,0.0,0.0,BRAKE
8,0.0,0.0,BRAKE
3,0.0,0.0,BRAKE
8,0.0,0.0,BRAKE
3,0.0,0.0,BRAKE
3,0.0,0.0,BRAKE
3,0.0,0.0,BRAKE
3,0.0,0.0,BRAKE
3,0.0,0.0,BRAKE
3,0.0,0.0,BRAKE
3,0.0,0.0,BRAKE
3,0.0,0.0,BRAKE
3,0.0,0.0,BRAKE
3,0.0,0.0,BRAKE
3,0.0,0.0,BRAKE
3,0.0,0.0,BRAKE
8,0.0,0.0,BRAKE
8,0.0,0.0,BRAKE
8,0.0,0.0,BRAKE
3,0.0,0.0,BRAKE
8,0.0,0.0,BRAKE
8,0.0,0.0,BRAKE
3,0.0,0.0,BRAKE
3,0.0,0.0,BRAKE
3,0.0,0.0,BRAKE
3,0.0,0.0,BRAKE
3,0.0,0.0,BRAKE
3,0.0,0.0,BRAKE
3,0.0,0.0,BRAKE
3,0.0,0.0,BRAKE
3,0.0,0.0,BRAKE
8,0.0,0.0,BRAKE
8,0.0,0.0,BRAKE
8,0.0,0.0,BRAKE
3,0.0,0.0,BRAKE
8,0.0,0.0,BRAKE
8,0.0,0.0,BRAKE
8,0.0,0.0,BRAKE
3,0.0,0.0,BRAKE
8,0.0,0.0,BRAKE
8,0.0,0.0,BRAKE
8,0.0,0.0,BRAKE
8,0.0,0.0,BRAKE
3,0.0,0.0,BRAKE
3,0.0,0.0,BRAKE
3,0.0,0.0,BRAKE
3,0.0,0.0,BRAKE
3,0.0,0.0,BRAKE
3,0.0,0.0,BRAKE
3,0.0,0.0,BRAKE
3,0.0,0.0,BRAKE
3,0.0,0.0,BRAKE
3,0.0,0.0,BRAKE
3,0.0,0.0,BRAKE
3,0.0,0.0,BRAKE
8,0.0,0.0,BRAKE
3,0.0,0.0,BRAKE
8,0.0,0.0,BRAKE
3,0.0,0.0,BRAKE
3,0.0,0.0,BRAKE
3,0.0,0.0,BRAKE
3,0.0,0.0,BRAKE
3,0.0,0.0,BRAKE
8,0.0,0.0,BRAKE
3,0.0,0.0,BRAKE
3,0.0,0.0,BRAKE
3,0.0,0.0,BRAKE
3,0.0,0.0,BRAKE
3,0.0,0.0,BRAKE
3,0.0,0.0,BRAKE
3,0.0,0.0,BRAKE
3,0.0,0.0,BRAKE
3,0.0,0.0,BRAKE
3,0.0,0.0,BRAKE
3,0.0,0.0,BRAKE
3,0.0,0.0,BRAKE
3,0.0,0.0,BRAKE
3,0.0,0.0,BRAKE
3,0.0,0.0,BRAKE
3,0.0,0.0,BRAKE
3,0.0,0.0,BRAKE
3,0.0,0.0,BRAKE
3,0.0,0.0,BRAKE
3,0.0,0.0,BRAKE
3,0.0,0.0,BRAKE
3,0.0,0.0,BRAKE
3,0.0,0.0,BRAKE
3,0.0,0.0,BRAKE
3,0.0,0.0,BRAKE
3,0.0,0.0,BRAKE
3,0.0,0.0,BRAKE
3,0.0,0.0,BRAKE
3,0.0,0.0,BRAKE
3,0.0,0.0,BRAKE
3,0.0,0.0,BRAKE
3,0.0,0.0,BRAKE
3,0.0,0.0,BRAKE
3,0.0,0.0,BRAKE
3,0.0,0.0,BRAKE
3,0.0,0.0,BRAKE
3,0.0,0.0,BRAKE
3,0.0,0.0,BRAKE
3,0.0,0.0,BRAKE
3,0.0,0.0,BRAKE
3,0.0,0.0,BRAKE
3,0.0,0.0,BRAKE
3,0.0,0.0,BRAKE
3,0.0,0.0,BRAKE
3,0.0,0.0,BRAKE
3,0.0,0.0,BRAKE
3,0.0,0.0,BRAKE
3,0.0,0.0,BRAKE
3,0.0,0.0,BRAKE
3,0.0,0.0,BRAKE
3,0.0,0.0,BRAKE
3,0.0,0.0,BRAKE
3,0.0,0.0,BRAKE
3,0.0,0.0,BRAKE
3,0.0,0.0,BRAKE
3,0.0,0.0,BRAKE
3,0.0,0.0,BRAKE
3,0.0,0.0,BRAKE
8,0.0,0.0,BRAKE
3,0.0,0.0,BRAKE
3,0.0,0.0,BRAKE
3,0.0,0.0,BRAKE
3,0.0,0.0,BRAKE
3,0.0,0.0,BRAKE
3,0.0,0.0,BRAKE
3,0.0,0.0,BRAKE
3,0.0,0.0,BRAKE
3,0.0,0.0,BRAKE
3,0.0,0.0,BRAKE
3,0.0,0.0,BRAKE
3,0.0,0.0,BRAKE
3,0.0,0.0,BRAKE
3,0.0,0.0,BRAKE
3,0.0,0.0,BRAKE
3,0.0,0.0,BRAKE
3,0.0,0.0,BRAKE
3,0.0,0.0,BRAKE
3,0.0,0.0,BRAKE
3,0.0,0.0,BRAKE
3,0.0,0.0,BRAKE
3,0.0,0.0,BRAKE
3,0.0,0.0,BRAKE
3,0.0,0.0,BRAKE
3,0.0,0.0,BRAKE
3,0.0,0.0,BRAKE
3,0.0,0.0,BRAKE
3,0.0,0.0,BRAKE
3,0.0,0.0,BRAKE
3,0.0,0.0,BRAKE
3,0.0,0.0,BRAKE
3,0.0,0.0,BRAKE
3,0.0,0.0,BRAKE
3,0.0,0.0,BRAKE
3,0.0,0.0,BRAKE
3,0.0,0.0,BRAKE
3,0.0,0.0,BRAKE
3,0.0,0.0,BRAKE
3,0.0,0.0,BRAKE
3,0.0,0.0,BRAKE
3,0.0,0.0,BRAKE
3,0.0,0.0,BRAKE
3,0.0,0.0,BRAKE
3,0.0,0.0,BRAKE
3,0.0,0.0,BRAKE
3,0.0,0.0,BRAKE
3,0.0,0.0,BRAKE
3,0.0,0.0,BRAKE
3,0.0,0.0,BRAKE
3,0.0,0.0,BRAKE
3,0.0,0.0,BRAKE
3,0.0,0.0,BRAKE
3,0.0,0.0,BRAKE
3,0.0,0.0,BRAKE
3,0.0,0.0,BRAKE
3,0.0,0.0,BRAKE
3,0.0,0.0,BRAKE
3,0.0,0.0,BRAKE
3,0.0,0.0,BRAKE
3,0.0,0.0,BRAKE
8,0.0,0.0,BRAKE
3,0.0,0.0,BRAKE
3,0.0,0.0,BRAKE
3,0.0,0.0,BRAKE
3,0.0,0.0,BRAKE
3,0.0,0.0,BRAKE
3,0.0,0.0,BRAKE
3,0.0,0.0,BRAKE
3,0.0,0.0,BRAKE
3,0.0,0.0,BRAKE
3,0.0,0.0,BRAKE
3,0.0,0.0,BRAKE
3,0.0,0.0,BRAKE
3,0.0,0.0,BRAKE
3,0.0,0.0,BRAKE
3,0.0,0.0,BRAKE
3,0.0,0.0,BRAKE
3,0.0,0.0,BRAKE
3,0.0,0.0,BRAKE
3,0.0,0.0,BRAKE
3,0.0,0.0,BRAKE
3,0.0,0.0,BRAKE
3,0.0,0.0,BRAKE
3,0.0,0.0,BRAKE
3,0.0,0.0,BRAKE
3,0.0,0.0,BRAKE
3,0.0,0.0,BRAKE
3,0.0,0.0,BRAKE
3,0.0,0.0,BRAKE
3,0.0,0.0,BRAKE
3,0.0,0.0,BRAKE
3,0.0,0.0,BRAKE
3,0.0,0.0,BRAKE
3,0.0,0.0,BRAKE
3,0.0,0.0,BRAKE
3,0.0,0.0,BRAKE
3,0.0,0.0,BRAKE
3,0.0,0.0,BRAKE
3,0.0,0.0,BRAKE
3,0.0,0.0,BRAKE
3,0.0,0.0,BRAKE
3,0.0,0.0,BRAKE
8,0.0,0.0,BRAKE
3,0.0,0.0,BRAKE
8,0.0,0.0,BRAKE
8,0.0,0.0,BRAKE
8,0.0,0.0,BRAKE
8,0.0,0.0,BRAKE
3,0.0,0.0,BRAKE
3,0.0,0.0,BRAKE
3,0.0,0.0,BRAKE
3,0.0,0.0,BRAKE
3,0.0,0.0,BRAKE
3,0.0,0.0,BRAKE
3,0.0,0.0,BRAKE
3,0.0,0.0,BRAKE
3,0.0,0.0,BRAKE
3,0.0,0.0,BRAKE
3,0.0,0.0,BRAKE
3,0.0,0.0,BRAKE
3,0.0,0.0,BRAKE
3,0.0,0.0,BRAKE
3,0.0,0.0,BRAKE
3,0.0,0.0,BRAKE
3,0.0,0.0,BRAKE
3,0.0,0.0,BRAKE
8,0.0,0.0,BRAKE
3,0.0,0.0,BRAKE
8,0.0,0.0,BRAKE
3,0.0,0.0,BRAKE
3,0.0,0.0,BRAKE
3,0.0,0.0,BRAKE
3,0.0,0.0,BRAKE
3,0.0,0.0,BRAKE
3,0.0,0.0,BRAKE
3,0.0,0.0,BRAKE
3,0.0,0.0,BRAKE
3,0.0,0.0,BRAKE
3,0.0,0.0,BRAKE
3,0.0,0.0,BRAKE
3,0.0,0.0,BRAKE
3,0.0,0.0,BRAKE
8,0.0,0.0,BRAKE
3,0.0,0.0,BRAKE
3,0.0,0.0,BRAKE
3,0.0,0.0,BRAKE
3,0.0,0.0,BRAKE
3,0.0,0.0,BRAKE
3,0.0,0.0,BRAKE
3,0.0,0.0,BRAKE
3,0.0,0.0,BRAKE
3,0.0,0.0,BRAKE
3,0.0,0.0,BRAKE
3,0.0,0.0,BRAKE
3,0.0,0.0,BRAKE
3,0.0,0.0,BRAKE
3,0.0,0.0,BRAKE
3,0.0,0.0,BRAKE
3,0.0,0.0,BRAKE
3,0.0,0.0,BRAKE
3,0.0,0.0,BRAKE
3,0.0,0.0,BRAKE
3,0.0,0.0,BRAKE
3,0.0,0.0,BRAKE
3,0.0,0.0,BRAKE
3,0.0,0.0,BRAKE
3,0.0,0.0,BRAKE
3,0.0,0.0,BRAKE
3,0.0,0.0,BRAKE
3,0.0,0.0,BRAKE
3,0.0,0.0,BRAKE
3,0.0,0.0,BRAKE
3,0.0,0.0,BRAKE
3,0.0,0.0,BRAKE
3,0.0,0.0,BRAKE
3,0.0,0.0,BRAKE
3,0.0,0.0,BRAKE
3,0.0,0.0,BRAKE
3,0.0,0.0,BRAKE
3,0.0,0.0,BRAKE
8,0.0,0.0,BRAKE
3,0.0,0.0,BRAKE
3,0.0,0.0,BRAKE
3,0.0,0.0,BRAKE
3,0.0,0.0,BRAKE
3,0.0,0.0,BRAKE
3,0.0,0.0,BRAKE
3,0.0,0.0,BRAKE
3,0.0,0.0,BRAKE
3,0.0,0.0,BRAKE
3,0.0,0.0,BRAKE
3,0.0,0.0,BRAKE
3,0.0,0.0,BRAKE
3,0.0,0.0,BRAKE
3,0.0,0.0,BRAKE
3,0.0,0.0,BRAKE
3,0.0,0.0,BRAKE
3,0.0,0.0,BRAKE
3,0.0,0.0,BRAKE
3,0.0,0.0,BRAKE
3,0.0,0.0,BRAKE
3,0.0,0.0,BRAKE
3,0.0,0.0,BRAKE
3,0.0,0.0,BRAKE
3,0.0,0.0,BRAKE
3,0.0,0.0,BRAKE
3,0.0,0.0,BRAKE
3,0.0,0.0,BRAKE
3,0.0,0.0,BRAKE
3,0.0,0.0,BRAKE
3,0.0,0.0,BRAKE
3,0.0,0.0,BRAKE
3,0.0,0.0,BRAKE
3,0.0,0.0,BRAKE
3,0.0,0.0,BRAKE
3,0.0,0.0,BRAKE
3,0.0,0.0,BRAKE
3,0.0,0.0,BRAKE
3,0.0,0.0,BRAKE
3,0.0,0.0,BRAKE
3,0.0,0.0,BRAKE
3,0.0,0.0,BRAKE
3,0.0,0.0,BRAKE
3,0.0,0.0,BRAKE
3,0.0,0.0,BRAKE
3,0.0,0.0,BRAKE
3,0.0,0.0,BRAKE
3,0.0,0.0,BRAKE
3,0.0,0.0,BRAKE
3,0.0,0.0,BRAKE
3,0.0,0.0,BRAKE
3,0.0,0.0,BRAKE
3,0.0,0.0,BRAKE
3,0.0,0.0,BRAKE
3,0.0,0.0,BRAKE
3,0.0,0.0,BRAKE
3,0.0,0.0,BRAKE
3,0.0,0.0,BRAKE
3,0.0,0.0,BRAKE
3,0.0,0.0,BRAKE
3,0.0,0.0,BRAKE
8,0.0,0.0,BRAKE
3,0.0,0.0,BRAKE
3,0.0,0.0,BRAKE
3,0.0,0.0,BRAKE
3,0.0,0.0,BRAKE
3,0.0,0.0,BRAKE
3,0.0,0.0,BRAKE
3,0.0,0.0,BRAKE
3,0.0,0.0,BRAKE
3,0.0,0.0,BRAKE
3,0.0,0.0,BRAKE
3,0.0,0.0,BRAKE
3,0.0,0.0,BRAKE
3,0.0,0.0,BRAKE
3,0.0,0.0,BRAKE
3,0.0,0.0,BRAKE
3,0.0,0.0,BRAKE
3,0.0,0.0,BRAKE
3,0.0,0.0,BRAKE
3,0.0,0.0,BRAKE
3,0.0,0.0,BRAKE
3,0.0,0.0,BRAKE
3,0.0,0.0,BRAKE
3,0.0,0.0,BRAKE
3,0.0,0.0,BRAKE
3,0.0,0.0,BRAKE
3,0.0,0.0,BRAKE
3,0.0,0.0,BRAKE
3,0.0,0.0,BRAKE
3,0.0,0.0,BRAKE
3,0.0,0.0,BRAKE
3,0.0,0.0,BRAKE
3,0.0,0.0,BRAKE
3,0.0,0.0,BRAKE
3,0.0,0.0,BRAKE
3,0.0,0.0,BRAKE
3,0.0,0.0,BRAKE
3,0.0,0.0,BRAKE
3,0.0,0.0,BRAKE
3,0.0,0.0,BRAKE
3,0.0,0.0,BRAKE
3,0.0,0.0,BRAKE
3,0.0,0.0,BRAKE
3,0.0,0.0,BRAKE
3,0.0,0.0,BRAKE
3,0.0,0.0,BRAKE
3,0.0,0.0,BRAKE
3,0.0,0.0,BRAKE
3,0.0,0.0,BRAKE
3,0.0,0.0,BRAKE
3,0.0,0.0,BRAKE
3,0.0,0.0,BRAKE
3,0.0,0.0,BRAKE
3,0.0,0.0,BRAKE
3,0.0,0.0,BRAKE
3,0.0,0.0,BRAKE
3,0.0,0.0,BRAKE
3,0.0,0.0,BRAKE
3,0.0,0.0,BRAKE
3,0.0,0.0,BRAKE
3,0.0,0.0,BRAKE
3,0.0,0.0,BRAKE
3,0.0,0.0,BRAKE
3,0.0,0.0,BRAKE
3,0.0,0.0,BRAKE
3,0.0,0.0,BRAKE
3,0.0,0.0,BRAKE
3,0.0,0.0,BRAKE
3,0.0,0.0,BRAKE
3,0.0,0.0,BRAKE
3,0.0,0.0,BRAKE
3,0.0,0.0,BRAKE
3,0.0,0.0,BRAKE
3,0.0,0.0,BRAKE
3,0.0,0.0,BRAKE
3,0.0,0.0,BRAKE
3,0.0,0.0,BRAKE
3,0.0,0.0,BRAKE
8,0.0,0.0,BRAKE
3,0.0,0.0,BRAKE
3,0.0,0.0,BRAKE
3,0.0,0.0,BRAKE
3,0.0,0.0,BRAKE
3,0.0,0.0,BRAKE
3,0.0,0.0,BRAKE
3,0.0,0.0,BRAKE
3,0.0,0.0,BRAKE
3,0.0,0.0,BRAKE
3,0.0,0.0,BRAKE
8,0.0,0.0,BRAKE
3,0.0,0.0,BRAKE
3,0.0,0.0,BRAKE
3,0.0,0.0,BRAKE
3,0.0,0.0,BRAKE
3,0.0,0.0,BRAKE
3,0.0,0.0,BRAKE
3,0.0,0.0,BRAKE
3,0.0,0.0,BRAKE
3,0.0,0.0,BRAKE
3,0.0,0.0,BRAKE
3,0.0,0.0,BRAKE
3,0.0,0.0,BRAKE
3,0.0,0.0,BRAKE
3,0.0,0.0,BRAKE
3,0.0,0.0,BRAKE
3,0.0,0.0,BRAKE
3,0.0,0.0,BRAKE
3,0.0,0.0,BRAKE
3,0.0,0.0,BRAKE
3,0.0,0.0,BRAKE
3,0.0,0.0,BRAKE
3,0.0,0.0,BRAKE
3,0.0,0.0,BRAKE
3,0.0,0.0,BRAKE
3,0.0,0.0,BRAKE
3,0.0,0.0,BRAKE
3,0.0,0.0,BRAKE
3,0.0,0.0,BRAKE
3,0.0,0.0,BRAKE
3,0.0,0.0,BRAKE
3,0.0,0.0,BRAKE
3,0.0,0.0,BRAKE
3,0.0,0.0,BRAKE
3,0.0,0.0,BRAKE
3,0.0,0.0,BRAKE
3,0.0,0.0,BRAKE
3,0.0,0.0,BRAKE
3,0.0,0.0,BRAKE
3,0.0,0.0,BRAKE
3,0.0,0.0,BRAKE
3,0.0,0.0,BRAKE
3,0.0,0.0,BRAKE
3,0.0,0.0,BRAKE
3,0.0,0.0,BRAKE
3,0.0,0.0,BRAKE
3,0.0,0.0,BRAKE
3,0.0,0.0,BRAKE
3,0.0,0.0,BRAKE
3,0.0,0.0,BRAKE
3,0.0,0.0,BRAKE
3,0.0,0.0,BRAKE
3,0.0,0.0,BRAKE
3,0.0,0.0,BRAKE
3,0.0,0.0,BRAKE
3,0.0,0.0,BRAKE
3,0.0,0.0,BRAKE
3,0.0,0.0,BRAKE
3,0.0,0.0,BRAKE
3,0.0,0.0,BRAKE
3,0.0,0.0,BRAKE
3,0.0,0.0,BRAKE
3,0.0,0.0,BRAKE
3,0.0,0.0,BRAKE
3,0.0,0.0,BRAKE
3,0.0,0.0,BRAKE
3,0.0,0.0,BRAKE
3,0.0,0.0,BRAKE
3,0.0,0.0,BRAKE
3,0.0,0.0,BRAKE
3,0.0,0.0,BRAKE
3,0.0,0.0,BRAKE
3,0.0,0.0,BRAKE
3,0.0,0.0,BRAKE
3,0.0,0.0,BRAKE
3,0.0,0.0,BRAKE
3,0.0,0.0,BRAKE
3,0.0,0.0,BRAKE
3,0.0,0.0,BRAKE
3,0.0,0.0,BRAKE
3,0.0,0.0,BRAKE
3,0.0,0.0,BRAKE
3,0.0,0.0,BRAKE
3,0.0,0.0,BRAKE
3,0.0,0.0,BRAKE
3,0.0,0.0,BRAKE
3,0.0,0.0,BRAKE
3,0.0,0.0,BRAKE
3,0.0,0.0,BRAKE
3,0.0,0.0,BRAKE
8,0.0,0.0,BRAKE
3,0.0,0.0,BRAKE
3,0.0,0.0,BRAKE
3,0.0,0.0,BRAKE
3,0.0,0.0,BRAKE
3,0.0,0.0,BRAKE
3,0.0,0.0,BRAKE
3,0.0,0.0,BRAKE
3,0.0,0.0,BRAKE
3,0.0,0.0,BRAKE
3,0.0,0.0,BRAKE
3,0.0,0.0,BRAKE
3,0.0,0.0,BRAKE
3,0.0,0.0,BRAKE
3,0.0,0.0,BRAKE
3,0.0,0.0,BRAKE
3,0.0,0.0,BRAKE
3,0.0,0.0,BRAKE
3,0.0,0.0,BRAKE
3,0.0,0.0,BRAKE
3,0.0,0.0,BRAKE
3,0.0,0.0,BRAKE
3,0.0,0.0,BRAKE
3,0.0,0.0,BRAKE
3,0.0,0.0,BRAKE
3,0.0,0.0,BRAKE
3,0.0,0.0,BRAKE
3,0.0,0.0,BRAKE
3,0.0,0.0,BRAKE
3,0.0,0.0,BRAKE
3,0.0,0.0,BRAKE
3,0.0,0.0,BRAKE
3,0.0,0.0,BRAKE
3,0.0,0.0,BRAKE
3,0.0,0.0,BRAKE
3,0.0,0.0,BRAKE
3,0.0,0.0,BRAKE
3,0.0,0.0,BRAKE
3,0.0,0.0,BRAKE
8,0.0,0.0,BRAKE
3,0.0,0.0,BRAKE
3,0.0,0.0,BRAKE
3,0.0,0.0,BRAKE
3,0.0,0.0,BRAKE
3,0.0,0.0,BRAKE
3,0.0,0.0,BRAKE
3,0.0,0.0,BRAKE
3,0.0,0.0,BRAKE
3,0.0,0.0,BRAKE
3,0.0,0.0,BRAKE
3,0.0,0.0,BRAKE
3,0.0,0.0,BRAKE
3,0.0,0.0,BRAKE
3,0.0,0.0,BRAKE
3,0.0,0.0,BRAKE
3,0.0,0.0,BRAKE
3,0.0,0.0,BRAKE
3,0.0,0.0,BRAKE
3,0.0,0.0,BRAKE
3,0.0,0.0,BRAKE
3,0.0,0.0,BRAKE
3,0.0,0.0,BRAKE
3,0.0,0.0,BRAKE
3,0.0,0.0,BRAKE
3,0.0,0.0,BRAKE
3,0.0,0.0,BRAKE
3,0.0,0.0,BRAKE
3,0.0,0.0,BRAKE
3,0.0,0.0,BRAKE
3,0.0,0.0,BRAKE
3,0.0,0.0,BRAKE
3,0.0,0.0,BRAKE
3,0.0,0.0,BRAKE
3,0.0,0.0,BRAKE
3,0.0,0.0,BRAKE
3,0.0,0.0,BRAKE
3,0.0,0.0,BRAKE
3,0.0,0.0,BRAKE
3,0.0,0.0,BRAKE
3,0.0,0.0,BRAKE
3,0.0,0.0,BRAKE
3,0.0,0.0,BRAKE
3,0.0,0.0,BRAKE
3,0.0,0.0,BRAKE
3,0.0,0.0,BRAKE
3,0.0,0.0,BRAKE
3,0.0,0.0,BRAKE
3,0.0,0.0,BRAKE
3,0.0,0.0,BRAKE
3,0.0,0.0,BRAKE
3,0.0,0.0,BRAKE
3,0.0,0.0,BRAKE
3,0.0,0.0,BRAKE
3,0.0,0.0,BRAKE
3,0.0,0.0,BRAKE
3,0.0,0.0,BRAKE
3,0.0,0.0,BRAKE
3,0.0,0.0,BRAKE
3,0.0,0.0,BRAKE
3,0.0,0.0,BRAKE
3,0.0,0.0,BRAKE
3,0.0,0.0,BRAKE
3,0.0,0.0,BRAKE
3,0.0,0.0,BRAKE
3,0.0,0.0,BRAKE
3,0.0,0.0,BRAKE
3,0.0,0.0,BRAKE
3,0.0,0.0,BRAKE
3,0.0,0.0,BRAKE
3,0.0,0.0,BRAKE
3,0.0,0.0,BRAKE
3,0.0,0.0,BRAKE
3,0.0,0.0,BRAKE
3,0.0,0.0,BRAKE
3,0.0,0.0,BRAKE
3,0.0,0.0,BRAKE
3,0.0,0.0,BRAKE
3,0.0,0.0,BRAKE
3,0.0,0.0,BRAKE
3,0.0,0.0,BRAKE
3,0.0,0.0,BRAKE
3,0.0,0.0,BRAKE
3,0.0,0.0,BRAKE
3,0.0,0.0,BRAKE
3,0.0,0.0,BRAKE
3,0.0,0.0,BRAKE
3,0.0,0.0,BRAKE
3,0.0,0.0,BRAKE
3,0.0,0.0,BRAKE
3,0.0,0.0,BRAKE
3,0.0,0.0,BRAKE
3,0.0,0.0,BRAKE
3,0.0,0.0,BRAKE
3,0.0,0.0,BRAKE
3,0.0,0.0,BRAKE
3,0.0,0.0,BRAKE
3,0.0,0.0,BRAKE
3,0.0,0.0,BRAKE
8,0.0,0.0,BRAKE
3,0.0,0.0,BRAKE
3,0.0,0.0,BRAKE
3,0.0,0.0,BRAKE
3,0.0,0.0,BRAKE
3,0.0,0.0,BRAKE
3,0.0,0.0,BRAKE
3,0.0,0.0,BRAKE
3,0.0,0.0,BRAKE
3,0.0,0.0,BRAKE
3,0.0,0.0,BRAKE
3,0.0,0.0,BRAKE
3,0.0,0.0,BRAKE
3,0.0,0.0,BRAKE
3,0.0,0.0,BRAKE
3,0.0,0.0,BRAKE
3,0.0,0.0,BRAKE
3,0.0,0.0,BRAKE
3,0.0,0.0,BRAKE
3,0.0,0.0,BRAKE
3,0.0,0.0,BRAKE
3,0.0,0.0,BRAKE
3,0.0,0.0,BRAKE
3,0.0,0.0,BRAKE
3,0.0,0.0,BRAKE
3,0.0,0.0,BRAKE
8,0.0,0.0,BRAKE
3,0.0,0.0,BRAKE
3,0.0,0.0,BRAKE
3,0.0,0.0,BRAKE
8,0.0,0.0,BRAKE
8,0.0,0.0,BRAKE
8,0.0,0.0,BRAKE
8,0.0,0.0,BRAKE
3,0.0,0.0,BRAKE
8,0.0,0.0,BRAKE
3,0.0,0.0,BRAKE
3,0.0,0.0,BRAKE
3,0.0,0.0,BRAKE
3,0.0,0.0,BRAKE
3,0.0,0.0,BRAKE
3,0.0,0.0,BRAKE
3,0.0,0.0,BRAKE
3,0.0,0.0,BRAKE
3,0.0,0.0,BRAKE
3,0.0,0.0,BRAKE
3,0.0,0.0,BRAKE
3,0.0,0.0,BRAKE
3,0.0,0.0,BRAKE
3,0.0,0.0,BRAKE
3,0.0,0.0,BRAKE
3,0.0,0.0,BRAKE
3,0.0,0.0,BRAKE
3,0.0,0.0,BRAKE
3,0.0,0.0,BRAKE
3,0.0,0.0,BRAKE
3,0.0,0.0,BRAKE
3,0.0,0.0,BRAKE
3,0.0,0.0,BRAKE
3,0.0,0.0,BRAKE
3,0.0,0.0,BRAKE
3,0.0,0.0,BRAKE
8,0.0,0.0,BRAKE
8,0.0,0.0,BRAKE
8,0.0,0.0,BRAKE
8,0.0,0.0,BRAKE
3,0.0,0.0,BRAKE
8,0.0,0.0,BRAKE
3,0.0,0.0,BRAKE
3,0.0,0.0,BRAKE
3,0.0,0.0,BRAKE
3,0.0,0.0,BRAKE
3,0.0,0.0,BRAKE
3,0.0,0.0,BRAKE
3,0.0,0.0,BRAKE
3,0.0,0.0,BRAKE
3,0.0,0.0,BRAKE
3,0.0,0.0,BRAKE
3,0.0,0.0,BRAKE
3,0.0,0.0,BRAKE
3,0.0,0.0,BRAKE
8,0.0,0.0,BRAKE
3,0.0,0.0,BRAKE
3,0.0,0.0,BRAKE
8,0.0,0.0,BRAKE
3,0.0,0.0,BRAKE
3,0.0,0.0,BRAKE
3,0.0,0.0,BRAKE
3,0.0,0.0,BRAKE
3,0.0,0.0,BRAKE
3,0.0,0.0,BRAKE
3,0.0,0.0,BRAKE
3,0.0,0.0,BRAKE
3,0.0,0.0,BRAKE
3,0.0,0.0,BRAKE
3,0.0,0.0,BRAKE
3,0.0,0.0,BRAKE
3,0.0,0.0,BRAKE
3,0.0,0.0,BRAKE
3,0.0,0.0,BRAKE
3,0.0,0.0,BRAKE
3,0.0,0.0,BRAKE
8,0.0,0.0,BRAKE
3,0.0,0.0,BRAKE
3,0.0,0.0,BRAKE
3,0.0,0.0,BRAKE
3,0.0,0.0,BRAKE
3,0.0,0.0,BRAKE
3,0.0,0.0,BRAKE
3,0.0,0.0,BRAKE
3,0.0,0.0,BRAKE
3,0.0,0.0,BRAKE
3,0.0,0.0,BRAKE
3,0.0,0.0,BRAKE
3,0.0,0.0,BRAKE
3,0.0,0.0,BRAKE
8,0.0,0.0,BRAKE
8,0.0,0.0,BRAKE
3,0.0,0.0,BRAKE
3,0.0,0.0,BRAKE
3,0.0,0.0,BRAKE
3,0.0,0.0,BRAKE
3,0.0,0.0,BRAKE
3,0.0,0.0,BRAKE
3,0.0,0.0,BRAKE
3,0.0,0.0,BRAKE
3,0.0,0.0,BRAKE
3,0.0,0.0,BRAKE
3,0.0,0.0,BRAKE
3,0.0,0.0,BRAKE
3,0.0,0.0,BRAKE
3,0.0,0.0,BRAKE
8,0.0,0.0,BRAKE
8,0.0,0.0,BRAKE
3,0.0,0.0,BRAKE
3,0.0,0.0,BRAKE
3,0.0,0.0,BRAKE
3,0.0,0.0,BRAKE
3,0.0,0.0,BRAKE
3,0.0,0.0,BRAKE
3,0.0,0.0,BRAKE
3,0.0,0.0,BRAKE
3,0.0,0.0,BRAKE
3,0.0,0.0,BRAKE
3,0.0,0.0,BRAKE
3,0.0,0.0,BRAKE
3,0.0,0.0,BRAKE
3,0.0,0.0,BRAKE
3,0.0,0.0,BRAKE
3,0.0,0.0,BRAKE
3,0.0,0.0,BRAKE
3,0.0,0.0,BRAKE
8,0.0,0.0,BRAKE
3,0.0,0.0,BRAKE
3,0.0,0.0,BRAKE
3,0.0,0.0,BRAKE
3,0.0,0.0,BRAKE
3,0.0,0.0,BRAKE
3,0.0,0.0,BRAKE
3,0.0,0.0,BRAKE
3,0.0,0.0,BRAKE
3,0.0,0.0,BRAKE
3,0.0,0.0,BRAKE
3,0.0,0.0,BRAKE
3,0.0,0.0,BRAKE
3,0.0,0.0,BRAKE
3,0.0,0.0,BRAKE
8,0.0,0.0,BRAKE
8,0.0,0.0,BRAKE
8,0.0,0.0,BRAKE
3,0.0,0.0,BRAKE
3,0.0,0.0,BRAKE
8,0.0,0.0,BRAKE
3,0.0,0.0,BRAKE
3,0.0,0.0,BRAKE
3,0.0,0.0,BRAKE
3,0.0,0.0,BRAKE
3,0.0,0.0,BRAKE
3,0.0,0.0,BRAKE
3,0.0,0.0,BRAKE
3,0.0,0.0,BRAKE
3,0.0,0.0,BRAKE
3,0.0,0.0,BRAKE
3,0.0,0.0,BRAKE
3,0.0,0.0,BRAKE
3,0.0,0.0,BRAKE
3,0.0,0.0,BRAKE
8,0.0,0.0,BRAKE
8,0.0,0.0,BRAKE
3,0.0,0.0,BRAKE
3,0.0,0.0,BRAKE
3,0.0,0.0,BRAKE
3,0.0,0.0,BRAKE
3,0.0,0.0,BRAKE
3,0.0,0.0,BRAKE
3,0.0,0.0,BRAKE
3,0.0,0.0,BRAKE
3,0.0,0.0,BRAKE
3,0.0,0.0,BRAKE
3,0.0,0.0,BRAKE
3,0.0,0.0,BRAKE
8,0.0,0.0,BRAKE
3,0.0,0.0,BRAKE
8,0.0,0.0,BRAKE
3,0.0,0.0,BRAKE
3,0.0,0.0,BRAKE
8,0.0,0.0,BRAKE
3,0.0,0.0,BRAKE
3,0.0,0.0,BRAKE
3,0.0,0.0,BRAKE
3,0.0,0.0,BRAKE
3,0.0,0.0,BRAKE
3,0.0,0.0,BRAKE
3,0.0,0.0,BRAKE
3,0.0,0.0,BRAKE
3,0.0,0.0,BRAKE
3,0.0,0.0,BRAKE
3,0.0,0.0,BRAKE
3,0.0,0.0,BRAKE
8,0.0,0.0,BRAKE
3,0.0,0.0,BRAKE
3,0.0,0.0,BRAKE
8,0.0,0.0,BRAKE
3,0.0,0.0,BRAKE
3,0.0,0.0,BRAKE
8,0.0,0.0,BRAKE
3,0.0,0.0,BRAKE
3,0.0,0.0,BRAKE
3,0.0,0.0,BRAKE
3,0.0,0.0,BRAKE
3,0.0,0.0,BRAKE
3,0.0,0.0,BRAKE
3,0.0,0.0,BRAKE
3,0.0,0.0,BRAKE
3,0.0,0.0,BRAKE
3,0.0,0.0,BRAKE
3,0.0,0.0,BRAKE
3,0.0,0.0,BRAKE
3,0.0,0.0,BRAKE
8,0.0,0.0,BRAKE
3,0.0,0.0,BRAKE
3,0.0,0.0,BRAKE
3,0.0,0.0,BRAKE
3,0.0,0.0,BRAKE
3,0.0,0.0,BRAKE
3,0.0,0.0,BRAKE
3,0.0,0.0,BRAKE
3,0.0,0.0,BRAKE
3,0.0,0.0,BRAKE
3,0.0,0.0,BRAKE
3,0.0,0.0,BRAKE
3,0.0,0.0,BRAKE
8,0.0,0.0,BRAKE
3,0.0,0.0,BRAKE
3,0.0,0.0,BRAKE
8,0.0,0.0,BRAKE
3,0.0,0.0,BRAKE
3,0.0,0.0,BRAKE
3,0.0,0.0,BRAKE
3,0.0,0.0,BRAKE
3,0.0,0.0,BRAKE
3,0.0,0.0,BRAKE
3,0.0,0.0,BRAKE
3,0.0,0.0,BRAKE
3,0.0,0.0,BRAKE
3,0.0,0.0,BRAKE
3,0.0,0.0,BRAKE
3,0.0,0.0,BRAKE
3,0.0,0.0,BRAKE
3,0.0,0.0,BRAKE
3,0.0,0.0,BRAKE
3,0.0,0.0,BRAKE
8,0.0,0.0,BRAKE
3,0.0,0.0,BRAKE
3,0.0,0.0,BRAKE
3,0.0,0.0,BRAKE
3,0.0,0.0,BRAKE
3,0.0,0.0,BRAKE
3,0.0,0.0,BRAKE
3,0.0,0.0,BRAKE
8,0.0,0.0,BRAKE
3,0.0,0.0,BRAKE
8,0.0,0.0,BRAKE
3,0.0,0.0,BRAKE
3,0.0,0.0,BRAKE
3,0.0,0.0,BRAKE
3,0.0,0.0,BRAKE
3,0.0,0.0,BRAKE
3,0.0,0.0,BRAKE
3,0.0,0.0,BRAKE
3,0.0,0.0,BRAKE
3,0.0,0.0,BRAKE
3,0.0,0.0,BRAKE
3,0.0,0.0,BRAKE
3,0.0,0.0,BRAKE
3,0.0,0.0,BRAKE
3,0.0,0.0,BRAKE
3,0.0,0.0,BRAKE
3,0.0,0.0,BRAKE
3,0.0,0.0,BRAKE
3,0.0,0.0,BRAKE
3,0.0,0.0,BRAKE
3,0.0,0.0,BRAKE
3,0.0,0.0,BRAKE
3,0.0,0.0,BRAKE
3,0.0,0.0,BRAKE
3,0.0,0.0,BRAKE
3,0.0,0.0,BRAKE
3,0.0,0.0,BRAKE
3,0.0,0.0,BRAKE
3,0.0,0.0,BRAKE
3,0.0,0.0,BRAKE
3,0.0,0.0,BRAKE
3,0.0,0.0,BRAKE
3,0.0,0.0,BRAKE
3,0.0,0.0,BRAKE
3,0.0,0.0,BRAKE
3,0.0,0.0,BRAKE
3,0.0,0.0,BRAKE
3,0.0,0.0,BRAKE
3,0.0,0.0,BRAKE
3,0.0,0.0,BRAKE
3,0.0,0.0,BRAKE
3,0.0,0.0,BRAKE
3,0.0,0.0,BRAKE
3,0.0,0.0,BRAKE
3,0.0,0.0,BRAKE
3,0.0,0.0,BRAKE
3,0.0,0.0,BRAKE
3,0.0,0.0,BRAKE
3,0.0,0.0,BRAKE
3,0.0,0.0,BRAKE
3,0.0,0.0,BRAKE
3,0.0,0.0,BRAKE
3,0.0,0.0,BRAKE
3,0.0,0.0,BRAKE
3,0.0,0.0,BRAKE
3,0.0,0.0,BRAKE
3,0.0,0.0,BRAKE
3,0.0,0.0,BRAKE
3,0.0,0.0,BRAKE
3,0.0,0.0,BRAKE
3,0.0,0.0,BRAKE
3,0.0,0.0,BRAKE
3,0.0,0.0,BRAKE
3,0.0,0.0,BRAKE
3,0.0,0.0,BRAKE
3,0.0,0.0,BRAKE
3,0.0,0.0,BRAKE
3,0.0,0.0,BRAKE
3,0.0,0.0,BRAKE
3,0.0,0.0,BRAKE
8,0.0,0.0,BRAKE
3,0.0,0.0,BRAKE
3,0.0,0.0,BRAKE
3,0.0,0.0,BRAKE
3,0.0,0.0,BRAKE
3,0.0,0.0,BRAKE
3,0.0,0.0,BRAKE
3,0.0,0.0,BRAKE
3,0.0,0.0,BRAKE
3,0.0,0.0,BRAKE
3,0.0,0.0,BRAKE
3,0.0,0.0,BRAKE
8,0.0,0.0,BRAKE
3,0.0,0.0,BRAKE
3,0.0,0.0,BRAKE
3,0.0,0.0,BRAKE
3,0.0,0.0,BRAKE
3,0.0,0.0,BRAKE
8,0.0,0.0,BRAKE
3,0.0,0.0,BRAKE
3,0.0,0.0,BRAKE
3,0.0,0.0,BRAKE
3,0.0,0.0,BRAKE
3,0.0,0.0,BRAKE
3,0.0,0.0,BRAKE
3,0.0,0.0,BRAKE
3,0.0,0.0,BRAKE
3,0.0,0.0,BRAKE
3,0.0,0.0,BRAKE
3,0.0,0.0,BRAKE
3,0.0,0.0,BRAKE
3,0.0,0.0,BRAKE
3,0.0,0.0,BRAKE
3,0.0,0.0,BRAKE
3,0.0,0.0,BRAKE
3,0.0,0.0,BRAKE
3,0.0,0.0,BRAKE
3,0.0,0.0,BRAKE
3,0.0,0.0,BRAKE
3,0.0,0.0,BRAKE
3,0.0,0.0,BRAKE
3,0.0,0.0,BRAKE
3,0.0,0.0,BRAKE
3,0.0,0.0,BRAKE
3,0.0,0.0,BRAKE
3,0.0,0.0,BRAKE
3,0.0,0.0,BRAKE
3,0.0,0.0,BRAKE
3,0.0,0.0,BRAKE
3,0.0,0.0,BRAKE
3,0.0,0.0,BRAKE
3,0.0,0.0,BRAKE
3,0.0,0.0,BRAKE
3,0.0,0.0,BRAKE
3,0.0,0.0,BRAKE
3,0.0,0.0,BRAKE
3,0.0,0.0,BRAKE
3,0.0,0.0,BRAKE
3,0.0,0.0,BRAKE
3,0.0,0.0,BRAKE
3,0.0,0.0,BRAKE
3,0.0,0.0,BRAKE
3,0.0,0.0,BRAKE
3,0.0,0.0,BRAKE
8,0.0,0.0,BRAKE
3,0.0,0.0,BRAKE
8,0.0,0.0,BRAKE
8,0.0,0.0,BRAKE
3,0.0,0.0,BRAKE
3,0.0,0.0,BRAKE
3,0.0,0.0,BRAKE
8,0.0,0.0,BRAKE
3,0.0,0.0,BRAKE
3,0.0,0.0,BRAKE
3,0.0,0.0,BRAKE
3,0.0,0.0,BRAKE
3,0.0,0.0,BRAKE
3,0.0,0.0,BRAKE
8,0.0,0.0,BRAKE
8,0.0,0.0,BRAKE
8,0.0,0.0,BRAKE
8,0.0,0.0,BRAKE
3,0.0,0.0,BRAKE
3,0.0,0.0,BRAKE
3,0.0,0.0,BRAKE
3,0.0,0.0,BRAKE
3,0.0,0.0,BRAKE
3,0.0,0.0,BRAKE
3,0.0,0.0,BRAKE
3,0.0,0.0,BRAKE
3,0.0,0.0,BRAKE
3,0.0,0.0,BRAKE
3,0.0,0.0,BRAKE
3,0.0,0.0,BRAKE
3,0.0,0.0,BRAKE
3,0.0,0.0,BRAKE
3,0.0,0.0,BRAKE
3,0.0,0.0,BRAKE
3,0.0,0.0,BRAKE
3,0.0,0.0,BRAKE
3,0.0,0.0,BRAKE
3,0.0,0.0,BRAKE
3,0.0,0.0,BRAKE
3,0.0,0.0,BRAKE
3,0.0,0.0,BRAKE
3,0.0,0.0,BRAKE
3,0.0,0.0,BRAKE
3,0.0,0.0,BRAKE
3,0.0,0.0,BRAKE
3,0.0,0.0,BRAKE
8,0.0,0.0,BRAKE
3,0.0,0.0,BRAKE
3,0.0,0.0,BRAKE
3,0.0,0.0,BRAKE
3,0.0,0.0,BRAKE
3,0.0,0.0,BRAKE
3,0.0,0.0,BRAKE
3,0.0,0.0,BRAKE
3,0.0,0.0,BRAKE
3,0.0,0.0,BRAKE
3,0.0,0.0,BRAKE
3,0.0,0.0,BRAKE
3,0.0,0.0,BRAKE
3,0.0,0.0,BRAKE
3,0.0,0.0,BRAKE
3,0.0,0.0,BRAKE
3,0.0,0.0,BRAKE
3,0.0,0.0,BRAKE
3,0.0,0.0,BRAKE
3,0.0,0.0,BRAKE
3,0.0,0.0,BRAKE
3,0.0,0.0,BRAKE
3,0.0,0.0,BRAKE
3,0.0,0.0,BRAKE
3,0.0,0.0,BRAKE
3,0.0,0.0,BRAKE
3,0.0,0.0,BRAKE
3,0.0,0.0,BRAKE
3,0.0,0.0,BRAKE
3,0.0,0.0,BRAKE
3,0.0,0.0,BRAKE
3,0.0,0.0,BRAKE
3,0.0,0.0,BRAKE
3,0.0,0.0,BRAKE
3,0.0,0.0,BRAKE
3,0.0,0.0,BRAKE
3,0.0,0.0,BRAKE
8,0.0,0.0,BRAKE
3,0.0,0.0,BRAKE
3,0.0,0.0,BRAKE
3,0.0,0.0,BRAKE
3,0.0,0.0,BRAKE
3,0.0,0.0,BRAKE
3,0.0,0.0,BRAKE
3,0.0,0.0,BRAKE
3,0.0,0.0,BRAKE
3,0.0,0.0,BRAKE
3,0.0,0.0,BRAKE
3,0.0,0.0,BRAKE
3,0.0,0.0,BRAKE
3,0.0,0.0,BRAKE
3,0.0,0.0,BRAKE
3,0.0,0.0,BRAKE
3,0.0,0.0,BRAKE
3,0.0,0.0,BRAKE
3,0.0,0.0,BRAKE
3,0.0,0.0,BRAKE
3,0.0,0.0,BRAKE
3,0.0,0.0,BRAKE
3,0.0,0.0,BRAKE
3,0.0,0.0,BRAKE
3,0.0,0.0,BRAKE
3,0.0,0.0,BRAKE
3,0.0,0.0,BRAKE
3,0.0,0.0,BRAKE
3,0.0,0.0,BRAKE
3,0.0,0.0,BRAKE
3,0.0,0.0,BRAKE
3,0.0,0.0,BRAKE
3,0.0,0.0,BRAKE
3,0.0,0.0,BRAKE
3,0.0,0.0,BRAKE
3,0.0,0.0,BRAKE
8,0.0,0.0,BRAKE
3,0.0,0.0,BRAKE
3,0.0,0.0,BRAKE
3,0.0,0.0,BRAKE
3,0.0,0.0,BRAKE
3,0.0,0.0,BRAKE
3,0.0,0.0,BRAKE
3,0.0,0.0,BRAKE
3,0.0,0.0,BRAKE
3,0.0,0.0,BRAKE
3,0.0,0.0,BRAKE
3,0.0,0.0,BRAKE
3,0.0,0.0,BRAKE
3,0.0,0.0,BRAKE
3,0.0,0.0,BRAKE
3,0.0,0.0,BRAKE
3,0.0,0.0,BRAKE
3,0.0,0.0,BRAKE
3,0.0,0.0,BRAKE
3,0.0,0.0,BRAKE
3,0.0,0.0,BRAKE
3,0.0,0.0,BRAKE
3,0.0,0.0,BRAKE
3,0.0,0.0,BRAKE
3,0.0,0.0,BRAKE
3,0.0,0.0,BRAKE
3,0.0,0.0,BRAKE
3,0.0,0.0,BRAKE
3,0.0,0.0,BRAKE
3,0.0,0.0,BRAKE
3,0.0,0.0,BRAKE
3,0.0,0.0,BRAKE
3,0.0,0.0,BRAKE
3,0.0,0.0,BRAKE
3,0.0,0.0,BRAKE
3,0.0,0.0,BRAKE
3,0.0,0.0,BRAKE
3,0.0,0.0,BRAKE
3,0.0,0.0,BRAKE
8,0.0,0.0,BRAKE
3,0.0,0.0,BRAKE
3,0.0,0.0,BRAKE
3,0.0,0.0,BRAKE
3,0.0,0.0,BRAKE
3,0.0,0.0,BRAKE
3,0.0,0.0,BRAKE
3,0.0,0.0,BRAKE
3,0.0,0.0,BRAKE
3,0.0,0.0,BRAKE
3,0.0,0.0,BRAKE
3,0.0,0.0,BRAKE
3,0.0,0.0,BRAKE
3,0.0,0.0,BRAKE
3,0.0,0.0,BRAKE
3,0.0,0.0,BRAKE
3,0.0,0.0,BRAKE
3,0.0,0.0,BRAKE
3,0.0,0.0,BRAKE
3,0.0,0.0,BRAKE
3,0.0,0.0,BRAKE
3,0.0,0.0,BRAKE
3,0.0,0.0,BRAKE
3,0.0,0.0,BRAKE
3,0.0,0.0,BRAKE
3,0.0,0.0,BRAKE
3,0.0,0.0,BRAKE
3,0.0,0.0,BRAKE
3,0.0,0.0,BRAKE
3,0.0,0.0,BRAKE
3,0.0,0.0,BRAKE
3,0.0,0.0,BRAKE
3,0.0,0.0,BRAKE
3,0.0,0.0,BRAKE
3,0.0,0.0,BRAKE
3,0.0,0.0,BRAKE
3,0.0,0.0,BRAKE
3,0.0,0.0,BRAKE
3,0.0,0.0,BRAKE
8,0.0,0.0,BRAKE
3,0.0,0.0,BRAKE
3,0.0,0.0,BRAKE
3,0.0,0.0,BRAKE
3,0.0,0.0,BRAKE
3,0.0,0.0,BRAKE
3,0.0,0.0,BRAKE
3,0.0,0.0,BRAKE
3,0.0,0.0,BRAKE
3,0.0,0.0,BRAKE
3,0.0,0.0,BRAKE
3,0.0,0.0,BRAKE
8,0.0,0.0,BRAKE
3,0.0,0.0,BRAKE
8,0.0,0.0,BRAKE
3,0.0,0.0,BRAKE
3,0.0,0.0,BRAKE
3,0.0,0.0,BRAKE
3,0.0,0.0,BRAKE
3,0.0,0.0,BRAKE
3,0.0,0.0,BRAKE
3,0.0,0.0,BRAKE
8,0.0,0.0,BRAKE
3,0.0,0.0,BRAKE
3,0.0,0.0,BRAKE
3,0.0,0.0,BRAKE
3,0.0,0.0,BRAKE
8,0.0,0.0,BRAKE
3,0.0,0.0,BRAKE
3,0.0,0.0,BRAKE
3,0.0,0.0,BRAKE
3,0.0,0.0,BRAKE
3,0.0,0.0,BRAKE
3,0.0,0.0,BRAKE
3,0.0,0.0,BRAKE
3,0.0,0.0,BRAKE
3,0.0,0.0,BRAKE
8,0.0,0.0,BRAKE
3,0.0,0.0,BRAKE
3,0.0,0.0,BRAKE
3,0.0,0.0,BRAKE
3,0.0,0.0,BRAKE
3,0.0,0.0,BRAKE
3,0.0,0.0,BRAKE
3,0.0,0.0,BRAKE
3,0.0,0.0,BRAKE
3,0.0,0.0,BRAKE
3,0.0,0.0,BRAKE
3,0.0,0.0,BRAKE
3,0.0,0.0,BRAKE
3,0.0,0.0,BRAKE
3,0.0,0.0,BRAKE
3,0.0,0.0,BRAKE
3,0.0,0.0,BRAKE
3,0.0,0.0,BRAKE
3,0.0,0.0,BRAKE
3,0.0,0.0,BRAKE
3,0.0,0.0,BRAKE
3,0.0,0.0,BRAKE
3,0.0,0.0,BRAKE
3,0.0,0.0,BRAKE
3,0.0,0.0,BRAKE
3,0.0,0.0,BRAKE
3,0.0,0.0,BRAKE
3,0.0,0.0,BRAKE
3,0.0,0.0,BRAKE
3,0.0,0.0,BRAKE
3,0.0,0.0,BRAKE
3,0.0,0.0,BRAKE
3,0.0,0.0,BRAKE
3,0.0,0.0,BRAKE
3,0.0,0.0,BRAKE
3,0.0,0.0,BRAKE
3,0.0,0.0,BRAKE
3,0.0,0.0,BRAKE
3,0.0,0.0,BRAKE
3,0.0,0.0,BRAKE
3,0.0,0.0,BRAKE
3,0.0,0.0,BRAKE
3,0.0,0.0,BRAKE
3,0.0,0.0,BRAKE
8,0.0,0.0,BRAKE
3,0.0,0.0,BRAKE
8,0.0,0.0,BRAKE
8,0.0,0.0,BRAKE
8,0.0,0.0,BRAKE
3,0.0,0.0,BRAKE
8,0.0,0.0,BRAKE
8,0.0,0.0,BRAKE
3,0.0,0.0,BRAKE
3,0.0,0.0,BRAKE
3,0.0,0.0,BRAKE
8,0.0,0.0,BRAKE
3,0.0,0.0,BRAKE
8,0.0,0.0,BRAKE
3,0.0,0.0,BRAKE
3,0.0,0.0,BRAKE
3,0.0,0.0,BRAKE
3,0.0,0.0,BRAKE
3,0.0,0.0,BRAKE
3,0.0,0.0,BRAKE
8,0.0,0.0,BRAKE
8,0.0,0.0,BRAKE
8,0.0,0.0,BRAKE
3,0.0,0.0,BRAKE
8,0.0,0.0,BRAKE
8,0.0,0.0,BRAKE
3,0.0,0.0,BRAKE
8,0.0,0.0,BRAKE
8,0.0,0.0,BRAKE
8,0.0,0.0,BRAKE
3,0.0,0.0,BRAKE
3,0.0,0.0,BRAKE
3,0.0,0.0,BRAKE
3,0.0,0.0,BRAKE
8,0.0,0.0,BRAKE
3,0.0,0.0,BRAKE
3,0.0,0.0,BRAKE
3,0.0,0.0,BRAKE
3,0.0,0.0,BRAKE
3,0.0,0.0,BRAKE
3,0.0,0.0,BRAKE
3,0.0,0.0,BRAKE
8,0.0,0.0,BRAKE
8,0.0,0.0,BRAKE
3,0.0,0.0,BRAKE
3,0.0,0.0,BRAKE
3,0.0,0.0,BRAKE
8,0.0,0.0,BRAKE
3,0.0,0.0,BRAKE
8,0.0,0.0,BRAKE
3,0.0,0.0,BRAKE
3,0.0,0.0,BRAKE
8,0.0,0.0,BRAKE
3,0.0,0.0,BRAKE
3,0.0,0.0,BRAKE
8,0.0,0.0,BRAKE
3,0.0,0.0,BRAKE
3,0.0,0.0,BRAKE
3,0.0,0.0,BRAKE
3,0.0,0.0,BRAKE
3,0.0,0.0,BRAKE
3,0.0,0.0,BRAKE
3,0.0,0.0,BRAKE
3,0.0,0.0,BRAKE
3,0.0,0.0,BRAKE
8,0.0,0.0,BRAKE
3,0.0,0.0,BRAKE
3,0.0,0.0,BRAKE
3,0.0,0.0,BRAKE
3,0.0,0.0,BRAKE
3,0.0,0.0,BRAKE
8,0.0,0.0,BRAKE
3,0.0,0.0,BRAKE
8,0.0,0.0,BRAKE
8,0.0,0.0,BRAKE
8,0.0,0.0,BRAKE
8,0.0,0.0,BRAKE
8,0.0,0.0,BRAKE
8,0.0,0.0,BRAKE
8,0.0,0.0,BRAKE
8,0.0,0.0,BRAKE
8,0.0,0.0,BRAKE
8,0.0,0.0,BRAKE
8,0.0,0.0,BRAKE
3,0.0,0.0,BRAKE
3,0.0,0.0,BRAKE
8,0.0,0.0,BRAKE
3,0.0,0.0,BRAKE
3,0.0,0.0,BRAKE
3,0.0,0.0,BRAKE
3,0.0,0.0,BRAKE
3,0.0,0.0,BRAKE
3,0.0,0.0,BRAKE
3,0.0,0.0,BRAKE
3,0.0,0.0,BRAKE
3,0.0,0.0,BRAKE
3,0.0,0.0,BRAKE
3,0.0,0.0,BRAKE
3,0.0,0.0,BRAKE
3,0.0,0.0,BRAKE
3,0.0,0.0,BRAKE
3,0.0,0.0,BRAKE
3,0.0,0.0,BRAKE
3,0.0,0.0,BRAKE
3,0.0,0.0,BRAKE
3,0.0,0.0,BRAKE
3,0.0,0.0,BRAKE
3,0.0,0.0,BRAKE
3,0.0,0.0,BRAKE
3,0.0,0.0,BRAKE
3,0.0,0.0,BRAKE
3,0.0,0.0,BRAKE
3,0.0,0.0,BRAKE
3,0.0,0.0,BRAKE
3,0.0,0.0,BRAKE
3,0.0,0.0,BRAKE
3,0.0,0.0,BRAKE
3,0.0,0.0,BRAKE
3,0.0,0.0,BRAKE
3,0.0,0.0,BRAKE
3,0.0,0.0,BRAKE
3,0.0,0.0,BRAKE
3,0.0,0.0,BRAKE
3,0.0,0.0,BRAKE
3,0.0,0.0,BRAKE
3,0.0,0.0,BRAKE
3,0.0,0.0,BRAKE
3,0.0,0.0,BRAKE
3,0.0,0.0,BRAKE
3,0.0,0.0,BRAKE
3,0.0,0.0,BRAKE
3,0.0,0.0,BRAKE
3,0.0,0.0,BRAKE
3,0.0,0.0,BRAKE
3,0.0,0.0,BRAKE
3,0.0,0.0,BRAKE
3,0.0,0.0,BRAKE
3,0.0,0.0,BRAKE
3,0.0,0.0,BRAKE
3,0.0,0.0,BRAKE
3,0.0,0.0,BRAKE
3,0.0,0.0,BRAKE
3,0.0,0.0,BRAKE
3,0.0,0.0,BRAKE
3,0.0,0.0,BRAKE
3,0.0,0.0,BRAKE
3,0.0,0.0,BRAKE
3,0.0,0.0,BRAKE
3,0.0,0.0,BRAKE
3,0.0,0.0,BRAKE
3,0.0,0.0,BRAKE
8,0.0,0.0,BRAKE
8,0.0,0.0,BRAKE
8,0.0,0.0,BRAKE
8,0.0,0.0,BRAKE
8,0.0,0.0,BRAKE
8,0.0,0.0,BRAKE
8,0.0,0.0,BRAKE
8,0.0,0.0,BRAKE
8,0.0,0.0,BRAKE
8,0.0,0.0,BRAKE
8,0.0,0.0,BRAKE
3,0.0,0.0,BRAKE
3,0.0,0.0,BRAKE
3,0.0,0.0,BRAKE
3,0.0,0.0,BRAKE
3,0.0,0.0,BRAKE
3,0.0,0.0,BRAKE
3,0.0,0.0,BRAKE
3,0.0,0.0,BRAKE
3,0.0,0.0,BRAKE
3,0.0,0.0,BRAKE
3,0.0,0.0,BRAKE
3,0.0,0.0,BRAKE
3,0.0,0.0,BRAKE
3,0.0,0.0,BRAKE
3,0.0,0.0,BRAKE
3,0.0,0.0,BRAKE
3,0.0,0.0,BRAKE
3,0.0,0.0,BRAKE
3,0.0,0.0,BRAKE
3,0.0,0.0,BRAKE
3,0.0,0.0,BRAKE
3,0.0,0.0,BRAKE
3,0.0,0.0,BRAKE
3,0.0,0.0,BRAKE
3,0.0,0.0,BRAKE
3,0.0,0.0,BRAKE
3,0.0,0.0,BRAKE
3,0.0,0.0,BRAKE
3,0.0,0.0,BRAKE
3,0.0,0.0,BRAKE
3,0.0,0.0,BRAKE
3,0.0,0.0,BRAKE
3,0.0,0.0,BRAKE
3,0.0,0.0,BRAKE
3,0.0,0.0,BRAKE
3,0.0,0.0,BRAKE
3,0.0,0.0,BRAKE
3,0.0,0.0,BRAKE
3,0.0,0.0,BRAKE
3,0.0,0.0,BRAKE
3,0.0,0.0,BRAKE
3,0.0,0.0,BRAKE
3,0.0,0.0,BRAKE
3,0.0,0.0,BRAKE
3,0.0,0.0,BRAKE
3,0.0,0.0,BRAKE
3,0.0,0.0,BRAKE
3,0.0,0.0,BRAKE
3,0.0,0.0,BRAKE
3,0.0,0.0,BRAKE
3,0.0,0.0,BRAKE
3,0.0,0.0,BRAKE
3,0.0,0.0,BRAKE
3,0.0,0.0,BRAKE
3,0.0,0.0,BRAKE
3,0.0,0.0,BRAKE
3,0.0,0.0,BRAKE
3,0.0,0.0,BRAKE
3,0.0,0.0,BRAKE
3,0.0,0.0,BRAKE
3,0.0,0.0,BRAKE
3,0.0,0.0,BRAKE
3,0.0,0.0,BRAKE
3,0.0,0.0,BRAKE
3,0.0,0.0,BRAKE
3,0.0,0.0,BRAKE
3,0.0,0.0,BRAKE
3,0.0,0.0,BRAKE
3,0.0,0.0,BRAKE
3,0.0,0.0,BRAKE
3,0.0,0.0,BRAKE
3,0.0,0.0,BRAKE
3,0.0,0.0,BRAKE
3,0.0,0.0,BRAKE
3,0.0,0.0,BRAKE
3,0.0,0.0,BRAKE
8,0.0,0.0,BRAKE
8,0.0,0.0,BRAKE
8,0.0,0.0,BRAKE
8,0.0,0.0,BRAKE
8,0.0,0.0,BRAKE
8,0.0,0.0,BRAKE
8,0.0,0.0,BRAKE
8,0.0,0.0,BRAKE
8,0.0,0.0,BRAKE
8,0.0,0.0,BRAKE
8,0.0,0.0,BRAKE
8,0.0,0.0,BRAKE
8,0.0,0.0,BRAKE
8,0.0,0.0,BRAKE
8,0.0,0.0,BRAKE
8,0.0,0.0,BRAKE
8,0.0,0.0,BRAKE
8,0.0,0.0,BRAKE
8,0.0,0.0,BRAKE
8,0.0,0.0,BRAKE
8,0.0,0.0,BRAKE
8,0.0,0.0,BRAKE
8,0.0,0.0,BRAKE
8,0.0,0.0,BRAKE
8,0.0,0.0,BRAKE
8,0.0,0.0,BRAKE
8,0.0,0.0,BRAKE
8,0.0,0.0,BRAKE
8,0.0,0.0,BRAKE
8,0.0,0.0,BRAKE
8,0.0,0.0,BRAKE
1,0.0,0.0,BRAKE
1,0.0,0.0,BRAKE
8,0.0,0.0,BRAKE
3,0.0,0.0,BRAKE
1,0.0840782165527344,0.43565054375952217,CLEAR
1,0.6,0.43565054375952217,CLEAR
4,0.6,-0.0,CLEAR
8,0.6,-0.5808673916793627,CLEAR
4,0.6,-0.0,CLEAR
4,0.6,-0.0,CLEAR
4,0.6,-0.0,CLEAR
3,0.6,0.14521684791984069,CLEAR
4,0.6,-0.0,CLEAR
4,0.1120861530303955,-0.0,CLEAR
4,0.02852654457092285,-0.0,CLEAR
1,0.1962218761444092,0.43565054375952217,CLEAR
1,0.0,0.0,BRAKE
1,0.0,0.0,BRAKE
3,0.0,0.0,BRAKE
3,0.0,0.0,BRAKE
3,0.0,0.0,BRAKE
3,0.0,0.0,BRAKE
3,0.0,0.0,BRAKE
3,0.0,0.0,BRAKE
3,0.0,0.0,BRAKE
3,0.0,0.0,BRAKE
3,0.0,0.0,BRAKE
3,0.0,0.0,BRAKE
3,0.0,0.0,BRAKE
3,0.0,0.0,BRAKE
3,0.0,0.0,BRAKE
3,0.0,0.0,BRAKE
3,0.0,0.0,BRAKE
3,0.0,0.0,BRAKE
3,0.0,0.0,BRAKE
3,0.0,0.0,BRAKE
3,0.0,0.0,BRAKE
3,0.0,0.0,BRAKE
3,0.0,0.0,BRAKE
3,0.0,0.0,BRAKE
3,0.0,0.0,BRAKE
3,0.0,0.0,BRAKE
3,0.0,0.0,BRAKE
3,0.0,0.0,BRAKE
3,0.0,0.0,BRAKE
3,0.0,0.0,BRAKE
3,0.0,0.0,BRAKE
3,0.0,0.0,BRAKE
3,0.0,0.0,BRAKE
3,0.0,0.0,BRAKE
3,0.0,0.0,BRAKE
3,0.0,0.0,BRAKE
3,0.0,0.0,BRAKE
3,0.0,0.0,BRAKE
3,0.0,0.0,BRAKE
3,0.0,0.0,BRAKE
3,0.0,0.0,BRAKE
3,0.0,0.0,BRAKE
3,0.0,0.0,BRAKE
3,0.0,0.0,BRAKE
3,0.0,0.0,BRAKE
3,0.0,0.0,BRAKE
3,0.0,0.0,BRAKE
3,0.0,0.0,BRAKE
3,0.0,0.0,BRAKE
3,0.0,0.0,BRAKE
3,0.0,0.0,BRAKE
3,0.0,0.0,BRAKE
3,0.0,0.0,BRAKE
3,0.0,0.0,BRAKE
3,0.0,0.0,BRAKE
3,0.0,0.0,BRAKE
3,0.0,0.0,BRAKE
3,0.0,0.0,BRAKE
3,0.0,0.0,BRAKE
3,0.0,0.0,BRAKE
3,0.0,0.0,BRAKE
3,0.0,0.0,BRAKE
3,0.0,0.0,BRAKE
3,0.0,0.0,BRAKE
3,0.0,0.0,BRAKE
3,0.0,0.0,BRAKE
0,0.0,0.0,BRAKE
1,0.0,0.0,BRAKE
3,0.0,0.0,BRAKE
3,0.0,0.0,BRAKE
3,0.0,0.0,BRAKE
3,0.0,0.0,BRAKE
3,0.0,0.0,BRAKE
3,0.0,0.0,BRAKE
3,0.0,0.0,BRAKE
3,0.0,0.0,BRAKE
3,0.0,0.0,BRAKE
3,0.0,0.0,BRAKE
3,0.0,0.0,BRAKE
3,0.0,0.0,BRAKE
3,0.0,0.0,BRAKE
3,0.0,0.0,BRAKE
0,0.0,0.0,BRAKE
0,0.0,0.0,BRAKE
0,0.0,0.0,BRAKE
0,0.0,0.0,BRAKE
0,0.0,0.0,BRAKE
0,0.0,0.0,BRAKE
0,0.0,0.0,BRAKE
0,0.0,0.0,BRAKE
0,0.0,0.0,BRAKE
0,0.0,0.0,BRAKE
0,0.0,0.0,BRAKE
0,0.0,0.0,BRAKE
0,0.0,0.0,BRAKE
0,0.0,0.0,BRAKE
0,0.0,0.0,BRAKE
0,0.0,0.0,BRAKE
3,0.0,0.0,BRAKE
3,0.0,0.0,BRAKE
3,0.0,0.0,BRAKE
3,0.0,0.0,BRAKE
3,0.0,0.0,BRAKE
3,0.0,0.0,BRAKE
3,0.0,0.0,BRAKE
3,0.0,0.0,BRAKE
3,0.0,0.0,BRAKE
3,0.0,0.0,BRAKE
3,0.0,0.0,BRAKE
3,0.0,0.0,BRAKE
3,0.0,0.0,BRAKE
3,0.0,0.0,BRAKE
3,0.0,0.0,BRAKE
0,0.0,0.0,BRAKE
0,0.0,0.0,BRAKE
0,0.0,0.0,BRAKE
1,0.0,0.0,BRAKE
1,0.0,0.0,BRAKE
1,0.0,0.0,BRAKE
1,0.0,0.0,BRAKE
0,0.0,0.0,BRAKE
0,0.0,0.0,BRAKE
0,0.0,0.0,BRAKE
0,0.0,0.0,BRAKE
0,0.0,0.0,BRAKE
3,0.0,0.0,BRAKE
3,0.0,0.0,BRAKE
3,0.0,0.0,BRAKE
3,0.0,0.0,BRAKE
3,0.0,0.0,BRAKE
2,0.0,0.0,BRAKE
3,0.0,0.0,BRAKE
0,0.0,0.0,BRAKE
0,0.0,0.0,BRAKE
0,0.0,0.0,BRAKE
1,0.0,0.0,BRAKE
1,0.0,0.0,BRAKE
3,0.0,0.0,BRAKE
3,0.0,0.0,BRAKE
0,0.0,0.0,BRAKE
3,0.0,0.0,BRAKE
3,0.0,0.0,BRAKE
3,0.0,0.0,BRAKE
3,0.0,0.0,BRAKE
3,0.0,0.0,BRAKE
3,0.0,0.0,BRAKE
3,0.0,0.0,BRAKE
3,0.0,0.0,BRAKE
3,0.0,0.0,BRAKE
3,0.0,0.0,BRAKE
3,0.0,0.0,BRAKE
3,0.0,0.0,BRAKE
3,0.0,0.0,BRAKE
3,0.0,0.0,BRAKE
3,0.0,0.0,BRAKE
3,0.0,0.0,BRAKE
3,0.0,0.0,BRAKE
3,0.0,0.0,BRAKE
3,0.0,0.0,BRAKE
3,0.0,0.0,BRAKE
3,0.0,0.0,BRAKE
3,0.0,0.0,BRAKE
3,0.0,0.0,BRAKE
3,0.0,0.0,BRAKE
3,0.0,0.0,BRAKE
3,0.0,0.0,BRAKE
3,0.0,0.0,BRAKE
3,0.0,0.0,BRAKE
3,0.0,0.0,BRAKE
3,0.0,0.0,BRAKE
3,0.0,0.0,BRAKE
3,0.0,0.0,BRAKE
3,0.0,0.0,BRAKE
3,0.0,0.0,BRAKE
3,0.0,0.0,BRAKE
3,0.0,0.0,BRAKE
3,0.0,0.0,BRAKE
3,0.0,0.0,BRAKE
3,0.0,0.0,BRAKE
3,0.0,0.0,BRAKE
1,0.0,0.0,BRAKE
1,0.0,0.0,BRAKE
3,0.0,0.0,BRAKE
1,0.0,0.0,BRAKE
1,0.0,0.0,BRAKE
1,0.0,0.0,BRAKE
1,0.0,0.0,BRAKE
1,0.0,0.0,BRAKE
1,0.0,0.0,BRAKE
0,0.0,0.0,BRAKE
0,0.0,0.0,BRAKE
1,0.0,0.0,BRAKE
0,0.0,0.0,BRAKE
1,0.0,0.0,BRAKE
1,0.0,0.0,BRAKE
1,0.0,0.0,BRAKE
1,0.0,0.0,BRAKE
1,0.0,0.0,BRAKE
1,0.0,0.0,BRAKE
1,0.0,0.0,BRAKE
1,0.0,0.0,BRAKE
1,0.0,0.0,BRAKE
1,0.0,0.0,BRAKE
1,0.0,0.0,BRAKE
1,0.0,0.0,BRAKE
1,0.0,0.0,BRAKE
1,0.0,0.0,BRAKE
1,0.0,0.0,BRAKE
1,0.0,0.0,BRAKE
1,0.0,0.0,BRAKE
1,0.0,0.0,BRAKE
1,0.0,0.0,BRAKE
1,0.0,0.0,BRAKE
1,0.0,0.0,BRAKE
1,0.0,0.0,BRAKE
1,0.0,0.0,BRAKE
1,0.0,0.0,BRAKE
1,0.0,0.0,BRAKE
1,0.0,0.0,BRAKE
1,0.0,0.0,BRAKE
1,0.0,0.0,BRAKE
1,0.0,0.0,BRAKE
1,0.0,0.0,BRAKE
1,0.0,0.0,BRAKE
1,0.0,0.0,BRAKE
1,0.0,0.0,BRAKE
1,0.0,0.0,BRAKE
1,0.0,0.0,BRAKE
1,0.0,0.0,BRAKE
1,0.0,0.0,BRAKE
1,0.0,0.0,BRAKE
1,0.0,0.0,BRAKE
1,0.0,0.0,BRAKE
1,0.0,0.0,BRAKE
1,0.0,0.0,BRAKE
1,0.0,0.0,BRAKE
1,0.0,0.0,BRAKE
1,0.0,0.0,BRAKE
1,0.0,0.0,BRAKE
1,0.0,0.0,BRAKE
1,0.0,0.0,BRAKE
1,0.0,0.0,BRAKE
1,0.0,0.0,BRAKE
1,0.0,0.0,BRAKE
1,0.0,0.0,BRAKE
1,0.0,0.0,BRAKE
1,0.0,0.0,BRAKE
1,0.0,0.0,BRAKE
1,0.0,0.0,BRAKE
1,0.0,0.0,BRAKE
1,0.0,0.0,BRAKE
1,0.0,0.0,BRAKE
1,0.0,0.0,BRAKE
1,0.0,0.0,BRAKE
1,0.0,0.0,BRAKE
1,0.0,0.0,BRAKE
2,0.0,0.0,BRAKE
2,0.0,0.0,BRAKE
2,0.0,0.0,BRAKE
2,0.0,0.0,BRAKE
2,0.0,0.0,BRAKE
2,0.0,0.0,BRAKE
2,0.0,0.0,BRAKE
2,0.0,0.0,BRAKE
2,0.0,0.0,BRAKE
2,0.0,0.0,BRAKE
2,0.0,0.0,BRAKE
2,0.0,0.0,BRAKE
2,0.0,0.0,BRAKE
2,0.0,0.0,BRAKE
2,0.0,0.0,BRAKE
2,0.0,0.0,BRAKE
2,0.0,0.0,BRAKE
2,0.0,0.0,BRAKE
2,0.0,0.0,BRAKE
2,0.0,0.0,BRAKE
2,0.0,0.0,BRAKE
2,0.0,0.0,BRAKE
2,0.0,0.0,BRAKE
2,0.0,0.0,BRAKE
2,0.0,0.0,BRAKE
2,0.0,0.0,BRAKE
2,0.0,0.0,BRAKE
2,0.0,0.0,BRAKE
2,0.0,0.0,BRAKE
2,0.0,0.0,BRAKE
2,0.0,0.0,BRAKE
2,0.0,0.0,BRAKE
2,0.0,0.0,BRAKE
2,0.0,0.0,BRAKE
2,0.0,0.0,BRAKE
2,0.0,0.0,BRAKE
2,0.0,0.0,BRAKE
2,0.0,0.0,BRAKE
2,0.0,0.0,BRAKE
2,0.0,0.0,BRAKE
2,0.0,0.0,BRAKE
2,0.0,0.0,BRAKE
2,0.0,0.0,BRAKE
2,0.0,0.0,BRAKE
2,0.0,0.0,BRAKE
2,0.0,0.0,BRAKE
2,0.0,0.0,BRAKE
2,0.0,0.0,BRAKE
2,0.0,0.0,BRAKE
2,0.0,0.0,BRAKE
2,0.0,0.0,BRAKE
2,0.0,0.0,BRAKE
2,0.0,0.0,BRAKE
2,0.0,0.0,BRAKE
2,0.0,0.0,BRAKE
2,0.0,0.0,BRAKE
2,0.0,0.0,BRAKE
2,0.0,0.0,BRAKE
2,0.0,0.0,BRAKE
2,0.0,0.0,BRAKE
2,0.0,0.0,BRAKE
2,0.0,0.0,BRAKE
2,0.0,0.0,BRAKE
2,0.0,0.0,BRAKE
2,0.0,0.0,BRAKE
2,0.0,0.0,BRAKE
2,0.0,0.0,BRAKE
2,0.0,0.0,BRAKE
2,0.0,0.0,BRAKE
2,0.0,0.0,BRAKE
2,0.0,0.0,BRAKE
2,0.0,0.0,BRAKE
2,0.0,0.0,BRAKE
2,0.0,0.0,BRAKE
2,0.0,0.0,BRAKE
0,0.0,0.0,BRAKE
0,0.0,0.0,BRAKE
3,0.0,0.0,BRAKE
1,0.0,0.0,BRAKE
1,0.0,0.0,BRAKE
1,0.0,0.0,BRAKE
0,0.0,0.0,BRAKE
0,0.0,0.0,BRAKE
0,0.0,0.0,BRAKE
2,0.0,0.0,BRAKE
3,0.0,0.0,BRAKE
6,0.0,0.0,BRAKE
0,0.0,0.0,BRAKE
4,0.047851181030273436,-0.0,CLEAR
4,0.007160234451293923,-0.0,CLEAR
4,0.0,0.0,BRAKE
4,0.0,0.0,BRAKE
4,0.0,0.0,BRAKE
4,0.0,0.0,BRAKE
8,0.0,0.0,BRAKE
1,0.0,0.0,BRAKE
0,0.0,0.0,BRAKE
1,0.0,0.0,BRAKE
4,0.0,0.0,BRAKE
3,0.0,0.0,BRAKE
3,0.0,0.0,BRAKE
3,0.0,0.0,BRAKE
4,0.0,0.0,BRAKE
4,0.0,0.0,BRAKE
4,0.0,0.0,BRAKE
4,0.0,0.0,BRAKE
4,0.0,0.0,BRAKE
4,0.0,0.0,BRAKE
4,0.0,0.0,BRAKE
4,0.0,0.0,BRAKE
4,0.0,0.0,BRAKE
4,0.0,0.0,BRAKE
4,0.0,0.0,BRAKE
4,0.0,0.0,BRAKE
4,0.0,0.0,BRAKE
4,0.0,0.0,BRAKE
4,0.0,0.0,BRAKE
4,0.0,0.0,BRAKE
4,0.0,0.0,BRAKE
4,0.0,0.0,BRAKE
4,0.0,0.0,BRAKE
4,0.0,0.0,BRAKE
4,0.0,0.0,BRAKE
4,0.0,0.0,BRAKE
4,0.0,0.0,BRAKE
4,0.0,0.0,BRAKE
4,0.0,0.0,BRAKE
4,0.0,0.0,BRAKE
4,0.0,0.0,BRAKE
4,0.0,0.0,BRAKE
4,0.0,0.0,BRAKE
4,0.0,0.0,BRAKE
4,0.0,0.0,BRAKE
4,0.0,0.0,BRAKE
4,0.0,0.0,BRAKE
4,0.0,0.0,BRAKE
4,0.0,0.0,BRAKE
4,0.0,0.0,BRAKE
4,0.0,0.0,BRAKE
4,0.0,0.0,BRAKE
4,0.0,0.0,BRAKE
4,0.0,0.0,BRAKE
4,0.0,0.0,BRAKE
4,0.0,0.0,BRAKE
4,0.0,0.0,BRAKE
4,0.0,0.0,BRAKE
4,0.0,0.0,BRAKE
4,0.0,0.0,BRAKE
4,0.0,0.0,BRAKE
4,0.0,0.0,BRAKE
4,0.0,0.0,BRAKE
4,0.0,0.0,BRAKE
4,0.0,0.0,BRAKE
4,0.0,0.0,BRAKE
4,0.0,0.0,BRAKE
4,0.0,0.0,BRAKE
4,0.0,0.0,BRAKE
4,0.0,0.0,BRAKE
4,0.0,0.0,BRAKE
4,0.0,0.0,BRAKE
4,0.0,0.0,BRAKE
4,0.0,0.0,BRAKE
4,0.0,0.0,BRAKE
4,0.0,0.0,BRAKE
4,0.0,0.0,BRAKE
4,0.0,0.0,BRAKE
4,0.0,0.0,BRAKE
4,0.0,0.0,BRAKE
4,0.0,0.0,BRAKE
4,0.0,0.0,BRAKE
4,0.0,0.0,BRAKE
4,0.0,0.0,BRAKE
4,0.0,0.0,BRAKE
4,0.0,0.0,BRAKE
4,0.0,0.0,BRAKE
4,0.0,0.0,BRAKE
4,0.0,0.0,BRAKE
4,0.0,0.0,BRAKE
4,0.0,0.0,BRAKE
4,0.0,0.0,BRAKE
4,0.0,0.0,BRAKE
4,0.0,0.0,BRAKE
4,0.0,0.0,BRAKE
4,0.0,0.0,BRAKE
4,0.0,0.0,BRAKE
4,0.0,0.0,BRAKE
4,0.0,0.0,BRAKE
4,0.0,0.0,BRAKE
4,0.0,0.0,BRAKE
4,0.0,0.0,BRAKE
4,0.0,0.0,BRAKE
4,0.0,0.0,BRAKE
4,0.0,0.0,BRAKE
4,0.0,0.0,BRAKE
4,0.0,0.0,BRAKE
4,0.0,0.0,BRAKE
4,0.0,0.0,BRAKE
4,0.0,0.0,BRAKE
4,0.0,0.0,BRAKE
4,0.0,0.0,BRAKE
4,0.0,0.0,BRAKE
4,0.0,0.0,BRAKE
4,0.0,0.0,BRAKE
4,0.0,0.0,BRAKE
4,0.0,0.0,BRAKE
2,0.18703785211267604,0.29043369583968137,CLEAR
3,0.0,0.0,BRAKE
3,0.0,0.0,BRAKE
3,0.0,0.0,BRAKE
6,0.2932851552963257,-0.29043369583968137,CLEAR
5,0.2901982069015503,-0.14521684791984069,CLEAR
6,0.0,0.0,BRAKE
5,0.026643705368041993,-0.14521684791984069,CLEAR
6,0.05216250419616701,-0.29043369583968137,CLEAR
2,0.08984866142272947,0.29043369583968137,CLEAR
3,0.23391337394714354,0.14521684791984069,CLEAR
4,0.20015468597412106,-0.0,CLEAR
4,0.13699431419372557,-0.0,CLEAR
6,0.4423011898994446,-0.29043369583968137,CLEAR
3,0.2650821924209595,0.14521684791984069,CLEAR
3,0.0,0.0,BRAKE
3,0.0,0.0,BRAKE
3,0.0,0.0,BRAKE
3,0.0,0.0,BRAKE
3,0.0,0.0,BRAKE
3,0.0,0.0,BRAKE
3,0.0,0.0,BRAKE
3,0.0,0.0,BRAKE
3,0.0,0.0,BRAKE
3,0.0,0.0,BRAKE
3,0.0,0.0,BRAKE
3,0.0,0.0,BRAKE
3,0.0,0.0,BRAKE
3,0.0,0.0,BRAKE
3,0.0,0.0,BRAKE
0,0.0,0.0,BRAKE
7,0.2697097063064575,-0.43565054375952217,CLEAR
3,0.09295774647887324,0.14521684791984069,CLEAR
3,0.0,0.0,BRAKE
3,0.0,0.0,BRAKE
8,0.0,0.0,BRAKE
3,0.0,0.0,BRAKE
3,0.0,0.0,BRAKE
5,0.6,-0.14521684791984069,CLEAR
1,0.06210222244262695,0.43565054375952217,CLEAR
3,0.09886622428894043,0.14521684791984069,CLEAR
4,0.28313915729522704,-0.0,CLEAR
5,0.2574276447296142,-0.14521684791984069,CLEAR
2,0.6,0.29043369583968137,CLEAR
6,0.3637544014084507,-0.29043369583968137,CLEAR
5,0.4921654929577465,-0.14521684791984069,CLEAR
5,0.35627200704225354,-0.14521684791984069,CLEAR
6,0.32263262271881105,-0.29043369583968137,CLEAR
6,0.3487896126760563,-0.29043369583968137,CLEAR
6,0.34812940140845067,-0.29043369583968137,CLEAR
6,0.38400088028169016,-0.29043369583968137,CLEAR
6,0.3931338028169014,-0.29043369583968137,CLEAR
6,0.3900528169014084,-0.29043369583968137,CLEAR
6,0.38246038732394366,-0.29043369583968137,CLEAR
6,0.38025968309859154,-0.29043369583968137,CLEAR
6,0.380699823943662,-0.29043369583968137,CLEAR
6,0.3645246478873239,-0.29043369583968137,CLEAR
6,0.3624339788732394,-0.29043369583968137,CLEAR
6,0.35693221830985916,-0.29043369583968137,CLEAR
6,0.35418133802816903,-0.29043369583968137,CLEAR
6,0.3524207746478874,-0.29043369583968137,CLEAR
6,0.35836267605633804,-0.29043369583968137,CLEAR
6,0.35847271126760566,-0.29043369583968137,CLEAR
6,0.35473151408450704,-0.29043369583968137,CLEAR
6,0.3516505281690141,-0.29043369583968137,CLEAR
6,0.3462588028169014,-0.29043369583968137,CLEAR
6,0.3425176056338028,-0.29043369583968137,CLEAR
6,0.3395466549295774,-0.29043369583968137,CLEAR
6,0.33998679577464785,-0.29043369583968137,CLEAR
6,0.34207746478873235,-0.29043369583968137,CLEAR
6,0.3352552816901409,-0.29043369583968137,CLEAR
6,0.3342649647887324,-0.29043369583968137,CLEAR
6,0.3353653169014084,-0.29043369583968137,CLEAR
6,0.27202417850494387,-0.29043369583968137,CLEAR
6,0.23820705413818358,-0.29043369583968137,CLEAR
3,0.43472711267605635,0.14521684791984069,CLEAR
0,0.6,0.5818900455379532,CLEAR
5,0.22569603919982906,-0.14521684791984069,CLEAR
1,0.6,0.43565054375952217,CLEAR
4,0.0,0.0,BRAKE
8,0.0,0.0,BRAKE
8,0.0,0.0,BRAKE
3,0.0,0.0,BRAKE
2,0.0,0.0,BRAKE
2,0.14412411971830988,0.29043369583968137,CLEAR
8,0.0,0.0,BRAKE
1,0.0,0.0,BRAKE
1,0.0,0.0,BRAKE
1,0.0,0.0,BRAKE
1,0.0,0.0,BRAKE
1,0.0,0.0,BRAKE
1,0.0,0.0,BRAKE
1,0.0,0.0,BRAKE
1,0.0,0.0,BRAKE
1,0.0,0.0,BRAKE
1,0.0,0.0,BRAKE
1,0.0,0.0,BRAKE
1,0.0,0.0,BRAKE
1,0.0,0.0,BRAKE
1,0.0,0.0,BRAKE
1,0.0,0.0,BRAKE
1,0.0,0.0,BRAKE
1,0.0,0.0,BRAKE
1,0.0,0.0,BRAKE
1,0.0,0.0,BRAKE
1,0.0,0.0,BRAKE
1,0.0,0.0,BRAKE
1,0.0,0.0,BRAKE
1,0.0,0.0,BRAKE
1,0.0,0.0,BRAKE
1,0.0,0.0,BRAKE
1,0.0,0.0,BRAKE
1,0.0,0.0,BRAKE
1,0.0,0.0,BRAKE
1,0.0,0.0,BRAKE
1,0.0,0.0,BRAKE
1,0.0,0.0,BRAKE
1,0.0,0.0,BRAKE
1,0.0,0.0,BRAKE
1,0.0,0.0,BRAKE
1,0.0,0.0,BRAKE
1,0.0,0.0,BRAKE
1,0.0,0.0,BRAKE
1,0.0,0.0,BRAKE
1,0.0,0.0,BRAKE
1,0.0,0.0,BRAKE
1,0.0,0.0,BRAKE
1,0.0,0.0,BRAKE
1,0.0,0.0,BRAKE
1,0.0,0.0,BRAKE
1,0.0,0.0,BRAKE
1,0.0,0.0,BRAKE
1,0.0,0.0,BRAKE
1,0.0,0.0,BRAKE
1,0.0,0.0,BRAKE
1,0.0,0.0,BRAKE
1,0.0,0.0,BRAKE
1,0.0,0.0,BRAKE
1,0.0,0.0,BRAKE
1,0.0,0.0,BRAKE
1,0.0,0.0,BRAKE
1,0.0,0.0,BRAKE
1,0.0,0.0,BRAKE
1,0.0,0.0,BRAKE
1,0.0,0.0,BRAKE
1,0.0,0.0,BRAKE
1,0.0,0.0,BRAKE
1,0.0,0.0,BRAKE
1,0.0,0.0,BRAKE
1,0.0,0.0,BRAKE
1,0.0,0.0,BRAKE
1,0.0,0.0,BRAKE
1,0.0,0.0,BRAKE
1,0.0,0.0,BRAKE
1,0.0,0.0,BRAKE
1,0.0,0.0,BRAKE
1,0.0,0.0,BRAKE
1,0.0,0.0,BRAKE
1,0.0,0.0,BRAKE
1,0.0,0.0,BRAKE
1,0.0,0.0,BRAKE
1,0.0,0.0,BRAKE
1,0.0,0.0,BRAKE
1,0.0,0.0,BRAKE
1,0.0,0.0,BRAKE
1,0.0,0.0,BRAKE
1,0.0,0.0,BRAKE
1,0.0,0.0,BRAKE
1,0.0,0.0,BRAKE
1,0.0,0.0,BRAKE
1,0.0,0.0,BRAKE
1,0.0,0.0,BRAKE
1,0.0,0.0,BRAKE
1,0.0,0.0,BRAKE
1,0.0,0.0,BRAKE
1,0.0,0.0,BRAKE
1,0.0,0.0,BRAKE
1,0.0,0.0,BRAKE
1,0.0,0.0,BRAKE
1,0.0,0.0,BRAKE
1,0.0,0.0,BRAKE
1,0.0,0.0,BRAKE
1,0.0,0.0,BRAKE
1,0.0,0.0,BRAKE
1,0.0,0.0,BRAKE
1,0.0,0.0,BRAKE
1,0.0,0.0,BRAKE
1,0.0,0.0,BRAKE
1,0.0,0.0,BRAKE
1,0.0,0.0,BRAKE
1,0.0,0.0,BRAKE
1,0.0,0.0,BRAKE
1,0.0,0.0,BRAKE
1,0.0,0.0,BRAKE
1,0.0,0.0,BRAKE
1,0.0,0.0,BRAKE
1,0.0,0.0,BRAKE
1,0.0,0.0,BRAKE
1,0.0,0.0,BRAKE
1,0.0,0.0,BRAKE
1,0.0,0.0,BRAKE
1,0.0,0.0,BRAKE
1,0.0,0.0,BRAKE
1,0.0,0.0,BRAKE
1,0.0,0.0,BRAKE
1,0.0,0.0,BRAKE
1,0.0,0.0,BRAKE
1,0.0,0.0,BRAKE
1,0.0,0.0,BRAKE
1,0.0,0.0,BRAKE
1,0.0,0.0,BRAKE
1,0.0,0.0,BRAKE
1,0.0,0.0,BRAKE
1,0.0,0.0,BRAKE
1,0.0,0.0,BRAKE
1,0.0,0.0,BRAKE
1,0.0,0.0,BRAKE
1,0.0,0.0,BRAKE
1,0.0,0.0,BRAKE
1,0.0,0.0,BRAKE
1,0.0,0.0,BRAKE
1,0.0,0.0,BRAKE
1,0.0,0.0,BRAKE
1,0.0,0.0,BRAKE
1,0.0,0.0,BRAKE
1,0.0,0.0,BRAKE
1,0.0,0.0,BRAKE
1,0.0,0.0,BRAKE
1,0.0,0.0,BRAKE
1,0.0,0.0,BRAKE
1,0.0,0.0,BRAKE
1,0.0,0.0,BRAKE
1,0.0,0.0,BRAKE
1,0.0,0.0,BRAKE
1,0.0,0.0,BRAKE
1,0.0,0.0,BRAKE
1,0.0,0.0,BRAKE
1,0.0,0.0,BRAKE
1,0.0,0.0,BRAKE
1,0.0,0.0,BRAKE
1,0.0,0.0,BRAKE
1,0.0,0.0,BRAKE
1,0.0,0.0,BRAKE
1,0.0,0.0,BRAKE
1,0.0,0.0,BRAKE
1,0.0,0.0,BRAKE
1,0.0,0.0,BRAKE
1,0.0,0.0,BRAKE
1,0.0,0.0,BRAKE
1,0.0,0.0,BRAKE
1,0.0,0.0,BRAKE
1,0.0,0.0,BRAKE
1,0.0,0.0,BRAKE
1,0.0,0.0,BRAKE
1,0.0,0.0,BRAKE
1,0.0,0.0,BRAKE
1,0.0,0.0,BRAKE
1,0.0,0.0,BRAKE
1,0.0,0.0,BRAKE
1,0.0,0.0,BRAKE
1,0.0,0.0,BRAKE
1,0.0,0.0,BRAKE
1,0.0,0.0,BRAKE
1,0.0,0.0,BRAKE
1,0.0,0.0,BRAKE
1,0.0,0.0,BRAKE
1,0.0,0.0,BRAKE
1,0.0,0.0,BRAKE
1,0.0,0.0,BRAKE
1,0.0,0.0,BRAKE
1,0.0,0.0,BRAKE
1,0.0,0.0,BRAKE
1,0.0,0.0,BRAKE
1,0.0,0.0,BRAKE
1,0.0,0.0,BRAKE
1,0.0,0.0,BRAKE
1,0.0,0.0,BRAKE
1,0.0,0.0,BRAKE
1,0.0,0.0,BRAKE
1,0.0,0.0,BRAKE
1,0.0,0.0,BRAKE
1,0.0,0.0,BRAKE
1,0.0,0.0,BRAKE
1,0.0,0.0,BRAKE
1,0.0,0.0,BRAKE
1,0.0,0.0,BRAKE
1,0.0,0.0,BRAKE
1,0.0,0.0,BRAKE
1,0.0,0.0,BRAKE
1,0.0,0.0,BRAKE
1,0.0,0.0,BRAKE
1,0.0,0.0,BRAKE
1,0.0,0.0,BRAKE
1,0.0,0.0,BRAKE
1,0.0,0.0,BRAKE
1,0.0,0.0,BRAKE
1,0.0,0.0,BRAKE
1,0.0,0.0,BRAKE
1,0.0,0.0,BRAKE
1,0.0,0.0,BRAKE
1,0.0,0.0,BRAKE
1,0.0,0.0,BRAKE
1,0.0,0.0,BRAKE
1,0.0,0.0,BRAKE
1,0.0,0.0,BRAKE
1,0.0,0.0,BRAKE
1,0.0,0.0,BRAKE
1,0.0,0.0,BRAKE
1,0.0,0.0,BRAKE
1,0.0,0.0,BRAKE
1,0.0,0.0,BRAKE
1,0.0,0.0,BRAKE
1,0.0,0.0,BRAKE
1,0.0,0.0,BRAKE
1,0.0,0.0,BRAKE
1,0.0,0.0,BRAKE
1,0.0,0.0,BRAKE
1,0.0,0.0,BRAKE
1,0.0,0.0,BRAKE
1,0.0,0.0,BRAKE
1,0.0,0.0,BRAKE
1,0.0,0.0,BRAKE
1,0.0,0.0,BRAKE
1,0.0,0.0,BRAKE
1,0.0,0.0,BRAKE
1,0.0,0.0,BRAKE
1,0.0,0.0,BRAKE
1,0.0,0.0,BRAKE
1,0.0,0.0,BRAKE
1,0.0,0.0,BRAKE
1,0.0,0.0,BRAKE
1,0.0,0.0,BRAKE
1,0.0,0.0,BRAKE
1,0.0,0.0,BRAKE
1,0.0,0.0,BRAKE
1,0.0,0.0,BRAKE
1,0.0,0.0,BRAKE
1,0.0,0.0,BRAKE
1,0.0,0.0,BRAKE
1,0.0,0.0,BRAKE
1,0.0,0.0,BRAKE
1,0.0,0.0,BRAKE
1,0.0,0.0,BRAKE
1,0.0,0.0,BRAKE
1,0.0,0.0,BRAKE
1,0.0,0.0,BRAKE
1,0.0,0.0,BRAKE
1,0.0,0.0,BRAKE
1,0.0,0.0,BRAKE
1,0.0,0.0,BRAKE
1,0.0,0.0,BRAKE
1,0.0,0.0,BRAKE
1,0.0,0.0,BRAKE
1,0.0,0.0,BRAKE
1,0.0,0.0,BRAKE
1,0.0,0.0,BRAKE
1,0.0,0.0,BRAKE
1,0.0,0.0,BRAKE
1,0.0,0.0,BRAKE
1,0.0,0.0,BRAKE
1,0.0,0.0,BRAKE
1,0.0,0.0,BRAKE
1,0.0,0.0,BRAKE
1,0.0,0.0,BRAKE
1,0.0,0.0,BRAKE
1,0.0,0.0,BRAKE
1,0.0,0.0,BRAKE
1,0.0,0.0,BRAKE
1,0.0,0.0,BRAKE
1,0.0,0.0,BRAKE
1,0.0,0.0,BRAKE
1,0.0,0.0,BRAKE
1,0.0,0.0,BRAKE
1,0.0,0.0,BRAKE
1,0.0,0.0,BRAKE
1,0.0,0.0,BRAKE
1,0.0,0.0,BRAKE
1,0.0,0.0,BRAKE
1,0.0,0.0,BRAKE
1,0.0,0.0,BRAKE
1,0.0,0.0,BRAKE
1,0.0,0.0,BRAKE
1,0.0,0.0,BRAKE
1,0.0,0.0,BRAKE
1,0.0,0.0,BRAKE
1,0.0,0.0,BRAKE
1,0.0,0.0,BRAKE
1,0.0,0.0,BRAKE
1,0.0,0.0,BRAKE
1,0.0,0.0,BRAKE
1,0.0,0.0,BRAKE
1,0.0,0.0,BRAKE
1,0.0,0.0,BRAKE
1,0.0,0.0,BRAKE
1,0.0,0.0,BRAKE
1,0.0,0.0,BRAKE
1,0.0,0.0,BRAKE
1,0.0,0.0,BRAKE
1,0.0,0.0,BRAKE
1,0.0,0.0,BRAKE
1,0.0,0.0,BRAKE
1,0.0,0.0,BRAKE
1,0.0,0.0,BRAKE
1,0.0,0.0,BRAKE
1,0.0,0.0,BRAKE
1,0.0,0.0,BRAKE
1,0.0,0.0,BRAKE
1,0.0,0.0,BRAKE
1,0.0,0.0,BRAKE
1,0.0,0.0,BRAKE
1,0.0,0.0,BRAKE
1,0.0,0.0,BRAKE
1,0.0,0.0,BRAKE
1,0.0,0.0,BRAKE
1,0.0,0.0,BRAKE
1,0.0,0.0,BRAKE
1,0.0,0.0,BRAKE
1,0.0,0.0,BRAKE
1,0.0,0.0,BRAKE
1,0.0,0.0,BRAKE
1,0.0,0.0,BRAKE
1,0.0,0.0,BRAKE
1,0.0,0.0,BRAKE
1,0.0,0.0,BRAKE
1,0.0,0.0,BRAKE
1,0.0,0.0,BRAKE
1,0.0,0.0,BRAKE
1,0.0,0.0,BRAKE
1,0.0,0.0,BRAKE
1,0.0,0.0,BRAKE
1,0.0,0.0,BRAKE
1,0.0,0.0,BRAKE
1,0.0,0.0,BRAKE
1,0.0,0.0,BRAKE
1,0.0,0.0,BRAKE
1,0.0,0.0,BRAKE
1,0.0,0.0,BRAKE
1,0.0,0.0,BRAKE
1,0.0,0.0,BRAKE
1,0.0,0.0,BRAKE
1,0.0,0.0,BRAKE
1,0.0,0.0,BRAKE
1,0.0,0.0,BRAKE
1,0.0,0.0,BRAKE
1,0.0,0.0,BRAKE
1,0.0,0.0,BRAKE
1,0.0,0.0,BRAKE
1,0.0,0.0,BRAKE
1,0.0,0.0,BRAKE
1,0.0,0.0,BRAKE
1,0.0,0.0,BRAKE
1,0.0,0.0,BRAKE
1,0.0,0.0,BRAKE
1,0.0,0.0,BRAKE
1,0.0,0.0,BRAKE
1,0.0,0.0,BRAKE
1,0.0,0.0,BRAKE
1,0.0,0.0,BRAKE
1,0.0,0.0,BRAKE
1,0.0,0.0,BRAKE
1,0.0,0.0,BRAKE
1,0.0,0.0,BRAKE
1,0.0,0.0,BRAKE
1,0.0,0.0,BRAKE
1,0.0,0.0,BRAKE
1,0.0,0.0,BRAKE
1,0.0,0.0,BRAKE
1,0.0,0.0,BRAKE
1,0.0,0.0,BRAKE
1,0.0,0.0,BRAKE
1,0.0,0.0,BRAKE
1,0.0,0.0,BRAKE
1,0.0,0.0,BRAKE
1,0.0,0.0,BRAKE
1,0.0,0.0,BRAKE
1,0.0,0.0,BRAKE
1,0.0,0.0,BRAKE
1,0.0,0.0,BRAKE
1,0.0,0.0,BRAKE
1,0.0,0.0,BRAKE
1,0.0,0.0,BRAKE
1,0.0,0.0,BRAKE
1,0.0,0.0,BRAKE
1,0.0,0.0,BRAKE
1,0.0,0.0,BRAKE
1,0.0,0.0,BRAKE
1,0.0,0.0,BRAKE
1,0.0,0.0,BRAKE
1,0.0,0.0,BRAKE
1,0.0,0.0,BRAKE
1,0.0,0.0,BRAKE
1,0.0,0.0,BRAKE
1,0.0,0.0,BRAKE
1,0.0,0.0,BRAKE
1,0.0,0.0,BRAKE
1,0.0,0.0,BRAKE
1,0.0,0.0,BRAKE
1,0.0,0.0,BRAKE
1,0.0,0.0,BRAKE
1,0.0,0.0,BRAKE
1,0.0,0.0,BRAKE
1,0.0,0.0,BRAKE
1,0.0,0.0,BRAKE
1,0.0,0.0,BRAKE
1,0.0,0.0,BRAKE
1,0.0,0.0,BRAKE
1,0.0,0.0,BRAKE
1,0.0,0.0,BRAKE
1,0.0,0.0,BRAKE
1,0.0,0.0,BRAKE
1,0.0,0.0,BRAKE
1,0.0,0.0,BRAKE
1,0.0,0.0,BRAKE
1,0.0,0.0,BRAKE
1,0.0,0.0,BRAKE
1,0.0,0.0,BRAKE
1,0.0,0.0,BRAKE
1,0.0,0.0,BRAKE
1,0.0,0.0,BRAKE
1,0.0,0.0,BRAKE
1,0.0,0.0,BRAKE
1,0.0,0.0,BRAKE
1,0.0,0.0,BRAKE
1,0.0,0.0,BRAKE
1,0.0,0.0,BRAKE
1,0.0,0.0,BRAKE
1,0.0,0.0,BRAKE
1,0.0,0.0,BRAKE
1,0.0,0.0,BRAKE
1,0.0,0.0,BRAKE
1,0.0,0.0,BRAKE
1,0.0,0.0,BRAKE
1,0.0,0.0,BRAKE
1,0.0,0.0,BRAKE
1,0.0,0.0,BRAKE
1,0.0,0.0,BRAKE
1,0.0,0.0,BRAKE
1,0.0,0.0,BRAKE
1,0.0,0.0,BRAKE
1,0.0,0.0,BRAKE
1,0.0,0.0,BRAKE
1,0.0,0.0,BRAKE
1,0.0,0.0,BRAKE
1,0.0,0.0,BRAKE
1,0.0,0.0,BRAKE
1,0.0,0.0,BRAKE
1,0.0,0.0,BRAKE
1,0.0,0.0,BRAKE
1,0.0,0.0,BRAKE
1,0.0,0.0,BRAKE
1,0.0,0.0,BRAKE
1,0.0,0.0,BRAKE
1,0.0,0.0,BRAKE
1,0.0,0.0,BRAKE
1,0.0,0.0,BRAKE
1,0.0,0.0,BRAKE
1,0.0,0.0,BRAKE
1,0.0,0.0,BRAKE
1,0.0,0.0,BRAKE
1,0.0,0.0,BRAKE
1,0.0,0.0,BRAKE
1,0.0,0.0,BRAKE
1,0.0,0.0,BRAKE
1,0.0,0.0,BRAKE
1,0.0,0.0,BRAKE
1,0.0,0.0,BRAKE
1,0.0,0.0,BRAKE
1,0.0,0.0,BRAKE
1,0.0,0.0,BRAKE
1,0.0,0.0,BRAKE
1,0.0,0.0,BRAKE
1,0.0,0.0,BRAKE
1,0.0,0.0,BRAKE
1,0.0,0.0,BRAKE
1,0.0,0.0,BRAKE
1,0.0,0.0,BRAKE
1,0.0,0.0,BRAKE
1,0.0,0.0,BRAKE
1,0.0,0.0,BRAKE
1,0.0,0.0,BRAKE
1,0.0,0.0,BRAKE
1,0.0,0.0,BRAKE
1,0.0,0.0,BRAKE
1,0.0,0.0,BRAKE
1,0.0,0.0,BRAKE
1,0.0,0.0,BRAKE
1,0.0,0.0,BRAKE
1,0.0,0.0,BRAKE
1,0.0,0.0,BRAKE
1,0.0,0.0,BRAKE
1,0.0,0.0,BRAKE
1,0.0,0.0,BRAKE
1,0.0,0.0,BRAKE
1,0.0,0.0,BRAKE
1,0.0,0.0,BRAKE
1,0.0,0.0,BRAKE
1,0.0,0.0,BRAKE
1,0.0,0.0,BRAKE
1,0.0,0.0,BRAKE
1,0.0,0.0,BRAKE
1,0.0,0.0,BRAKE
1,0.0,0.0,BRAKE
1,0.0,0.0,BRAKE
1,0.0,0.0,BRAKE
1,0.0,0.0,BRAKE
1,0.0,0.0,BRAKE
1,0.0,0.0,BRAKE
1,0.0,0.0,BRAKE
1,0.0,0.0,BRAKE
1,0.0,0.0,BRAKE
1,0.0,0.0,BRAKE
1,0.0,0.0,BRAKE
1,0.0,0.0,BRAKE
1,0.0,0.0,BRAKE
1,0.0,0.0,BRAKE
1,0.0,0.0,BRAKE
1,0.0,0.0,BRAKE
1,0.0,0.0,BRAKE
1,0.0,0.0,BRAKE
1,0.0,0.0,BRAKE
1,0.0,0.0,BRAKE
1,0.0,0.0,BRAKE
1,0.0,0.0,BRAKE
1,0.0,0.0,BRAKE
1,0.0,0.0,BRAKE
1,0.0,0.0,BRAKE
1,0.0,0.0,BRAKE
1,0.0,0.0,BRAKE
1,0.0,0.0,BRAKE
1,0.0,0.0,BRAKE
1,0.0,0.0,BRAKE
1,0.0,0.0,BRAKE
1,0.0,0.0,BRAKE
1,0.0,0.0,BRAKE
0,0.0,0.0,BRAKE
0,0.0,0.0,BRAKE
0,0.0,0.0,BRAKE
1,0.0,0.0,BRAKE
0,0.0,0.0,BRAKE
0,0.0,0.0,BRAKE
0,0.0,0.0,BRAKE
0,0.0,0.0,BRAKE
0,0.0,0.0,BRAKE
0,0.0,0.0,BRAKE
0,0.0,0.0,BRAKE
0,0.0,0.0,BRAKE
1,0.0,0.0,BRAKE
0,0.0,0.0,BRAKE
0,0.0,0.0,BRAKE
0,0.0,0.0,BRAKE
0,0.0,0.0,BRAKE
0,0.0,0.0,BRAKE
1,0.0,0.0,BRAKE
1,0.0,0.0,BRAKE
8,0.0,0.0,BRAKE
8,0.0,0.0,BRAKE
2,0.03177816901408454,0.29043369583968137,CLEAR
2,0.0,0.0,BRAKE
2,0.007680457746478874,0.29043369583968137,CLEAR
2,0.0,0.0,BRAKE
2,0.0,0.0,BRAKE
2,0.0,0.0,BRAKE
2,0.0,0.0,BRAKE
2,0.0,0.0,BRAKE
2,0.0,0.0,BRAKE
2,0.0,0.0,BRAKE
2,0.0,0.0,BRAKE
2,0.0,0.0,BRAKE
2,0.0,0.0,BRAKE
2,0.0,0.0,BRAKE
2,0.0,0.0,BRAKE
2,0.0,0.0,BRAKE
2,0.0,0.0,BRAKE
2,0.0,0.0,BRAKE
2,0.0,0.0,BRAKE
2,0.0,0.0,BRAKE
2,0.0,0.0,BRAKE
2,0.0,0.0,BRAKE
2,0.0,0.0,BRAKE
2,0.0,0.0,BRAKE
2,0.0,0.0,BRAKE
2,0.0,0.0,BRAKE
2,0.0,0.0,BRAKE
2,0.0,0.0,BRAKE
2,0.0,0.0,BRAKE
2,0.0,0.0,BRAKE
2,0.001722669601440452,0.29043369583968137,CLEAR
2,0.0,0.0,BRAKE
2,0.0,0.0,BRAKE
2,0.004516410827636719,0.29043369583968137,CLEAR
2,0.0,0.0,BRAKE
2,0.0,0.0,BRAKE
2,0.0,0.0,BRAKE
2,0.007520055770874023,0.29043369583968137,CLEAR
2,0.0,0.0,BRAKE
2,0.015935230255126973,0.29043369583968137,CLEAR
2,0.004288148880004905,0.29043369583968137,CLEAR
2,0.0,0.0,BRAKE
2,0.0,0.0,BRAKE
2,0.004128551483154275,0.29043369583968137,CLEAR
2,0.0,0.0,BRAKE
2,0.000954437255859375,0.29043369583968137,CLEAR
2,0.0034071445465087666,0.29043369583968137,CLEAR
2,0.0,0.0,BRAKE
2,0.0,0.0,BRAKE
2,0.0,0.0,BRAKE
2,0.0024137973785400167,0.29043369583968137,CLEAR
2,0.005470085144042946,0.29043369583968137,CLEAR
2,0.0,0.0,BRAKE
2,0.0,0.0,BRAKE
2,0.0,0.0,BRAKE
2,0.0,0.0,BRAKE
2,0.0,0.0,BRAKE
2,0.0,0.0,BRAKE
2,0.0,0.0,BRAKE
2,0.0,0.0,BRAKE
2,0.0,0.0,BRAKE
2,0.002320575714111328,0.29043369583968137,CLEAR
2,0.0,0.0,BRAKE
2,0.0,0.0,BRAKE
2,0.014658594131469726,0.29043369583968137,CLEAR
2,0.026553106307983375,0.29043369583968137,CLEAR
2,0.01364884376525881,0.29043369583968137,CLEAR
2,0.01711864471435547,0.29043369583968137,CLEAR
2,0.0,0.0,BRAKE
2,0.0034423351287841573,0.29043369583968137,CLEAR
2,0.0,0.0,BRAKE
2,0.0,0.0,BRAKE
1,0.0,0.0,BRAKE
2,0.0,0.0,BRAKE
2,0.0,0.0,BRAKE
2,0.0,0.0,BRAKE
2,0.0,0.0,BRAKE
2,0.0,0.0,BRAKE
2,0.0,0.0,BRAKE
2,0.0,0.0,BRAKE
2,0.0,0.0,BRAKE
2,0.0,0.0,BRAKE
1,0.0,0.0,BRAKE
1,0.0,0.0,BRAKE
1,0.0,0.0,BRAKE
1,0.0,0.0,BRAKE
2,0.0,0.0,BRAKE
2,0.0,0.0,BRAKE
2,0.0,0.0,BRAKE
2,0.0,0.0,BRAKE
2,0.0,0.0,BRAKE
1,0.0,0.0,BRAKE
1,0.0,0.0,BRAKE
1,0.0,0.0,BRAKE
1,0.0,0.0,BRAKE
1,0.0,0.0,BRAKE
1,0.0,0.0,BRAKE
1,0.0,0.0,BRAKE
1,0.0,0.0,BRAKE
1,0.0,0.0,BRAKE
1,0.0,0.0,BRAKE
1,0.0,0.0,BRAKE
1,0.0,0.0,BRAKE
1,0.0,0.0,BRAKE
1,0.0,0.0,BRAKE
1,0.0,0.0,BRAKE
1,0.0,0.0,BRAKE
1,0.0,0.0,BRAKE
1,0.0,0.0,BRAKE
1,0.0,0.0,BRAKE
1,0.0,0.0,BRAKE
1,0.0,0.0,BRAKE
1,0.0,0.0,BRAKE
1,0.0,0.0,BRAKE
1,0.0,0.0,BRAKE
1,0.0,0.0,BRAKE
1,0.0,0.0,BRAKE
1,0.0,0.0,BRAKE
1,0.0,0.0,BRAKE
1,0.0,0.0,BRAKE
1,0.0,0.0,BRAKE
1,0.0,0.0,BRAKE
1,0.0,0.0,BRAKE
1,0.0,0.0,BRAKE
1,0.0,0.0,BRAKE
1,0.0,0.0,BRAKE
1,0.0,0.0,BRAKE
1,0.0,0.0,BRAKE
1,0.0,0.0,BRAKE
1,0.0,0.0,BRAKE
1,0.0,0.0,BRAKE
1,0.0,0.0,BRAKE
1,0.0,0.0,BRAKE
1,0.0,0.0,BRAKE
1,0.0,0.0,BRAKE
1,0.0,0.0,BRAKE
1,0.0,0.0,BRAKE
1,0.0,0.0,BRAKE
1,0.0,0.0,BRAKE
1,0.0,0.0,BRAKE
1,0.0,0.0,BRAKE
1,0.0,0.0,BRAKE
1,0.0,0.0,BRAKE
1,0.0,0.0,BRAKE
1,0.0,0.0,BRAKE
1,0.0,0.0,BRAKE
1,0.0,0.0,BRAKE
1,0.0,0.0,BRAKE
1,0.0,0.0,BRAKE
1,0.0,0.0,BRAKE
1,0.0,0.0,BRAKE
1,0.0,0.0,BRAKE
1,0.0,0.0,BRAKE
1,0.0,0.0,BRAKE
1,0.0,0.0,BRAKE
1,0.0,0.0,BRAKE
1,0.0,0.0,BRAKE
1,0.0,0.0,BRAKE
1,0.0,0.0,BRAKE
1,0.0,0.0,BRAKE
1,0.0,0.0,BRAKE
0,0.0,0.0,BRAKE
1,0.0,0.0,BRAKE
0,0.0,0.0,BRAKE
0,0.0,0.0,BRAKE
0,0.0,0.0,BRAKE
0,0.0,0.0,BRAKE
0,0.0,0.0,BRAKE
0,0.0,0.0,BRAKE
0,0.0,0.0,BRAKE
0,0.0,0.0,BRAKE
0,0.0,0.0,BRAKE
0,0.0,0.0,BRAKE
0,0.0,0.0,BRAKE
1,0.0,0.0,BRAKE
1,0.0,0.0,BRAKE
1,0.0,0.0,BRAKE
1,0.0,0.0,BRAKE
8,0.0,0.0,BRAKE
1,0.0,0.0,BRAKE
8,0.0,0.0,BRAKE
8,0.0,0.0,BRAKE
8,0.0,0.0,BRAKE
1,0.0,0.0,BRAKE
1,0.0,0.0,BRAKE
1,0.0,0.0,BRAKE
8,0.0,0.0,BRAKE
8,0.0,0.0,BRAKE
1,0.0,0.0,BRAKE
1,0.0,0.0,BRAKE
1,0.0,0.0,BRAKE
1,0.0,0.0,BRAKE
1,0.0,0.0,BRAKE
1,0.0,0.0,BRAKE
1,0.0,0.0,BRAKE
1,0.0,0.0,BRAKE
1,0.0,0.0,BRAKE
1,0.0,0.0,BRAKE
1,0.0,0.0,BRAKE
1,0.0,0.0,BRAKE
1,0.0,0.0,BRAKE
1,0.0,0.0,BRAKE
1,0.0,0.0,BRAKE
1,0.0,0.0,BRAKE
1,0.0,0.0,BRAKE
1,0.0,0.0,BRAKE
1,0.0,0.0,BRAKE
1,0.0,0.0,BRAKE
1,0.0,0.0,BRAKE
1,0.0,0.0,BRAKE
1,0.0,0.0,BRAKE
1,0.0,0.0,BRAKE
8,0.0,0.0,BRAKE
8,0.0,0.0,BRAKE
8,0.0,0.0,BRAKE
8,0.0,0.0,BRAKE
8,0.0,0.0,BRAKE
8,0.0,0.0,BRAKE
8,0.0,0.0,BRAKE
8,0.0,0.0,BRAKE
8,0.0,0.0,BRAKE
8,0.0,0.0,BRAKE
8,0.0,0.0,BRAKE
8,0.0,0.0,BRAKE
8,0.0,0.0,BRAKE
8,0.0,0.0,BRAKE
8,0.0,0.0,BRAKE
8,0.0,0.0,BRAKE
8,0.0,0.0,BRAKE
8,0.0,0.0,BRAKE
8,0.0,0.0,BRAKE
8,0.0,0.0,BRAKE
8,0.0,0.0,BRAKE
8,0.0,0.0,BRAKE
8,0.0,0.0,BRAKE
8,0.0,0.0,BRAKE
8,0.0,0.0,BRAKE
8,0.0,0.0,BRAKE
8,0.0,0.0,BRAKE
8,0.0,0.0,BRAKE
8,0.0,0.0,BRAKE
8,0.0,0.0,BRAKE
8,0.0,0.0,BRAKE
8,0.0,0.0,BRAKE
1,0.0,0.0,BRAKE
1,0.0,0.0,BRAKE
8,0.0,0.0,BRAKE
1,0.0,0.0,BRAKE
1,0.0,0.0,BRAKE
1,0.0,0.0,BRAKE
1,0.0,0.0,BRAKE
8,0.0,0.0,BRAKE
1,0.0,0.0,BRAKE
8,0.0,0.0,BRAKE
1,0.0,0.0,BRAKE
1,0.0,0.0,BRAKE
1,0.0,0.0,BRAKE
1,0.0,0.0,BRAKE
1,0.0,0.0,BRAKE
1,0.0,0.0,BRAKE
1,0.0,0.0,BRAKE
1,0.0,0.0,BRAKE
1,0.0,0.0,BRAKE
1,0.0,0.0,BRAKE
1,0.0,0.0,BRAKE
0,0.0,0.0,BRAKE
1,0.0,0.0,BRAKE
0,0.0,0.0,BRAKE
0,0.0,0.0,BRAKE
0,0.0,0.0,BRAKE
0,0.0,0.0,BRAKE
1,0.0,0.0,BRAKE
1,0.0,0.0,BRAKE
1,0.0,0.0,BRAKE
1,0.0,0.0,BRAKE
1,0.0,0.0,BRAKE
1,0.0,0.0,BRAKE
1,0.0,0.0,BRAKE
1,0.0,0.0,BRAKE
1,0.0,0.0,BRAKE
1,0.0,0.0,BRAKE
1,0.0,0.0,BRAKE
1,0.0,0.0,BRAKE
1,0.0,0.0,BRAKE
1,0.0,0.0,BRAKE
1,0.0,0.0,BRAKE
1,0.0,0.0,BRAKE
1,0.0,0.0,BRAKE
1,0.0,0.0,BRAKE
1,0.0,0.0,BRAKE
1,0.0,0.0,BRAKE
1,0.0,0.0,BRAKE
1,0.0,0.0,BRAKE
1,0.0,0.0,BRAKE
1,0.0,0.0,BRAKE
1,0.0,0.0,BRAKE
1,0.0,0.0,BRAKE
1,0.0,0.0,BRAKE
1,0.0,0.0,BRAKE
1,0.0,0.0,BRAKE
1,0.0,0.0,BRAKE
1,0.0,0.0,BRAKE
1,0.0,0.0,BRAKE
1,0.0,0.0,BRAKE
1,0.0,0.0,BRAKE
1,0.0,0.0,BRAKE
1,0.0,0.0,BRAKE
1,0.0,0.0,BRAKE
1,0.0,0.0,BRAKE
1,0.0,0.0,BRAKE
1,0.0,0.0,BRAKE
1,0.0,0.0,BRAKE
1,0.0,0.0,BRAKE
1,0.0,0.0,BRAKE
1,0.0,0.0,BRAKE
1,0.0,0.0,BRAKE
1,0.0,0.0,BRAKE
1,0.0,0.0,BRAKE
1,0.0,0.0,BRAKE
1,0.0,0.0,BRAKE
1,0.0,0.0,BRAKE
1,0.0,0.0,BRAKE
1,0.0,0.0,BRAKE
1,0.0,0.0,BRAKE
1,0.0,0.0,BRAKE
1,0.0,0.0,BRAKE
1,0.0,0.0,BRAKE
1,0.0,0.0,BRAKE
1,0.0,0.0,BRAKE
1,0.0,0.0,BRAKE
1,0.0,0.0,BRAKE
1,0.0,0.0,BRAKE
1,0.0,0.0,BRAKE
1,0.0,0.0,BRAKE
1,0.0,0.0,BRAKE
1,0.0,0.0,BRAKE
1,0.0,0.0,BRAKE
1,0.0,0.0,BRAKE
1,0.0,0.0,BRAKE
1,0.0,0.0,BRAKE
1,0.0,0.0,BRAKE
1,0.0,0.0,BRAKE
1,0.0,0.0,BRAKE
1,0.0,0.0,BRAKE
1,0.0,0.0,BRAKE
1,0.0,0.0,BRAKE
1,0.0,0.0,BRAKE
1,0.0,0.0,BRAKE
1,0.0,0.0,BRAKE
1,0.0,0.0,BRAKE
1,0.0,0.0,BRAKE
1,0.0,0.0,BRAKE
1,0.0,0.0,BRAKE
1,0.0,0.0,BRAKE
1,0.0,0.0,BRAKE
1,0.0,0.0,BRAKE
1,0.0,0.0,BRAKE
1,0.0,0.0,BRAKE
1,0.0,0.0,BRAKE
1,0.0,0.0,BRAKE
1,0.0,0.0,BRAKE
1,0.0,0.0,BRAKE
1,0.0,0.0,BRAKE
1,0.0,0.0,BRAKE
1,0.0,0.0,BRAKE
1,0.0,0.0,BRAKE
1,0.0,0.0,BRAKE
1,0.0,0.0,BRAKE
1,0.0,0.0,BRAKE
1,0.0,0.0,BRAKE
1,0.0,0.0,BRAKE
1,0.0,0.0,BRAKE
1,0.0,0.0,BRAKE
1,0.0,0.0,BRAKE
1,0.0,0.0,BRAKE
1,0.0,0.0,BRAKE
1,0.0,0.0,BRAKE
1,0.0,0.0,BRAKE
1,0.0,0.0,BRAKE
1,0.0,0.0,BRAKE
1,0.0,0.0,BRAKE
1,0.0,0.0,BRAKE
1,0.0,0.0,BRAKE
1,0.0,0.0,BRAKE
1,0.0,0.0,BRAKE
1,0.0,0.0,BRAKE
1,0.0,0.0,BRAKE
1,0.0,0.0,BRAKE
1,0.0,0.0,BRAKE
1,0.0,0.0,BRAKE
1,0.0,0.0,BRAKE
1,0.0,0.0,BRAKE
1,0.0,0.0,BRAKE
1,0.0,0.0,BRAKE
1,0.0,0.0,BRAKE
1,0.0,0.0,BRAKE
1,0.0,0.0,BRAKE
1,0.0,0.0,BRAKE
1,0.0,0.0,BRAKE
1,0.0,0.0,BRAKE
1,0.0,0.0,BRAKE
1,0.0,0.0,BRAKE
1,0.0,0.0,BRAKE
1,0.0,0.0,BRAKE
1,0.0,0.0,BRAKE
1,0.0,0.0,BRAKE
1,0.0,0.0,BRAKE
1,0.0,0.0,BRAKE
1,0.0,0.0,BRAKE
1,0.0,0.0,BRAKE
1,0.0,0.0,BRAKE
1,0.0,0.0,BRAKE
1,0.0,0.0,BRAKE
1,0.0,0.0,BRAKE
1,0.0,0.0,BRAKE
1,0.0,0.0,BRAKE
1,0.0,0.0,BRAKE
1,0.0,0.0,BRAKE
1,0.0,0.0,BRAKE
1,0.0,0.0,BRAKE
1,0.0,0.0,BRAKE
1,0.0,0.0,BRAKE
1,0.0,0.0,BRAKE
1,0.0,0.0,BRAKE
1,0.0,0.0,BRAKE
1,0.0,0.0,BRAKE
1,0.0,0.0,BRAKE
8,0.0,0.0,BRAKE
8,0.0,0.0,BRAKE
1,0.0,0.0,BRAKE
8,0.0,0.0,BRAKE
8,0.0,0.0,BRAKE
1,0.0,0.0,BRAKE
1,0.0,0.0,BRAKE
1,0.0,0.0,BRAKE
8,0.0,0.0,BRAKE
8,0.0,0.0,BRAKE
8,0.0,0.0,BRAKE
8,0.0,0.0,BRAKE
8,0.0,0.0,BRAKE
1,0.0,0.0,BRAKE
8,0.0,0.0,BRAKE
1,0.0,0.0,BRAKE
1,0.0,0.0,BRAKE
1,0.0,0.0,BRAKE
1,0.0,0.0,BRAKE
1,0.0,0.0,BRAKE
1,0.0,0.0,BRAKE
1,0.0,0.0,BRAKE
1,0.0,0.0,BRAKE
1,0.0,0.0,BRAKE
1,0.0,0.0,BRAKE
1,0.0,0.0,BRAKE
1,0.0,0.0,BRAKE
1,0.0,0.0,BRAKE
1,0.0,0.0,BRAKE
1,0.0,0.0,BRAKE
1,0.0,0.0,BRAKE
1,0.0,0.0,BRAKE
1,0.0,0.0,BRAKE
1,0.0,0.0,BRAKE
1,0.0,0.0,BRAKE
1,0.0,0.0,BRAKE
1,0.0,0.0,BRAKE
1,0.0,0.0,BRAKE
8,0.0,0.0,BRAKE
1,0.0,0.0,BRAKE
1,0.0,0.0,BRAKE
1,0.0,0.0,BRAKE
1,0.0,0.0,BRAKE
1,0.0,0.0,BRAKE
1,0.0,0.0,BRAKE
1,0.0,0.0,BRAKE
1,0.0,0.0,BRAKE
1,0.0,0.0,BRAKE
1,0.0,0.0,BRAKE
1,0.0,0.0,BRAKE
1,0.0,0.0,BRAKE
1,0.0,0.0,BRAKE
1,0.0,0.0,BRAKE
1,0.0,0.0,BRAKE
1,0.0,0.0,BRAKE
1,0.0,0.0,BRAKE
1,0.0,0.0,BRAKE
1,0.0,0.0,BRAKE
1,0.0,0.0,BRAKE
1,0.0,0.0,BRAKE
1,0.0,0.0,BRAKE
1,0.0,0.0,BRAKE
1,0.0,0.0,BRAKE
1,0.0,0.0,BRAKE
1,0.0,0.0,BRAKE
1,0.0,0.0,BRAKE
1,0.0,0.0,BRAKE
1,0.0,0.0,BRAKE
1,0.0,0.0,BRAKE
1,0.0,0.0,BRAKE
1,0.0,0.0,BRAKE
1,0.0,0.0,BRAKE
1,0.0,0.0,BRAKE
1,0.0,0.0,BRAKE
1,0.0,0.0,BRAKE
1,0.0,0.0,BRAKE
1,0.0,0.0,BRAKE
1,0.0,0.0,BRAKE
1,0.0,0.0,BRAKE
1,0.0,0.0,BRAKE
1,0.0,0.0,BRAKE
1,0.0,0.0,BRAKE
1,0.0,0.0,BRAKE
1,0.0,0.0,BRAKE
1,0.0,0.0,BRAKE
1,0.0,0.0,BRAKE
1,0.0,0.0,BRAKE
8,0.0,0.0,BRAKE
1,0.0,0.0,BRAKE
1,0.0,0.0,BRAKE
1,0.0,0.0,BRAKE
1,0.0,0.0,BRAKE
1,0.0,0.0,BRAKE
1,0.0,0.0,BRAKE
1,0.0,0.0,BRAKE
1,0.0,0.0,BRAKE
1,0.0,0.0,BRAKE
1,0.0,0.0,BRAKE
1,0.0,0.0,BRAKE
1,0.0,0.0,BRAKE
1,0.0,0.0,BRAKE
1,0.0,0.0,BRAKE
1,0.0,0.0,BRAKE
1,0.0,0.0,BRAKE
1,0.0,0.0,BRAKE
1,0.0,0.0,BRAKE
1,0.0,0.0,BRAKE
1,0.0,0.0,BRAKE
1,0.0,0.0,BRAKE
1,0.0,0.0,BRAKE
1,0.0,0.0,BRAKE
1,0.0,0.0,BRAKE
8,0.0,0.0,BRAKE
1,0.0,0.0,BRAKE
8,0.0,0.0,BRAKE
1,0.0,0.0,BRAKE
1,0.0,0.0,BRAKE
8,0.0,0.0,BRAKE
1,0.0,0.0,BRAKE
1,0.0,0.0,BRAKE
1,0.0,0.0,BRAKE
8,0.0,0.0,BRAKE
1,0.0,0.0,BRAKE
1,0.0,0.0,BRAKE
1,0.0,0.0,BRAKE
1,0.0,0.0,BRAKE
1,0.0,0.0,BRAKE
1,0.0,0.0,BRAKE
8,0.0,0.0,BRAKE
1,0.0,0.0,BRAKE
1,0.0,0.0,BRAKE
1,0.0,0.0,BRAKE
1,0.0,0.0,BRAKE
1,0.0,0.0,BRAKE
1,0.0,0.0,BRAKE
1,0.0,0.0,BRAKE
1,0.0,0.0,BRAKE
1,0.0,0.0,BRAKE
1,0.0,0.0,BRAKE
1,0.0,0.0,BRAKE
1,0.0,0.0,BRAKE
1,0.0,0.0,BRAKE
1,0.0,0.0,BRAKE
1,0.0,0.0,BRAKE
1,0.0,0.0,BRAKE
1,0.0,0.0,BRAKE
1,0.0,0.0,BRAKE
1,0.0,0.0,BRAKE
1,0.0,0.0,BRAKE
1,0.0,0.0,BRAKE
1,0.0,0.0,BRAKE
1,0.0,0.0,BRAKE
1,0.0,0.0,BRAKE
1,0.0,0.0,BRAKE
1,0.0,0.0,BRAKE
1,0.0,0.0,BRAKE
1,0.0,0.0,BRAKE
1,0.0,0.0,BRAKE
1,0.0,0.0,BRAKE
1,0.0,0.0,BRAKE
1,0.0,0.0,BRAKE
1,0.0,0.0,BRAKE
1,0.0,0.0,BRAKE
1,0.0,0.0,BRAKE
1,0.0,0.0,BRAKE
1,0.0,0.0,BRAKE
1,0.0,0.0,BRAKE
1,0.0,0.0,BRAKE
1,0.0,0.0,BRAKE
1,0.0,0.0,BRAKE
1,0.0,0.0,BRAKE
1,0.0,0.0,BRAKE
1,0.0,0.0,BRAKE
1,0.0,0.0,BRAKE
1,0.0,0.0,BRAKE
1,0.0,0.0,BRAKE
1,0.0,0.0,BRAKE
1,0.0,0.0,BRAKE
1,0.0,0.0,BRAKE
1,0.0,0.0,BRAKE
1,0.0,0.0,BRAKE
1,0.0,0.0,BRAKE
1,0.0,0.0,BRAKE
1,0.0,0.0,BRAKE
1,0.0,0.0,BRAKE
1,0.0,0.0,BRAKE
1,0.0,0.0,BRAKE
1,0.0,0.0,BRAKE
1,0.0,0.0,BRAKE
1,0.0,0.0,BRAKE
1,0.0,0.0,BRAKE
1,0.0,0.0,BRAKE
1,0.0,0.0,BRAKE
1,0.0,0.0,BRAKE
1,0.0,0.0,BRAKE
1,0.0,0.0,BRAKE
1,0.0,0.0,BRAKE
1,0.0,0.0,BRAKE
1,0.0,0.0,BRAKE
1,0.0,0.0,BRAKE
1,0.0,0.0,BRAKE
1,0.0,0.0,BRAKE
1,0.0,0.0,BRAKE
1,0.0,0.0,BRAKE
1,0.0,0.0,BRAKE
1,0.0,0.0,BRAKE
1,0.0,0.0,BRAKE
1,0.0,0.0,BRAKE
1,0.0,0.0,BRAKE
1,0.0,0.0,BRAKE
1,0.0,0.0,BRAKE
1,0.0,0.0,BRAKE
1,0.0,0.0,BRAKE
1,0.0,0.0,BRAKE
1,0.0,0.0,BRAKE
1,0.0,0.0,BRAKE
1,0.0,0.0,BRAKE
1,0.0,0.0,BRAKE
1,0.0,0.0,BRAKE
1,0.0,0.0,BRAKE
1,0.0,0.0,BRAKE
1,0.0,0.0,BRAKE
1,0.0,0.0,BRAKE
1,0.0,0.0,BRAKE
1,0.0,0.0,BRAKE
1,0.0,0.0,BRAKE
1,0.0,0.0,BRAKE
1,0.0,0.0,BRAKE
1,0.0,0.0,BRAKE
1,0.0,0.0,BRAKE
1,0.0,0.0,BRAKE
1,0.0,0.0,BRAKE
1,0.0,0.0,BRAKE
1,0.0,0.0,BRAKE
1,0.0,0.0,BRAKE
1,0.0,0.0,BRAKE
1,0.0,0.0,BRAKE
1,0.0,0.0,BRAKE
1,0.0,0.0,BRAKE
1,0.0,0.0,BRAKE
1,0.0,0.0,BRAKE
1,0.0,0.0,BRAKE
1,0.0,0.0,BRAKE
1,0.0,0.0,BRAKE
1,0.0,0.0,BRAKE
1,0.0,0.0,BRAKE
1,0.0,0.0,BRAKE
1,0.0,0.0,BRAKE
1,0.0,0.0,BRAKE
1,0.0,0.0,BRAKE
1,0.0,0.0,BRAKE
1,0.0,0.0,BRAKE
1,0.0,0.0,BRAKE
1,0.0,0.0,BRAKE
1,0.0,0.0,BRAKE
1,0.0,0.0,BRAKE
1,0.0,0.0,BRAKE
1,0.0,0.0,BRAKE
1,0.0,0.0,BRAKE
1,0.0,0.0,BRAKE
1,0.0,0.0,BRAKE
1,0.0,0.0,BRAKE
1,0.0,0.0,BRAKE
1,0.0,0.0,BRAKE
1,0.0,0.0,BRAKE
1,0.0,0.0,BRAKE
1,0.0,0.0,BRAKE
1,0.0,0.0,BRAKE
1,0.0,0.0,BRAKE
1,0.0,0.0,BRAKE
1,0.0,0.0,BRAKE
1,0.0,0.0,BRAKE
1,0.0,0.0,BRAKE
1,0.0,0.0,BRAKE
1,0.0,0.0,BRAKE
1,0.0,0.0,BRAKE
1,0.0,0.0,BRAKE
1,0.0,0.0,BRAKE
1,0.0,0.0,BRAKE
1,0.0,0.0,BRAKE
1,0.0,0.0,BRAKE
1,0.0,0.0,BRAKE
1,0.0,0.0,BRAKE
1,0.0,0.0,BRAKE
1,0.0,0.0,BRAKE
1,0.0,0.0,BRAKE
1,0.0,0.0,BRAKE
1,0.0,0.0,BRAKE
1,0.0,0.0,BRAKE
1,0.0,0.0,BRAKE
1,0.0,0.0,BRAKE
8,0.0,0.0,BRAKE
8,0.0,0.0,BRAKE
8,0.0,0.0,BRAKE
8,0.0,0.0,BRAKE
8,0.0,0.0,BRAKE
8,0.0,0.0,BRAKE
8,0.0,0.0,BRAKE
8,0.0,0.0,BRAKE
8,0.0,0.0,BRAKE
8,0.0,0.0,BRAKE
8,0.0,0.0,BRAKE
8,0.0,0.0,BRAKE
8,0.0,0.0,BRAKE
8,0.0,0.0,BRAKE
8,0.0,0.0,BRAKE
8,0.0,0.0,BRAKE
8,0.0,0.0,BRAKE
8,0.0,0.0,BRAKE
8,0.0,0.0,BRAKE
8,0.0,0.0,BRAKE
8,0.0,0.0,BRAKE
8,0.0,0.0,BRAKE
8,0.0,0.0,BRAKE
8,0.0,0.0,BRAKE
8,0.0,0.0,BRAKE
8,0.0,0.0,BRAKE
8,0.0,0.0,BRAKE
8,0.0,0.0,BRAKE
8,0.0,0.0,BRAKE
8,0.0,0.0,BRAKE
8,0.0,0.0,BRAKE
8,0.0,0.0,BRAKE
8,0.0,0.0,BRAKE
8,0.0,0.0,BRAKE
1,0.0,0.0,BRAKE
1,0.0,0.0,BRAKE
1,0.0,0.0,BRAKE
1,0.0,0.0,BRAKE
1,0.0,0.0,BRAKE
1,0.0,0.0,BRAKE
1,0.0,0.0,BRAKE
1,0.0,0.0,BRAKE
1,0.0,0.0,BRAKE
1,0.0,0.0,BRAKE
1,0.0,0.0,BRAKE
1,0.0,0.0,BRAKE
1,0.0,0.0,BRAKE
1,0.0,0.0,BRAKE
1,0.0,0.0,BRAKE
1,0.0,0.0,BRAKE
1,0.0,0.0,BRAKE
1,0.0,0.0,BRAKE
1,0.0,0.0,BRAKE
1,0.0,0.0,BRAKE
1,0.0,0.0,BRAKE
1,0.0,0.0,BRAKE
1,0.0,0.0,BRAKE
1,0.0,0.0,BRAKE
1,0.0,0.0,BRAKE
1,0.0,0.0,BRAKE
1,0.0,0.0,BRAKE
1,0.0,0.0,BRAKE
1,0.0,0.0,BRAKE
1,0.0,0.0,BRAKE
1,0.0,0.0,BRAKE
1,0.0,0.0,BRAKE
1,0.0,0.0,BRAKE
1,0.0,0.0,BRAKE
1,0.0,0.0,BRAKE
1,0.0,0.0,BRAKE
1,0.0,0.0,BRAKE
1,0.0,0.0,BRAKE
1,0.0,0.0,BRAKE
1,0.0,0.0,BRAKE
1,0.0,0.0,BRAKE
1,0.0,0.0,BRAKE
1,0.0,0.0,BRAKE
1,0.0,0.0,BRAKE
1,0.0,0.0,BRAKE
1,0.0,0.0,BRAKE
1,0.0,0.0,BRAKE
1,0.0,0.0,BRAKE
1,0.0,0.0,BRAKE
1,0.0,0.0,BRAKE
1,0.0,0.0,BRAKE
1,0.0,0.0,BRAKE
1,0.0,0.0,BRAKE
1,0.0,0.0,BRAKE
1,0.0,0.0,BRAKE
1,0.0,0.0,BRAKE
1,0.0,0.0,BRAKE
1,0.0,0.0,BRAKE
1,0.0,0.0,BRAKE
1,0.0,0.0,BRAKE
1,0.0,0.0,BRAKE
1,0.0,0.0,BRAKE
1,0.0,0.0,BRAKE
1,0.0,0.0,BRAKE
1,0.0,0.0,BRAKE
1,0.0,0.0,BRAKE
1,0.0,0.0,BRAKE
1,0.0,0.0,BRAKE
1,0.0,0.0,BRAKE
1,0.0,0.0,BRAKE
1,0.0,0.0,BRAKE
1,0.0,0.0,BRAKE
1,0.0,0.0,BRAKE
1,0.0,0.0,BRAKE
1,0.0,0.0,BRAKE
1,0.0,0.0,BRAKE
1,0.0,0.0,BRAKE
1,0.0,0.0,BRAKE
1,0.0,0.0,BRAKE
1,0.0,0.0,BRAKE
1,0.0,0.0,BRAKE
1,0.0,0.0,BRAKE
1,0.0,0.0,BRAKE
1,0.0,0.0,BRAKE
1,0.0,0.0,BRAKE
1,0.0,0.0,BRAKE
1,0.0,0.0,BRAKE
1,0.0,0.0,BRAKE
1,0.0,0.0,BRAKE
1,0.0,0.0,BRAKE
1,0.0,0.0,BRAKE
1,0.0,0.0,BRAKE
1,0.0,0.0,BRAKE
1,0.0,0.0,BRAKE
1,0.0,0.0,BRAKE
1,0.0,0.0,BRAKE
1,0.0,0.0,BRAKE
1,0.0,0.0,BRAKE
1,0.0,0.0,BRAKE
1,0.0,0.0,BRAKE
1,0.0,0.0,BRAKE
1,0.0,0.0,BRAKE
1,0.0,0.0,BRAKE
1,0.0,0.0,BRAKE
1,0.0,0.0,BRAKE
1,0.0,0.0,BRAKE
1,0.0,0.0,BRAKE
1,0.0,0.0,BRAKE
8,0.0,0.0,BRAKE
1,0.0,0.0,BRAKE
1,0.0,0.0,BRAKE
1,0.0,0.0,BRAKE
1,0.0,0.0,BRAKE
1,0.0,0.0,BRAKE
1,0.0,0.0,BRAKE
1,0.0,0.0,BRAKE
1,0.0,0.0,BRAKE
1,0.0,0.0,BRAKE
1,0.0,0.0,BRAKE
1,0.0,0.0,BRAKE
1,0.0,0.0,BRAKE
1,0.0,0.0,BRAKE
1,0.0,0.0,BRAKE
1,0.0,0.0,BRAKE
1,0.0,0.0,BRAKE
1,0.0,0.0,BRAKE
1,0.0,0.0,BRAKE
1,0.0,0.0,BRAKE
1,0.0,0.0,BRAKE
1,0.0,0.0,BRAKE
1,0.0,0.0,BRAKE
1,0.0,0.0,BRAKE
1,0.0,0.0,BRAKE
1,0.0,0.0,BRAKE
1,0.0,0.0,BRAKE
1,0.0,0.0,BRAKE
1,0.0,0.0,BRAKE
1,0.0,0.0,BRAKE
1,0.0,0.0,BRAKE
1,0.0,0.0,BRAKE
1,0.0,0.0,BRAKE
1,0.0,0.0,BRAKE
1,0.0,0.0,BRAKE
1,0.0,0.0,BRAKE
1,0.0,0.0,BRAKE
1,0.0,0.0,BRAKE
1,0.0,0.0,BRAKE
1,0.0,0.0,BRAKE
1,0.0,0.0,BRAKE
1,0.0,0.0,BRAKE
1,0.0,0.0,BRAKE
1,0.0,0.0,BRAKE
1,0.0,0.0,BRAKE
1,0.0,0.0,BRAKE
1,0.0,0.0,BRAKE
1,0.0,0.0,BRAKE
1,0.0,0.0,BRAKE
1,0.0,0.0,BRAKE
1,0.0,0.0,BRAKE
1,0.0,0.0,BRAKE
1,0.0,0.0,BRAKE
1,0.0,0.0,BRAKE
1,0.0,0.0,BRAKE
1,0.0,0.0,BRAKE
1,0.0,0.0,BRAKE
1,0.0,0.0,BRAKE
1,0.0,0.0,BRAKE
1,0.0,0.0,BRAKE
1,0.0,0.0,BRAKE
1,0.0,0.0,BRAKE
1,0.0,0.0,BRAKE
1,0.0,0.0,BRAKE
1,0.0,0.0,BRAKE
1,0.0,0.0,BRAKE
1,0.0,0.0,BRAKE
1,0.0,0.0,BRAKE
1,0.0,0.0,BRAKE
1,0.0,0.0,BRAKE
1,0.0,0.0,BRAKE
1,0.0,0.0,BRAKE
1,0.0,0.0,BRAKE
1,0.0,0.0,BRAKE
1,0.0,0.0,BRAKE
1,0.0,0.0,BRAKE
1,0.0,0.0,BRAKE
1,0.0,0.0,BRAKE
1,0.0,0.0,BRAKE
1,0.0,0.0,BRAKE
1,0.0,0.0,BRAKE
1,0.0,0.0,BRAKE
1,0.0,0.0,BRAKE
1,0.0,0.0,BRAKE
1,0.0,0.0,BRAKE
1,0.0,0.0,BRAKE
1,0.0,0.0,BRAKE
1,0.0,0.0,BRAKE
1,0.0,0.0,BRAKE
1,0.0,0.0,BRAKE
1,0.0,0.0,BRAKE
1,0.0,0.0,BRAKE
1,0.0,0.0,BRAKE
1,0.0,0.0,BRAKE
1,0.0,0.0,BRAKE
1,0.0,0.0,BRAKE
1,0.0,0.0,BRAKE
1,0.0,0.0,BRAKE
1,0.0,0.0,BRAKE
1,0.0,0.0,BRAKE
1,0.0,0.0,BRAKE
1,0.0,0.0,BRAKE
1,0.0,0.0,BRAKE
1,0.0,0.0,BRAKE
1,0.0,0.0,BRAKE
1,0.0,0.0,BRAKE
1,0.0,0.0,BRAKE
1,0.0,0.0,BRAKE
1,0.0,0.0,BRAKE
1,0.0,0.0,BRAKE
1,0.0,0.0,BRAKE
1,0.0,0.0,BRAKE
1,0.0,0.0,BRAKE
1,0.0,0.0,BRAKE
1,0.0,0.0,BRAKE
1,0.0,0.0,BRAKE
1,0.0,0.0,BRAKE
1,0.0,0.0,BRAKE
1,0.0,0.0,BRAKE
1,0.0,0.0,BRAKE
1,0.0,0.0,BRAKE
1,0.0,0.0,BRAKE
1,0.0,0.0,BRAKE
1,0.0,0.0,BRAKE
1,0.0,0.0,BRAKE
1,0.0,0.0,BRAKE
1,0.0,0.0,BRAKE
1,0.0,0.0,BRAKE
1,0.0,0.0,BRAKE
1,0.0,0.0,BRAKE
1,0.0,0.0,BRAKE
1,0.0,0.0,BRAKE
1,0.0,0.0,BRAKE
1,0.0,0.0,BRAKE
1,0.0,0.0,BRAKE
1,0.0,0.0,BRAKE
1,0.0,0.0,BRAKE
1,0.0,0.0,BRAKE
1,0.0,0.0,BRAKE
1,0.0,0.0,BRAKE
1,0.0,0.0,BRAKE
1,0.0,0.0,BRAKE
1,0.0,0.0,BRAKE
1,0.0,0.0,BRAKE
1,0.0,0.0,BRAKE
1,0.0,0.0,BRAKE
1,0.0,0.0,BRAKE
1,0.0,0.0,BRAKE
1,0.0,0.0,BRAKE
1,0.0,0.0,BRAKE
1,0.0,0.0,BRAKE
1,0.0,0.0,BRAKE
1,0.0,0.0,BRAKE
1,0.0,0.0,BRAKE
1,0.0,0.0,BRAKE
1,0.0,0.0,BRAKE
1,0.0,0.0,BRAKE
1,0.0,0.0,BRAKE
1,0.0,0.0,BRAKE
1,0.0,0.0,BRAKE
1,0.0,0.0,BRAKE
1,0.0,0.0,BRAKE
8,0.0,0.0,BRAKE
1,0.0,0.0,BRAKE
8,0.0,0.0,BRAKE
8,0.0,0.0,BRAKE
8,0.0,0.0,BRAKE
8,0.0,0.0,BRAKE
8,0.0,0.0,BRAKE
8,0.0,0.0,BRAKE
8,0.0,0.0,BRAKE
8,0.0,0.0,BRAKE
8,0.0,0.0,BRAKE
8,0.0,0.0,BRAKE
8,0.0,0.0,BRAKE
8,0.0,0.0,BRAKE
8,0.0,0.0,BRAKE
8,0.0,0.0,BRAKE
8,0.0,0.0,BRAKE
8,0.0,0.0,BRAKE
8,0.0,0.0,BRAKE
8,0.0,0.0,BRAKE
8,0.0,0.0,BRAKE
8,0.0,0.0,BRAKE
8,0.0,0.0,BRAKE
8,0.0,0.0,BRAKE
8,0.0,0.0,BRAKE
8,0.0,0.0,BRAKE
8,0.0,0.0,BRAKE
8,0.0,0.0,BRAKE
8,0.0,0.0,BRAKE
8,0.0,0.0,BRAKE
8,0.0,0.0,BRAKE
8,0.0,0.0,BRAKE
8,0.0,0.0,BRAKE
8,0.0,0.0,BRAKE
8,0.0,0.0,BRAKE
8,0.0,0.0,BRAKE
8,0.0,0.0,BRAKE
1,0.0,0.0,BRAKE
1,0.0,0.0,BRAKE
1,0.0,0.0,BRAKE
1,0.0,0.0,BRAKE
1,0.0,0.0,BRAKE
1,0.0,0.0,BRAKE
1,0.0,0.0,BRAKE
1,0.0,0.0,BRAKE
1,0.0,0.0,BRAKE
1,0.0,0.0,BRAKE
1,0.0,0.0,BRAKE
1,0.0,0.0,BRAKE
1,0.0,0.0,BRAKE
1,0.0,0.0,BRAKE
1,0.0,0.0,BRAKE
1,0.0,0.0,BRAKE
1,0.0,0.0,BRAKE
1,0.0,0.0,BRAKE
1,0.0,0.0,BRAKE
1,0.0,0.0,BRAKE
1,0.0,0.0,BRAKE
1,0.0,0.0,BRAKE
1,0.0,0.0,BRAKE
1,0.0,0.0,BRAKE
1,0.0,0.0,BRAKE
1,0.0,0.0,BRAKE
1,0.0,0.0,BRAKE
8,0.0,0.0,BRAKE
1,0.0,0.0,BRAKE
1,0.0,0.0,BRAKE
1,0.0,0.0,BRAKE
1,0.0,0.0,BRAKE
1,0.0,0.0,BRAKE
1,0.0,0.0,BRAKE
8,0.0,0.0,BRAKE
1,0.0,0.0,BRAKE
1,0.0,0.0,BRAKE
1,0.0,0.0,BRAKE
1,0.0,0.0,BRAKE
1,0.0,0.0,BRAKE
1,0.0,0.0,BRAKE
1,0.0,0.0,BRAKE
1,0.0,0.0,BRAKE
1,0.0,0.0,BRAKE
1,0.0,0.0,BRAKE
8,0.0,0.0,BRAKE
1,0.0,0.0,BRAKE
1,0.0,0.0,BRAKE
1,0.0,0.0,BRAKE
1,0.0,0.0,BRAKE
1,0.0,0.0,BRAKE
1,0.0,0.0,BRAKE
1,0.0,0.0,BRAKE
1,0.0,0.0,BRAKE
1,0.0,0.0,BRAKE
1,0.0,0.0,BRAKE
1,0.0,0.0,BRAKE
1,0.0,0.0,BRAKE
1,0.0,0.0,BRAKE
1,0.0,0.0,BRAKE
1,0.0,0.0,BRAKE
1,0.0,0.0,BRAKE
1,0.0,0.0,BRAKE
1,0.0,0.0,BRAKE
1,0.0,0.0,BRAKE
1,0.0,0.0,BRAKE
1,0.0,0.0,BRAKE
1,0.0,0.0,BRAKE
1,0.0,0.0,BRAKE
1,0.0,0.0,BRAKE
1,0.0,0.0,BRAKE
1,0.0,0.0,BRAKE
1,0.0,0.0,BRAKE
8,0.0,0.0,BRAKE
1,0.0,0.0,BRAKE
1,0.0,0.0,BRAKE
1,0.0,0.0,BRAKE
1,0.0,0.0,BRAKE
1,0.0,0.0,BRAKE
1,0.0,0.0,BRAKE
1,0.0,0.0,BRAKE
1,0.0,0.0,BRAKE
8,0.0,0.0,BRAKE
1,0.0,0.0,BRAKE
1,0.0,0.0,BRAKE
1,0.0,0.0,BRAKE
1,0.0,0.0,BRAKE
1,0.0,0.0,BRAKE
1,0.0,0.0,BRAKE
1,0.0,0.0,BRAKE
1,0.0,0.0,BRAKE
1,0.0,0.0,BRAKE
1,0.0,0.0,BRAKE
8,0.0,0.0,BRAKE
1,0.0,0.0,BRAKE
1,0.0,0.0,BRAKE
1,0.0,0.0,BRAKE
1,0.0,0.0,BRAKE
5,0.19054846763610842,-0.14521684791984069,CLEAR
5,0.2114012241363525,-0.14521684791984069,CLEAR
5,0.18375902175903316,-0.14521684791984069,CLEAR
5,0.23514893054962155,-0.14521684791984069,CLEAR
5,0.19514417648315427,-0.14521684791984069,CLEAR
5,0.20224621295928955,-0.14521684791984069,CLEAR
5,0.20431127548217776,-0.14521684791984069,CLEAR
5,0.21241555213928223,-0.14521684791984069,CLEAR
5,0.25268864631652826,-0.14521684791984069,CLEAR
5,0.20051801204681396,-0.14521684791984069,CLEAR
5,0.21440749168395995,-0.14521684791984069,CLEAR
5,0.2706892967224121,-0.14521684791984069,CLEAR
5,0.23430044651031495,-0.14521684791984069,CLEAR
5,0.24481937885284422,-0.14521684791984069,CLEAR
5,0.23048598766326905,-0.14521684791984069,CLEAR
5,0.24160273075103758,-0.14521684791984069,CLEAR
5,0.2197760343551636,-0.14521684791984069,CLEAR
5,0.2128154516220093,-0.14521684791984069,CLEAR
5,0.21127963066101071,-0.14521684791984069,CLEAR
5,0.19147639274597167,-0.14521684791984069,CLEAR
5,0.22831859588623044,-0.14521684791984069,CLEAR
5,0.21841604709625245,-0.14521684791984069,CLEAR
5,0.2734105348587036,-0.14521684791984069,CLEAR
5,0.18223710060119627,-0.14521684791984069,CLEAR
5,0.22728059291839597,-0.14521684791984069,CLEAR
5,0.22348816394805907,-0.14521684791984069,CLEAR
5,0.17928996086120602,-0.14521684791984069,CLEAR
5,0.1900536060333252,-0.14521684791984069,CLEAR
5,0.2427901029586792,-0.14521684791984069,CLEAR
5,0.21642050743103028,-0.14521684791984069,CLEAR
5,0.26532773971557616,-0.14521684791984069,CLEAR
5,0.1881841659545898,-0.14521684791984069,CLEAR
5,0.2005093336105347,-0.14521684791984069,CLEAR
5,0.18689770698547362,-0.14521684791984069,CLEAR
5,0.18501811027526857,-0.14521684791984069,CLEAR
5,0.17323579788208007,-0.14521684791984069,CLEAR
5,0.18281149864196777,-0.14521684791984069,CLEAR
5,0.21787030696868898,-0.14521684791984069,CLEAR
5,0.1804046630859375,-0.14521684791984069,CLEAR
5,0.2201469898223877,-0.14521684791984069,CLEAR
5,0.21058797836303708,-0.14521684791984069,CLEAR
5,0.1826847553253174,-0.14521684791984069,CLEAR
5,0.22675352096557616,-0.14521684791984069,CLEAR
5,0.20655879974365232,-0.14521684791984069,CLEAR
5,0.232071852684021,-0.14521684791984069,CLEAR
5,0.24555721282958987,-0.14521684791984069,CLEAR
5,0.2010124444961548,-0.14521684791984069,CLEAR
5,0.22658584117889405,-0.14521684791984069,CLEAR
5,0.2176647901535034,-0.14521684791984069,CLEAR
5,0.2326265573501587,-0.14521684791984069,CLEAR
5,0.2664624691009521,-0.14521684791984069,CLEAR
5,0.21932203769683836,-0.14521684791984069,CLEAR
5,0.2103907346725464,-0.14521684791984069,CLEAR
5,0.19818143844604488,-0.14521684791984069,CLEAR
5,0.25248103141784667,-0.14521684791984069,CLEAR
5,0.19599566459655762,-0.14521684791984069,CLEAR
5,0.19480967521667483,-0.14521684791984069,CLEAR
5,0.21149826049804688,-0.14521684791984069,CLEAR
5,0.2232771873474121,-0.14521684791984069,CLEAR
5,0.2262691736221313,-0.14521684791984069,CLEAR
5,0.1736292362213135,-0.14521684791984069,CLEAR
5,0.20815794467926024,-0.14521684791984069,CLEAR
5,0.21037166118621825,-0.14521684791984069,CLEAR
5,0.22004711627960208,-0.14521684791984069,CLEAR
5,0.1891708850860596,-0.14521684791984069,CLEAR
5,0.2168466567993164,-0.14521684791984069,CLEAR
5,0.2769197225570678,-0.14521684791984069,CLEAR
5,0.20274155139923092,-0.14521684791984069,CLEAR
5,0.23764348030090332,-0.14521684791984069,CLEAR
5,0.20502927303314208,-0.14521684791984069,CLEAR
5,0.28631489276885985,-0.14521684791984069,CLEAR
5,0.20584621429443362,-0.14521684791984069,CLEAR
5,0.1932882785797119,-0.14521684791984069,CLEAR
5,0.18684539794921876,-0.14521684791984069,CLEAR
5,0.2022549867630005,-0.14521684791984069,CLEAR
5,0.2057870864868164,-0.14521684791984069,CLEAR
5,0.2660861968994141,-0.14521684791984069,CLEAR
5,0.2557966232299805,-0.14521684791984069,CLEAR
5,0.2524590253829956,-0.14521684791984069,CLEAR
5,0.2083223819732666,-0.14521684791984069,CLEAR
5,0.19880928993225094,-0.14521684791984069,CLEAR
5,0.18847665786743165,-0.14521684791984069,CLEAR
5,0.18641281127929688,-0.14521684791984069,CLEAR
5,0.22410056591033936,-0.14521684791984069,CLEAR
5,0.2483271360397339,-0.14521684791984069,CLEAR
5,0.2555906534194946,-0.14521684791984069,CLEAR
5,0.22130126953124998,-0.14521684791984069,CLEAR
5,0.2304982900619507,-0.14521684791984069,CLEAR
5,0.21818976402282714,-0.14521684791984069,CLEAR
5,0.17743768692016604,-0.14521684791984069,CLEAR
5,0.22535328865051266,-0.14521684791984069,CLEAR
5,0.221732497215271,-0.14521684791984069,CLEAR
5,0.18756566047668458,-0.14521684791984069,CLEAR
5,0.22396712303161617,-0.14521684791984069,CLEAR
5,0.20077385902404785,-0.14521684791984069,CLEAR
5,0.1773240566253662,-0.14521684791984069,CLEAR
5,0.1966137409210205,-0.14521684791984069,CLEAR
5,0.23110823631286617,-0.14521684791984069,CLEAR
5,0.20931041240692141,-0.14521684791984069,CLEAR
5,0.21165471076965328,-0.14521684791984069,CLEAR
5,0.26473262310028073,-0.14521684791984069,CLEAR
5,0.19524717330932614,-0.14521684791984069,CLEAR
5,0.18486995697021483,-0.14521684791984069,CLEAR
5,0.1745054721832275,-0.14521684791984069,CLEAR
5,0.2266270875930786,-0.14521684791984069,CLEAR
5,0.19694390296936032,-0.14521684791984069,CLEAR
5,0.21394078731536864,-0.14521684791984069,CLEAR
5,0.2021263122558594,-0.14521684791984069,CLEAR
5,0.17714533805847166,-0.14521684791984069,CLEAR
5,0.18302454948425295,-0.14521684791984069,CLEAR
5,0.21151876449584964,-0.14521684791984069,CLEAR
5,0.18326215744018556,-0.14521684791984069,CLEAR
5,0.21035459041595456,-0.14521684791984069,CLEAR
5,0.1844827651977539,-0.14521684791984069,CLEAR
5,0.17896108627319332,-0.14521684791984069,CLEAR
5,0.1937217712402344,-0.14521684791984069,CLEAR
5,0.20052037239074708,-0.14521684791984069,CLEAR
5,0.2389587879180908,-0.14521684791984069,CLEAR
5,0.2105055809020996,-0.14521684791984069,CLEAR
5,0.22226102352142332,-0.14521684791984069,CLEAR
5,0.22912874221801757,-0.14521684791984069,CLEAR
5,0.22141139507293703,-0.14521684791984069,CLEAR
5,0.20807902812957765,-0.14521684791984069,CLEAR
5,0.1893462657928467,-0.14521684791984069,CLEAR
5,0.2052813768386841,-0.14521684791984069,CLEAR
5,0.17089362144470213,-0.14521684791984069,CLEAR
5,0.20069143772125245,-0.14521684791984069,CLEAR
5,0.19871878623962402,-0.14521684791984069,CLEAR
5,0.18309974670410156,-0.14521684791984069,CLEAR
5,0.2093140363693237,-0.14521684791984069,CLEAR
5,0.17401156425476075,-0.14521684791984069,CLEAR
5,0.1981001853942871,-0.14521684791984069,CLEAR
5,0.18930978775024415,-0.14521684791984069,CLEAR
5,0.18656196594238278,-0.14521684791984069,CLEAR
5,0.2144733905792236,-0.14521684791984069,CLEAR
5,0.18523316383361813,-0.14521684791984069,CLEAR
5,0.20489795207977293,-0.14521684791984069,CLEAR
5,0.172221040725708,-0.14521684791984069,CLEAR
5,0.17075324058532712,-0.14521684791984069,CLEAR
5,0.22804746627807618,-0.14521684791984069,CLEAR
5,0.22589108943939207,-0.14521684791984069,CLEAR
5,0.23635575771331785,-0.14521684791984069,CLEAR
5,0.2592772245407104,-0.14521684791984069,CLEAR
5,0.2521376848220825,-0.14521684791984069,CLEAR
5,0.2666232824325562,-0.14521684791984069,CLEAR
5,0.2721811056137085,-0.14521684791984069,CLEAR
5,0.26980574131011964,-0.14521684791984069,CLEAR
5,0.21434977054595947,-0.14521684791984069,CLEAR
5,0.22112069129943845,-0.14521684791984069,CLEAR
5,0.24820804595947266,-0.14521684791984069,CLEAR
5,0.18184976577758788,-0.14521684791984069,CLEAR
5,0.22848639488220213,-0.14521684791984069,CLEAR
5,0.17664542198181152,-0.14521684791984069,CLEAR
5,0.2562790632247925,-0.14521684791984069,CLEAR
5,0.27646427154541015,-0.14521684791984069,CLEAR
5,0.24503197669982907,-0.14521684791984069,CLEAR
5,0.19455842971801757,-0.14521684791984069,CLEAR
5,0.2710076808929443,-0.14521684791984069,CLEAR
5,0.22549662590026853,-0.14521684791984069,CLEAR
5,0.225301194190979,-0.14521684791984069,CLEAR
5,0.2086289167404175,-0.14521684791984069,CLEAR
5,0.1966475486755371,-0.14521684791984069,CLEAR
5,0.22720067501068117,-0.14521684791984069,CLEAR
5,0.20879669189453123,-0.14521684791984069,CLEAR
5,0.20604882240295408,-0.14521684791984069,CLEAR
5,0.2169535398483276,-0.14521684791984069,CLEAR
5,0.24289765357971188,-0.14521684791984069,CLEAR
5,0.25033514499664306,-0.14521684791984069,CLEAR
5,0.2490170478820801,-0.14521684791984069,CLEAR
5,0.23228547573089597,-0.14521684791984069,CLEAR
5,0.27806506156921384,-0.14521684791984069,CLEAR
5,0.26124730110168454,-0.14521684791984069,CLEAR
5,0.24622640609741211,-0.14521684791984069,CLEAR
5,0.2811619043350219,-0.14521684791984069,CLEAR
5,0.2513355016708374,-0.14521684791984069,CLEAR
5,0.276271915435791,-0.14521684791984069,CLEAR
5,0.21391990184783935,-0.14521684791984069,CLEAR
5,0.2251706600189209,-0.14521684791984069,CLEAR
5,0.219650936126709,-0.14521684791984069,CLEAR
5,0.28087639808654785,-0.14521684791984069,CLEAR
5,0.1693174362182617,-0.14521684791984069,CLEAR
5,0.23878788948059082,-0.14521684791984069,CLEAR
5,0.202287220954895,-0.14521684791984069,CLEAR
5,0.25446975231170654,-0.14521684791984069,CLEAR
5,0.264907431602478,-0.14521684791984069,CLEAR
5,0.25003159046173096,-0.14521684791984069,CLEAR
5,0.1703547477722168,-0.14521684791984069,CLEAR
5,0.22339131832122802,-0.14521684791984069,CLEAR
5,0.2480000019073486,-0.14521684791984069,CLEAR
5,0.2511518716812134,-0.14521684791984069,CLEAR
5,0.2241522550582886,-0.14521684791984069,CLEAR
5,0.25226643085479733,-0.14521684791984069,CLEAR
5,0.2301854610443115,-0.14521684791984069,CLEAR
5,0.23143653869628902,-0.14521684791984069,CLEAR
5,0.2696235418319702,-0.14521684791984069,CLEAR
5,0.19520754814147948,-0.14521684791984069,CLEAR
5,0.20562419891357422,-0.14521684791984069,CLEAR
5,0.20678260326385495,-0.14521684791984069,CLEAR
5,0.19791893959045406,-0.14521684791984069,CLEAR
5,0.24836294651031496,-0.14521684791984069,CLEAR
5,0.2476251363754272,-0.14521684791984069,CLEAR
5,0.22901961803436277,-0.14521684791984069,CLEAR
5,0.23783304691314697,-0.14521684791984069,CLEAR
5,0.24918394088745116,-0.14521684791984069,CLEAR
5,0.2280385971069336,-0.14521684791984069,CLEAR
5,0.2178642511367798,-0.14521684791984069,CLEAR
5,0.19621977806091306,-0.14521684791984069,CLEAR
5,0.22077357769012448,-0.14521684791984069,CLEAR
5,0.22527813911437988,-0.14521684791984069,CLEAR
5,0.296024203300476,-0.14521684791984069,CLEAR
5,0.2272865533828735,-0.14521684791984069,CLEAR
5,0.22591958045959473,-0.14521684791984069,CLEAR
5,0.24554104804992677,-0.14521684791984069,CLEAR
5,0.2385017395019531,-0.14521684791984069,CLEAR
5,0.285288405418396,-0.14521684791984069,CLEAR
5,0.29354629516601566,-0.14521684791984069,CLEAR
5,0.262527322769165,-0.14521684791984069,CLEAR
5,0.2799028158187866,-0.14521684791984069,CLEAR
5,0.2557224988937378,-0.14521684791984069,CLEAR
5,0.23916704654693605,-0.14521684791984069,CLEAR
5,0.25236940383911133,-0.14521684791984069,CLEAR
5,0.20884120464324954,-0.14521684791984069,CLEAR
5,0.2449681520462036,-0.14521684791984069,CLEAR
5,0.25741751194000245,-0.14521684791984069,CLEAR
5,0.2048490285873413,-0.14521684791984069,CLEAR
5,0.21723842620849607,-0.14521684791984069,CLEAR
5,0.2464469909667969,-0.14521684791984069,CLEAR
5,0.22295863628387452,-0.14521684791984069,CLEAR
5,0.24792165756225584,-0.14521684791984069,CLEAR
5,0.25332450866699213,-0.14521684791984069,CLEAR
5,0.2706143379211426,-0.14521684791984069,CLEAR
5,0.2996104001998901,-0.14521684791984069,CLEAR
5,0.25414123535156247,-0.14521684791984069,CLEAR
5,0.2988669633865356,-0.14521684791984069,CLEAR
5,0.16953701972961424,-0.14521684791984069,CLEAR
5,0.29276027679443356,-0.14521684791984069,CLEAR
5,0.2921348333358765,-0.14521684791984069,CLEAR
5,0.21212382316589354,-0.14521684791984069,CLEAR
5,0.24334135055541994,-0.14521684791984069,CLEAR
5,0.275560450553894,-0.14521684791984069,CLEAR
5,0.2532161235809326,-0.14521684791984069,CLEAR
5,0.29412274360656737,-0.14521684791984069,CLEAR
5,0.23553628921508787,-0.14521684791984069,CLEAR
5,0.26730434894561766,-0.14521684791984069,CLEAR
5,0.2524680852890015,-0.14521684791984069,CLEAR
5,0.24085974693298337,-0.14521684791984069,CLEAR
5,0.26013042926788327,-0.14521684791984069,CLEAR
5,0.2680403470993042,-0.14521684791984069,CLEAR
5,0.26250271797180175,-0.14521684791984069,CLEAR
5,0.2760655641555786,-0.14521684791984069,CLEAR
5,0.22517051696777343,-0.14521684791984069,CLEAR
5,0.2860496044158935,-0.14521684791984069,CLEAR
5,0.24045433998107907,-0.14521684791984069,CLEAR
5,0.27833154201507565,-0.14521684791984069,CLEAR
5,0.24077420234680172,-0.14521684791984069,CLEAR
5,0.25065860748291013,-0.14521684791984069,CLEAR
5,0.23260540962219234,-0.14521684791984069,CLEAR
5,0.25950055122375487,-0.14521684791984069,CLEAR
5,0.2626154184341431,-0.14521684791984069,CLEAR
5,0.2946910381317138,-0.14521684791984069,CLEAR
5,0.2672723293304443,-0.14521684791984069,CLEAR
5,0.30045642852783205,-0.14521684791984069,CLEAR
5,0.2762302398681641,-0.14521684791984069,CLEAR
5,0.2493799924850464,-0.14521684791984069,CLEAR
5,0.2411118268966675,-0.14521684791984069,CLEAR
5,0.26654937267303463,-0.14521684791984069,CLEAR
5,0.25319747924804686,-0.14521684791984069,CLEAR
5,0.31706151962280277,-0.14521684791984069,CLEAR
5,0.24278237819671633,-0.14521684791984069,CLEAR
5,0.2723543643951416,-0.14521684791984069,CLEAR
5,0.30029716491699215,-0.14521684791984069,CLEAR
5,0.324223804473877,-0.14521684791984069,CLEAR
5,0.2355614900588989,-0.14521684791984069,CLEAR
5,0.2455860137939453,-0.14521684791984069,CLEAR
5,0.2700043201446533,-0.14521684791984069,CLEAR
5,0.22614207267761227,-0.14521684791984069,CLEAR
5,0.23969664573669433,-0.14521684791984069,CLEAR
5,0.22738277912139893,-0.14521684791984069,CLEAR
5,0.2500975847244263,-0.14521684791984069,CLEAR
5,0.22900197505950928,-0.14521684791984069,CLEAR
5,0.30470001697540283,-0.14521684791984069,CLEAR
5,0.3164315700531006,-0.14521684791984069,CLEAR
5,0.2405393600463867,-0.14521684791984069,CLEAR
5,0.31059908866882324,-0.14521684791984069,CLEAR
5,0.27387807369232176,-0.14521684791984069,CLEAR
5,0.26718246936798096,-0.14521684791984069,CLEAR
5,0.2679594993591308,-0.14521684791984069,CLEAR
5,0.2313812255859375,-0.14521684791984069,CLEAR
5,0.22729268074035644,-0.14521684791984069,CLEAR
5,0.2250714778900146,-0.14521684791984069,CLEAR
5,0.28093385696411133,-0.14521684791984069,CLEAR
5,0.31766829490661613,-0.14521684791984069,CLEAR
5,0.2961902856826782,-0.14521684791984069,CLEAR
5,0.28097603321075443,-0.14521684791984069,CLEAR
5,0.2831986427307129,-0.14521684791984069,CLEAR
5,0.2529743909835815,-0.14521684791984069,CLEAR
5,0.2855294466018677,-0.14521684791984069,CLEAR
5,0.32355842590332023,-0.14521684791984069,CLEAR
5,0.26243178844451903,-0.14521684791984069,CLEAR
5,0.25585701465606686,-0.14521684791984069,CLEAR
5,0.22304489612579348,-0.14521684791984069,CLEAR
5,0.22378702163696287,-0.14521684791984069,CLEAR
5,0.18262357711791993,-0.14521684791984069,CLEAR
5,0.2643489599227905,-0.14521684791984069,CLEAR
5,0.2735097885131836,-0.14521684791984069,CLEAR
5,0.2130109071731567,-0.14521684791984069,CLEAR
5,0.25568375587463377,-0.14521684791984069,CLEAR
5,0.2447145700454712,-0.14521684791984069,CLEAR
5,0.24676306247711183,-0.14521684791984069,CLEAR
5,0.24739274978637693,-0.14521684791984069,CLEAR
5,0.24591727256774903,-0.14521684791984069,CLEAR
5,0.2433652877807617,-0.14521684791984069,CLEAR
5,0.28177037239074704,-0.14521684791984069,CLEAR
5,0.25847017765045166,-0.14521684791984069,CLEAR
5,0.18280043601989743,-0.14521684791984069,CLEAR
5,0.2663865566253662,-0.14521684791984069,CLEAR
5,0.2619712114334106,-0.14521684791984069,CLEAR
5,0.2661058187484741,-0.14521684791984069,CLEAR
5,0.24754700660705564,-0.14521684791984069,CLEAR
5,0.22034335136413571,-0.14521684791984069,CLEAR
5,0.24197907447814943,-0.14521684791984069,CLEAR
5,0.2763933658599853,-0.14521684791984069,CLEAR
5,0.256551718711853,-0.14521684791984069,CLEAR
5,0.24989097118377684,-0.14521684791984069,CLEAR
5,0.25590062141418457,-0.14521684791984069,CLEAR
5,0.2474116802215576,-0.14521684791984069,CLEAR
5,0.27137870788574214,-0.14521684791984069,CLEAR
5,0.21865375041961668,-0.14521684791984069,CLEAR
5,0.21271092891693114,-0.14521684791984069,CLEAR
5,0.30487432479858395,-0.14521684791984069,CLEAR
5,0.22938740253448484,-0.14521684791984069,CLEAR
5,0.23345549106597896,-0.14521684791984069,CLEAR
5,0.21603505611419677,-0.14521684791984069,CLEAR
5,0.26529700756073,-0.14521684791984069,CLEAR
5,0.24452219009399412,-0.14521684791984069,CLEAR
5,0.2694468736648559,-0.14521684791984069,CLEAR
5,0.2867820024490356,-0.14521684791984069,CLEAR
5,0.23688812255859373,-0.14521684791984069,CLEAR
5,0.26627140045166015,-0.14521684791984069,CLEAR
5,0.22719125747680663,-0.14521684791984069,CLEAR
5,0.2472282886505127,-0.14521684791984069,CLEAR
5,0.1934887886047363,-0.14521684791984069,CLEAR
5,0.21769366264343262,-0.14521684791984069,CLEAR
5,0.2213701009750366,-0.14521684791984069,CLEAR
5,0.20648367404937742,-0.14521684791984069,CLEAR
5,0.25757315158843996,-0.14521684791984069,CLEAR
5,0.25265934467315676,-0.14521684791984069,CLEAR
5,0.2799070358276367,-0.14521684791984069,CLEAR
5,0.20026426315307613,-0.14521684791984069,CLEAR
5,0.21281883716583253,-0.14521684791984069,CLEAR
5,0.2777197599411011,-0.14521684791984069,CLEAR
5,0.2248762607574463,-0.14521684791984069,CLEAR
5,0.27157571315765383,-0.14521684791984069,CLEAR
5,0.24753885269165038,-0.14521684791984069,CLEAR
5,0.2180594682693481,-0.14521684791984069,CLEAR
5,0.2727292537689209,-0.14521684791984069,CLEAR
5,0.2476107358932495,-0.14521684791984069,CLEAR
5,0.23608696460723877,-0.14521684791984069,CLEAR
5,0.2784245729446411,-0.14521684791984069,CLEAR
5,0.23354611396789549,-0.14521684791984069,CLEAR
5,0.24374325275421144,-0.14521684791984069,CLEAR
5,0.24024205207824703,-0.14521684791984069,CLEAR
5,0.2688596487045288,-0.14521684791984069,CLEAR
5,0.19764142036437984,-0.14521684791984069,CLEAR
5,0.22773816585540768,-0.14521684791984069,CLEAR
5,0.2975594043731689,-0.14521684791984069,CLEAR
5,0.27616558074951175,-0.14521684791984069,CLEAR
5,0.20101780891418458,-0.14521684791984069,CLEAR
5,0.2426540374755859,-0.14521684791984069,CLEAR
5,0.2218541622161865,-0.14521684791984069,CLEAR
5,0.21300883293151854,-0.14521684791984069,CLEAR
5,0.24612765312194823,-0.14521684791984069,CLEAR
5,0.21477394104003902,-0.14521684791984069,CLEAR
5,0.22529335021972652,-0.14521684791984069,CLEAR
5,0.18783206939697267,-0.14521684791984069,CLEAR
5,0.22187635898590086,-0.14521684791984069,CLEAR
5,0.2463203430175781,-0.14521684791984069,CLEAR
5,0.21082251071929928,-0.14521684791984069,CLEAR
5,0.22340703010559085,-0.14521684791984069,CLEAR
5,0.2290830612182617,-0.14521684791984069,CLEAR
5,0.2701092720031738,-0.14521684791984069,CLEAR
5,0.24366660118103026,-0.14521684791984069,CLEAR
5,0.22337772846221923,-0.14521684791984069,CLEAR
5,0.24501299858093262,-0.14521684791984069,CLEAR
5,0.21868586540222168,-0.14521684791984069,CLEAR
5,0.26252136230468753,-0.14521684791984069,CLEAR
5,0.25537154674530027,-0.14521684791984069,CLEAR
5,0.31209135055542,-0.14521684791984069,CLEAR
5,0.2811324834823608,-0.14521684791984069,CLEAR
5,0.23436753749847414,-0.14521684791984069,CLEAR
5,0.24359939098358152,-0.14521684791984069,CLEAR
5,0.1999112606048584,-0.14521684791984069,CLEAR
5,0.27195723056793214,-0.14521684791984069,CLEAR
5,0.2631927490234375,-0.14521684791984069,CLEAR
5,0.25865256786346436,-0.14521684791984069,CLEAR
5,0.26908936500549313,-0.14521684791984069,CLEAR
5,0.22717273235321045,-0.14521684791984069,CLEAR
5,0.25618669986724857,-0.14521684791984069,CLEAR
5,0.21824047565460206,-0.14521684791984069,CLEAR
5,0.24282598495483396,-0.14521684791984069,CLEAR
5,0.3265154838562012,-0.14521684791984069,CLEAR
5,0.2690333604812622,-0.14521684791984069,CLEAR
5,0.24285082817077638,-0.14521684791984069,CLEAR
5,0.26281995773315425,-0.14521684791984069,CLEAR
5,0.20431928634643556,-0.14521684791984069,CLEAR
5,0.21210026741027835,-0.14521684791984069,CLEAR
5,0.20406048297882076,-0.14521684791984069,CLEAR
5,0.2561479806900024,-0.14521684791984069,CLEAR
5,0.26108460426330565,-0.14521684791984069,CLEAR
5,0.20852897167205808,-0.14521684791984069,CLEAR
5,0.21379013061523439,-0.14521684791984069,CLEAR
5,0.2202499389648437,-0.14521684791984069,CLEAR
5,0.23701753616333004,-0.14521684791984069,CLEAR
5,0.22706131935119625,-0.14521684791984069,CLEAR
5,0.2645949363708496,-0.14521684791984069,CLEAR
5,0.28278725147247313,-0.14521684791984069,CLEAR
5,0.23136200904846188,-0.14521684791984069,CLEAR
5,0.2785412549972534,-0.14521684791984069,CLEAR
5,0.24706139564514162,-0.14521684791984069,CLEAR
5,0.24886238574981687,-0.14521684791984069,CLEAR
5,0.23914589881896972,-0.14521684791984069,CLEAR
5,0.1929310321807861,-0.14521684791984069,CLEAR
5,0.20511577129364011,-0.14521684791984069,CLEAR
5,0.2570810794830322,-0.14521684791984069,CLEAR
5,0.29224193096160883,-0.14521684791984069,CLEAR
5,0.30702021121978756,-0.14521684791984069,CLEAR
5,0.2161530256271362,-0.14521684791984069,CLEAR
5,0.21464371681213382,-0.14521684791984069,CLEAR
5,0.21928446292877196,-0.14521684791984069,CLEAR
5,0.21900217533111568,-0.14521684791984069,CLEAR
5,0.22440385818481443,-0.14521684791984069,CLEAR
5,0.24451050758361817,-0.14521684791984069,CLEAR
5,0.2523151159286499,-0.14521684791984069,CLEAR
5,0.24588801860809328,-0.14521684791984069,CLEAR
5,0.24802927970886232,-0.14521684791984069,CLEAR
5,0.22435617446899417,-0.14521684791984069,CLEAR
5,0.24629836082458498,-0.14521684791984069,CLEAR
5,0.20787262916564941,-0.14521684791984069,CLEAR
5,0.26952319145202636,-0.14521684791984069,CLEAR
5,0.24464952945709226,-0.14521684791984069,CLEAR
5,0.22864363193511963,-0.14521684791984069,CLEAR
5,0.23732056617736816,-0.14521684791984069,CLEAR
5,0.25749559402465816,-0.14521684791984069,CLEAR
5,0.2676645278930664,-0.14521684791984069,CLEAR
5,0.2883082389831543,-0.14521684791984069,CLEAR
5,0.19633107185363766,-0.14521684791984069,CLEAR
5,0.19939470291137695,-0.14521684791984069,CLEAR
5,0.2597447633743286,-0.14521684791984069,CLEAR
5,0.265553879737854,-0.14521684791984069,CLEAR
5,0.24203710556030272,-0.14521684791984069,CLEAR
5,0.23179843425750732,-0.14521684791984069,CLEAR
5,0.2032055377960205,-0.14521684791984069,CLEAR
5,0.25113239288330075,-0.14521684791984069,CLEAR
5,0.2757062196731567,-0.14521684791984069,CLEAR
5,0.2648885011672974,-0.14521684791984069,CLEAR
5,0.23939785957336426,-0.14521684791984069,CLEAR
5,0.24982905387878415,-0.14521684791984069,CLEAR
5,0.2851401329040527,-0.14521684791984069,CLEAR
5,0.2651344299316406,-0.14521684791984069,CLEAR
5,0.27696404457092283,-0.14521684791984069,CLEAR
5,0.3109493732452393,-0.14521684791984069,CLEAR
5,0.24424545764923095,-0.14521684791984069,CLEAR
5,0.2655816078186035,-0.14521684791984069,CLEAR
5,0.2954146146774292,-0.14521684791984069,CLEAR
5,0.2656229496002197,-0.14521684791984069,CLEAR
5,0.263896107673645,-0.14521684791984069,CLEAR
5,0.21408631801605227,-0.14521684791984069,CLEAR
5,0.2777137994766235,-0.14521684791984069,CLEAR
5,0.23012876510620114,-0.14521684791984069,CLEAR
5,0.24855642318725588,-0.14521684791984069,CLEAR
5,0.22364189624786374,-0.14521684791984069,CLEAR
5,0.24102563858032228,-0.14521684791984069,CLEAR
5,0.2671833515167236,-0.14521684791984069,CLEAR
5,0.24727904796600342,-0.14521684791984069,CLEAR
5,0.24238467216491696,-0.14521684791984069,CLEAR
5,0.2221392393112183,-0.14521684791984069,CLEAR
5,0.2384648084640503,-0.14521684791984069,CLEAR
5,0.2786386013031006,-0.14521684791984069,CLEAR
5,0.2994598150253296,-0.14521684791984069,CLEAR
5,0.25540153980255126,-0.14521684791984069,CLEAR
5,0.24296133518218996,-0.14521684791984069,CLEAR
5,0.19809894561767577,-0.14521684791984069,CLEAR
5,0.22844369411468501,-0.14521684791984069,CLEAR
5,0.2157564878463745,-0.14521684791984069,CLEAR
5,0.29388291835784913,-0.14521684791984069,CLEAR
5,0.24589445590972903,-0.14521684791984069,CLEAR
5,0.2297686576843262,-0.14521684791984069,CLEAR
5,0.28961405754089353,-0.14521684791984069,CLEAR
5,0.19074440002441406,-0.14521684791984069,CLEAR
5,0.22393162250518797,-0.14521684791984069,CLEAR
5,0.22338621616363527,-0.14521684791984069,CLEAR
5,0.24824185371398927,-0.14521684791984069,CLEAR
5,0.2624648094177246,-0.14521684791984069,CLEAR
5,0.22719125747680663,-0.14521684791984069,CLEAR
5,0.24023721218109131,-0.14521684791984069,CLEAR
5,0.2025283336639404,-0.14521684791984069,CLEAR
5,0.2787944078445434,-0.14521684791984069,CLEAR
5,0.23888516426086426,-0.14521684791984069,CLEAR
5,0.2641672134399414,-0.14521684791984069,CLEAR
5,0.2326777696609497,-0.14521684791984069,CLEAR
5,0.22385842800140382,-0.14521684791984069,CLEAR
5,0.22910530567169185,-0.14521684791984069,CLEAR
5,0.22040281295776368,-0.14521684791984069,CLEAR
5,0.2563743829727173,-0.14521684791984069,CLEAR
5,0.23748917579650874,-0.14521684791984069,CLEAR
5,0.2717937707901001,-0.14521684791984069,CLEAR
5,0.2810762643814087,-0.14521684791984069,CLEAR
5,0.19630742073059085,-0.14521684791984069,CLEAR
5,0.24489436149597166,-0.14521684791984069,CLEAR
5,0.2366465091705322,-0.14521684791984069,CLEAR
5,0.30236136913299566,-0.14521684791984069,CLEAR
5,0.2653175354003906,-0.14521684791984069,CLEAR
5,0.24178454875946043,-0.14521684791984069,CLEAR
5,0.2483584642410278,-0.14521684791984069,CLEAR
5,0.25111017227172855,-0.14521684791984069,CLEAR
5,0.27291071414947504,-0.14521684791984069,CLEAR
5,0.2208224058151245,-0.14521684791984069,CLEAR
5,0.26616606712341306,-0.14521684791984069,CLEAR
5,0.20612556934356688,-0.14521684791984069,CLEAR
5,0.23384888172149654,-0.14521684791984069,CLEAR
5,0.22773754596710205,-0.14521684791984069,CLEAR
5,0.20034768581390383,-0.14521684791984069,CLEAR
5,0.20983819961547853,-0.14521684791984069,CLEAR
5,0.26515314579010013,-0.14521684791984069,CLEAR
5,0.21526453495025633,-0.14521684791984069,CLEAR
5,0.2512633800506592,-0.14521684791984069,CLEAR
5,0.23933720588684082,-0.14521684791984069,CLEAR
5,0.2703182458877563,-0.14521684791984069,CLEAR
5,0.24265868663787837,-0.14521684791984069,CLEAR
5,0.2445694446563721,-0.14521684791984069,CLEAR
5,0.22568886280059813,-0.14521684791984069,CLEAR
5,0.2120141267776489,-0.14521684791984069,CLEAR
5,0.25402197837829593,-0.14521684791984069,CLEAR
5,0.3032750606536865,-0.14521684791984069,CLEAR
5,0.25178570747375484,-0.14521684791984069,CLEAR
5,0.27375793457031244,-0.14521684791984069,CLEAR
5,0.23386566638946532,-0.14521684791984069,CLEAR
5,0.2807708740234375,-0.14521684791984069,CLEAR
5,0.33465366363525395,-0.14521684791984069,CLEAR
5,0.295409631729126,-0.14521684791984069,CLEAR
5,0.27424209117889403,-0.14521684791984069,CLEAR
5,0.2316287040710449,-0.14521684791984069,CLEAR
5,0.26980526447296144,-0.14521684791984069,CLEAR
5,0.2540753841400146,-0.14521684791984069,CLEAR
5,0.2693930149078369,-0.14521684791984069,CLEAR
5,0.2560277462005615,-0.14521684791984069,CLEAR
5,0.23779458999633785,-0.14521684791984069,CLEAR
5,0.2383354902267456,-0.14521684791984069,CLEAR
5,0.22022130489349365,-0.14521684791984069,CLEAR
5,0.2718251466751099,-0.14521684791984069,CLEAR
5,0.2732643365859985,-0.14521684791984069,CLEAR
5,0.25372154712677,-0.14521684791984069,CLEAR
5,0.28659379482269287,-0.14521684791984069,CLEAR
5,0.3004837274551391,-0.14521684791984069,CLEAR
5,0.2716806411743164,-0.14521684791984069,CLEAR
5,0.29738502502441405,-0.14521684791984069,CLEAR
5,0.21077089309692384,-0.14521684791984069,CLEAR
5,0.194295597076416,-0.14521684791984069,CLEAR
5,0.2616349458694458,-0.14521684791984069,CLEAR
5,0.19441819190979,-0.14521684791984069,CLEAR
5,0.2552469730377197,-0.14521684791984069,CLEAR
5,0.26148180961608886,-0.14521684791984069,CLEAR
5,0.26714472770690917,-0.14521684791984069,CLEAR
5,0.28162457942962643,-0.14521684791984069,CLEAR
5,0.2711879014968872,-0.14521684791984069,CLEAR
5,0.304626989364624,-0.14521684791984069,CLEAR
5,0.24981811046600338,-0.14521684791984069,CLEAR
5,0.24669361114501953,-0.14521684791984069,CLEAR
5,0.29642238616943356,-0.14521684791984069,CLEAR
5,0.2267416715621948,-0.14521684791984069,CLEAR
5,0.2943925142288208,-0.14521684791984069,CLEAR
5,0.2996884107589722,-0.14521684791984069,CLEAR
5,0.2742132902145386,-0.14521684791984069,CLEAR
5,0.2687337398529053,-0.14521684791984069,CLEAR
5,0.22230026721954346,-0.14521684791984069,CLEAR
5,0.2531791925430298,-0.14521684791984069,CLEAR
5,0.21639912128448485,-0.14521684791984069,CLEAR
5,0.28102033138275145,-0.14521684791984069,CLEAR
5,0.2845498323440552,-0.14521684791984069,CLEAR
5,0.23412072658538818,-0.14521684791984069,CLEAR
5,0.20989797115325926,-0.14521684791984069,CLEAR
5,0.25447983741760255,-0.14521684791984069,CLEAR
5,0.21090831756591796,-0.14521684791984069,CLEAR
5,0.21168520450592043,-0.14521684791984069,CLEAR
5,0.24590234756469725,-0.14521684791984069,CLEAR
5,0.28450889587402345,-0.14521684791984069,CLEAR
5,0.26023468971252445,-0.14521684791984069,CLEAR
5,0.2120603084564209,-0.14521684791984069,CLEAR
5,0.30596885681152336,-0.14521684791984069,CLEAR
5,0.2767694234848022,-0.14521684791984069,CLEAR
5,0.3183471202850342,-0.14521684791984069,CLEAR
5,0.25560076236724855,-0.14521684791984069,CLEAR
5,0.24010624885559084,-0.14521684791984069,CLEAR
5,0.29901077747344973,-0.14521684791984069,CLEAR
5,0.2479062795639038,-0.14521684791984069,CLEAR
5,0.20415194034576414,-0.14521684791984069,CLEAR
5,0.2853754997253418,-0.14521684791984069,CLEAR
5,0.29798002243041993,-0.14521684791984069,CLEAR
5,0.2279974699020386,-0.14521684791984069,CLEAR
5,0.30666375160217285,-0.14521684791984069,CLEAR
5,0.2635794639587402,-0.14521684791984069,CLEAR
5,0.264985990524292,-0.14521684791984069,CLEAR
5,0.29493257999420164,-0.14521684791984069,CLEAR
5,0.23566541671752927,-0.14521684791984069,CLEAR
5,0.256507658958435,-0.14521684791984069,CLEAR
5,0.21136312484741213,-0.14521684791984069,CLEAR
5,0.25053718090057375,-0.14521684791984069,CLEAR
5,0.26363444328308105,-0.14521684791984069,CLEAR
5,0.21872303485870362,-0.14521684791984069,CLEAR
5,0.24573795795440675,-0.14521684791984069,CLEAR
5,0.21281385421752927,-0.14521684791984069,CLEAR
5,0.22260570526123044,-0.14521684791984069,CLEAR
5,0.303705358505249,-0.14521684791984069,CLEAR
5,0.19712357521057125,-0.14521684791984069,CLEAR
5,0.2724764585494995,-0.14521684791984069,CLEAR
5,0.22243072986602783,-0.14521684791984069,CLEAR
5,0.2579508304595947,-0.14521684791984069,CLEAR
5,0.2282332420349121,-0.14521684791984069,CLEAR
5,0.2481313467025757,-0.14521684791984069,CLEAR
5,0.30978403091430656,-0.14521684791984069,CLEAR
5,0.29446799755096437,-0.14521684791984069,CLEAR
5,0.1993174076080322,-0.14521684791984069,CLEAR
5,0.2883561611175537,-0.14521684791984069,CLEAR
5,0.21905581951141354,-0.14521684791984069,CLEAR
5,0.2480324983596802,-0.14521684791984069,CLEAR
5,0.27930216789245604,-0.14521684791984069,CLEAR
5,0.2528126955032349,-0.14521684791984069,CLEAR
5,0.27999999523162844,-0.14521684791984069,CLEAR
5,0.24975867271423335,-0.14521684791984069,CLEAR
5,0.320574426651001,-0.14521684791984069,CLEAR
5,0.23033807277679444,-0.14521684791984069,CLEAR
5,0.3288498878479003,-0.14521684791984069,CLEAR
5,0.23200352191925044,-0.14521684791984069,CLEAR
5,0.22985596656799312,-0.14521684791984069,CLEAR
5,0.22203097343444825,-0.14521684791984069,CLEAR
5,0.22780749797821045,-0.14521684791984069,CLEAR
5,0.20807018280029296,-0.14521684791984069,CLEAR
5,0.2665804862976074,-0.14521684791984069,CLEAR
5,0.29261326789855957,-0.14521684791984069,CLEAR
5,0.23974249362945554,-0.14521684791984069,CLEAR
5,0.24996752738952632,-0.14521684791984069,CLEAR
5,0.21558551788330077,-0.14521684791984069,CLEAR
5,0.22208969593048095,-0.14521684791984069,CLEAR
5,0.22465343475341798,-0.14521684791984069,CLEAR
5,0.22667832374572755,-0.14521684791984069,CLEAR
5,0.26996684074401855,-0.14521684791984069,CLEAR
5,0.21029443740844725,-0.14521684791984069,CLEAR
5,0.2485005378723144,-0.14521684791984069,CLEAR
5,0.2819076061248779,-0.14521684791984069,CLEAR
5,0.2597602844238281,-0.14521684791984069,CLEAR
5,0.27659854888916013,-0.14521684791984069,CLEAR
5,0.3417090654373169,-0.14521684791984069,CLEAR
5,0.30248649120330806,-0.14521684791984069,CLEAR
5,0.28168392181396484,-0.14521684791984069,CLEAR
5,0.2646649360656738,-0.14521684791984069,CLEAR
5,0.25888347625732416,-0.14521684791984069,CLEAR
5,0.2724505424499512,-0.14521684791984069,CLEAR
5,0.31464569568634027,-0.14521684791984069,CLEAR
5,0.28036136627197267,-0.14521684791984069,CLEAR
5,0.21113042831420895,-0.14521684791984069,CLEAR
5,0.2652595281600952,-0.14521684791984069,CLEAR
5,0.21506130695343018,-0.14521684791984069,CLEAR
5,0.18369684219360352,-0.14521684791984069,CLEAR
5,0.23993921279907224,-0.14521684791984069,CLEAR
5,0.24801230430603025,-0.14521684791984069,CLEAR
5,0.1999122619628906,-0.14521684791984069,CLEAR
5,0.23085541725158693,-0.14521684791984069,CLEAR
5,0.2300384998321533,-0.14521684791984069,CLEAR
5,0.20374376773834227,-0.14521684791984069,CLEAR
5,0.24438178539276123,-0.14521684791984069,CLEAR
5,0.2626453161239624,-0.14521684791984069,CLEAR
5,0.2897370100021362,-0.14521684791984069,CLEAR
5,0.21743633747100827,-0.14521684791984069,CLEAR
5,0.23404071331024168,-0.14521684791984069,CLEAR
5,0.22010695934295652,-0.14521684791984069,CLEAR
5,0.28729188442230225,-0.14521684791984069,CLEAR
5,0.2547194480895996,-0.14521684791984069,CLEAR
5,0.2834479808807373,-0.14521684791984069,CLEAR
5,0.224619460105896,-0.14521684791984069,CLEAR
5,0.31157257556915285,-0.14521684791984069,CLEAR
5,0.2078195571899414,-0.14521684791984069,CLEAR
5,0.24729106426239014,-0.14521684791984069,CLEAR
5,0.25770750045776364,-0.14521684791984069,CLEAR
5,0.2424532413482666,-0.14521684791984069,CLEAR
5,0.2300712823867798,-0.14521684791984069,CLEAR
5,0.2660835266113281,-0.14521684791984069,CLEAR
5,0.2546189785003662,-0.14521684791984069,CLEAR
5,0.21416985988616946,-0.14521684791984069,CLEAR
5,0.2588874340057373,-0.14521684791984069,CLEAR
5,0.2364102602005005,-0.14521684791984069,CLEAR
5,0.22425277233123778,-0.14521684791984069,CLEAR
5,0.26300492286682126,-0.14521684791984069,CLEAR
5,0.22184181213378903,-0.14521684791984069,CLEAR
5,0.2655364751815796,-0.14521684791984069,CLEAR
5,0.22306706905364992,-0.14521684791984069,CLEAR
5,0.26178932189941406,-0.14521684791984069,CLEAR
5,0.23028697967529294,-0.14521684791984069,CLEAR
5,0.27987315654754635,-0.14521684791984069,CLEAR
5,0.2321702241897583,-0.14521684791984069,CLEAR
5,0.12978339195251462,-0.14521684791984069,CLEAR
5,0.11535868644714353,-0.14521684791984069,CLEAR
5,0.12776880264282223,-0.14521684791984069,CLEAR
5,0.11725382804870603,-0.14521684791984069,CLEAR
5,0.14598879814147947,-0.14521684791984069,CLEAR
5,0.10011487007141111,-0.14521684791984069,CLEAR
5,0.11187381744384763,-0.14521684791984069,CLEAR
5,0.16813759803771972,-0.14521684791984069,CLEAR
5,0.11967363357543948,-0.14521684791984069,CLEAR
5,0.16767859458923343,-0.14521684791984069,CLEAR
5,0.1641180515289307,-0.14521684791984069,CLEAR
5,0.13568840026855467,-0.14521684791984069,CLEAR
5,0.12142043113708498,-0.14521684791984069,CLEAR
5,0.11954126358032226,-0.14521684791984069,CLEAR
5,0.15629563331604002,-0.14521684791984069,CLEAR
5,0.13281869888305664,-0.14521684791984069,CLEAR
5,0.13369913101196287,-0.14521684791984069,CLEAR
5,0.10747599601745603,-0.14521684791984069,CLEAR
5,0.12111368179321289,-0.14521684791984069,CLEAR
5,0.11154117584228518,-0.14521684791984069,CLEAR
5,0.1250173091888428,-0.14521684791984069,CLEAR
5,0.1569273471832275,-0.14521684791984069,CLEAR
5,0.11321787834167482,-0.14521684791984069,CLEAR
5,0.09366621971130373,-0.14521684791984069,CLEAR
5,0.12332181930541991,-0.14521684791984069,CLEAR
5,0.1203821659088135,-0.14521684791984069,CLEAR
5,0.12760848999023436,-0.14521684791984069,CLEAR
5,0.15786557197570802,-0.14521684791984069,CLEAR
5,0.09558753967285158,-0.14521684791984069,CLEAR
5,0.14448599815368654,-0.14521684791984069,CLEAR
5,0.12377462387084963,-0.14521684791984069,CLEAR
5,0.09981918334960935,-0.14521684791984069,CLEAR
5,0.12461218833923342,-0.14521684791984069,CLEAR
5,0.15281052589416502,-0.14521684791984069,CLEAR
5,0.14296045303344726,-0.14521684791984069,CLEAR
5,0.13936882019042965,-0.14521684791984069,CLEAR
5,0.13089485168457032,-0.14521684791984069,CLEAR
5,0.14741959571838376,-0.14521684791984069,CLEAR
5,0.14170484542846676,-0.14521684791984069,CLEAR
5,0.16630034446716305,-0.14521684791984069,CLEAR
5,0.12159252166748048,-0.14521684791984069,CLEAR
5,0.17447609901428224,-0.14521684791984069,CLEAR
5,0.13058934211730955,-0.14521684791984069,CLEAR
5,0.1311147212982178,-0.14521684791984069,CLEAR
5,0.1642124652862549,-0.14521684791984069,CLEAR
5,0.15261936187744138,-0.14521684791984069,CLEAR
5,0.148588752746582,-0.14521684791984069,CLEAR
5,0.13634028434753415,-0.14521684791984069,CLEAR
5,0.12058620452880857,-0.14521684791984069,CLEAR
5,0.1334545612335205,-0.14521684791984069,CLEAR
5,0.09648447036743166,-0.14521684791984069,CLEAR
5,0.13815460205078123,-0.14521684791984069,CLEAR
5,0.13990740776062008,-0.14521684791984069,CLEAR
5,0.12994298934936524,-0.14521684791984069,CLEAR
5,0.10666666030883788,-0.14521684791984069,CLEAR
5,0.13459119796752927,-0.14521684791984069,CLEAR
5,0.12552223205566407,-0.14521684791984069,CLEAR
5,0.09528455734252932,-0.14521684791984069,CLEAR
5,0.11513142585754393,-0.14521684791984069,CLEAR
5,0.129803466796875,-0.14521684791984069,CLEAR
5,0.14691586494445802,-0.14521684791984069,CLEAR
5,0.12625288963317868,-0.14521684791984069,CLEAR
5,0.14670314788818362,-0.14521684791984069,CLEAR
5,0.13501272201538086,-0.14521684791984069,CLEAR
5,0.16103835105895994,-0.14521684791984069,CLEAR
5,0.15452265739440915,-0.14521684791984069,CLEAR
5,0.08226380348205564,-0.14521684791984069,CLEAR
5,0.14986400604248049,-0.14521684791984069,CLEAR
5,0.13642625808715816,-0.14521684791984069,CLEAR
5,0.11899905204772947,-0.14521684791984069,CLEAR
5,0.1272642612457275,-0.14521684791984069,CLEAR
5,0.1541790008544922,-0.14521684791984069,CLEAR
5,0.1705882549285889,-0.14521684791984069,CLEAR
5,0.09617257118225098,-0.14521684791984069,CLEAR
4,0.1364027976989746,-0.0,CLEAR
5,0.1478181838989258,-0.14521684791984069,CLEAR
5,0.11439690589904787,-0.14521684791984069,CLEAR
5,0.10491271018981933,-0.14521684791984069,CLEAR
5,0.14550886154174802,-0.14521684791984069,CLEAR
5,0.10635175704956053,-0.14521684791984069,CLEAR
5,0.136757755279541,-0.14521684791984069,CLEAR
5,0.1541105270385742,-0.14521684791984069,CLEAR
5,0.1778604507446289,-0.14521684791984069,CLEAR
5,0.1774134635925293,-0.14521684791984069,CLEAR
5,0.17535634040832518,-0.14521684791984069,CLEAR
5,0.22685496807098385,-0.14521684791984069,CLEAR
5,0.18428378105163573,-0.14521684791984069,CLEAR
5,0.16132450103759766,-0.14521684791984069,CLEAR
5,0.23648865222930907,-0.14521684791984069,CLEAR
5,0.20714609622955318,-0.14521684791984069,CLEAR
5,0.22782609462738038,-0.14521684791984069,CLEAR
5,0.23768451213836667,-0.14521684791984069,CLEAR
5,0.1896756649017334,-0.14521684791984069,CLEAR
5,0.1755250930786133,-0.14521684791984069,CLEAR
5,0.23105785846710203,-0.14521684791984069,CLEAR
5,0.21535623073577878,-0.14521684791984069,CLEAR
5,0.20063021183013918,-0.14521684791984069,CLEAR
5,0.18509373664855958,-0.14521684791984069,CLEAR
5,0.20802187919616702,-0.14521684791984069,CLEAR
5,0.20739884376525877,-0.14521684791984069,CLEAR
5,0.1514869689941406,-0.14521684791984069,CLEAR
5,0.20399999618530276,-0.14521684791984069,CLEAR
5,0.19674577713012692,-0.14521684791984069,CLEAR
5,0.19096622467041013,-0.14521684791984069,CLEAR
5,0.1956410884857178,-0.14521684791984069,CLEAR
5,0.18424243927001951,-0.14521684791984069,CLEAR
5,0.16522545814514158,-0.14521684791984069,CLEAR
5,0.23623883724212644,-0.14521684791984069,CLEAR
5,0.2158397912979126,-0.14521684791984069,CLEAR
5,0.1743344783782959,-0.14521684791984069,CLEAR
5,0.23404450416564937,-0.14521684791984069,CLEAR
5,0.2587554931640625,-0.14521684791984069,CLEAR
5,0.270961856842041,-0.14521684791984069,CLEAR
5,0.1784587860107422,-0.14521684791984069,CLEAR
5,0.23014256954193113,-0.14521684791984069,CLEAR
5,0.27230215072631836,-0.14521684791984069,CLEAR
5,0.19842958450317386,-0.14521684791984069,CLEAR
5,0.16990823745727537,-0.14521684791984069,CLEAR
5,0.15543622970581053,-0.14521684791984069,CLEAR
5,0.19675550460815427,-0.14521684791984069,CLEAR
5,0.19020557403564456,-0.14521684791984069,CLEAR
5,0.14744591712951657,-0.14521684791984069,CLEAR
5,0.20542154312133787,-0.14521684791984069,CLEAR
5,0.17853260040283206,-0.14521684791984069,CLEAR
5,0.14206643104553224,-0.14521684791984069,CLEAR
5,0.2085125684738159,-0.14521684791984069,CLEAR
5,0.20736141204833985,-0.14521684791984069,CLEAR
5,0.17439193725585936,-0.14521684791984069,CLEAR
5,0.186216402053833,-0.14521684791984069,CLEAR
5,0.14667873382568355,-0.14521684791984069,CLEAR
5,0.23899114131927487,-0.14521684791984069,CLEAR
5,0.2407843112945557,-0.14521684791984069,CLEAR
5,0.19546504020690916,-0.14521684791984069,CLEAR
5,0.18501148223876954,-0.14521684791984069,CLEAR
5,0.256277060508728,-0.14521684791984069,CLEAR
5,0.18722629547119138,-0.14521684791984069,CLEAR
5,0.18223233222961427,-0.14521684791984069,CLEAR
5,0.19655895233154294,-0.14521684791984069,CLEAR
5,0.20405223369598388,-0.14521684791984069,CLEAR
5,0.14983983039855958,-0.14521684791984069,CLEAR
5,0.25374886989593504,-0.14521684791984069,CLEAR
5,0.22023346424102783,-0.14521684791984069,CLEAR
5,0.17136259078979493,-0.14521684791984069,CLEAR
5,0.197768497467041,-0.14521684791984069,CLEAR
5,0.21201090812683102,-0.14521684791984069,CLEAR
5,0.2029616355895996,-0.14521684791984069,CLEAR
5,0.1789571762084961,-0.14521684791984069,CLEAR
5,0.22782888412475588,-0.14521684791984069,CLEAR
5,0.17050228118896485,-0.14521684791984069,CLEAR
5,0.17388286590576174,-0.14521684791984069,CLEAR
5,0.2022742748260498,-0.14521684791984069,CLEAR
5,0.2040901660919189,-0.14521684791984069,CLEAR
5,0.21509258747100826,-0.14521684791984069,CLEAR
5,0.15335950851440427,-0.14521684791984069,CLEAR
5,0.20709784030914308,-0.14521684791984069,CLEAR
5,0.20710496902465816,-0.14521684791984069,CLEAR
5,0.18930287361145018,-0.14521684791984069,CLEAR
5,0.22798993587493893,-0.14521684791984069,CLEAR
5,0.19210586547851563,-0.14521684791984069,CLEAR
5,0.17477149963378907,-0.14521684791984069,CLEAR
5,0.2136310815811157,-0.14521684791984069,CLEAR
5,0.20659239292144774,-0.14521684791984069,CLEAR
5,0.21174328327178957,-0.14521684791984069,CLEAR
5,0.21318182945251465,-0.14521684791984069,CLEAR
5,0.21970853805541993,-0.14521684791984069,CLEAR
5,0.2227022171020508,-0.14521684791984069,CLEAR
5,0.22309603691101076,-0.14521684791984069,CLEAR
5,0.27023055553436276,-0.14521684791984069,CLEAR
5,0.19880433082580565,-0.14521684791984069,CLEAR
5,0.19675703048706056,-0.14521684791984069,CLEAR
5,0.19757857322692873,-0.14521684791984069,CLEAR
5,0.16721768379211427,-0.14521684791984069,CLEAR
5,0.1916225433349609,-0.14521684791984069,CLEAR
5,0.1614636421203613,-0.14521684791984069,CLEAR
5,0.1729438304901123,-0.14521684791984069,CLEAR
5,0.20582878589630127,-0.14521684791984069,CLEAR
5,0.20921871662139893,-0.14521684791984069,CLEAR
5,0.23131268024444582,-0.14521684791984069,CLEAR
5,0.23440377712249752,-0.14521684791984069,CLEAR
5,0.15575470924377444,-0.14521684791984069,CLEAR
5,0.21017341613769527,-0.14521684791984069,CLEAR
5,0.2400371551513672,-0.14521684791984069,CLEAR
5,0.19101753234863283,-0.14521684791984069,CLEAR
5,0.20748612880706785,-0.14521684791984069,CLEAR
5,0.19463334083557127,-0.14521684791984069,CLEAR
5,0.23222448825836184,-0.14521684791984069,CLEAR
5,0.2031142711639404,-0.14521684791984069,CLEAR
5,0.18318099975585936,-0.14521684791984069,CLEAR
5,0.17913684844970704,-0.14521684791984069,CLEAR
5,0.20855996608734131,-0.14521684791984069,CLEAR
5,0.17493009567260742,-0.14521684791984069,CLEAR
5,0.16587500572204592,-0.14521684791984069,CLEAR
5,0.20846366882324216,-0.14521684791984069,CLEAR
5,0.22046995162963864,-0.14521684791984069,CLEAR
5,0.16185612678527833,-0.14521684791984069,CLEAR
5,0.2505825996398926,-0.14521684791984069,CLEAR
5,0.21397459506988528,-0.14521684791984069,CLEAR
5,0.18330645561218262,-0.14521684791984069,CLEAR
5,0.23410243988037105,-0.14521684791984069,CLEAR
5,0.18612017631530764,-0.14521684791984069,CLEAR
5,0.15496749877929689,-0.14521684791984069,CLEAR
5,0.14543056488037112,-0.14521684791984069,CLEAR
5,0.16708340644836422,-0.14521684791984069,CLEAR
5,0.16194028854370116,-0.14521684791984069,CLEAR
5,0.1344231605529785,-0.14521684791984069,CLEAR
5,0.19627866744995118,-0.14521684791984069,CLEAR
5,0.19944329261779783,-0.14521684791984069,CLEAR
5,0.15767345428466797,-0.14521684791984069,CLEAR
5,0.20569877624511715,-0.14521684791984069,CLEAR
5,0.18671822547912598,-0.14521684791984069,CLEAR
5,0.21991362571716305,-0.14521684791984069,CLEAR
5,0.14722352027893065,-0.14521684791984069,CLEAR
5,0.17064723968505857,-0.14521684791984069,CLEAR
5,0.1446351051330566,-0.14521684791984069,CLEAR
5,0.15263638496398924,-0.14521684791984069,CLEAR
5,0.1588837146759033,-0.14521684791984069,CLEAR
5,0.12052054405212399,-0.14521684791984069,CLEAR
5,0.1356930732727051,-0.14521684791984069,CLEAR
5,0.1457439422607422,-0.14521684791984069,CLEAR
5,0.1753275871276855,-0.14521684791984069,CLEAR
5,0.17037038803100588,-0.14521684791984069,CLEAR
5,0.14719595909118655,-0.14521684791984069,CLEAR
5,0.12460150718688962,-0.14521684791984069,CLEAR
5,0.16032905578613282,-0.14521684791984069,CLEAR
5,0.1797154426574707,-0.14521684791984069,CLEAR
5,0.12428636550903317,-0.14521684791984069,CLEAR
5,0.13089981079101562,-0.14521684791984069,CLEAR
5,0.13155474662780764,-0.14521684791984069,CLEAR
5,0.16822605133056642,-0.14521684791984069,CLEAR
5,0.13677039146423342,-0.14521684791984069,CLEAR
5,0.1619222164154053,-0.14521684791984069,CLEAR
5,0.16353359222412106,-0.14521684791984069,CLEAR
5,0.18882942199707034,-0.14521684791984069,CLEAR
5,0.15253615379333496,-0.14521684791984069,CLEAR
5,0.18754611015319825,-0.14521684791984069,CLEAR
5,0.21567268371582032,-0.14521684791984069,CLEAR
5,0.15890092849731444,-0.14521684791984069,CLEAR
5,0.20244123935699465,-0.14521684791984069,CLEAR
5,0.14836630821228025,-0.14521684791984069,CLEAR
5,0.15421743392944334,-0.14521684791984069,CLEAR
5,0.1153106689453125,-0.14521684791984069,CLEAR
5,0.13647165298461914,-0.14521684791984069,CLEAR
5,0.14117918014526368,-0.14521684791984069,CLEAR
5,0.18835930824279784,-0.14521684791984069,CLEAR
5,0.17650351524353028,-0.14521684791984069,CLEAR
5,0.13786773681640627,-0.14521684791984069,CLEAR
5,0.16448163986206055,-0.14521684791984069,CLEAR
5,0.14327239990234372,-0.14521684791984069,CLEAR
5,0.14365801811218262,-0.14521684791984069,CLEAR
5,0.19825286865234373,-0.14521684791984069,CLEAR
5,0.16712832450866696,-0.14521684791984069,CLEAR
5,0.15289158821105955,-0.14521684791984069,CLEAR
5,0.16245718002319334,-0.14521684791984069,CLEAR
5,0.18066015243530273,-0.14521684791984069,CLEAR
5,0.15400757789611816,-0.14521684791984069,CLEAR
5,0.17420825958251954,-0.14521684791984069,CLEAR
5,0.15363383293151858,-0.14521684791984069,CLEAR
5,0.1595526695251465,-0.14521684791984069,CLEAR
5,0.1498950481414795,-0.14521684791984069,CLEAR
5,0.17912802696228025,-0.14521684791984069,CLEAR
5,0.18376245498657223,-0.14521684791984069,CLEAR
5,0.17294464111328123,-0.14521684791984069,CLEAR
5,0.12826747894287108,-0.14521684791984069,CLEAR
5,0.1655466079711914,-0.14521684791984069,CLEAR
5,0.14032592773437502,-0.14521684791984069,CLEAR
5,0.1802492141723633,-0.14521684791984069,CLEAR
5,0.15738229751586913,-0.14521684791984069,CLEAR
5,0.1349578857421875,-0.14521684791984069,CLEAR
5,0.1813551425933838,-0.14521684791984069,CLEAR
5,0.1851034641265869,-0.14521684791984069,CLEAR
5,0.16076397895812986,-0.14521684791984069,CLEAR
5,0.19010405540466305,-0.14521684791984069,CLEAR
5,0.1677134037017822,-0.14521684791984069,CLEAR
5,0.147696590423584,-0.14521684791984069,CLEAR
5,0.2121779918670654,-0.14521684791984069,CLEAR
5,0.22346630096435544,-0.14521684791984069,CLEAR
5,0.22221715450286864,-0.14521684791984069,CLEAR
5,0.21433165073394778,-0.14521684791984069,CLEAR
5,0.19539065361022948,-0.14521684791984069,CLEAR
5,0.15971355438232418,-0.14521684791984069,CLEAR
5,0.14804954528808595,-0.14521684791984069,CLEAR
5,0.1543370246887207,-0.14521684791984069,CLEAR
5,0.1447587490081787,-0.14521684791984069,CLEAR
5,0.13090066909790038,-0.14521684791984069,CLEAR
5,0.12379145622253418,-0.14521684791984069,CLEAR
5,0.1462561130523682,-0.14521684791984069,CLEAR
5,0.12657814025878908,-0.14521684791984069,CLEAR
5,0.14549698829650876,-0.14521684791984069,CLEAR
5,0.13328657150268552,-0.14521684791984069,CLEAR
5,0.14524888992309573,-0.14521684791984069,CLEAR
5,0.15914225578308105,-0.14521684791984069,CLEAR
5,0.1268482685089111,-0.14521684791984069,CLEAR
5,0.14068617820739743,-0.14521684791984069,CLEAR
5,0.15333180427551268,-0.14521684791984069,CLEAR
5,0.14654459953308105,-0.14521684791984069,CLEAR
5,0.13961386680603025,-0.14521684791984069,CLEAR
5,0.15474653244018552,-0.14521684791984069,CLEAR
5,0.14932041168212892,-0.14521684791984069,CLEAR
5,0.1357142925262451,-0.14521684791984069,CLEAR
5,0.1568345546722412,-0.14521684791984069,CLEAR
5,0.15681924819946289,-0.14521684791984069,CLEAR
5,0.14341154098510744,-0.14521684791984069,CLEAR
5,0.123282527923584,-0.14521684791984069,CLEAR
5,0.16497611999511716,-0.14521684791984069,CLEAR
5,0.13817420005798337,-0.14521684791984069,CLEAR
5,0.13150811195373538,-0.14521684791984069,CLEAR
5,0.11849093437194821,-0.14521684791984069,CLEAR
5,0.1583625793457031,-0.14521684791984069,CLEAR
5,0.1327214241027832,-0.14521684791984069,CLEAR
5,0.16474704742431642,-0.14521684791984069,CLEAR
5,0.1531242847442627,-0.14521684791984069,CLEAR
5,0.17534499168395998,-0.14521684791984069,CLEAR
5,0.13102154731750487,-0.14521684791984069,CLEAR
5,0.1401834964752197,-0.14521684791984069,CLEAR
5,0.17185187339782712,-0.14521684791984069,CLEAR
5,0.14962754249572754,-0.14521684791984069,CLEAR
5,0.16965384483337403,-0.14521684791984069,CLEAR
5,0.18126025199890136,-0.14521684791984069,CLEAR
5,0.1184393882751465,-0.14521684791984069,CLEAR
5,0.14450020790100096,-0.14521684791984069,CLEAR
5,0.14162812232971192,-0.14521684791984069,CLEAR
5,0.14900507926940917,-0.14521684791984069,CLEAR
5,0.15749421119689944,-0.14521684791984069,CLEAR
5,0.1578553199768066,-0.14521684791984069,CLEAR
5,0.16739435195922853,-0.14521684791984069,CLEAR
5,0.19514360427856442,-0.14521684791984069,CLEAR
5,0.15236101150512693,-0.14521684791984069,CLEAR
5,0.15181288719177247,-0.14521684791984069,CLEAR
5,0.14346389770507814,-0.14521684791984069,CLEAR
5,0.11945166587829587,-0.14521684791984069,CLEAR
5,0.1170356750488281,-0.14521684791984069,CLEAR
5,0.13410906791687013,-0.14521684791984069,CLEAR
5,0.09543337821960447,-0.14521684791984069,CLEAR
5,0.1465062618255615,-0.14521684791984069,CLEAR
5,0.12520027160644534,-0.14521684791984069,CLEAR
5,0.15377488136291506,-0.14521684791984069,CLEAR
5,0.17429423332214355,-0.14521684791984069,CLEAR
5,0.12769408226013185,-0.14521684791984069,CLEAR
5,0.13324074745178224,-0.14521684791984069,CLEAR
5,0.1523027896881103,-0.14521684791984069,CLEAR
5,0.10344185829162597,-0.14521684791984069,CLEAR
5,0.13912634849548336,-0.14521684791984069,CLEAR
5,0.16266288757324218,-0.14521684791984069,CLEAR
5,0.10479774475097658,-0.14521684791984069,CLEAR
5,0.16067280769348147,-0.14521684791984069,CLEAR
5,0.17328991889953616,-0.14521684791984069,CLEAR
5,0.18347182273864746,-0.14521684791984069,CLEAR
5,0.15557651519775387,-0.14521684791984069,CLEAR
5,0.10278811454772949,-0.14521684791984069,CLEAR
5,0.14489264488220213,-0.14521684791984069,CLEAR
5,0.14183158874511717,-0.14521684791984069,CLEAR
5,0.13076376914978027,-0.14521684791984069,CLEAR
5,0.14433684349060055,-0.14521684791984069,CLEAR
5,0.13740277290344238,-0.14521684791984069,CLEAR
5,0.1513791561126709,-0.14521684791984069,CLEAR
5,0.12189459800720215,-0.14521684791984069,CLEAR
5,0.11049466133117673,-0.14521684791984069,CLEAR
5,0.13024301528930662,-0.14521684791984069,CLEAR
4,0.09259176254272462,-0.0,CLEAR
4,0.09382939338684082,-0.0,CLEAR
4,0.09325351715087893,-0.0,CLEAR
5,0.09872031211853027,-0.14521684791984069,CLEAR
4,0.055962657928466816,-0.0,CLEAR
4,0.10883374214172363,-0.0,CLEAR
5,0.11617088317871095,-0.14521684791984069,CLEAR
4,0.103951358795166,-0.0,CLEAR
5,0.0816205024719238,-0.14521684791984069,CLEAR
5,0.10148582458496096,-0.14521684791984069,CLEAR
5,0.11739130020141599,-0.14521684791984069,CLEAR
4,0.12828259468078615,-0.0,CLEAR
5,0.1477094173431396,-0.14521684791984069,CLEAR
5,0.12199826240539548,-0.14521684791984069,CLEAR
4,0.13730835914611816,-0.0,CLEAR
4,0.09028000831604004,-0.0,CLEAR
5,0.0670694828033447,-0.14521684791984069,CLEAR
4,0.07858824729919431,-0.0,CLEAR
4,0.1103820323944092,-0.0,CLEAR
0,0.6,0.5818900455379532,CLEAR
0,0.6,0.5818900455379532,CLEAR
0,0.6,0.5818900455379532,CLEAR
0,0.6,0.5818900455379532,CLEAR
0,0.6,0.5818900455379532,CLEAR
0,0.6,0.5818900455379532,CLEAR
0,0.6,0.5818900455379532,CLEAR
0,0.6,0.5818900455379532,CLEAR
0,0.6,0.5818900455379532,CLEAR
0,0.6,0.5818900455379532,CLEAR
0,0.6,0.5818900455379532,CLEAR
0,0.6,0.5818900455379532,CLEAR
0,0.6,0.5818900455379532,CLEAR
0,0.6,0.5818900455379532,CLEAR
0,0.6,0.5818900455379532,CLEAR
0,0.6,0.5818900455379532,CLEAR
0,0.6,0.5818900455379532,CLEAR
0,0.6,0.5818900455379532,CLEAR
0,0.6,0.5818900455379532,CLEAR
0,0.6,0.5818900455379532,CLEAR
0,0.6,0.5818900455379532,CLEAR
0,0.6,0.5818900455379532,CLEAR
0,0.6,0.5818900455379532,CLEAR
0,0.6,0.5818900455379532,CLEAR
0,0.6,0.5818900455379532,CLEAR
0,0.6,0.5818900455379532,CLEAR
0,0.6,0.5818900455379532,CLEAR
0,0.6,0.5818900455379532,CLEAR
0,0.6,0.5818900455379532,CLEAR
0,0.6,0.5818900455379532,CLEAR
0,0.6,0.5818900455379532,CLEAR
0,0.6,0.5818900455379532,CLEAR
0,0.6,0.5818900455379532,CLEAR
0,0.6,0.5818900455379532,CLEAR
0,0.6,0.5818900455379532,CLEAR
0,0.6,0.5818900455379532,CLEAR
0,0.6,0.5818900455379532,CLEAR
0,0.6,0.5818900455379532,CLEAR
0,0.6,0.5818900455379532,CLEAR
0,0.6,0.5818900455379532,CLEAR
0,0.6,0.5818900455379532,CLEAR
0,0.6,0.5818900455379532,CLEAR
0,0.6,0.5818900455379532,CLEAR
0,0.6,0.5818900455379532,CLEAR
0,0.6,0.5818900455379532,CLEAR
0,0.6,0.5818900455379532,CLEAR
0,0.6,0.5818900455379532,CLEAR
0,0.6,0.5818900455379532,CLEAR
0,0.6,0.5818900455379532,CLEAR
0,0.6,0.5818900455379532,CLEAR
0,0.6,0.5818900455379532,CLEAR
0,0.6,0.5818900455379532,CLEAR
0,0.6,0.5818900455379532,CLEAR
0,0.6,0.5818900455379532,CLEAR
0,0.6,0.5818900455379532,CLEAR
0,0.6,0.5818900455379532,CLEAR
0,0.6,0.5818900455379532,CLEAR
0,0.6,0.5818900455379532,CLEAR
0,0.6,0.5818900455379532,CLEAR
0,0.6,0.5818900455379532,CLEAR
0,0.6,0.5818900455379532,CLEAR
0,0.6,0.5818900455379532,CLEAR
0,0.6,0.5818900455379532,CLEAR
0,0.6,0.5818900455379532,CLEAR
0,0.6,0.5818900455379532,CLEAR
0,0.6,0.5818900455379532,CLEAR
0,0.6,0.5818900455379532,CLEAR
0,0.6,0.5818900455379532,CLEAR
0,0.6,0.5818900455379532,CLEAR
0,0.6,0.5818900455379532,CLEAR
0,0.6,0.5818900455379532,CLEAR
0,0.6,0.5818900455379532,CLEAR
0,0.6,0.5818900455379532,CLEAR
0,0.6,0.5818900455379532,CLEAR
0,0.6,0.5818900455379532,CLEAR
0,0.6,0.5818900455379532,CLEAR
0,0.6,0.5818900455379532,CLEAR
0,0.6,0.5818900455379532,CLEAR
0,0.6,0.5818900455379532,CLEAR
0,0.6,0.5818900455379532,CLEAR
0,0.6,0.5818900455379532,CLEAR
0,0.6,0.5818900455379532,CLEAR
0,0.6,0.5818900455379532,CLEAR
0,0.6,0.5818900455379532,CLEAR
0,0.6,0.5818900455379532,CLEAR
0,0.6,0.5818900455379532,CLEAR
0,0.6,0.5818900455379532,CLEAR
0,0.6,0.5818900455379532,CLEAR
0,0.6,0.5818900455379532,CLEAR
0,0.6,0.5818900455379532,CLEAR
0,0.6,0.5818900455379532,CLEAR
0,0.6,0.5818900455379532,CLEAR
0,0.6,0.5818900455379532,CLEAR
0,0.6,0.5818900455379532,CLEAR
0,0.6,0.5818900455379532,CLEAR
0,0.6,0.5818900455379532,CLEAR
0,0.6,0.5818900455379532,CLEAR
0,0.6,0.5818900455379532,CLEAR
0,0.6,0.5818900455379532,CLEAR
0,0.6,0.5818900455379532,CLEAR
0,0.6,0.5818900455379532,CLEAR
0,0.6,0.5818900455379532,CLEAR
0,0.6,0.5818900455379532,CLEAR
0,0.6,0.5818900455379532,CLEAR
0,0.6,0.5818900455379532,CLEAR
0,0.6,0.5818900455379532,CLEAR
0,0.6,0.5818900455379532,CLEAR
0,0.6,0.5818900455379532,CLEAR
0,0.6,0.5818900455379532,CLEAR
0,0.6,0.5818900455379532,CLEAR
0,0.6,0.5818900455379532,CLEAR
0,0.6,0.5818900455379532,CLEAR
0,0.6,0.5818900455379532,CLEAR
0,0.6,0.5818900455379532,CLEAR
0,0.6,0.5818900455379532,CLEAR
0,0.6,0.5818900455379532,CLEAR
0,0.6,0.5818900455379532,CLEAR
0,0.6,0.5818900455379532,CLEAR
0,0.6,0.5818900455379532,CLEAR
0,0.6,0.5818900455379532,CLEAR
0,0.6,0.5818900455379532,CLEAR
0,0.6,0.5818900455379532,CLEAR
0,0.6,0.5818900455379532,CLEAR
0,0.6,0.5818900455379532,CLEAR
0,0.6,0.5818900455379532,CLEAR
0,0.6,0.5818900455379532,CLEAR
0,0.6,0.5818900455379532,CLEAR
0,0.6,0.5818900455379532,CLEAR
0,0.6,0.5818900455379532,CLEAR
0,0.6,0.5818900455379532,CLEAR
0,0.6,0.5818900455379532,CLEAR
0,0.6,0.5818900455379532,CLEAR
0,0.6,0.5818900455379532,CLEAR
0,0.6,0.5818900455379532,CLEAR
0,0.6,0.5818900455379532,CLEAR
0,0.6,0.5818900455379532,CLEAR
0,0.6,0.5818900455379532,CLEAR
0,0.6,0.5818900455379532,CLEAR
0,0.6,0.5818900455379532,CLEAR
0,0.6,0.5818900455379532,CLEAR
0,0.6,0.5818900455379532,CLEAR
0,0.6,0.5818900455379532,CLEAR
0,0.6,0.5818900455379532,CLEAR
0,0.6,0.5818900455379532,CLEAR
0,0.6,0.5818900455379532,CLEAR
0,0.6,0.5818900455379532,CLEAR
0,0.6,0.5818900455379532,CLEAR
0,0.6,0.5818900455379532,CLEAR
0,0.6,0.5818900455379532,CLEAR
0,0.6,0.5818900455379532,CLEAR
0,0.6,0.5818900455379532,CLEAR
0,0.6,0.5818900455379532,CLEAR
0,0.6,0.5818900455379532,CLEAR
0,0.6,0.5818900455379532,CLEAR
0,0.6,0.5818900455379532,CLEAR
0,0.6,0.5818900455379532,CLEAR
0,0.6,0.5818900455379532,CLEAR
0,0.6,0.5818900455379532,CLEAR
0,0.6,0.5818900455379532,CLEAR
0,0.6,0.5818900455379532,CLEAR
0,0.6,0.5818900455379532,CLEAR
0,0.6,0.5818900455379532,CLEAR
0,0.6,0.5818900455379532,CLEAR
0,0.6,0.5818900455379532,CLEAR
3,0.0,0.0,BRAKE
3,0.0,0.0,BRAKE
3,0.0,0.0,BRAKE
3,0.0,0.0,BRAKE
3,0.0,0.0,BRAKE
3,0.0,0.0,BRAKE
3,0.0,0.0,BRAKE
3,0.0,0.0,BRAKE
3,0.0,0.0,BRAKE
3,0.0,0.0,BRAKE
3,0.0,0.0,BRAKE
3,0.0,0.0,BRAKE
3,0.0,0.0,BRAKE
3,0.0,0.0,BRAKE
3,0.0,0.0,BRAKE
3,0.0,0.0,BRAKE
3,0.0,0.0,BRAKE
3,0.0,0.0,BRAKE
3,0.0,0.0,BRAKE
3,0.0,0.0,BRAKE
3,0.0,0.0,BRAKE
3,0.0,0.0,BRAKE
3,0.0,0.0,BRAKE
3,0.0,0.0,BRAKE
3,0.0,0.0,BRAKE
3,0.0,0.0,BRAKE
3,0.0,0.0,BRAKE
3,0.0,0.0,BRAKE
3,0.0,0.0,BRAKE
3,0.0,0.0,BRAKE
3,0.0,0.0,BRAKE
3,0.0,0.0,BRAKE
3,0.0,0.0,BRAKE
3,0.0,0.0,BRAKE
3,0.0,0.0,BRAKE
3,0.0,0.0,BRAKE
3,0.0,0.0,BRAKE
3,0.0,0.0,BRAKE
3,0.0,0.0,BRAKE
3,0.0,0.0,BRAKE
3,0.0,0.0,BRAKE
3,0.0,0.0,BRAKE
3,0.0,0.0,BRAKE
3,0.0,0.0,BRAKE
3,0.0,0.0,BRAKE
3,0.0,0.0,BRAKE
3,0.0,0.0,BRAKE
3,0.0,0.0,BRAKE
3,0.0,0.0,BRAKE
3,0.0,0.0,BRAKE
3,0.0,0.0,BRAKE
3,0.0,0.0,BRAKE
3,0.0,0.0,BRAKE
3,0.0,0.0,BRAKE
3,0.0,0.0,BRAKE
3,0.0,0.0,BRAKE
3,0.0,0.0,BRAKE
3,0.0,0.0,BRAKE
3,0.0,0.0,BRAKE
3,0.0,0.0,BRAKE
3,0.0,0.0,BRAKE
3,0.0,0.0,BRAKE
3,0.0,0.0,BRAKE
3,0.0,0.0,BRAKE
3,0.0,0.0,BRAKE
3,0.0,0.0,BRAKE
3,0.0,0.0,BRAKE
3,0.0,0.0,BRAKE
3,0.0,0.0,BRAKE
3,0.0,0.0,BRAKE
3,0.0,0.0,BRAKE
3,0.0,0.0,BRAKE
3,0.0,0.0,BRAKE
3,0.0,0.0,BRAKE
3,0.0,0.0,BRAKE
3,0.0,0.0,BRAKE
3,0.0,0.0,BRAKE
3,0.0,0.0,BRAKE
3,0.0,0.0,BRAKE
3,0.0,0.0,BRAKE
3,0.0,0.0,BRAKE
3,0.0,0.0,BRAKE
3,0.0,0.0,BRAKE
3,0.0,0.0,BRAKE
3,0.0,0.0,BRAKE
3,0.0,0.0,BRAKE
3,0.0,0.0,BRAKE
3,0.0,0.0,BRAKE
3,0.0,0.0,BRAKE
3,0.0,0.0,BRAKE
3,0.0,0.0,BRAKE
3,0.0,0.0,BRAKE
3,0.0,0.0,BRAKE
3,0.0,0.0,BRAKE
3,0.0,0.0,BRAKE
3,0.0,0.0,BRAKE
3,0.0,0.0,BRAKE
3,0.0,0.0,BRAKE
3,0.0,0.0,BRAKE
3,0.0,0.0,BRAKE
3,0.0,0.0,BRAKE
3,0.0,0.0,BRAKE
3,0.0,0.0,BRAKE
3,0.0,0.0,BRAKE
3,0.0,0.0,BRAKE
3,0.0,0.0,BRAKE
3,0.0,0.0,BRAKE
3,0.0,0.0,BRAKE
3,0.0,0.0,BRAKE
3,0.0,0.0,BRAKE
3,0.0,0.0,BRAKE
3,0.0,0.0,BRAKE
3,0.0,0.0,BRAKE
3,0.0,0.0,BRAKE
3,0.0,0.0,BRAKE
3,0.0,0.0,BRAKE
3,0.0,0.0,BRAKE
3,0.0,0.0,BRAKE
3,0.0,0.0,BRAKE
3,0.0,0.0,BRAKE
3,0.0,0.0,BRAKE
3,0.0,0.0,BRAKE
3,0.0,0.0,BRAKE
3,0.0,0.0,BRAKE
3,0.0,0.0,BRAKE
3,0.0,0.0,BRAKE
3,0.0,0.0,BRAKE
3,0.0,0.0,BRAKE
3,0.0,0.0,BRAKE
3,0.0,0.0,BRAKE
3,0.0,0.0,BRAKE
3,0.0,0.0,BRAKE
3,0.0,0.0,BRAKE
3,0.0,0.0,BRAKE
3,0.0,0.0,BRAKE
3,0.0,0.0,BRAKE
3,0.0,0.0,BRAKE
3,0.0,0.0,BRAKE
3,0.0,0.0,BRAKE
3,0.0,0.0,BRAKE
3,0.0,0.0,BRAKE
3,0.0,0.0,BRAKE
3,0.0,0.0,BRAKE
3,0.0,0.0,BRAKE
3,0.0,0.0,BRAKE
3,0.0,0.0,BRAKE
3,0.0,0.0,BRAKE
3,0.0,0.0,BRAKE
3,0.0,0.0,BRAKE
3,0.0,0.0,BRAKE
3,0.0,0.0,BRAKE
3,0.0,0.0,BRAKE
3,0.0,0.0,BRAKE
3,0.0,0.0,BRAKE
3,0.0,0.0,BRAKE
3,0.0,0.0,BRAKE
3,0.0,0.0,BRAKE
3,0.0,0.0,BRAKE
3,0.0,0.0,BRAKE
3,0.0,0.0,BRAKE
3,0.0,0.0,BRAKE
3,0.0,0.0,BRAKE
3,0.0,0.0,BRAKE
3,0.0,0.0,BRAKE
3,0.0,0.0,BRAKE
3,0.0,0.0,BRAKE
3,0.0,0.0,BRAKE
3,0.0,0.0,BRAKE
3,0.0,0.0,BRAKE
3,0.0,0.0,BRAKE
3,0.0,0.0,BRAKE
3,0.0,0.0,BRAKE
3,0.0,0.0,BRAKE
3,0.0,0.0,BRAKE
3,0.0,0.0,BRAKE
3,0.0,0.0,BRAKE
3,0.0,0.0,BRAKE
3,0.0,0.0,BRAKE
3,0.0,0.0,BRAKE
3,0.0,0.0,BRAKE
3,0.0,0.0,BRAKE
3,0.0,0.0,BRAKE
3,0.0,0.0,BRAKE
3,0.0,0.0,BRAKE
3,0.0,0.0,BRAKE
3,0.0,0.0,BRAKE
3,0.0,0.0,BRAKE
3,0.0,0.0,BRAKE
3,0.0,0.0,BRAKE
3,0.0,0.0,BRAKE
3,0.0,0.0,BRAKE
3,0.0,0.0,BRAKE
3,0.0,0.0,BRAKE
3,0.0,0.0,BRAKE
3,0.0,0.0,BRAKE
3,0.0,0.0,BRAKE
3,0.0,0.0,BRAKE
3,0.0,0.0,BRAKE
3,0.0,0.0,BRAKE
3,0.0,0.0,BRAKE
3,0.0,0.0,BRAKE
3,0.0,0.0,BRAKE
3,0.0,0.0,BRAKE
3,0.0,0.0,BRAKE
3,0.0,0.0,BRAKE
3,0.0,0.0,BRAKE
3,0.0,0.0,BRAKE
3,0.0,0.0,BRAKE
3,0.0,0.0,BRAKE
3,0.0,0.0,BRAKE
3,0.0,0.0,BRAKE
3,0.0,0.0,BRAKE
3,0.0,0.0,BRAKE
3,0.0,0.0,BRAKE
3,0.0,0.0,BRAKE
3,0.0,0.0,BRAKE
3,0.0,0.0,BRAKE
3,0.0,0.0,BRAKE
3,0.0,0.0,BRAKE
3,0.0,0.0,BRAKE
3,0.0,0.0,BRAKE
3,0.0,0.0,BRAKE
3,0.0,0.0,BRAKE
3,0.0,0.0,BRAKE
3,0.0,0.0,BRAKE
3,0.0,0.0,BRAKE
3,0.0,0.0,BRAKE
3,0.0,0.0,BRAKE
3,0.0,0.0,BRAKE
3,0.0,0.0,BRAKE
3,0.0,0.0,BRAKE
3,0.0,0.0,BRAKE
3,0.0,0.0,BRAKE
3,0.0,0.0,BRAKE
3,0.0,0.0,BRAKE
3,0.0,0.0,BRAKE
3,0.0,0.0,BRAKE
3,0.0,0.0,BRAKE
3,0.0,0.0,BRAKE
3,0.0,0.0,BRAKE
3,0.0,0.0,BRAKE
3,0.0,0.0,BRAKE
3,0.0,0.0,BRAKE
3,0.0,0.0,BRAKE
3,0.0,0.0,BRAKE
3,0.0,0.0,BRAKE
3,0.0,0.0,BRAKE
3,0.0,0.0,BRAKE
3,0.0,0.0,BRAKE
3,0.0,0.0,BRAKE
3,0.0,0.0,BRAKE
3,0.0,0.0,BRAKE
3,0.0,0.0,BRAKE
3,0.0,0.0,BRAKE
3,0.0,0.0,BRAKE
3,0.0,0.0,BRAKE
3,0.0,0.0,BRAKE
3,0.0,0.0,BRAKE
3,0.0,0.0,BRAKE
3,0.0,0.0,BRAKE
3,0.0,0.0,BRAKE
3,0.0,0.0,BRAKE
3,0.0,0.0,BRAKE
3,0.0,0.0,BRAKE
3,0.0,0.0,BRAKE
3,0.0,0.0,BRAKE
3,0.0,0.0,BRAKE
3,0.0,0.0,BRAKE
3,0.0,0.0,BRAKE
3,0.0,0.0,BRAKE
3,0.0,0.0,BRAKE
3,0.0,0.0,BRAKE
3,0.0,0.0,BRAKE
3,0.0,0.0,BRAKE
3,0.0,0.0,BRAKE
3,0.0,0.0,BRAKE
3,0.0,0.0,BRAKE
3,0.0,0.0,BRAKE
3,0.0,0.0,BRAKE
3,0.0,0.0,BRAKE
3,0.0,0.0,BRAKE
3,0.0,0.0,BRAKE
3,0.0,0.0,BRAKE
3,0.0,0.0,BRAKE
3,0.0,0.0,BRAKE
3,0.0,0.0,BRAKE
3,0.0,0.0,BRAKE
3,0.0,0.0,BRAKE
3,0.0,0.0,BRAKE
3,0.0,0.0,BRAKE
3,0.0,0.0,BRAKE
3,0.0,0.0,BRAKE
3,0.0,0.0,BRAKE
3,0.0,0.0,BRAKE
3,0.0,0.0,BRAKE
3,0.0,0.0,BRAKE
3,0.0,0.0,BRAKE
3,0.0,0.0,BRAKE
3,0.0,0.0,BRAKE
3,0.0,0.0,BRAKE
3,0.0,0.0,BRAKE
3,0.0,0.0,BRAKE
3,0.0,0.0,BRAKE
3,0.0,0.0,BRAKE
3,0.0,0.0,BRAKE
3,0.0,0.0,BRAKE
3,0.0,0.0,BRAKE
3,0.0,0.0,BRAKE
3,0.0,0.0,BRAKE
3,0.0,0.0,BRAKE
3,0.0,0.0,BRAKE
3,0.0,0.0,BRAKE
3,0.0,0.0,BRAKE
3,0.0,0.0,BRAKE
3,0.0,0.0,BRAKE
3,0.0,0.0,BRAKE
3,0.0,0.0,BRAKE
3,0.0,0.0,BRAKE
3,0.0,0.0,BRAKE
3,0.0,0.0,BRAKE
3,0.0,0.0,BRAKE
3,0.0,0.0,BRAKE
3,0.0,0.0,BRAKE
3,0.0,0.0,BRAKE
3,0.0,0.0,BRAKE
3,0.0,0.0,BRAKE
3,0.0,0.0,BRAKE
3,0.0,0.0,BRAKE
3,0.0,0.0,BRAKE
3,0.0,0.0,BRAKE
3,0.0,0.0,BRAKE
3,0.0,0.0,BRAKE
3,0.0,0.0,BRAKE
3,0.0,0.0,BRAKE
3,0.0,0.0,BRAKE
3,0.0,0.0,BRAKE
3,0.0,0.0,BRAKE
3,0.0,0.0,BRAKE
3,0.0,0.0,BRAKE
3,0.0,0.0,BRAKE
3,0.0,0.0,BRAKE
3,0.0,0.0,BRAKE
3,0.0,0.0,BRAKE
3,0.0,0.0,BRAKE
3,0.0,0.0,BRAKE
3,0.0,0.0,BRAKE
3,0.0,0.0,BRAKE
3,0.0,0.0,BRAKE
3,0.0,0.0,BRAKE
3,0.0,0.0,BRAKE
3,0.0,0.0,BRAKE
3,0.0,0.0,BRAKE
3,0.0,0.0,BRAKE
3,0.0,0.0,BRAKE
3,0.0,0.0,BRAKE
3,0.0,0.0,BRAKE
3,0.0,0.0,BRAKE
3,0.0,0.0,BRAKE
3,0.0,0.0,BRAKE
3,0.0,0.0,BRAKE
3,0.0,0.0,BRAKE
3,0.0,0.0,BRAKE
3,0.0,0.0,BRAKE
3,0.0,0.0,BRAKE
3,0.0,0.0,BRAKE
3,0.0,0.0,BRAKE
3,0.0,0.0,BRAKE
3,0.0,0.0,BRAKE
3,0.0,0.0,BRAKE
3,0.0,0.0,BRAKE
3,0.0,0.0,BRAKE
3,0.0,0.0,BRAKE
3,0.0,0.0,BRAKE
3,0.0,0.0,BRAKE
3,0.0,0.0,BRAKE
3,0.0,0.0,BRAKE
3,0.0,0.0,BRAKE
3,0.0,0.0,BRAKE
3,0.0,0.0,BRAKE
3,0.0,0.0,BRAKE
3,0.0,0.0,BRAKE
3,0.0,0.0,BRAKE
3,0.0,0.0,BRAKE
3,0.0,0.0,BRAKE
3,0.0,0.0,BRAKE
3,0.0,0.0,BRAKE
3,0.0,0.0,BRAKE
3,0.0,0.0,BRAKE
3,0.0,0.0,BRAKE
3,0.0,0.0,BRAKE
3,0.0,0.0,BRAKE
3,0.0,0.0,BRAKE
3,0.0,0.0,BRAKE
3,0.0,0.0,BRAKE
3,0.0,0.0,BRAKE
3,0.0,0.0,BRAKE
3,0.0,0.0,BRAKE
3,0.0,0.0,BRAKE
3,0.0,0.0,BRAKE
3,0.0,0.0,BRAKE
3,0.0,0.0,BRAKE
3,0.0,0.0,BRAKE
3,0.0,0.0,BRAKE
3,0.0,0.0,BRAKE
3,0.0,0.0,BRAKE
3,0.0,0.0,BRAKE
3,0.0,0.0,BRAKE
3,0.0,0.0,BRAKE
3,0.0,0.0,BRAKE
3,0.0,0.0,BRAKE
3,0.0,0.0,BRAKE
3,0.0,0.0,BRAKE
3,0.0,0.0,BRAKE
3,0.0,0.0,BRAKE
3,0.0,0.0,BRAKE
3,0.0,0.0,BRAKE
3,0.0,0.0,BRAKE
3,0.0,0.0,BRAKE
3,0.0,0.0,BRAKE
3,0.0,0.0,BRAKE
3,0.0,0.0,BRAKE
3,0.0,0.0,BRAKE
3,0.0,0.0,BRAKE
3,0.0,0.0,BRAKE
3,0.0,0.0,BRAKE
3,0.0,0.0,BRAKE
3,0.0,0.0,BRAKE
3,0.0,0.0,BRAKE
3,0.0,0.0,BRAKE
3,0.0,0.0,BRAKE
3,0.0,0.0,BRAKE
3,0.0,0.0,BRAKE
3,0.0,0.0,BRAKE
3,0.0,0.0,BRAKE
3,0.0,0.0,BRAKE
3,0.0,0.0,BRAKE
3,0.0,0.0,BRAKE
3,0.0,0.0,BRAKE
3,0.0,0.0,BRAKE
3,0.0,0.0,BRAKE
3,0.0,0.0,BRAKE
3,0.0,0.0,BRAKE
3,0.0,0.0,BRAKE
3,0.0,0.0,BRAKE
3,0.0,0.0,BRAKE
3,0.0,0.0,BRAKE
3,0.0,0.0,BRAKE
3,0.0,0.0,BRAKE
3,0.0,0.0,BRAKE
3,0.0,0.0,BRAKE
3,0.0,0.0,BRAKE
3,0.0,0.0,BRAKE
3,0.0,0.0,BRAKE
3,0.0,0.0,BRAKE
3,0.0,0.0,BRAKE
3,0.0,0.0,BRAKE
3,0.0,0.0,BRAKE
3,0.0,0.0,BRAKE
3,0.0,0.0,BRAKE
3,0.0,0.0,BRAKE
3,0.0,0.0,BRAKE
3,0.0,0.0,BRAKE
3,0.0,0.0,BRAKE
3,0.0,0.0,BRAKE
3,0.0,0.0,BRAKE
3,0.0,0.0,BRAKE
3,0.0,0.0,BRAKE
3,0.0,0.0,BRAKE
3,0.0,0.0,BRAKE
3,0.0,0.0,BRAKE
3,0.0,0.0,BRAKE
3,0.0,0.0,BRAKE
3,0.0,0.0,BRAKE
3,0.0,0.0,BRAKE
3,0.0,0.0,BRAKE
3,0.0,0.0,BRAKE
3,0.0,0.0,BRAKE
3,0.0,0.0,BRAKE
3,0.0,0.0,BRAKE
3,0.0,0.0,BRAKE
3,0.0,0.0,BRAKE
3,0.0,0.0,BRAKE
3,0.0,0.0,BRAKE
3,0.0,0.0,BRAKE
3,0.0,0.0,BRAKE
3,0.0,0.0,BRAKE
3,0.0,0.0,BRAKE
3,0.0,0.0,BRAKE
3,0.0,0.0,BRAKE
3,0.0,0.0,BRAKE
3,0.0,0.0,BRAKE
3,0.0,0.0,BRAKE
3,0.0,0.0,BRAKE
3,0.0,0.0,BRAKE
3,0.0,0.0,BRAKE
3,0.0,0.0,BRAKE
3,0.0,0.0,BRAKE
3,0.0,0.0,BRAKE
3,0.0,0.0,BRAKE
3,0.0,0.0,BRAKE
3,0.0,0.0,BRAKE
3,0.0,0.0,BRAKE
3,0.0,0.0,BRAKE
3,0.0,0.0,BRAKE
3,0.0,0.0,BRAKE
3,0.0,0.0,BRAKE
3,0.0,0.0,BRAKE
3,0.0,0.0,BRAKE
3,0.0,0.0,BRAKE
3,0.0,0.0,BRAKE
3,0.0,0.0,BRAKE
3,0.0,0.0,BRAKE
3,0.0,0.0,BRAKE
3,0.0,0.0,BRAKE
3,0.0,0.0,BRAKE
3,0.0,0.0,BRAKE
3,0.0,0.0,BRAKE
3,0.0,0.0,BRAKE
3,0.0,0.0,BRAKE
3,0.0,0.0,BRAKE
3,0.0,0.0,BRAKE
3,0.0,0.0,BRAKE
3,0.0,0.0,BRAKE
3,0.0,0.0,BRAKE
3,0.0,0.0,BRAKE
3,0.0,0.0,BRAKE
3,0.0,0.0,BRAKE
3,0.0,0.0,BRAKE
3,0.0,0.0,BRAKE
3,0.0,0.0,BRAKE
3,0.0,0.0,BRAKE
3,0.0,0.0,BRAKE
3,0.0,0.0,BRAKE
3,0.0,0.0,BRAKE
3,0.0,0.0,BRAKE
3,0.0,0.0,BRAKE
3,0.0,0.0,BRAKE
3,0.0,0.0,BRAKE
3,0.0,0.0,BRAKE
3,0.0,0.0,BRAKE
3,0.0,0.0,BRAKE
3,0.0,0.0,BRAKE
3,0.0,0.0,BRAKE
3,0.0,0.0,BRAKE
3,0.0,0.0,BRAKE
3,0.0,0.0,BRAKE
3,0.0,0.0,BRAKE
3,0.0,0.0,BRAKE
3,0.0,0.0,BRAKE
3,0.0,0.0,BRAKE
3,0.0,0.0,BRAKE
3,0.0,0.0,BRAKE
3,0.0,0.0,BRAKE
3,0.0,0.0,BRAKE
3,0.0,0.0,BRAKE
3,0.0,0.0,BRAKE
3,0.0,0.0,BRAKE
3,0.0,0.0,BRAKE
3,0.0,0.0,BRAKE
3,0.0,0.0,BRAKE
3,0.0,0.0,BRAKE
3,0.0,0.0,BRAKE
3,0.0,0.0,BRAKE
3,0.0,0.0,BRAKE
3,0.0,0.0,BRAKE
3,0.0,0.0,BRAKE
3,0.0,0.0,BRAKE
3,0.0,0.0,BRAKE
3,0.0,0.0,BRAKE
3,0.0,0.0,BRAKE
3,0.0,0.0,BRAKE
3,0.0,0.0,BRAKE
3,0.0,0.0,BRAKE
3,0.0,0.0,BRAKE
3,0.0,0.0,BRAKE
3,0.0,0.0,BRAKE
3,0.0,0.0,BRAKE
3,0.0,0.0,BRAKE
3,0.0,0.0,BRAKE
3,0.0,0.0,BRAKE
3,0.0,0.0,BRAKE
3,0.0,0.0,BRAKE
3,0.0,0.0,BRAKE
3,0.0,0.0,BRAKE
3,0.0,0.0,BRAKE
3,0.0,0.0,BRAKE
3,0.0,0.0,BRAKE
3,0.0,0.0,BRAKE
3,0.0,0.0,BRAKE
3,0.0,0.0,BRAKE
3,0.0,0.0,BRAKE
3,0.0,0.0,BRAKE
3,0.0,0.0,BRAKE
3,0.0,0.0,BRAKE
3,0.0,0.0,BRAKE
3,0.0,0.0,BRAKE
3,0.0,0.0,BRAKE
3,0.0,0.0,BRAKE
3,0.0,0.0,BRAKE
3,0.0,0.0,BRAKE
3,0.0,0.0,BRAKE
3,0.0,0.0,BRAKE
3,0.0,0.0,BRAKE
3,0.0,0.0,BRAKE
3,0.0,0.0,BRAKE
3,0.0,0.0,BRAKE
3,0.0,0.0,BRAKE
3,0.0,0.0,BRAKE
3,0.0,0.0,BRAKE
3,0.0,0.0,BRAKE
3,0.0,0.0,BRAKE
3,0.0,0.0,BRAKE
3,0.0,0.0,BRAKE
3,0.0,0.0,BRAKE
3,0.0,0.0,BRAKE
3,0.0,0.0,BRAKE
3,0.0,0.0,BRAKE
3,0.0,0.0,BRAKE
3,0.0,0.0,BRAKE
3,0.0,0.0,BRAKE
3,0.0,0.0,BRAKE
3,0.0,0.0,BRAKE
3,0.0,0.0,BRAKE
3,0.0,0.0,BRAKE
3,0.0,0.0,BRAKE
3,0.0,0.0,BRAKE
3,0.0,0.0,BRAKE
3,0.0,0.0,BRAKE
3,0.0,0.0,BRAKE
3,0.0,0.0,BRAKE
3,0.0,0.0,BRAKE
3,0.0,0.0,BRAKE
3,0.0,0.0,BRAKE
3,0.0,0.0,BRAKE
3,0.0,0.0,BRAKE
3,0.0,0.0,BRAKE
3,0.0,0.0,BRAKE
3,0.0,0.0,BRAKE
3,0.0,0.0,BRAKE
3,0.0,0.0,BRAKE
3,0.0,0.0,BRAKE
3,0.0,0.0,BRAKE
3,0.0,0.0,BRAKE
3,0.0,0.0,BRAKE
3,0.0,0.0,BRAKE
3,0.0,0.0,BRAKE
3,0.0,0.0,BRAKE
3,0.0,0.0,BRAKE
3,0.0,0.0,BRAKE
3,0.0,0.0,BRAKE
3,0.0,0.0,BRAKE
3,0.0,0.0,BRAKE
3,0.0,0.0,BRAKE
3,0.0,0.0,BRAKE
3,0.0,0.0,BRAKE
3,0.0,0.0,BRAKE
3,0.0,0.0,BRAKE
3,0.0,0.0,BRAKE
3,0.0,0.0,BRAKE
3,0.0,0.0,BRAKE
3,0.0,0.0,BRAKE
3,0.0,0.0,BRAKE
3,0.0,0.0,BRAKE
3,0.0,0.0,BRAKE
3,0.0,0.0,BRAKE
3,0.0,0.0,BRAKE
3,0.0,0.0,BRAKE
3,0.0,0.0,BRAKE
3,0.0,0.0,BRAKE
3,0.0,0.0,BRAKE
3,0.0,0.0,BRAKE
3,0.0,0.0,BRAKE
3,0.0,0.0,BRAKE
3,0.0,0.0,BRAKE
3,0.0,0.0,BRAKE
3,0.0,0.0,BRAKE
3,0.0,0.0,BRAKE
3,0.0,0.0,BRAKE
3,0.0,0.0,BRAKE
3,0.0,0.0,BRAKE
3,0.0,0.0,BRAKE
3,0.0,0.0,BRAKE
3,0.0,0.0,BRAKE
3,0.0,0.0,BRAKE
3,0.0,0.0,BRAKE
3,0.0,0.0,BRAKE
3,0.0,0.0,BRAKE
3,0.0,0.0,BRAKE
3,0.0,0.0,BRAKE
3,0.0,0.0,BRAKE
3,0.0,0.0,BRAKE
3,0.0,0.0,BRAKE
3,0.0,0.0,BRAKE
3,0.0,0.0,BRAKE
3,0.0,0.0,BRAKE
3,0.0,0.0,BRAKE
3,0.0,0.0,BRAKE
3,0.0,0.0,BRAKE
3,0.0,0.0,BRAKE
3,0.0,0.0,BRAKE
3,0.0,0.0,BRAKE
3,0.0,0.0,BRAKE
3,0.0,0.0,BRAKE
3,0.0,0.0,BRAKE
3,0.0,0.0,BRAKE
3,0.0,0.0,BRAKE
3,0.0,0.0,BRAKE
3,0.0,0.0,BRAKE
3,0.0,0.0,BRAKE
3,0.0,0.0,BRAKE
3,0.0,0.0,BRAKE
3,0.0,0.0,BRAKE
3,0.0,0.0,BRAKE
3,0.0,0.0,BRAKE
3,0.0,0.0,BRAKE
3,0.0,0.0,BRAKE
3,0.0,0.0,BRAKE
3,0.0,0.0,BRAKE
3,0.0,0.0,BRAKE
3,0.0,0.0,BRAKE
3,0.0,0.0,BRAKE
3,0.0,0.0,BRAKE
3,0.0,0.0,BRAKE
3,0.0,0.0,BRAKE
3,0.0,0.0,BRAKE
3,0.0,0.0,BRAKE
3,0.0,0.0,BRAKE
3,0.0,0.0,BRAKE
3,0.0,0.0,BRAKE
3,0.0,0.0,BRAKE
3,0.0,0.0,BRAKE
3,0.0,0.0,BRAKE
3,0.0,0.0,BRAKE
3,0.0,0.0,BRAKE
3,0.0,0.0,BRAKE
3,0.0,0.0,BRAKE
3,0.0,0.0,BRAKE
3,0.0,0.0,BRAKE
3,0.0,0.0,BRAKE
3,0.0,0.0,BRAKE
3,0.0,0.0,BRAKE
3,0.0,0.0,BRAKE
3,0.0,0.0,BRAKE
3,0.0,0.0,BRAKE
3,0.0,0.0,BRAKE
3,0.0,0.0,BRAKE
3,0.0,0.0,BRAKE
3,0.0,0.0,BRAKE
3,0.0,0.0,BRAKE
3,0.0,0.0,BRAKE
3,0.0,0.0,BRAKE
3,0.0,0.0,BRAKE
3,0.0,0.0,BRAKE
3,0.0,0.0,BRAKE
3,0.0,0.0,BRAKE
3,0.0,0.0,BRAKE
3,0.0,0.0,BRAKE
3,0.0,0.0,BRAKE
3,0.0,0.0,BRAKE
3,0.0,0.0,BRAKE
3,0.0,0.0,BRAKE
3,0.0,0.0,BRAKE
3,0.0,0.0,BRAKE
3,0.0,0.0,BRAKE
3,0.0,0.0,BRAKE
3,0.0,0.0,BRAKE
3,0.0,0.0,BRAKE
3,0.0,0.0,BRAKE
3,0.0,0.0,BRAKE
3,0.0,0.0,BRAKE
3,0.0,0.0,BRAKE
3,0.0,0.0,BRAKE
3,0.0,0.0,BRAKE
3,0.0,0.0,BRAKE
3,0.0,0.0,BRAKE
3,0.0,0.0,BRAKE
3,0.0,0.0,BRAKE
3,0.0,0.0,BRAKE
3,0.0,0.0,BRAKE
3,0.0,0.0,BRAKE
3,0.0,0.0,BRAKE
3,0.0,0.0,BRAKE
3,0.0,0.0,BRAKE
3,0.0,0.0,BRAKE
3,0.0,0.0,BRAKE
3,0.0,0.0,BRAKE
3,0.0,0.0,BRAKE
3,0.0,0.0,BRAKE
3,0.0,0.0,BRAKE
3,0.0,0.0,BRAKE
3,0.0,0.0,BRAKE
3,0.0,0.0,BRAKE
3,0.0,0.0,BRAKE
3,0.0,0.0,BRAKE
3,0.0,0.0,BRAKE
3,0.0,0.0,BRAKE
3,0.0,0.0,BRAKE
3,0.0,0.0,BRAKE
3,0.0,0.0,BRAKE
3,0.0,0.0,BRAKE
3,0.0,0.0,BRAKE
3,0.0,0.0,BRAKE
3,0.0,0.0,BRAKE
3,0.0,0.0,BRAKE
3,0.0,0.0,BRAKE
3,0.0,0.0,BRAKE
3,0.0,0.0,BRAKE
3,0.0,0.0,BRAKE
3,0.0,0.0,BRAKE
3,0.0,0.0,BRAKE
3,0.0,0.0,BRAKE
3,0.0,0.0,BRAKE
3,0.0,0.0,BRAKE
3,0.0,0.0,BRAKE
3,0.0,0.0,BRAKE
3,0.0,0.0,BRAKE
3,0.0,0.0,BRAKE
3,0.0,0.0,BRAKE
3,0.0,0.0,BRAKE
3,0.0,0.0,BRAKE
3,0.0,0.0,BRAKE
3,0.0,0.0,BRAKE
3,0.0,0.0,BRAKE
3,0.0,0.0,BRAKE
3,0.0,0.0,BRAKE
3,0.0,0.0,BRAKE
3,0.0,0.0,BRAKE
3,0.0,0.0,BRAKE
3,0.0,0.0,BRAKE
3,0.0,0.0,BRAKE
3,0.0,0.0,BRAKE
3,0.0,0.0,BRAKE
3,0.0,0.0,BRAKE
3,0.0,0.0,BRAKE
3,0.0,0.0,BRAKE
3,0.0,0.0,BRAKE
3,0.0,0.0,BRAKE
3,0.0,0.0,BRAKE
3,0.0,0.0,BRAKE
3,0.0,0.0,BRAKE
3,0.0,0.0,BRAKE
3,0.0,0.0,BRAKE
3,0.0,0.0,BRAKE
3,0.0,0.0,BRAKE
3,0.0,0.0,BRAKE
3,0.0,0.0,BRAKE
3,0.0,0.0,BRAKE
3,0.0,0.0,BRAKE
3,0.0,0.0,BRAKE
3,0.0,0.0,BRAKE
3,0.0,0.0,BRAKE
3,0.0,0.0,BRAKE
3,0.0,0.0,BRAKE
3,0.0,0.0,BRAKE
3,0.0,0.0,BRAKE
3,0.0,0.0,BRAKE
3,0.0,0.0,BRAKE
3,0.0,0.0,BRAKE
3,0.0,0.0,BRAKE
3,0.0,0.0,BRAKE
3,0.0,0.0,BRAKE
3,0.0,0.0,BRAKE
3,0.0,0.0,BRAKE
3,0.0,0.0,BRAKE
3,0.0,0.0,BRAKE
3,0.0,0.0,BRAKE
3,0.0,0.0,BRAKE
3,0.0,0.0,BRAKE
3,0.0,0.0,BRAKE
3,0.0,0.0,BRAKE
3,0.0,0.0,BRAKE
3,0.0,0.0,BRAKE
3,0.0,0.0,BRAKE
3,0.0,0.0,BRAKE
3,0.0,0.0,BRAKE
3,0.0,0.0,BRAKE
3,0.0,0.0,BRAKE
3,0.0,0.0,BRAKE
3,0.0,0.0,BRAKE
3,0.0,0.0,BRAKE
3,0.0,0.0,BRAKE
3,0.0,0.0,BRAKE
3,0.0,0.0,BRAKE
3,0.0,0.0,BRAKE
3,0.0,0.0,BRAKE
3,0.0,0.0,BRAKE
3,0.0,0.0,BRAKE
3,0.0,0.0,BRAKE
3,0.0,0.0,BRAKE
3,0.0,0.0,BRAKE
3,0.0,0.0,BRAKE
3,0.0,0.0,BRAKE
3,0.0,0.0,BRAKE
3,0.0,0.0,BRAKE
3,0.0,0.0,BRAKE
3,0.0,0.0,BRAKE
3,0.0,0.0,BRAKE
3,0.0,0.0,BRAKE
3,0.0,0.0,BRAKE
3,0.0,0.0,BRAKE
3,0.0,0.0,BRAKE
3,0.0,0.0,BRAKE
3,0.0,0.0,BRAKE
3,0.0,0.0,BRAKE
3,0.0,0.0,BRAKE
3,0.0,0.0,BRAKE
3,0.0,0.0,BRAKE
3,0.0,0.0,BRAKE
3,0.0,0.0,BRAKE
3,0.0,0.0,BRAKE
3,0.0,0.0,BRAKE
3,0.0,0.0,BRAKE
3,0.0,0.0,BRAKE
3,0.0,0.0,BRAKE
3,0.0,0.0,BRAKE
3,0.0,0.0,BRAKE
3,0.0,0.0,BRAKE
3,0.0,0.0,BRAKE
3,0.0,0.0,BRAKE
3,0.0,0.0,BRAKE
3,0.0,0.0,BRAKE
3,0.0,0.0,BRAKE
3,0.0,0.0,BRAKE
3,0.0,0.0,BRAKE
3,0.0,0.0,BRAKE
3,0.0,0.0,BRAKE
3,0.0,0.0,BRAKE
3,0.0,0.0,BRAKE
3,0.0,0.0,BRAKE
3,0.0,0.0,BRAKE
3,0.0,0.0,BRAKE
3,0.0,0.0,BRAKE
3,0.0,0.0,BRAKE
3,0.0,0.0,BRAKE
3,0.0,0.0,BRAKE
3,0.0,0.0,BRAKE
3,0.0,0.0,BRAKE
3,0.0,0.0,BRAKE
3,0.0,0.0,BRAKE
3,0.0,0.0,BRAKE
3,0.0,0.0,BRAKE
3,0.0,0.0,BRAKE
3,0.0,0.0,BRAKE
3,0.0,0.0,BRAKE
3,0.0,0.0,BRAKE
3,0.0,0.0,BRAKE
3,0.0,0.0,BRAKE
3,0.0,0.0,BRAKE
3,0.0,0.0,BRAKE
3,0.0,0.0,BRAKE
3,0.0,0.0,BRAKE
3,0.0,0.0,BRAKE
3,0.0,0.0,BRAKE
3,0.0,0.0,BRAKE
3,0.0,0.0,BRAKE
3,0.0,0.0,BRAKE
3,0.0,0.0,BRAKE
3,0.0,0.0,BRAKE
3,0.0,0.0,BRAKE
3,0.0,0.0,BRAKE
3,0.0,0.0,BRAKE
3,0.0,0.0,BRAKE
3,0.0,0.0,BRAKE
3,0.0,0.0,BRAKE
3,0.0,0.0,BRAKE
3,0.0,0.0,BRAKE
3,0.0,0.0,BRAKE
3,0.0,0.0,BRAKE
3,0.0,0.0,BRAKE
3,0.0,0.0,BRAKE
3,0.0,0.0,BRAKE
3,0.0,0.0,BRAKE
3,0.0,0.0,BRAKE
3,0.0,0.0,BRAKE
3,0.0,0.0,BRAKE
3,0.0,0.0,BRAKE
3,0.0,0.0,BRAKE
3,0.0,0.0,BRAKE
3,0.0,0.0,BRAKE
3,0.0,0.0,BRAKE
3,0.0,0.0,BRAKE
3,0.0,0.0,BRAKE
3,0.0,0.0,BRAKE
3,0.0,0.0,BRAKE
3,0.0,0.0,BRAKE
3,0.0,0.0,BRAKE
3,0.0,0.0,BRAKE
3,0.0,0.0,BRAKE
3,0.0,0.0,BRAKE
3,0.0,0.0,BRAKE
3,0.0,0.0,BRAKE
3,0.0,0.0,BRAKE
3,0.0,0.0,BRAKE
3,0.0,0.0,BRAKE
3,0.0,0.0,BRAKE
3,0.0,0.0,BRAKE
3,0.0,0.0,BRAKE
3,0.0,0.0,BRAKE
3,0.0,0.0,BRAKE
3,0.0,0.0,BRAKE
3,0.0,0.0,BRAKE
3,0.0,0.0,BRAKE
3,0.0,0.0,BRAKE
3,0.0,0.0,BRAKE
3,0.0,0.0,BRAKE
3,0.0,0.0,BRAKE
3,0.0,0.0,BRAKE
3,0.0,0.0,BRAKE
3,0.0,0.0,BRAKE
3,0.0,0.0,BRAKE
3,0.0,0.0,BRAKE
3,0.0,0.0,BRAKE
3,0.0,0.0,BRAKE
3,0.0,0.0,BRAKE
3,0.0,0.0,BRAKE
3,0.0,0.0,BRAKE
3,0.0,0.0,BRAKE
3,0.0,0.0,BRAKE
3,0.0,0.0,BRAKE
3,0.0,0.0,BRAKE
3,0.0,0.0,BRAKE
3,0.0,0.0,BRAKE
3,0.0,0.0,BRAKE
3,0.0,0.0,BRAKE
3,0.0,0.0,BRAKE
3,0.0,0.0,BRAKE
3,0.0,0.0,BRAKE
3,0.0,0.0,BRAKE
3,0.0,0.0,BRAKE
3,0.0,0.0,BRAKE
3,0.0,0.0,BRAKE
3,0.0,0.0,BRAKE
3,0.0,0.0,BRAKE
3,0.0,0.0,BRAKE
3,0.0,0.0,BRAKE
3,0.0,0.0,BRAKE
3,0.0,0.0,BRAKE
3,0.0,0.0,BRAKE
3,0.0,0.0,BRAKE
3,0.0,0.0,BRAKE
3,0.0,0.0,BRAKE
3,0.0,0.0,BRAKE
3,0.0,0.0,BRAKE
3,0.0,0.0,BRAKE
3,0.0,0.0,BRAKE
3,0.0,0.0,BRAKE
3,0.0,0.0,BRAKE
3,0.0,0.0,BRAKE
3,0.0,0.0,BRAKE
3,0.0,0.0,BRAKE
3,0.0,0.0,BRAKE
3,0.0,0.0,BRAKE
3,0.0,0.0,BRAKE
3,0.0,0.0,BRAKE
3,0.0,0.0,BRAKE
3,0.0,0.0,BRAKE
3,0.0,0.0,BRAKE
3,0.0,0.0,BRAKE
3,0.0,0.0,BRAKE
3,0.0,0.0,BRAKE
3,0.0,0.0,BRAKE
3,0.0,0.0,BRAKE
3,0.0,0.0,BRAKE
3,0.0,0.0,BRAKE
3,0.0,0.0,BRAKE
3,0.0,0.0,BRAKE
3,0.0,0.0,BRAKE
3,0.0,0.0,BRAKE
3,0.0,0.0,BRAKE
3,0.0,0.0,BRAKE
3,0.0,0.0,BRAKE
3,0.0,0.0,BRAKE
3,0.0,0.0,BRAKE
3,0.0,0.0,BRAKE
3,0.0,0.0,BRAKE
3,0.0,0.0,BRAKE
3,0.0,0.0,BRAKE
3,0.0,0.0,BRAKE
3,0.0,0.0,BRAKE
3,0.0,0.0,BRAKE
3,0.0,0.0,BRAKE
3,0.0,0.0,BRAKE
3,0.0,0.0,BRAKE
3,0.0,0.0,BRAKE
3,0.0,0.0,BRAKE
3,0.0,0.0,BRAKE
3,0.0,0.0,BRAKE
3,0.0,0.0,BRAKE
3,0.0,0.0,BRAKE
3,0.0,0.0,BRAKE
3,0.0,0.0,BRAKE
3,0.0,0.0,BRAKE
3,0.0,0.0,BRAKE
3,0.0,0.0,BRAKE
3,0.0,0.0,BRAKE
3,0.0,0.0,BRAKE
3,0.0,0.0,BRAKE
3,0.0,0.0,BRAKE
3,0.0,0.0,BRAKE
3,0.0,0.0,BRAKE
3,0.0,0.0,BRAKE
3,0.0,0.0,BRAKE
3,0.0,0.0,BRAKE
3,0.0,0.0,BRAKE
3,0.0,0.0,BRAKE
3,0.0,0.0,BRAKE
3,0.0,0.0,BRAKE
3,0.0,0.0,BRAKE
3,0.0,0.0,BRAKE
3,0.0,0.0,BRAKE
3,0.0,0.0,BRAKE
3,0.0,0.0,BRAKE
3,0.0,0.0,BRAKE
3,0.0,0.0,BRAKE
3,0.0,0.0,BRAKE
3,0.0,0.0,BRAKE
3,0.0,0.0,BRAKE
3,0.0,0.0,BRAKE
3,0.0,0.0,BRAKE
3,0.0,0.0,BRAKE
3,0.0,0.0,BRAKE
3,0.0,0.0,BRAKE
3,0.0,0.0,BRAKE
3,0.0,0.0,BRAKE
3,0.0,0.0,BRAKE
3,0.0,0.0,BRAKE
3,0.0,0.0,BRAKE
3,0.0,0.0,BRAKE
3,0.0,0.0,BRAKE
3,0.0,0.0,BRAKE
3,0.0,0.0,BRAKE
3,0.0,0.0,BRAKE
3,0.0,0.0,BRAKE
3,0.0,0.0,BRAKE
3,0.0,0.0,BRAKE
3,0.0,0.0,BRAKE
3,0.0,0.0,BRAKE
3,0.0,0.0,BRAKE
3,0.0,0.0,BRAKE
3,0.0,0.0,BRAKE
3,0.0,0.0,BRAKE
3,0.0,0.0,BRAKE
3,0.0,0.0,BRAKE
3,0.0,0.0,BRAKE
3,0.0,0.0,BRAKE
3,0.0,0.0,BRAKE
3,0.0,0.0,BRAKE
3,0.0,0.0,BRAKE
3,0.0,0.0,BRAKE
3,0.0,0.0,BRAKE
3,0.0,0.0,BRAKE
3,0.0,0.0,BRAKE
3,0.0,0.0,BRAKE
3,0.0,0.0,BRAKE
3,0.0,0.0,BRAKE
3,0.0,0.0,BRAKE
3,0.0,0.0,BRAKE
3,0.0,0.0,BRAKE
3,0.0,0.0,BRAKE
3,0.0,0.0,BRAKE
3,0.0,0.0,BRAKE
3,0.0,0.0,BRAKE
3,0.0,0.0,BRAKE
3,0.0,0.0,BRAKE
3,0.0,0.0,BRAKE
3,0.0,0.0,BRAKE
3,0.0,0.0,BRAKE
3,0.0,0.0,BRAKE
3,0.0,0.0,BRAKE
3,0.0,0.0,BRAKE
3,0.0,0.0,BRAKE
3,0.0,0.0,BRAKE
3,0.0,0.0,BRAKE
3,0.0,0.0,BRAKE
3,0.0,0.0,BRAKE
3,0.0,0.0,BRAKE
3,0.0,0.0,BRAKE
3,0.0,0.0,BRAKE
3,0.0,0.0,BRAKE
3,0.0,0.0,BRAKE
3,0.0,0.0,BRAKE
3,0.0,0.0,BRAKE
3,0.0,0.0,BRAKE
3,0.0,0.0,BRAKE
3,0.0,0.0,BRAKE
3,0.0,0.0,BRAKE
3,0.0,0.0,BRAKE
3,0.0,0.0,BRAKE
3,0.0,0.0,BRAKE
3,0.0,0.0,BRAKE
3,0.0,0.0,BRAKE
3,0.0,0.0,BRAKE
3,0.0,0.0,BRAKE
3,0.0,0.0,BRAKE
3,0.0,0.0,BRAKE
3,0.0,0.0,BRAKE
3,0.0,0.0,BRAKE
3,0.0,0.0,BRAKE
3,0.0,0.0,BRAKE
3,0.0,0.0,BRAKE
3,0.0,0.0,BRAKE
3,0.0,0.0,BRAKE
3,0.0,0.0,BRAKE
3,0.0,0.0,BRAKE
3,0.0,0.0,BRAKE
3,0.0,0.0,BRAKE
3,0.0,0.0,BRAKE
3,0.0,0.0,BRAKE
3,0.0,0.0,BRAKE
3,0.0,0.0,BRAKE
3,0.0,0.0,BRAKE
3,0.0,0.0,BRAKE
3,0.0,0.0,BRAKE
3,0.0,0.0,BRAKE
3,0.0,0.0,BRAKE
3,0.0,0.0,BRAKE
3,0.0,0.0,BRAKE
3,0.0,0.0,BRAKE
3,0.0,0.0,BRAKE
3,0.0,0.0,BRAKE
3,0.0,0.0,BRAKE
3,0.0,0.0,BRAKE
3,0.0,0.0,BRAKE
3,0.0,0.0,BRAKE
3,0.0,0.0,BRAKE
3,0.0,0.0,BRAKE
3,0.0,0.0,BRAKE
3,0.0,0.0,BRAKE
3,0.0,0.0,BRAKE
3,0.0,0.0,BRAKE
3,0.0,0.0,BRAKE
3,0.0,0.0,BRAKE
3,0.0,0.0,BRAKE
3,0.0,0.0,BRAKE
3,0.0,0.0,BRAKE
3,0.0,0.0,BRAKE
3,0.0,0.0,BRAKE
3,0.0,0.0,BRAKE
3,0.0,0.0,BRAKE
3,0.0,0.0,BRAKE
3,0.0,0.0,BRAKE
3,0.0,0.0,BRAKE
3,0.0,0.0,BRAKE
3,0.0,0.0,BRAKE
3,0.0,0.0,BRAKE
3,0.0,0.0,BRAKE
3,0.0,0.0,BRAKE
3,0.0,0.0,BRAKE
3,0.0,0.0,BRAKE
3,0.0,0.0,BRAKE
3,0.0,0.0,BRAKE
3,0.0,0.0,BRAKE
3,0.0,0.0,BRAKE
3,0.0,0.0,BRAKE
3,0.0,0.0,BRAKE
3,0.0,0.0,BRAKE
3,0.0,0.0,BRAKE
3,0.0,0.0,BRAKE
3,0.0,0.0,BRAKE
3,0.0,0.0,BRAKE
3,0.0,0.0,BRAKE
3,0.0,0.0,BRAKE
3,0.0,0.0,BRAKE
3,0.0,0.0,BRAKE
3,0.0,0.0,BRAKE
3,0.0,0.0,BRAKE
3,0.0,0.0,BRAKE
3,0.0,0.0,BRAKE
3,0.0,0.0,BRAKE
3,0.0,0.0,BRAKE
3,0.0,0.0,BRAKE
3,0.0,0.0,BRAKE
3,0.0,0.0,BRAKE
3,0.0,0.0,BRAKE
3,0.0,0.0,BRAKE
3,0.0,0.0,BRAKE
3,0.0,0.0,BRAKE
3,0.0,0.0,BRAKE
3,0.0,0.0,BRAKE
3,0.0,0.0,BRAKE
3,0.0,0.0,BRAKE
3,0.0,0.0,BRAKE
3,0.0,0.0,BRAKE
3,0.0,0.0,BRAKE
3,0.0,0.0,BRAKE
3,0.0,0.0,BRAKE
3,0.0,0.0,BRAKE
3,0.0,0.0,BRAKE
3,0.0,0.0,BRAKE
3,0.0,0.0,BRAKE
3,0.0,0.0,BRAKE
3,0.0,0.0,BRAKE
3,0.0,0.0,BRAKE
3,0.0,0.0,BRAKE
3,0.0,0.0,BRAKE
3,0.0,0.0,BRAKE
3,0.0,0.0,BRAKE
3,0.0,0.0,BRAKE
3,0.0,0.0,BRAKE
3,0.0,0.0,BRAKE
3,0.0,0.0,BRAKE
3,0.0,0.0,BRAKE
3,0.0,0.0,BRAKE
3,0.0,0.0,BRAKE
3,0.0,0.0,BRAKE
3,0.0,0.0,BRAKE
3,0.0,0.0,BRAKE
3,0.0,0.0,BRAKE
3,0.0,0.0,BRAKE
3,0.0,0.0,BRAKE
3,0.0,0.0,BRAKE
3,0.0,0.0,BRAKE
3,0.0,0.0,BRAKE
3,0.0,0.0,BRAKE
3,0.0,0.0,BRAKE
3,0.0,0.0,BRAKE
3,0.0,0.0,BRAKE
3,0.0,0.0,BRAKE
3,0.0,0.0,BRAKE
3,0.0,0.0,BRAKE
3,0.0,0.0,BRAKE
3,0.0,0.0,BRAKE
3,0.0,0.0,BRAKE
3,0.0,0.0,BRAKE
3,0.0,0.0,BRAKE
3,0.0,0.0,BRAKE
3,0.0,0.0,BRAKE
3,0.0,0.0,BRAKE
3,0.0,0.0,BRAKE
3,0.0,0.0,BRAKE
3,0.0,0.0,BRAKE
3,0.0,0.0,BRAKE
3,0.0,0.0,BRAKE
3,0.0,0.0,BRAKE
3,0.0,0.0,BRAKE
3,0.0,0.0,BRAKE
3,0.0,0.0,BRAKE
3,0.0,0.0,BRAKE
3,0.0,0.0,BRAKE
3,0.0,0.0,BRAKE
3,0.0,0.0,BRAKE
3,0.0,0.0,BRAKE
3,0.0,0.0,BRAKE
3,0.0,0.0,BRAKE
3,0.0,0.0,BRAKE
3,0.0,0.0,BRAKE
3,0.0,0.0,BRAKE
3,0.0,0.0,BRAKE
3,0.0,0.0,BRAKE
3,0.0,0.0,BRAKE
3,0.0,0.0,BRAKE
3,0.0,0.0,BRAKE
3,0.0,0.0,BRAKE
3,0.0,0.0,BRAKE
3,0.0,0.0,BRAKE
3,0.0,0.0,BRAKE
3,0.0,0.0,BRAKE
3,0.0,0.0,BRAKE
3,0.0,0.0,BRAKE
3,0.0,0.0,BRAKE
3,0.0,0.0,BRAKE
3,0.0,0.0,BRAKE
3,0.0,0.0,BRAKE
3,0.0,0.0,BRAKE
3,0.0,0.0,BRAKE
3,0.0,0.0,BRAKE
3,0.0,0.0,BRAKE
3,0.0,0.0,BRAKE
3,0.0,0.0,BRAKE
3,0.0,0.0,BRAKE
3,0.0,0.0,BRAKE
3,0.0,0.0,BRAKE
3,0.0,0.0,BRAKE
3,0.0,0.0,BRAKE
3,0.0,0.0,BRAKE
3,0.0,0.0,BRAKE
3,0.0,0.0,BRAKE
3,0.0,0.0,BRAKE
3,0.0,0.0,BRAKE
3,0.0,0.0,BRAKE
3,0.0,0.0,BRAKE
3,0.0,0.0,BRAKE
3,0.0,0.0,BRAKE
3,0.0,0.0,BRAKE
3,0.0,0.0,BRAKE
3,0.0,0.0,BRAKE
3,0.0,0.0,BRAKE
3,0.0,0.0,BRAKE
3,0.0,0.0,BRAKE
3,0.0,0.0,BRAKE
3,0.0,0.0,BRAKE
3,0.0,0.0,BRAKE
3,0.0,0.0,BRAKE
3,0.0,0.0,BRAKE
3,0.0,0.0,BRAKE
3,0.0,0.0,BRAKE
3,0.0,0.0,BRAKE
3,0.0,0.0,BRAKE
3,0.0,0.0,BRAKE
3,0.0,0.0,BRAKE
3,0.0,0.0,BRAKE
3,0.0,0.0,BRAKE
3,0.0,0.0,BRAKE
3,0.0,0.0,BRAKE
3,0.0,0.0,BRAKE
3,0.0,0.0,BRAKE
3,0.0,0.0,BRAKE
3,0.0,0.0,BRAKE
3,0.0,0.0,BRAKE
3,0.0,0.0,BRAKE
3,0.0,0.0,BRAKE
3,0.0,0.0,BRAKE
3,0.0,0.0,BRAKE
3,0.0,0.0,BRAKE
3,0.0,0.0,BRAKE
3,0.0,0.0,BRAKE
3,0.0,0.0,BRAKE
3,0.0,0.0,BRAKE
3,0.0,0.0,BRAKE
3,0.0,0.0,BRAKE
3,0.0,0.0,BRAKE
3,0.0,0.0,BRAKE
3,0.0,0.0,BRAKE
3,0.0,0.0,BRAKE
3,0.0,0.0,BRAKE
3,0.0,0.0,BRAKE
3,0.0,0.0,BRAKE
3,0.0,0.0,BRAKE
3,0.0,0.0,BRAKE
3,0.0,0.0,BRAKE
3,0.0,0.0,BRAKE
3,0.0,0.0,BRAKE
3,0.0,0.0,BRAKE
3,0.0,0.0,BRAKE
3,0.0,0.0,BRAKE
3,0.0,0.0,BRAKE
3,0.0,0.0,BRAKE
3,0.0,0.0,BRAKE
3,0.0,0.0,BRAKE
3,0.0,0.0,BRAKE
3,0.0,0.0,BRAKE
3,0.0,0.0,BRAKE
3,0.0,0.0,BRAKE
3,0.0,0.0,BRAKE
3,0.0,0.0,BRAKE
3,0.0,0.0,BRAKE
3,0.0,0.0,BRAKE
3,0.0,0.0,BRAKE
3,0.0,0.0,BRAKE
3,0.0,0.0,BRAKE
3,0.0,0.0,BRAKE
3,0.0,0.0,BRAKE
3,0.0,0.0,BRAKE
3,0.0,0.0,BRAKE
3,0.0,0.0,BRAKE
3,0.0,0.0,BRAKE
3,0.0,0.0,BRAKE
3,0.0,0.0,BRAKE
3,0.0,0.0,BRAKE
3,0.0,0.0,BRAKE
3,0.0,0.0,BRAKE
3,0.0,0.0,BRAKE
3,0.0,0.0,BRAKE
3,0.0,0.0,BRAKE
3,0.0,0.0,BRAKE
3,0.0,0.0,BRAKE
3,0.0,0.0,BRAKE
3,0.0,0.0,BRAKE
3,0.0,0.0,BRAKE
3,0.0,0.0,BRAKE
3,0.0,0.0,BRAKE
3,0.0,0.0,BRAKE
3,0.0,0.0,BRAKE
3,0.0,0.0,BRAKE
3,0.0,0.0,BRAKE
3,0.0,0.0,BRAKE
3,0.0,0.0,BRAKE
3,0.0,0.0,BRAKE
3,0.0,0.0,BRAKE
3,0.0,0.0,BRAKE
3,0.0,0.0,BRAKE
3,0.0,0.0,BRAKE
3,0.0,0.0,BRAKE
3,0.0,0.0,BRAKE
3,0.0,0.0,BRAKE
3,0.0,0.0,BRAKE
3,0.0,0.0,BRAKE
3,0.0,0.0,BRAKE
3,0.0,0.0,BRAKE
3,0.0,0.0,BRAKE
3,0.0,0.0,BRAKE
3,0.0,0.0,BRAKE
3,0.0,0.0,BRAKE
3,0.0,0.0,BRAKE
3,0.0,0.0,BRAKE
3,0.0,0.0,BRAKE
3,0.0,0.0,BRAKE
3,0.0,0.0,BRAKE
3,0.0,0.0,BRAKE
3,0.0,0.0,BRAKE
3,0.0,0.0,BRAKE
3,0.0,0.0,BRAKE
3,0.0,0.0,BRAKE
3,0.0,0.0,BRAKE
3,0.0,0.0,BRAKE
3,0.0,0.0,BRAKE
3,0.0,0.0,BRAKE
3,0.0,0.0,BRAKE
3,0.0,0.0,BRAKE
3,0.0,0.0,BRAKE
3,0.0,0.0,BRAKE
3,0.0,0.0,BRAKE
3,0.0,0.0,BRAKE
3,0.0,0.0,BRAKE
3,0.0,0.0,BRAKE
3,0.0,0.0,BRAKE
3,0.0,0.0,BRAKE
3,0.0,0.0,BRAKE
3,0.0,0.0,BRAKE
3,0.0,0.0,BRAKE
3,0.0,0.0,BRAKE
3,0.0,0.0,BRAKE
3,0.0,0.0,BRAKE
3,0.0,0.0,BRAKE
3,0.0,0.0,BRAKE
3,0.0,0.0,BRAKE
3,0.0,0.0,BRAKE
3,0.0,0.0,BRAKE
3,0.0,0.0,BRAKE
3,0.0,0.0,BRAKE
3,0.0,0.0,BRAKE
3,0.0,0.0,BRAKE
3,0.0,0.0,BRAKE
3,0.0,0.0,BRAKE
3,0.0,0.0,BRAKE
3,0.0,0.0,BRAKE
3,0.0,0.0,BRAKE
3,0.0,0.0,BRAKE
3,0.0,0.0,BRAKE
3,0.0,0.0,BRAKE
3,0.0,0.0,BRAKE
3,0.0,0.0,BRAKE
3,0.0,0.0,BRAKE
3,0.0,0.0,BRAKE
3,0.0,0.0,BRAKE
3,0.0,0.0,BRAKE
3,0.0,0.0,BRAKE
3,0.0,0.0,BRAKE
3,0.0,0.0,BRAKE
3,0.0,0.0,BRAKE
3,0.0,0.0,BRAKE
3,0.0,0.0,BRAKE
3,0.0,0.0,BRAKE
3,0.0,0.0,BRAKE
3,0.0,0.0,BRAKE
3,0.0,0.0,BRAKE
3,0.0,0.0,BRAKE
3,0.0,0.0,BRAKE
3,0.0,0.0,BRAKE
3,0.0,0.0,BRAKE
3,0.0,0.0,BRAKE
3,0.0,0.0,BRAKE
3,0.0,0.0,BRAKE
3,0.0,0.0,BRAKE
3,0.0,0.0,BRAKE
3,0.0,0.0,BRAKE
3,0.0,0.0,BRAKE
3,0.0,0.0,BRAKE
3,0.0,0.0,BRAKE
3,0.0,0.0,BRAKE
3,0.0,0.0,BRAKE
3,0.0,0.0,BRAKE
3,0.0,0.0,BRAKE
3,0.0,0.0,BRAKE
3,0.0,0.0,BRAKE
3,0.0,0.0,BRAKE
3,0.0,0.0,BRAKE
3,0.0,0.0,BRAKE
3,0.0,0.0,BRAKE
3,0.0,0.0,BRAKE
3,0.0,0.0,BRAKE
3,0.0,0.0,BRAKE
3,0.0,0.0,BRAKE
3,0.0,0.0,BRAKE
3,0.0,0.0,BRAKE
3,0.0,0.0,BRAKE
3,0.0,0.0,BRAKE
3,0.0,0.0,BRAKE
3,0.0,0.0,BRAKE
3,0.0,0.0,BRAKE
3,0.0,0.0,BRAKE
3,0.0,0.0,BRAKE
3,0.0,0.0,BRAKE
3,0.0,0.0,BRAKE
3,0.0,0.0,BRAKE
3,0.0,0.0,BRAKE
3,0.0,0.0,BRAKE
3,0.0,0.0,BRAKE
3,0.0,0.0,BRAKE
3,0.0,0.0,BRAKE
3,0.0,0.0,BRAKE
3,0.0,0.0,BRAKE
3,0.0,0.0,BRAKE
3,0.0,0.0,BRAKE
3,0.0,0.0,BRAKE
3,0.0,0.0,BRAKE
3,0.0,0.0,BRAKE
3,0.0,0.0,BRAKE
3,0.0,0.0,BRAKE
3,0.0,0.0,BRAKE
3,0.0,0.0,BRAKE
3,0.0,0.0,BRAKE
3,0.0,0.0,BRAKE
3,0.0,0.0,BRAKE
3,0.0,0.0,BRAKE
3,0.0,0.0,BRAKE
3,0.0,0.0,BRAKE
3,0.0,0.0,BRAKE
3,0.0,0.0,BRAKE
3,0.0,0.0,BRAKE
3,0.0,0.0,BRAKE
3,0.0,0.0,BRAKE
3,0.0,0.0,BRAKE
3,0.0,0.0,BRAKE
3,0.0,0.0,BRAKE
3,0.0,0.0,BRAKE
3,0.0,0.0,BRAKE
3,0.0,0.0,BRAKE
3,0.0,0.0,BRAKE
3,0.0,0.0,BRAKE
3,0.0,0.0,BRAKE
3,0.0,0.0,BRAKE
3,0.0,0.0,BRAKE
3,0.0,0.0,BRAKE
3,0.0,0.0,BRAKE
3,0.0,0.0,BRAKE
3,0.0,0.0,BRAKE
3,0.0,0.0,BRAKE
3,0.0,0.0,BRAKE
3,0.0,0.0,BRAKE
3,0.0,0.0,BRAKE
3,0.0,0.0,BRAKE
3,0.0,0.0,BRAKE
3,0.0,0.0,BRAKE
3,0.0,0.0,BRAKE
3,0.0,0.0,BRAKE
3,0.0,0.0,BRAKE
3,0.0,0.0,BRAKE
3,0.0,0.0,BRAKE
3,0.0,0.0,BRAKE
3,0.0,0.0,BRAKE
3,0.0,0.0,BRAKE
3,0.0,0.0,BRAKE
3,0.0,0.0,BRAKE
3,0.0,0.0,BRAKE
3,0.0,0.0,BRAKE
3,0.0,0.0,BRAKE
3,0.0,0.0,BRAKE
3,0.0,0.0,BRAKE
3,0.0,0.0,BRAKE
3,0.0,0.0,BRAKE
3,0.0,0.0,BRAKE
3,0.0,0.0,BRAKE
3,0.0,0.0,BRAKE
3,0.0,0.0,BRAKE
3,0.0,0.0,BRAKE
3,0.0,0.0,BRAKE
3,0.0,0.0,BRAKE
3,0.0,0.0,BRAKE
3,0.0,0.0,BRAKE
3,0.0,0.0,BRAKE
3,0.0,0.0,BRAKE
3,0.0,0.0,BRAKE
3,0.0,0.0,BRAKE
3,0.0,0.0,BRAKE
3,0.0,0.0,BRAKE
3,0.0,0.0,BRAKE
3,0.0,0.0,BRAKE
3,0.0,0.0,BRAKE
3,0.0,0.0,BRAKE
3,0.0,0.0,BRAKE
3,0.0,0.0,BRAKE
3,0.0,0.0,BRAKE
3,0.0,0.0,BRAKE
3,0.0,0.0,BRAKE
3,0.0,0.0,BRAKE
3,0.0,0.0,BRAKE
3,0.0,0.0,BRAKE
3,0.0,0.0,BRAKE
3,0.0,0.0,BRAKE
3,0.0,0.0,BRAKE
3,0.0,0.0,BRAKE
3,0.0,0.0,BRAKE
3,0.0,0.0,BRAKE
3,0.0,0.0,BRAKE
3,0.0,0.0,BRAKE
3,0.0,0.0,BRAKE
3,0.0,0.0,BRAKE
3,0.0,0.0,BRAKE
3,0.0,0.0,BRAKE
3,0.0,0.0,BRAKE
3,0.0,0.0,BRAKE
3,0.0,0.0,BRAKE
3,0.0,0.0,BRAKE
3,0.0,0.0,BRAKE
3,0.0,0.0,BRAKE
3,0.0,0.0,BRAKE
3,0.0,0.0,BRAKE
3,0.0,0.0,BRAKE
3,0.0,0.0,BRAKE
3,0.0,0.0,BRAKE
3,0.0,0.0,BRAKE
3,0.0,0.0,BRAKE
3,0.0,0.0,BRAKE
3,0.0,0.0,BRAKE
3,0.0,0.0,BRAKE
3,0.0,0.0,BRAKE
3,0.0,0.0,BRAKE
3,0.0,0.0,BRAKE
3,0.0,0.0,BRAKE
3,0.0,0.0,BRAKE
3,0.0,0.0,BRAKE
3,0.0,0.0,BRAKE
3,0.0,0.0,BRAKE
3,0.0,0.0,BRAKE
3,0.0,0.0,BRAKE
3,0.0,0.0,BRAKE
3,0.0,0.0,BRAKE
3,0.0,0.0,BRAKE
3,0.0,0.0,BRAKE
3,0.0,0.0,BRAKE
3,0.0,0.0,BRAKE
3,0.0,0.0,BRAKE
3,0.0,0.0,BRAKE
3,0.0,0.0,BRAKE
3,0.0,0.0,BRAKE
3,0.0,0.0,BRAKE
3,0.0,0.0,BRAKE
3,0.0,0.0,BRAKE
3,0.0,0.0,BRAKE
3,0.0,0.0,BRAKE
3,0.0,0.0,BRAKE
3,0.0,0.0,BRAKE
3,0.0,0.0,BRAKE
3,0.0,0.0,BRAKE
3,0.0,0.0,BRAKE
3,0.0,0.0,BRAKE
3,0.0,0.0,BRAKE
3,0.0,0.0,BRAKE
3,0.0,0.0,BRAKE
3,0.0,0.0,BRAKE
3,0.0,0.0,BRAKE
3,0.0,0.0,BRAKE
3,0.0,0.0,BRAKE
3,0.0,0.0,BRAKE
3,0.0,0.0,BRAKE
3,0.0,0.0,BRAKE
3,0.0,0.0,BRAKE
3,0.0,0.0,BRAKE
3,0.0,0.0,BRAKE
3,0.0,0.0,BRAKE
3,0.0,0.0,BRAKE
3,0.0,0.0,BRAKE
3,0.0,0.0,BRAKE
3,0.0,0.0,BRAKE
3,0.0,0.0,BRAKE
3,0.0,0.0,BRAKE
3,0.0,0.0,BRAKE
3,0.0,0.0,BRAKE
3,0.0,0.0,BRAKE
3,0.0,0.0,BRAKE
3,0.0,0.0,BRAKE
3,0.0,0.0,BRAKE
3,0.0,0.0,BRAKE
3,0.0,0.0,BRAKE
3,0.0,0.0,BRAKE
3,0.0,0.0,BRAKE
3,0.0,0.0,BRAKE
3,0.0,0.0,BRAKE
3,0.0,0.0,BRAKE
3,0.0,0.0,BRAKE
3,0.0,0.0,BRAKE
3,0.0,0.0,BRAKE
3,0.0,0.0,BRAKE
3,0.0,0.0,BRAKE
3,0.0,0.0,BRAKE
3,0.0,0.0,BRAKE
3,0.0,0.0,BRAKE
3,0.0,0.0,BRAKE
3,0.0,0.0,BRAKE
3,0.0,0.0,BRAKE
3,0.0,0.0,BRAKE
3,0.0,0.0,BRAKE
3,0.0,0.0,BRAKE
3,0.0,0.0,BRAKE
3,0.0,0.0,BRAKE
3,0.0,0.0,BRAKE
3,0.0,0.0,BRAKE
3,0.0,0.0,BRAKE
3,0.0,0.0,BRAKE
3,0.0,0.0,BRAKE
3,0.0,0.0,BRAKE
3,0.0,0.0,BRAKE
3,0.0,0.0,BRAKE
3,0.0,0.0,BRAKE
3,0.0,0.0,BRAKE
3,0.0,0.0,BRAKE
3,0.0,0.0,BRAKE
3,0.0,0.0,BRAKE
3,0.0,0.0,BRAKE
3,0.0,0.0,BRAKE
3,0.0,0.0,BRAKE
3,0.0,0.0,BRAKE
3,0.0,0.0,BRAKE
3,0.0,0.0,BRAKE
3,0.0,0.0,BRAKE
3,0.0,0.0,BRAKE
3,0.0,0.0,BRAKE
3,0.0,0.0,BRAKE
3,0.0,0.0,BRAKE
3,0.0,0.0,BRAKE
3,0.0,0.0,BRAKE
3,0.0,0.0,BRAKE
3,0.0,0.0,BRAKE
3,0.0,0.0,BRAKE
3,0.0,0.0,BRAKE
3,0.0,0.0,BRAKE
3,0.0,0.0,BRAKE
3,0.0,0.0,BRAKE
3,0.0,0.0,BRAKE
3,0.0,0.0,BRAKE
3,0.0,0.0,BRAKE
3,0.0,0.0,BRAKE
3,0.0,0.0,BRAKE
3,0.0,0.0,BRAKE
3,0.0,0.0,BRAKE
3,0.0,0.0,BRAKE
3,0.0,0.0,BRAKE
3,0.0,0.0,BRAKE
3,0.0,0.0,BRAKE
3,0.0,0.0,BRAKE
3,0.0,0.0,BRAKE
3,0.0,0.0,BRAKE
3,0.0,0.0,BRAKE
3,0.0,0.0,BRAKE
3,0.0,0.0,BRAKE
3,0.0,0.0,BRAKE
3,0.0,0.0,BRAKE
3,0.0,0.0,BRAKE
3,0.0,0.0,BRAKE
3,0.0,0.0,BRAKE
3,0.0,0.0,BRAKE
3,0.0,0.0,BRAKE
3,0.0,0.0,BRAKE
3,0.0,0.0,BRAKE
3,0.0,0.0,BRAKE
3,0.0,0.0,BRAKE
3,0.0,0.0,BRAKE
3,0.0,0.0,BRAKE
3,0.0,0.0,BRAKE
3,0.0,0.0,BRAKE
3,0.0,0.0,BRAKE
3,0.0,0.0,BRAKE
3,0.0,0.0,BRAKE
3,0.0,0.0,BRAKE
3,0.0,0.0,BRAKE
3,0.0,0.0,BRAKE
3,0.0,0.0,BRAKE
3,0.0,0.0,BRAKE
3,0.0,0.0,BRAKE
3,0.0,0.0,BRAKE
3,0.0,0.0,BRAKE
3,0.0,0.0,BRAKE
3,0.0,0.0,BRAKE
3,0.0,0.0,BRAKE
3,0.0,0.0,BRAKE
3,0.0,0.0,BRAKE
3,0.0,0.0,BRAKE
3,0.0,0.0,BRAKE
3,0.0,0.0,BRAKE
3,0.0,0.0,BRAKE
3,0.0,0.0,BRAKE
3,0.0,0.0,BRAKE
3,0.0,0.0,BRAKE
3,0.0,0.0,BRAKE
3,0.0,0.0,BRAKE
3,0.0,0.0,BRAKE
3,0.0,0.0,BRAKE
3,0.0,0.0,BRAKE
3,0.0,0.0,BRAKE
3,0.0,0.0,BRAKE
3,0.0,0.0,BRAKE
3,0.0,0.0,BRAKE
3,0.0,0.0,BRAKE
3,0.0,0.0,BRAKE
3,0.0,0.0,BRAKE
3,0.0,0.0,BRAKE
3,0.0,0.0,BRAKE
3,0.0,0.0,BRAKE
3,0.0,0.0,BRAKE
3,0.0,0.0,BRAKE
3,0.0,0.0,BRAKE
3,0.0,0.0,BRAKE
3,0.0,0.0,BRAKE
3,0.0,0.0,BRAKE
3,0.0,0.0,BRAKE
3,0.0,0.0,BRAKE
3,0.0,0.0,BRAKE
3,0.0,0.0,BRAKE
3,0.0,0.0,BRAKE
3,0.0,0.0,BRAKE
3,0.0,0.0,BRAKE
3,0.0,0.0,BRAKE
3,0.0,0.0,BRAKE
3,0.0,0.0,BRAKE
3,0.0,0.0,BRAKE
3,0.0,0.0,BRAKE
3,0.0,0.0,BRAKE
3,0.0,0.0,BRAKE
3,0.0,0.0,BRAKE
3,0.0,0.0,BRAKE
3,0.0,0.0,BRAKE
3,0.0,0.0,BRAKE
3,0.0,0.0,BRAKE
3,0.0,0.0,BRAKE
3,0.0,0.0,BRAKE
3,0.0,0.0,BRAKE
3,0.0,0.0,BRAKE
3,0.0,0.0,BRAKE
3,0.0,0.0,BRAKE
3,0.0,0.0,BRAKE
3,0.0,0.0,BRAKE
3,0.0,0.0,BRAKE
3,0.0,0.0,BRAKE
3,0.0,0.0,BRAKE
3,0.0,0.0,BRAKE
3,0.0,0.0,BRAKE
3,0.0,0.0,BRAKE
3,0.0,0.0,BRAKE
3,0.0,0.0,BRAKE
3,0.0,0.0,BRAKE
3,0.0,0.0,BRAKE
3,0.0,0.0,BRAKE
3,0.0,0.0,BRAKE
3,0.0,0.0,BRAKE
3,0.0,0.0,BRAKE
3,0.0,0.0,BRAKE
3,0.0,0.0,BRAKE
3,0.0,0.0,BRAKE
3,0.0,0.0,BRAKE
3,0.0,0.0,BRAKE
3,0.0,0.0,BRAKE
3,0.0,0.0,BRAKE
3,0.0,0.0,BRAKE
3,0.0,0.0,BRAKE
3,0.0,0.0,BRAKE
3,0.0,0.0,BRAKE
3,0.0,0.0,BRAKE
3,0.0,0.0,BRAKE
3,0.0,0.0,BRAKE
3,0.0,0.0,BRAKE
3,0.0,0.0,BRAKE
6,0.0,0.0,BRAKE
6,0.0,0.0,BRAKE
6,0.0,0.0,BRAKE
6,0.0,0.0,BRAKE
6,0.0,0.0,BRAKE
6,0.0,0.0,BRAKE
6,0.0,0.0,BRAKE
6,0.0,0.0,BRAKE
6,0.0,0.0,BRAKE
6,0.0,0.0,BRAKE
6,0.0,0.0,BRAKE
6,0.0,0.0,BRAKE
6,0.0,0.0,BRAKE
6,0.0,0.0,BRAKE
6,0.0,0.0,BRAKE
6,0.0,0.0,BRAKE
6,0.0,0.0,BRAKE
6,0.0,0.0,BRAKE
6,0.0,0.0,BRAKE
6,0.0,0.0,BRAKE
6,0.0,0.0,BRAKE
6,0.0,0.0,BRAKE
6,0.0,0.0,BRAKE
6,0.0,0.0,BRAKE
6,0.0,0.0,BRAKE
6,0.0,0.0,BRAKE
6,0.0,0.0,BRAKE
6,0.0,0.0,BRAKE
6,0.0,0.0,BRAKE
6,0.0,0.0,BRAKE
6,0.0,0.0,BRAKE
6,0.0,0.0,BRAKE
6,0.0,0.0,BRAKE
6,0.0,0.0,BRAKE
6,0.0,0.0,BRAKE
6,0.0,0.0,BRAKE
6,0.0,0.0,BRAKE
6,0.0,0.0,BRAKE
6,0.0,0.0,BRAKE
6,0.0,0.0,BRAKE
6,0.0,0.0,BRAKE
6,0.0,0.0,BRAKE
6,0.0,0.0,BRAKE
6,0.0,0.0,BRAKE
6,0.0,0.0,BRAKE
6,0.0,0.0,BRAKE
6,0.0,0.0,BRAKE
6,0.0,0.0,BRAKE
6,0.0,0.0,BRAKE
6,0.0,0.0,BRAKE
6,0.0,0.0,BRAKE
6,0.0,0.0,BRAKE
6,0.0,0.0,BRAKE
6,0.0,0.0,BRAKE
6,0.0,0.0,BRAKE
6,0.0,0.0,BRAKE
6,0.0,0.0,BRAKE
6,0.0,0.0,BRAKE
6,0.0,0.0,BRAKE
6,0.0,0.0,BRAKE
6,0.0,0.0,BRAKE
6,0.0,0.0,BRAKE
6,0.0,0.0,BRAKE
6,0.0,0.0,BRAKE
6,0.0,0.0,BRAKE
6,0.0,0.0,BRAKE
6,0.0,0.0,BRAKE
6,0.0,0.0,BRAKE
6,0.0,0.0,BRAKE
6,0.0,0.0,BRAKE
6,0.0,0.0,BRAKE
6,0.0,0.0,BRAKE
6,0.0,0.0,BRAKE
6,0.0,0.0,BRAKE
6,0.0,0.0,BRAKE
6,0.0,0.0,BRAKE
6,0.0,0.0,BRAKE
6,0.0,0.0,BRAKE
6,0.0,0.0,BRAKE
6,0.0,0.0,BRAKE
6,0.0,0.0,BRAKE
6,0.0,0.0,BRAKE
6,0.0,0.0,BRAKE
6,0.0,0.0,BRAKE
6,0.0,0.0,BRAKE
6,0.0,0.0,BRAKE
6,0.0,0.0,BRAKE
6,0.0,0.0,BRAKE
6,0.0,0.0,BRAKE
6,0.0,0.0,BRAKE
6,0.0,0.0,BRAKE
6,0.0,0.0,BRAKE
6,0.0,0.0,BRAKE
6,0.0,0.0,BRAKE
6,0.0,0.0,BRAKE
6,0.0,0.0,BRAKE
6,0.0,0.0,BRAKE
6,0.0,0.0,BRAKE
6,0.0,0.0,BRAKE
6,0.0,0.0,BRAKE
6,0.0,0.0,BRAKE
6,0.0,0.0,BRAKE
6,0.0,0.0,BRAKE
6,0.0,0.0,BRAKE
6,0.0,0.0,BRAKE
6,0.0,0.0,BRAKE
6,0.0,0.0,BRAKE
6,0.0,0.0,BRAKE
6,0.0,0.0,BRAKE
6,0.0,0.0,BRAKE
6,0.0,0.0,BRAKE
6,0.0,0.0,BRAKE
6,0.0,0.0,BRAKE
6,0.0,0.0,BRAKE
6,0.0,0.0,BRAKE
6,0.0,0.0,BRAKE
6,0.0,0.0,BRAKE
6,0.0,0.0,BRAKE
6,0.0,0.0,BRAKE
6,0.0,0.0,BRAKE
6,0.0,0.0,BRAKE
6,0.0,0.0,BRAKE
6,0.0,0.0,BRAKE
6,0.0,0.0,BRAKE
6,0.0,0.0,BRAKE
6,0.0,0.0,BRAKE
6,0.0,0.0,BRAKE
6,0.0,0.0,BRAKE
6,0.0,0.0,BRAKE
6,0.0,0.0,BRAKE
6,0.0,0.0,BRAKE
6,0.0,0.0,BRAKE
6,0.0,0.0,BRAKE
6,0.0,0.0,BRAKE
6,0.0,0.0,BRAKE
6,0.0,0.0,BRAKE
6,0.0,0.0,BRAKE
6,0.0,0.0,BRAKE
6,0.0,0.0,BRAKE
6,0.0,0.0,BRAKE
6,0.0,0.0,BRAKE
6,0.0,0.0,BRAKE
6,0.0,0.0,BRAKE
6,0.0,0.0,BRAKE
6,0.03926056338028176,-0.29043369583968137,CLEAR
6,0.047623239436619766,-0.29043369583968137,CLEAR
6,0.0,0.0,BRAKE
6,0.0,0.0,BRAKE
6,0.0009683098591550143,-0.29043369583968137,CLEAR
6,0.0,0.0,BRAKE
6,0.04113116197183102,-0.29043369583968137,CLEAR
6,0.03948063380281688,-0.29043369583968137,CLEAR
6,0.02154489436619722,-0.29043369583968137,CLEAR
6,0.03838028169014085,-0.29043369583968137,CLEAR
6,0.06071742957746475,-0.29043369583968137,CLEAR
6,0.040140845070422544,-0.29043369583968137,CLEAR
6,0.05972711267605635,-0.29043369583968137,CLEAR
6,0.0893265845070423,-0.29043369583968137,CLEAR
6,0.09944982394366199,-0.29043369583968137,CLEAR
6,0.03761003521126762,-0.29043369583968137,CLEAR
6,0.016593309859154925,-0.29043369583968137,CLEAR
6,0.0375,-0.29043369583968137,CLEAR
6,0.0,0.0,BRAKE
6,0.0,0.0,BRAKE
6,0.0,0.0,BRAKE
6,0.0,0.0,BRAKE
6,0.0,0.0,BRAKE
6,0.0,0.0,BRAKE
6,0.0,0.0,BRAKE
6,0.0,0.0,BRAKE
6,0.0,0.0,BRAKE
6,0.0,0.0,BRAKE
6,0.0,0.0,BRAKE
6,0.0,0.0,BRAKE
6,0.0,0.0,BRAKE
6,0.0,0.0,BRAKE
6,0.0,0.0,BRAKE
6,0.0,0.0,BRAKE
6,0.0,0.0,BRAKE
6,0.0,0.0,BRAKE
6,0.0,0.0,BRAKE
6,0.0,0.0,BRAKE
6,0.0,0.0,BRAKE
6,0.0,0.0,BRAKE
6,0.0,0.0,BRAKE
6,0.0,0.0,BRAKE
6,0.0,0.0,BRAKE
6,0.0,0.0,BRAKE
6,0.0,0.0,BRAKE
6,0.0,0.0,BRAKE
6,0.0,0.0,BRAKE
6,0.0,0.0,BRAKE
6,0.0,0.0,BRAKE
6,0.0,0.0,BRAKE
6,0.0,0.0,BRAKE
6,0.0031690140845070046,-0.29043369583968137,CLEAR
6,0.0,0.0,BRAKE
6,0.0,0.0,BRAKE
6,0.0,0.0,BRAKE
6,0.0,0.0,BRAKE
6,0.0,0.0,BRAKE
6,0.0,0.0,BRAKE
6,0.0,0.0,BRAKE
6,0.0,0.0,BRAKE
6,0.0119718309859155,-0.29043369583968137,CLEAR
6,0.06731954225352112,-0.29043369583968137,CLEAR
6,0.13411091549295778,-0.29043369583968137,CLEAR
6,0.041461267605633886,-0.29043369583968137,CLEAR
6,0.0,0.0,BRAKE
6,0.0,0.0,BRAKE
6,0.0,0.0,BRAKE
6,0.0,0.0,BRAKE
6,0.0,0.0,BRAKE
6,0.0,0.0,BRAKE
6,0.0,0.0,BRAKE
6,0.0,0.0,BRAKE
6,0.0,0.0,BRAKE
6,0.0,0.0,BRAKE
6,0.0,0.0,BRAKE
6,0.0,0.0,BRAKE
6,0.0,0.0,BRAKE
6,0.0,0.0,BRAKE
6,0.0,0.0,BRAKE
6,0.0,0.0,BRAKE
6,0.0,0.0,BRAKE
6,0.0,0.0,BRAKE
6,0.0,0.0,BRAKE
6,0.0,0.0,BRAKE
6,0.0,0.0,BRAKE
6,0.0,0.0,BRAKE
6,0.0,0.0,BRAKE
6,0.0,0.0,BRAKE
6,0.0,0.0,BRAKE
6,0.0,0.0,BRAKE
6,0.0,0.0,BRAKE
6,0.0,0.0,BRAKE
6,0.0,0.0,BRAKE
6,0.0,0.0,BRAKE
6,0.0,0.0,BRAKE
6,0.0,0.0,BRAKE
6,0.0,0.0,BRAKE
6,0.0,0.0,BRAKE
6,0.0,0.0,BRAKE
6,0.0,0.0,BRAKE
6,0.0,0.0,BRAKE
6,0.0,0.0,BRAKE
6,0.0,0.0,BRAKE
6,0.0,0.0,BRAKE
6,0.0,0.0,BRAKE
6,0.0,0.0,BRAKE
6,0.0,0.0,BRAKE
6,0.0,0.0,BRAKE
6,0.0,0.0,BRAKE
6,0.0,0.0,BRAKE
6,0.0,0.0,BRAKE
6,0.0,0.0,BRAKE
6,0.0,0.0,BRAKE
6,0.0,0.0,BRAKE
6,0.0,0.0,BRAKE
6,0.0,0.0,BRAKE
6,0.0,0.0,BRAKE
6,0.0,0.0,BRAKE
6,0.0,0.0,BRAKE
6,0.0,0.0,BRAKE
6,0.0,0.0,BRAKE
6,0.0,0.0,BRAKE
6,0.0,0.0,BRAKE
6,0.0,0.0,BRAKE
6,0.0,0.0,BRAKE
6,0.0,0.0,BRAKE
6,0.0,0.0,BRAKE
6,0.0,0.0,BRAKE
6,0.0,0.0,BRAKE
6,0.0,0.0,BRAKE
6,0.0,0.0,BRAKE
6,0.0,0.0,BRAKE
6,0.0,0.0,BRAKE
6,0.0,0.0,BRAKE
6,0.0,0.0,BRAKE
6,0.0,0.0,BRAKE
6,0.0,0.0,BRAKE
6,0.0,0.0,BRAKE
6,0.0,0.0,BRAKE
6,0.0,0.0,BRAKE
6,0.0,0.0,BRAKE
6,0.0,0.0,BRAKE
6,0.0,0.0,BRAKE
6,0.0,0.0,BRAKE
6,0.0,0.0,BRAKE
6,0.0,0.0,BRAKE
6,0.0,0.0,BRAKE
6,0.0,0.0,BRAKE
6,0.0,0.0,BRAKE
6,0.0,0.0,BRAKE
6,0.0,0.0,BRAKE
6,0.0,0.0,BRAKE
6,0.0,0.0,BRAKE
6,0.0,0.0,BRAKE
6,0.0,0.0,BRAKE
6,0.0,0.0,BRAKE
6,0.0,0.0,BRAKE
6,0.0,0.0,BRAKE
6,0.0,0.0,BRAKE
6,0.024295774647887392,-0.29043369583968137,CLEAR
6,0.009991197183098622,-0.29043369583968137,CLEAR
6,0.012852112676056349,-0.29043369583968137,CLEAR
6,0.009000880281690216,-0.29043369583968137,CLEAR
6,0.018683978873239426,-0.29043369583968137,CLEAR
6,0.021434859154929597,-0.29043369583968137,CLEAR
6,0.021324823943661975,-0.29043369583968137,CLEAR
6,0.022865316901408427,-0.29043369583968137,CLEAR
6,0.01681338028169017,-0.29043369583968137,CLEAR
6,0.006360035211267601,-0.29043369583968137,CLEAR
6,0.018353873239436623,-0.29043369583968137,CLEAR
6,0.03683978873239439,-0.29043369583968137,CLEAR
6,0.022535211267605625,-0.29043369583968137,CLEAR
6,0.015933098591549254,-0.29043369583968137,CLEAR
6,0.025726232394366222,-0.29043369583968137,CLEAR
6,0.032438380281690216,-0.29043369583968137,CLEAR
6,0.0448723591549296,-0.29043369583968137,CLEAR
6,0.04256161971830985,-0.29043369583968137,CLEAR
6,0.03507922535211276,-0.29043369583968137,CLEAR
6,0.04773327464788739,-0.29043369583968137,CLEAR
6,0.031888204225352164,-0.29043369583968137,CLEAR
6,0.0469630281690141,-0.29043369583968137,CLEAR
6,0.03100792253521125,-0.29043369583968137,CLEAR
6,0.050044014084507,-0.29043369583968137,CLEAR
6,0.033978873239436665,-0.29043369583968137,CLEAR
6,0.0354093309859155,-0.29043369583968137,CLEAR
6,0.03639964788732397,-0.29043369583968137,CLEAR
6,0.04454225352112679,-0.29043369583968137,CLEAR
6,0.046302816901408424,-0.29043369583968137,CLEAR
6,0.021985035211267646,-0.29043369583968137,CLEAR
6,0.03166813380281692,-0.29043369583968137,CLEAR
6,0.04861355633802817,-0.29043369583968137,CLEAR
6,0.04454225352112679,-0.29043369583968137,CLEAR
6,0.03948063380281688,-0.29043369583968137,CLEAR
6,0.03474911971830989,-0.29043369583968137,CLEAR
6,0.040691021126760596,-0.29043369583968137,CLEAR
6,0.0721610915492958,-0.29043369583968137,CLEAR
6,0.09108714788732393,-0.29043369583968137,CLEAR
6,0.10297095070422539,-0.29043369583968137,CLEAR
6,0.11925616197183103,-0.29043369583968137,CLEAR
6,0.12321742957746479,-0.29043369583968137,CLEAR
6,0.10847271126760567,-0.29043369583968137,CLEAR
6,0.07964348591549301,-0.29043369583968137,CLEAR
6,0.12563820422535216,-0.29043369583968137,CLEAR
6,0.09438820422535214,-0.29043369583968137,CLEAR
6,0.12200704225352114,-0.29043369583968137,CLEAR
6,0.11903609154929579,-0.29043369583968137,CLEAR
6,0.16029929577464788,-0.29043369583968137,CLEAR
6,0.15853873239436625,-0.29043369583968137,CLEAR
6,0.1702024647887324,-0.29043369583968137,CLEAR
6,0.13554137323943663,-0.29043369583968137,CLEAR
6,0.1722931338028169,-0.29043369583968137,CLEAR
6,0.13455105633802822,-0.29043369583968137,CLEAR
6,0.09944982394366199,-0.29043369583968137,CLEAR
6,0.12233714788732401,-0.29043369583968137,CLEAR
6,0.13598151408450704,-0.29043369583968137,CLEAR
6,0.09339788732394368,-0.29043369583968137,CLEAR
6,0.10286091549295777,-0.29043369583968137,CLEAR
6,0.10176056338028168,-0.29043369583968137,CLEAR
6,0.12310739436619716,-0.29043369583968137,CLEAR
6,0.10484154929577472,-0.29043369583968137,CLEAR
6,0.09515845070422536,-0.29043369583968137,CLEAR
6,0.12882922535211275,-0.29043369583968137,CLEAR
6,0.1369718309859155,-0.29043369583968137,CLEAR
6,0.12618838028169022,-0.29043369583968137,CLEAR
6,0.11353433098591552,-0.29043369583968137,CLEAR
6,0.11243397887323943,-0.29043369583968137,CLEAR
6,0.09779929577464792,-0.29043369583968137,CLEAR
6,0.10275088028169022,-0.29043369583968137,CLEAR
6,0.11749559859154934,-0.29043369583968137,CLEAR
6,0.10748239436619726,-0.29043369583968137,CLEAR
6,0.12277728873239437,-0.29043369583968137,CLEAR
6,0.14962588028169022,-0.29043369583968137,CLEAR
6,0.23523327464788737,-0.29043369583968137,CLEAR
6,0.17867517605633804,-0.29043369583968137,CLEAR
6,0.17471390845070423,-0.29043369583968137,CLEAR
6,0.1651408450704225,-0.29043369583968137,CLEAR
6,0.21542693661971835,-0.29043369583968137,CLEAR
6,0.22621038732394363,-0.29043369583968137,CLEAR
6,0.1905589788732395,-0.29043369583968137,CLEAR
6,0.10209066901408455,-0.29043369583968137,CLEAR
6,0.06060739436619726,-0.29043369583968137,CLEAR
6,0.04663292253521129,-0.29043369583968137,CLEAR
6,0.036949823943662016,-0.29043369583968137,CLEAR
6,0.05444542253521125,-0.29043369583968137,CLEAR
6,0.06104753521126762,-0.29043369583968137,CLEAR
6,0.048393485915492994,-0.29043369583968137,CLEAR
6,0.09394806338028172,-0.29043369583968137,CLEAR
6,0.08778609154929584,-0.29043369583968137,CLEAR
6,0.10000000000000005,-0.29043369583968137,CLEAR
6,0.10286091549295777,-0.29043369583968137,CLEAR
6,0.08734595070422535,-0.29043369583968137,CLEAR
6,0.10539172535211276,-0.29043369583968137,CLEAR
6,0.11320422535211272,-0.29043369583968137,CLEAR
6,0.12420774647887327,-0.29043369583968137,CLEAR
6,0.12453785211267614,-0.29043369583968137,CLEAR
6,0.09537852112676055,-0.29043369583968137,CLEAR
6,0.09713908450704224,-0.29043369583968137,CLEAR
6,0.11221390845070424,-0.29043369583968137,CLEAR
6,0.11749559859154934,-0.29043369583968137,CLEAR
6,0.10561179577464787,-0.29043369583968137,CLEAR
6,0.10022007042253522,-0.29043369583968137,CLEAR
6,0.10363116197183099,-0.29043369583968137,CLEAR
6,0.0976892605633803,-0.29043369583968137,CLEAR
6,0.0914172535211268,-0.29043369583968137,CLEAR
6,0.0935079225352113,-0.29043369583968137,CLEAR
6,0.0665492957746479,-0.29043369583968137,CLEAR
6,0.058736795774647875,-0.29043369583968137,CLEAR
6,0.054115316901408514,-0.29043369583968137,CLEAR
6,0.08613556338028176,-0.29043369583968137,CLEAR
6,0.0899867957746479,-0.29043369583968137,CLEAR
6,0.0847051056338028,-0.29043369583968137,CLEAR
6,0.10319102112676064,-0.29043369583968137,CLEAR
6,0.07414172535211268,-0.29043369583968137,CLEAR
6,0.0700704225352113,-0.29043369583968137,CLEAR
6,0.0700704225352113,-0.29043369583968137,CLEAR
6,0.07381161971830986,-0.29043369583968137,CLEAR
6,0.061157570422535244,-0.29043369583968137,CLEAR
6,0.03805017605633804,-0.29043369583968137,CLEAR
6,0.06049735915492964,-0.29043369583968137,CLEAR
6,0.06786971830985918,-0.29043369583968137,CLEAR
6,0.06841989436619722,-0.29043369583968137,CLEAR
6,0.07271126760563384,-0.29043369583968137,CLEAR
6,0.05422535211267614,-0.29043369583968137,CLEAR
6,0.06886003521126764,-0.29043369583968137,CLEAR
6,0.05807658450704227,-0.29043369583968137,CLEAR
6,0.05389524647887327,-0.29043369583968137,CLEAR
6,0.06500880281690137,-0.29043369583968137,CLEAR
6,0.08525528169014085,-0.29043369583968137,CLEAR
6,0.1474251760563381,-0.29043369583968137,CLEAR
6,0.20640404929577466,-0.29043369583968137,CLEAR
6,0.21168573943661975,-0.29043369583968137,CLEAR
6,0.12255721830985912,-0.29043369583968137,CLEAR
6,0.09240757042253527,-0.29043369583968137,CLEAR
6,0.1068221830985916,-0.29043369583968137,CLEAR
6,0.12717869718309863,-0.29043369583968137,CLEAR
6,0.13499119718309863,-0.29043369583968137,CLEAR
6,0.11749559859154934,-0.29043369583968137,CLEAR
6,0.22621038732394363,-0.29043369583968137,CLEAR
6,0.11188380281690137,-0.29043369583968137,CLEAR
6,0.1102332746478873,-0.29043369583968137,CLEAR
6,0.030897887323943628,-0.29043369583968137,CLEAR
6,0.0,0.0,BRAKE
6,0.0,0.0,BRAKE
6,0.0,0.0,BRAKE
6,0.0,0.0,BRAKE
6,0.0,0.0,BRAKE
6,0.0,0.0,BRAKE
6,0.014502640845070424,-0.29043369583968137,CLEAR
6,0.0,0.0,BRAKE
6,0.0,0.0,BRAKE
6,0.0,0.0,BRAKE
6,0.0,0.0,BRAKE
6,0.0,0.0,BRAKE
6,0.0,0.0,BRAKE
6,0.0,0.0,BRAKE
6,0.02330545774647892,-0.29043369583968137,CLEAR
6,0.025286091549295796,-0.29043369583968137,CLEAR
6,0.020774647887323926,-0.29043369583968137,CLEAR
6,0.04322183098591552,-0.29043369583968137,CLEAR
6,0.05851672535211276,-0.29043369583968137,CLEAR
6,0.04828345070422537,-0.29043369583968137,CLEAR
6,0.059507042253521165,-0.29043369583968137,CLEAR
6,0.07128080985915501,-0.29043369583968137,CLEAR
6,0.05158450704225359,-0.29043369583968137,CLEAR
6,0.045202464788732466,-0.29043369583968137,CLEAR
6,0.0010783450704225039,-0.29043369583968137,CLEAR
6,0.00030809859154934394,-0.29043369583968137,CLEAR
6,0.04421214788732392,-0.29043369583968137,CLEAR
6,0.0,0.0,BRAKE
6,0.029357394366197175,-0.29043369583968137,CLEAR
6,0.05631602112676064,-0.29043369583968137,CLEAR
6,0.0378301056338028,-0.29043369583968137,CLEAR
6,0.0,0.0,BRAKE
6,0.0,0.0,BRAKE
6,0.0,0.0,BRAKE
6,0.0,0.0,BRAKE
6,0.0,0.0,BRAKE
6,0.0,0.0,BRAKE
6,0.0,0.0,BRAKE
6,0.0,0.0,BRAKE
6,0.0,0.0,BRAKE
6,0.0,0.0,BRAKE
6,0.0,0.0,BRAKE
6,0.0,0.0,BRAKE
6,0.0,0.0,BRAKE
6,0.0,0.0,BRAKE
6,0.0,0.0,BRAKE
6,0.0,0.0,BRAKE
6,0.0,0.0,BRAKE
6,0.0,0.0,BRAKE
6,0.0,0.0,BRAKE
6,0.0,0.0,BRAKE
6,0.0,0.0,BRAKE
6,0.0,0.0,BRAKE
6,0.0,0.0,BRAKE
6,0.0,0.0,BRAKE
6,0.0,0.0,BRAKE
6,0.0,0.0,BRAKE
6,0.0,0.0,BRAKE
6,0.0,0.0,BRAKE
6,0.0,0.0,BRAKE
6,0.0,0.0,BRAKE
6,0.0,0.0,BRAKE
6,0.0,0.0,BRAKE
6,0.0,0.0,BRAKE
6,0.0,0.0,BRAKE
6,0.0,0.0,BRAKE
6,0.0,0.0,BRAKE
6,0.0,0.0,BRAKE
6,0.0,0.0,BRAKE
6,0.0,0.0,BRAKE
6,0.0,0.0,BRAKE
6,0.0,0.0,BRAKE
6,0.0,0.0,BRAKE
6,0.0,0.0,BRAKE
6,0.0,0.0,BRAKE
6,0.0,0.0,BRAKE
6,0.0,0.0,BRAKE
6,0.0,0.0,BRAKE
6,0.0,0.0,BRAKE
6,0.0,0.0,BRAKE
6,0.0,0.0,BRAKE
6,0.0,0.0,BRAKE
6,0.0,0.0,BRAKE
6,0.0,0.0,BRAKE
6,0.0,0.0,BRAKE
6,0.0,0.0,BRAKE
6,0.0,0.0,BRAKE
6,0.0,0.0,BRAKE
6,0.0,0.0,BRAKE
6,0.0,0.0,BRAKE
6,0.0,0.0,BRAKE
6,0.0,0.0,BRAKE
6,0.009220950704225394,-0.29043369583968137,CLEAR
6,0.0297975352112676,-0.29043369583968137,CLEAR
6,0.01494278169014085,-0.29043369583968137,CLEAR
6,0.010541373239436668,-0.29043369583968137,CLEAR
6,0.00041813380281696677,-0.29043369583968137,CLEAR
6,0.008010563380281676,-0.29043369583968137,CLEAR
6,0.0012984154929577495,-0.29043369583968137,CLEAR
6,0.0,0.0,BRAKE
6,0.0,0.0,BRAKE
6,0.010761443661971848,-0.29043369583968137,CLEAR
6,0.00041813380281696677,-0.29043369583968137,CLEAR
6,0.004709507042253591,-0.29043369583968137,CLEAR
6,0.008010563380281676,-0.29043369583968137,CLEAR
6,0.022535211267605625,-0.29043369583968137,CLEAR
6,0.015052816901408472,-0.29043369583968137,CLEAR
6,0.006029929577464799,-0.29043369583968137,CLEAR
6,0.0,0.0,BRAKE
6,0.0032790492957746275,-0.29043369583968137,CLEAR
6,0.01362235915492964,-0.29043369583968137,CLEAR
6,0.0,0.0,BRAKE
6,0.0,0.0,BRAKE
6,0.014062499999999999,-0.29043369583968137,CLEAR
6,0.021434859154929597,-0.29043369583968137,CLEAR
6,0.0001980633802817211,-0.29043369583968137,CLEAR
6,0.014502640845070424,-0.29043369583968137,CLEAR
6,0.00955105633802813,-0.29043369583968137,CLEAR
6,0.0,0.0,BRAKE
6,0.0,0.0,BRAKE
6,0.0,0.0,BRAKE
6,0.0,0.0,BRAKE
6,0.0,0.0,BRAKE
6,0.0,0.0,BRAKE
6,0.0,0.0,BRAKE
6,0.0,0.0,BRAKE
6,0.0,0.0,BRAKE
6,0.0,0.0,BRAKE
6,0.0,0.0,BRAKE
6,0.0,0.0,BRAKE
6,0.0,0.0,BRAKE
6,0.0,0.0,BRAKE
6,0.0,0.0,BRAKE
6,0.0,0.0,BRAKE
6,0.0,0.0,BRAKE
6,0.0,0.0,BRAKE
6,0.0,0.0,BRAKE
6,0.0,0.0,BRAKE
6,0.0,0.0,BRAKE
6,0.0,0.0,BRAKE
6,0.0,0.0,BRAKE
6,0.0,0.0,BRAKE
6,0.0,0.0,BRAKE
6,0.0,0.0,BRAKE
6,0.0,0.0,BRAKE
6,0.0,0.0,BRAKE
6,0.0,0.0,BRAKE
6,0.0,0.0,BRAKE
6,0.0,0.0,BRAKE
6,0.0,0.0,BRAKE
6,0.0,0.0,BRAKE
6,0.0,0.0,BRAKE
6,0.0,0.0,BRAKE
6,0.0,0.0,BRAKE
6,0.0,0.0,BRAKE
6,0.0,0.0,BRAKE
6,0.0,0.0,BRAKE
6,0.0,0.0,BRAKE
6,0.0,0.0,BRAKE
6,0.0,0.0,BRAKE
6,0.0,0.0,BRAKE
6,0.0,0.0,BRAKE
6,0.0,0.0,BRAKE
6,0.0,0.0,BRAKE
6,0.0,0.0,BRAKE
6,0.0,0.0,BRAKE
6,0.0,0.0,BRAKE
6,0.0,0.0,BRAKE
6,0.0,0.0,BRAKE
6,0.0,0.0,BRAKE
6,0.0,0.0,BRAKE
6,0.0,0.0,BRAKE
6,0.0,0.0,BRAKE
6,0.0,0.0,BRAKE
6,0.0,0.0,BRAKE
6,0.0,0.0,BRAKE
6,0.0,0.0,BRAKE
6,0.0,0.0,BRAKE
6,0.0,0.0,BRAKE
6,0.0,0.0,BRAKE
6,0.0,0.0,BRAKE
6,0.0,0.0,BRAKE
6,0.0,0.0,BRAKE
6,0.0,0.0,BRAKE
6,0.0,0.0,BRAKE
6,0.0,0.0,BRAKE
6,0.0,0.0,BRAKE
6,0.0,0.0,BRAKE
6,0.0,0.0,BRAKE
6,0.0,0.0,BRAKE
6,0.0,0.0,BRAKE
6,0.0,0.0,BRAKE
6,0.0,0.0,BRAKE
6,0.0,0.0,BRAKE
6,0.0,0.0,BRAKE
6,0.0,0.0,BRAKE
6,0.0,0.0,BRAKE
6,0.0,0.0,BRAKE
6,0.0,0.0,BRAKE
7,0.0,0.0,BRAKE
7,0.0,0.0,BRAKE
7,0.0,0.0,BRAKE
7,0.0,0.0,BRAKE
7,0.0,0.0,BRAKE
7,0.0,0.0,BRAKE
7,0.0,0.0,BRAKE
7,0.0,0.0,BRAKE
4,0.0,0.0,BRAKE
4,0.002178697183098599,-0.0,CLEAR
4,0.009220950704225394,-0.0,CLEAR
4,0.0,0.0,BRAKE
5,0.0016285211267605515,-0.14521684791984069,CLEAR
5,0.0,0.0,BRAKE
5,0.0011883802816901267,-0.14521684791984069,CLEAR
5,0.0,0.0,BRAKE
5,0.0,0.0,BRAKE
7,0.0,0.0,BRAKE
6,0.0,0.0,BRAKE
6,0.0,0.0,BRAKE
6,0.0,0.0,BRAKE
6,0.0,0.0,BRAKE
6,0.0,0.0,BRAKE
6,0.0,0.0,BRAKE
6,0.0,0.0,BRAKE
6,0.0,0.0,BRAKE
6,0.0,0.0,BRAKE
6,0.0,0.0,BRAKE
6,0.0,0.0,BRAKE
6,0.0,0.0,BRAKE
6,0.0,0.0,BRAKE
6,0.0,0.0,BRAKE
6,0.0,0.0,BRAKE
6,0.0,0.0,BRAKE
6,0.0007482394366197686,-0.29043369583968137,CLEAR
6,0.0,0.0,BRAKE
6,0.0,0.0,BRAKE
6,0.0,0.0,BRAKE
6,0.0,0.0,BRAKE
6,0.0,0.0,BRAKE
6,0.0,0.0,BRAKE
6,0.0,0.0,BRAKE
6,0.0,0.0,BRAKE
6,0.0,0.0,BRAKE
6,0.0,0.0,BRAKE
6,0.0,0.0,BRAKE
6,0.0,0.0,BRAKE
6,0.0,0.0,BRAKE
6,0.0,0.0,BRAKE
6,0.0,0.0,BRAKE
6,0.0,0.0,BRAKE
6,0.0,0.0,BRAKE
6,0.0,0.0,BRAKE
6,0.0,0.0,BRAKE
6,0.0,0.0,BRAKE
6,0.0,0.0,BRAKE
6,0.0,0.0,BRAKE
6,0.0,0.0,BRAKE
6,0.0,0.0,BRAKE
6,0.0,0.0,BRAKE
6,0.0,0.0,BRAKE
6,0.0,0.0,BRAKE
6,0.0,0.0,BRAKE
6,0.0,0.0,BRAKE
6,0.0,0.0,BRAKE
6,0.0,0.0,BRAKE
6,0.0,0.0,BRAKE
6,0.0,0.0,BRAKE
6,0.0,0.0,BRAKE
6,0.0,0.0,BRAKE
6,0.0,0.0,BRAKE
6,0.0,0.0,BRAKE
6,0.0,0.0,BRAKE
6,0.0,0.0,BRAKE
6,0.0,0.0,BRAKE
6,0.0,0.0,BRAKE
6,0.0,0.0,BRAKE
6,0.0,0.0,BRAKE
6,0.0,0.0,BRAKE
6,0.0,0.0,BRAKE
6,0.0,0.0,BRAKE
6,0.0,0.0,BRAKE
6,0.0,0.0,BRAKE
6,0.0,0.0,BRAKE
6,0.0,0.0,BRAKE
6,0.0,0.0,BRAKE
6,0.0,0.0,BRAKE
6,0.0,0.0,BRAKE
6,0.0,0.0,BRAKE
6,0.0,0.0,BRAKE
6,0.0,0.0,BRAKE
6,0.0,0.0,BRAKE
6,0.0,0.0,BRAKE
6,0.0,0.0,BRAKE
6,0.0,0.0,BRAKE
6,0.0,0.0,BRAKE
6,0.0,0.0,BRAKE
6,0.0,0.0,BRAKE
6,0.0,0.0,BRAKE
6,0.0,0.0,BRAKE
6,0.0,0.0,BRAKE
6,0.0,0.0,BRAKE
6,0.0,0.0,BRAKE
6,0.0,0.0,BRAKE
6,0.0,0.0,BRAKE
6,0.0,0.0,BRAKE
6,0.0,0.0,BRAKE
6,0.0,0.0,BRAKE
6,0.0,0.0,BRAKE
6,0.0,0.0,BRAKE
6,0.0,0.0,BRAKE
6,0.0,0.0,BRAKE
6,0.0,0.0,BRAKE
6,0.0,0.0,BRAKE
6,0.0,0.0,BRAKE
6,0.0,0.0,BRAKE
6,0.0,0.0,BRAKE
6,0.0,0.0,BRAKE
6,0.0,0.0,BRAKE
6,0.0,0.0,BRAKE
6,0.0,0.0,BRAKE
6,0.0,0.0,BRAKE
6,0.0,0.0,BRAKE
6,0.0,0.0,BRAKE
6,0.0,0.0,BRAKE
6,0.0,0.0,BRAKE
6,0.0,0.0,BRAKE
6,0.0,0.0,BRAKE
6,0.0,0.0,BRAKE
6,0.0,0.0,BRAKE
6,0.0,0.0,BRAKE
6,0.0,0.0,BRAKE
6,0.0,0.0,BRAKE
6,0.0,0.0,BRAKE
6,0.0,0.0,BRAKE
6,0.0,0.0,BRAKE
6,0.0,0.0,BRAKE
6,0.0,0.0,BRAKE
6,0.0,0.0,BRAKE
6,0.0,0.0,BRAKE
6,0.0,0.0,BRAKE
6,0.0,0.0,BRAKE
6,0.0,0.0,BRAKE
6,0.0,0.0,BRAKE
6,0.0,0.0,BRAKE
6,0.0,0.0,BRAKE
6,0.0,0.0,BRAKE
6,0.0,0.0,BRAKE
6,0.0,0.0,BRAKE
6,0.0,0.0,BRAKE
6,0.0,0.0,BRAKE
6,0.0,0.0,BRAKE
6,0.0,0.0,BRAKE
6,0.0,0.0,BRAKE
6,0.0,0.0,BRAKE
6,0.0,0.0,BRAKE
6,0.0,0.0,BRAKE
6,0.0,0.0,BRAKE
6,0.0,0.0,BRAKE
6,0.0,0.0,BRAKE
6,0.0,0.0,BRAKE
6,0.0,0.0,BRAKE
6,0.0,0.0,BRAKE
6,0.0,0.0,BRAKE
6,0.0,0.0,BRAKE
6,0.0,0.0,BRAKE
6,0.0,0.0,BRAKE
6,0.0,0.0,BRAKE
6,0.0,0.0,BRAKE
6,0.0,0.0,BRAKE
6,0.0,0.0,BRAKE
6,0.0,0.0,BRAKE
6,0.0,0.0,BRAKE
6,0.0,0.0,BRAKE
6,0.0,0.0,BRAKE
6,0.0,0.0,BRAKE
6,0.0,0.0,BRAKE
6,0.0,0.0,BRAKE
6,0.0,0.0,BRAKE
6,0.0,0.0,BRAKE
6,0.0,0.0,BRAKE
6,0.0,0.0,BRAKE
6,0.0,0.0,BRAKE
6,0.0,0.0,BRAKE
6,0.0,0.0,BRAKE
6,0.0,0.0,BRAKE
6,0.0,0.0,BRAKE
6,0.0,0.0,BRAKE
6,0.0,0.0,BRAKE
6,0.0,0.0,BRAKE
6,0.0,0.0,BRAKE
6,0.0,0.0,BRAKE
6,0.0,0.0,BRAKE
6,0.0,0.0,BRAKE
6,0.0,0.0,BRAKE
6,0.0,0.0,BRAKE
6,0.0,0.0,BRAKE
6,0.0,0.0,BRAKE
6,0.0,0.0,BRAKE
6,0.0,0.0,BRAKE
6,0.0,0.0,BRAKE
6,0.0,0.0,BRAKE
6,0.0,0.0,BRAKE
6,0.0,0.0,BRAKE
6,0.0,0.0,BRAKE
6,0.0,0.0,BRAKE
6,0.0,0.0,BRAKE
6,0.0,0.0,BRAKE
6,0.0,0.0,BRAKE
6,0.0,0.0,BRAKE
6,0.0,0.0,BRAKE
6,0.0,0.0,BRAKE
6,0.0,0.0,BRAKE
6,0.0,0.0,BRAKE
6,0.0,0.0,BRAKE
6,0.0,0.0,BRAKE
6,0.0,0.0,BRAKE
6,0.0,0.0,BRAKE
6,0.0,0.0,BRAKE
6,0.0,0.0,BRAKE
6,0.0,0.0,BRAKE
6,0.0,0.0,BRAKE
6,0.0,0.0,BRAKE
6,0.0,0.0,BRAKE
6,0.0,0.0,BRAKE
6,0.0,0.0,BRAKE
6,0.0,0.0,BRAKE
6,0.0,0.0,BRAKE
6,0.0,0.0,BRAKE
6,0.0,0.0,BRAKE
6,0.0,0.0,BRAKE
6,0.0,0.0,BRAKE
6,0.0,0.0,BRAKE
6,0.0,0.0,BRAKE
6,0.0,0.0,BRAKE
6,0.0,0.0,BRAKE
6,0.0,0.0,BRAKE
6,0.0,0.0,BRAKE
6,0.0,0.0,BRAKE
6,0.0,0.0,BRAKE
6,0.0,0.0,BRAKE
6,0.0,0.0,BRAKE
6,0.0,0.0,BRAKE
6,0.0,0.0,BRAKE
6,0.0,0.0,BRAKE
6,0.0,0.0,BRAKE
6,0.0,0.0,BRAKE
6,0.0,0.0,BRAKE
6,0.0,0.0,BRAKE
6,0.0,0.0,BRAKE
6,0.0,0.0,BRAKE
6,0.0,0.0,BRAKE
6,0.0,0.0,BRAKE
6,0.0,0.0,BRAKE
6,0.0,0.0,BRAKE
6,0.0,0.0,BRAKE
6,0.0,0.0,BRAKE
6,0.0,0.0,BRAKE
6,0.0,0.0,BRAKE
6,0.0,0.0,BRAKE
6,0.0,0.0,BRAKE
6,0.0,0.0,BRAKE
6,0.0,0.0,BRAKE
6,0.0,0.0,BRAKE
6,0.0,0.0,BRAKE
6,0.0,0.0,BRAKE
6,0.0,0.0,BRAKE
6,0.0,0.0,BRAKE
6,0.0,0.0,BRAKE
6,0.0,0.0,BRAKE
6,0.0,0.0,BRAKE
6,0.0,0.0,BRAKE
6,0.0,0.0,BRAKE
6,0.0,0.0,BRAKE
6,0.0,0.0,BRAKE
6,0.0,0.0,BRAKE
6,0.0,0.0,BRAKE
6,0.0,0.0,BRAKE
6,0.0,0.0,BRAKE
6,0.0,0.0,BRAKE
6,0.0,0.0,BRAKE
6,0.0,0.0,BRAKE
6,0.0,0.0,BRAKE
6,0.0,0.0,BRAKE
6,0.0,0.0,BRAKE
6,0.0,0.0,BRAKE
6,0.0,0.0,BRAKE
6,0.0,0.0,BRAKE
6,0.0,0.0,BRAKE
6,0.0,0.0,BRAKE
6,0.0,0.0,BRAKE
6,0.0,0.0,BRAKE
6,0.0,0.0,BRAKE
6,0.0,0.0,BRAKE
6,0.0,0.0,BRAKE
6,0.0,0.0,BRAKE
6,0.0,0.0,BRAKE
6,0.0,0.0,BRAKE
6,0.0,0.0,BRAKE
6,0.0,0.0,BRAKE
6,0.0,0.0,BRAKE
6,0.0,0.0,BRAKE
6,0.0,0.0,BRAKE
6,0.0,0.0,BRAKE
6,0.0,0.0,BRAKE
6,0.0,0.0,BRAKE
6,0.0,0.0,BRAKE
6,0.0,0.0,BRAKE
6,0.0,0.0,BRAKE
6,0.0,0.0,BRAKE
6,0.0,0.0,BRAKE
6,0.0,0.0,BRAKE
6,0.0,0.0,BRAKE
6,0.0,0.0,BRAKE
6,0.0,0.0,BRAKE
6,0.0,0.0,BRAKE
6,0.0,0.0,BRAKE
6,0.0,0.0,BRAKE
6,0.0,0.0,BRAKE
6,0.0,0.0,BRAKE
6,0.0,0.0,BRAKE
6,0.0,0.0,BRAKE
6,0.0,0.0,BRAKE
6,0.0,0.0,BRAKE
6,0.0,0.0,BRAKE
6,0.0,0.0,BRAKE
6,0.0,0.0,BRAKE
6,0.0,0.0,BRAKE
6,0.0,0.0,BRAKE
6,0.0,0.0,BRAKE
6,0.0,0.0,BRAKE
6,0.0,0.0,BRAKE
6,0.0,0.0,BRAKE
6,0.0,0.0,BRAKE
6,0.0,0.0,BRAKE
6,0.0,0.0,BRAKE
6,0.0,0.0,BRAKE
6,0.0,0.0,BRAKE
6,0.0,0.0,BRAKE
6,0.0,0.0,BRAKE
6,0.0,0.0,BRAKE
6,0.0,0.0,BRAKE
6,0.0,0.0,BRAKE
6,0.0,0.0,BRAKE
6,0.0,0.0,BRAKE
6,0.0,0.0,BRAKE
6,0.0,0.0,BRAKE
6,0.0,0.0,BRAKE
6,0.0,0.0,BRAKE
6,0.0,0.0,BRAKE
6,0.0,0.0,BRAKE
6,0.0,0.0,BRAKE
6,0.0,0.0,BRAKE
6,0.0,0.0,BRAKE
6,0.0,0.0,BRAKE
6,0.0,0.0,BRAKE
6,0.0,0.0,BRAKE
6,0.0,0.0,BRAKE
6,0.0,0.0,BRAKE
6,0.0,0.0,BRAKE
6,0.0,0.0,BRAKE
6,0.0,0.0,BRAKE
6,0.0,0.0,BRAKE
6,0.0,0.0,BRAKE
6,0.0,0.0,BRAKE
6,0.0,0.0,BRAKE
6,0.0,0.0,BRAKE
6,0.0,0.0,BRAKE
6,0.0,0.0,BRAKE
6,0.0,0.0,BRAKE
6,0.0,0.0,BRAKE
6,0.0,0.0,BRAKE
6,0.0,0.0,BRAKE
6,0.0,0.0,BRAKE
6,0.0,0.0,BRAKE
6,0.0,0.0,BRAKE
6,0.0,0.0,BRAKE
6,0.0,0.0,BRAKE
6,0.0,0.0,BRAKE
6,0.0,0.0,BRAKE
6,0.0,0.0,BRAKE
6,0.0,0.0,BRAKE
6,0.0,0.0,BRAKE
6,0.0,0.0,BRAKE
6,0.0,0.0,BRAKE
6,0.0,0.0,BRAKE
6,0.0,0.0,BRAKE
6,0.0,0.0,BRAKE
6,0.0,0.0,BRAKE
6,0.0,0.0,BRAKE
6,0.0,0.0,BRAKE
6,0.0,0.0,BRAKE
6,0.0,0.0,BRAKE
6,0.0,0.0,BRAKE
6,0.0,0.0,BRAKE
6,0.0,0.0,BRAKE
6,0.0,0.0,BRAKE
6,0.0,0.0,BRAKE
6,0.0,0.0,BRAKE
6,0.0,0.0,BRAKE
6,0.0,0.0,BRAKE
6,0.0,0.0,BRAKE
6,0.0,0.0,BRAKE
6,0.0,0.0,BRAKE
6,0.0,0.0,BRAKE
6,0.0,0.0,BRAKE
6,0.0,0.0,BRAKE
6,0.0,0.0,BRAKE
6,0.0,0.0,BRAKE
6,0.0,0.0,BRAKE
6,0.0,0.0,BRAKE
6,0.0,0.0,BRAKE
6,0.0,0.0,BRAKE
6,0.0,0.0,BRAKE
6,0.0,0.0,BRAKE
6,0.0,0.0,BRAKE
6,0.0,0.0,BRAKE
6,0.0,0.0,BRAKE
6,0.0,0.0,BRAKE
6,0.0,0.0,BRAKE
4,0.0,0.0,BRAKE
7,0.0,0.0,BRAKE
6,0.05939700704225354,-0.29043369583968137,CLEAR
8,0.0,0.0,BRAKE
5,0.08249258995056152,-0.14521684791984069,CLEAR
6,0.6,-0.29043369583968137,CLEAR
4,0.4222784757614136,-0.0,CLEAR
4,0.32867181301116943,-0.0,CLEAR
4,0.3314519166946411,-0.0,CLEAR
4,0.23463265895843502,-0.0,CLEAR
4,0.2208377361297607,-0.0,CLEAR
5,0.19571781158447263,-0.14521684791984069,CLEAR
5,0.20548992156982418,-0.14521684791984069,CLEAR
5,0.03496919014084514,-0.14521684791984069,CLEAR
5,0.0,0.0,BRAKE
6,0.0,0.0,BRAKE
6,0.0,0.0,BRAKE
6,0.0,0.0,BRAKE
6,0.0,0.0,BRAKE
6,0.0,0.0,BRAKE
6,0.0,0.0,BRAKE
6,0.0,0.0,BRAKE
6,0.0,0.0,BRAKE
6,0.0,0.0,BRAKE
6,0.0,0.0,BRAKE
6,0.0,0.0,BRAKE
6,0.0,0.0,BRAKE
6,0.0,0.0,BRAKE
6,0.0,0.0,BRAKE
5,0.0,0.0,BRAKE
5,0.0,0.0,BRAKE
5,0.028697183098591636,-0.14521684791984069,CLEAR
5,0.0,0.0,BRAKE
5,0.0,0.0,BRAKE
5,0.0,0.0,BRAKE
5,0.0,0.0,BRAKE
5,0.0,0.0,BRAKE
5,0.0,0.0,BRAKE
5,0.0,0.0,BRAKE
5,0.0,0.0,BRAKE
5,0.0,0.0,BRAKE
5,0.0,0.0,BRAKE
5,0.0,0.0,BRAKE
5,0.0,0.0,BRAKE
5,0.0,0.0,BRAKE
5,0.0,0.0,BRAKE
5,0.10044014084507047,-0.14521684791984069,CLEAR
5,0.0,0.0,BRAKE
5,0.03716989436619726,-0.14521684791984069,CLEAR
5,0.013292253521126772,-0.14521684791984069,CLEAR
5,0.07183098591549299,-0.14521684791984069,CLEAR
5,0.10847271126760567,-0.14521684791984069,CLEAR
5,0.09075704225352112,-0.14521684791984069,CLEAR
5,0.1375220070422535,-0.14521684791984069,CLEAR
5,0.12288732394366199,-0.14521684791984069,CLEAR
5,0.14038292253521129,-0.14521684791984069,CLEAR
5,0.14555457746478875,-0.14521684791984069,CLEAR
5,0.12508802816901413,-0.14521684791984069,CLEAR
5,0.1316901408450704,-0.14521684791984069,CLEAR
5,0.26461267605633804,-0.14521684791984069,CLEAR
5,0.38609154929577466,-0.14521684791984069,CLEAR
5,0.4347401142120362,-0.14521684791984069,CLEAR
5,0.4338304162025452,-0.14521684791984069,CLEAR
5,0.4501320422535211,-0.14521684791984069,CLEAR
5,0.4138204225352113,-0.14521684791984069,CLEAR
4,0.4501320422535211,-0.0,CLEAR
4,0.4502420774647887,-0.0,CLEAR
4,0.44936179577464785,-0.0,CLEAR
4,0.4501320422535211,-0.0,CLEAR
4,0.4318661971830986,-0.0,CLEAR
5,0.4382482394366197,-0.14521684791984069,CLEAR
5,0.4503521126760563,-0.14521684791984069,CLEAR
6,0.42988556338028167,-0.29043369583968137,CLEAR
6,0.4408890845070423,-0.29043369583968137,CLEAR
6,0.44595070422535216,-0.29043369583968137,CLEAR
6,0.451012323943662,-0.29043369583968137,CLEAR
6,0.4502420774647887,-0.29043369583968137,CLEAR
6,0.4504621478873239,-0.29043369583968137,CLEAR
6,0.45112235915492954,-0.29043369583968137,CLEAR
6,0.45200264084507036,-0.29043369583968137,CLEAR
6,0.4524427816901408,-0.29043369583968137,CLEAR
6,0.45200264084507036,-0.29043369583968137,CLEAR
6,0.4525528169014084,-0.29043369583968137,CLEAR
6,0.44496038732394366,-0.29043369583968137,CLEAR
7,0.21494107246398925,-0.43565054375952217,CLEAR
2,0.482919704914093,0.29043369583968137,CLEAR
4,0.2561654806137085,-0.0,CLEAR
3,0.0,0.0,BRAKE
2,0.0,0.0,BRAKE
3,0.0,0.0,BRAKE
4,0.0,0.0,BRAKE
4,0.0,0.0,BRAKE
4,0.35385123239436617,-0.0,CLEAR
4,0.2950924295774648,-0.0,CLEAR
4,0.3369058098591549,-0.0,CLEAR
4,0.3035651408450704,-0.0,CLEAR
4,0.31357834507042254,-0.0,CLEAR
4,0.30730633802816903,-0.0,CLEAR
4,0.3034551056338028,-0.0,CLEAR
4,0.3240316901408451,-0.0,CLEAR
4,0.3005941901408451,-0.0,CLEAR
4,0.3232614436619718,-0.0,CLEAR
4,0.37970950704225354,-0.0,CLEAR
5,0.38752200704225354,-0.14521684791984069,CLEAR
5,0.40424735915492954,-0.14521684791984069,CLEAR
5,0.4169014084507042,-0.14521684791984069,CLEAR
5,0.42603433098591553,-0.14521684791984069,CLEAR
5,0.3913732394366197,-0.14521684791984069,CLEAR
5,0.3310739436619719,-0.14521684791984069,CLEAR
5,0.3555017605633803,-0.14521684791984069,CLEAR
4,0.4164612676056338,-0.0,CLEAR
4,0.30675616197183103,-0.0,CLEAR
4,0.3624339788732394,-0.0,CLEAR
4,0.38752200704225354,-0.0,CLEAR
4,0.3131382042253521,-0.0,CLEAR
4,0.33789612676056335,-0.0,CLEAR
4,0.3314040492957746,-0.0,CLEAR
4,0.3212808098591549,-0.0,CLEAR
4,0.29806338028169016,-0.0,CLEAR
4,0.31258802816901404,-0.0,CLEAR
4,0.2895906690140845,-0.0,CLEAR
4,0.2750660211267606,-0.0,CLEAR
0,0.2569102112676056,0.5818900455379532,CLEAR
4,0.26736355633802816,-0.0,CLEAR
4,0.2854093309859155,-0.0,CLEAR
4,0.2752860915492958,-0.0,CLEAR
4,0.3359154929577465,-0.0,CLEAR
4,0.3601232394366198,-0.0,CLEAR
5,0.37662852112676054,-0.14521684791984069,CLEAR
5,0.3637544014084507,-0.14521684791984069,CLEAR
4,0.37519806338028167,-0.0,CLEAR
5,0.4113996478873239,-0.14521684791984069,CLEAR
5,0.43142605633802816,-0.14521684791984069,CLEAR
5,0.4186619718309859,-0.14521684791984069,CLEAR
5,0.42504401408450704,-0.14521684791984069,CLEAR
5,0.42460387323943666,-0.14521684791984069,CLEAR
5,0.4186619718309859,-0.14521684791984069,CLEAR
5,0.4164612676056338,-0.14521684791984069,CLEAR
5,0.41635123239436617,-0.14521684791984069,CLEAR
5,0.4111795774647888,-0.14521684791984069,CLEAR
5,0.4222931338028169,-0.14521684791984069,CLEAR
5,0.42515404929577466,-0.14521684791984069,CLEAR
5,0.42350352112676054,-0.14521684791984069,CLEAR
5,0.4270246478873239,-0.14521684791984069,CLEAR
5,0.4310959507042254,-0.14521684791984069,CLEAR
5,0.41921214788732397,-0.14521684791984069,CLEAR
5,0.4254841549295775,-0.14521684791984069,CLEAR
5,0.42306338028169016,-0.14521684791984069,CLEAR
5,0.4342869718309859,-0.14521684791984069,CLEAR
5,0.4254841549295775,-0.14521684791984069,CLEAR
5,0.42427376760563384,-0.14521684791984069,CLEAR
5,0.4177816901408451,-0.14521684791984069,CLEAR
5,0.4150308098591549,-0.14521684791984069,CLEAR
5,0.42449383802816903,-0.14521684791984069,CLEAR
5,0.42328345070422535,-0.14521684791984069,CLEAR
5,0.41371038732394366,-0.14521684791984069,CLEAR
5,0.4191021126760563,-0.14521684791984069,CLEAR
5,0.4188820422535211,-0.14521684791984069,CLEAR
5,0.4094190140845071,-0.14521684791984069,CLEAR
5,0.41943221830985916,-0.14521684791984069,CLEAR
5,0.4243838028169014,-0.14521684791984069,CLEAR
5,0.42240316901408453,-0.14521684791984069,CLEAR
5,0.4152508802816901,-0.14521684791984069,CLEAR
5,0.4153609154929578,-0.14521684791984069,CLEAR
5,0.4248239436619718,-0.14521684791984069,CLEAR
5,0.4285651408450704,-0.14521684791984069,CLEAR
5,0.43164612676056335,-0.14521684791984069,CLEAR
5,0.43857834507042254,-0.14521684791984069,CLEAR
5,0.4340669014084507,-0.14521684791984069,CLEAR
5,0.4369278169014085,-0.14521684791984069,CLEAR
5,0.44143926056338034,-0.14521684791984069,CLEAR
5,0.42258228063583375,-0.14521684791984069,CLEAR
5,0.41356450319290167,-0.14521684791984069,CLEAR
4,0.3431136131286621,-0.0,CLEAR
4,0.3555017605633803,-0.0,CLEAR
4,0.36013374328613273,-0.0,CLEAR
4,0.3586927816901409,-0.0,CLEAR
7,0.2945422535211268,-0.43565054375952217,CLEAR
6,0.30048415492957753,-0.29043369583968137,CLEAR
6,0.3476892605633803,-0.29043369583968137,CLEAR
6,0.3786091549295775,-0.29043369583968137,CLEAR
6,0.369806338028169,-0.29043369583968137,CLEAR
6,0.41238996478873235,-0.29043369583968137,CLEAR
6,0.38961267605633804,-0.29043369583968137,CLEAR
6,0.3495598591549296,-0.29043369583968137,CLEAR
6,0.3519806338028169,-0.29043369583968137,CLEAR
6,0.3717869718309859,-0.29043369583968137,CLEAR
6,0.36936619718309865,-0.29043369583968137,CLEAR
6,0.37255721830985916,-0.29043369583968137,CLEAR
6,0.36892605633802816,-0.29043369583968137,CLEAR
6,0.37563820422535216,-0.29043369583968137,CLEAR
6,0.4044674295774648,-0.29043369583968137,CLEAR
6,0.42141285211267604,-0.29043369583968137,CLEAR
6,0.4296654929577465,-0.29043369583968137,CLEAR
6,0.4087588028169014,-0.29043369583968137,CLEAR
6,0.3852112676056338,-0.29043369583968137,CLEAR
6,0.361443661971831,-0.29043369583968137,CLEAR
6,0.3981954225352113,-0.29043369583968137,CLEAR
5,0.42878521126760566,-0.14521684791984069,CLEAR
5,0.435663628578186,-0.14521684791984069,CLEAR
5,0.4542792201042175,-0.14521684791984069,CLEAR
5,0.4588248239436619,-0.14521684791984069,CLEAR
5,0.4638924121856689,-0.14521684791984069,CLEAR
5,0.4475082159042359,-0.14521684791984069,CLEAR
5,0.44452906847000123,-0.14521684791984069,CLEAR
5,0.46183283329010005,-0.14521684791984069,CLEAR
5,0.46806778169014085,-0.14521684791984069,CLEAR
5,0.45079225352112673,-0.14521684791984069,CLEAR
5,0.4384683098591549,-0.14521684791984069,CLEAR
5,0.4636663732394366,-0.14521684791984069,CLEAR
5,0.44848151408450704,-0.14521684791984069,CLEAR
5,0.45574383802816903,-0.14521684791984069,CLEAR
5,0.4681778169014085,-0.14521684791984069,CLEAR
5,0.451012323943662,-0.14521684791984069,CLEAR
5,0.46311619718309854,-0.14521684791984069,CLEAR
5,0.46740757042253517,-0.14521684791984069,CLEAR
5,0.4647667253521126,-0.14521684791984069,CLEAR
5,0.4613556338028169,-0.14521684791984069,CLEAR
5,0.45145246478873235,-0.14521684791984069,CLEAR
5,0.467737676056338,-0.14521684791984069,CLEAR
5,0.4496919014084507,-0.14521684791984069,CLEAR
5,0.4492517605633803,-0.14521684791984069,CLEAR
5,0.3884022887323944,-0.14521684791984069,CLEAR
5,0.36936619718309865,-0.14521684791984069,CLEAR
5,0.3988556338028169,-0.14521684791984069,CLEAR
5,0.40105633802816903,-0.14521684791984069,CLEAR
5,0.37739876760563384,-0.14521684791984069,CLEAR
5,0.38246038732394366,-0.14521684791984069,CLEAR
5,0.4110695422535211,-0.14521684791984069,CLEAR
5,0.40083626760563384,-0.14521684791984069,CLEAR
5,0.4106294014084507,-0.14521684791984069,CLEAR
5,0.4360475352112676,-0.14521684791984069,CLEAR
5,0.46707746478873235,-0.14521684791984069,CLEAR
5,0.4495818661971831,-0.14521684791984069,CLEAR
5,0.47246919014084504,-0.14521684791984069,CLEAR
5,0.47191901408450704,-0.14521684791984069,CLEAR
5,0.4729093309859155,-0.14521684791984069,CLEAR
5,0.4737896126760563,-0.14521684791984069,CLEAR
5,0.467737676056338,-0.14521684791984069,CLEAR
5,0.4697183098591549,-0.14521684791984069,CLEAR
5,0.4731294014084507,-0.14521684791984069,CLEAR
4,0.4714788732394366,-0.0,CLEAR
5,0.47125880281690136,-0.14521684791984069,CLEAR
5,0.3961047535211268,-0.14521684791984069,CLEAR
5,0.42053257042253517,-0.14521684791984069,CLEAR
5,0.40017605633802816,-0.14521684791984069,CLEAR
5,0.38025968309859154,-0.14521684791984069,CLEAR
5,0.34064700704225354,-0.14521684791984069,CLEAR
5,0.33085387323943666,-0.14521684791984069,CLEAR
5,0.35847271126760566,-0.14521684791984069,CLEAR
5,0.3792693661971831,-0.14521684791984069,CLEAR
5,0.37915933098591553,-0.14521684791984069,CLEAR
5,0.3618838028169014,-0.14521684791984069,CLEAR
5,0.3811399647887324,-0.14521684791984069,CLEAR
5,0.3726672535211268,-0.14521684791984069,CLEAR
5,0.3851012323943662,-0.14521684791984069,CLEAR
5,0.3852112676056338,-0.14521684791984069,CLEAR
5,0.38257042253521123,-0.14521684791984069,CLEAR
5,0.3988556338028169,-0.14521684791984069,CLEAR
5,0.4047975352112676,-0.14521684791984069,CLEAR
5,0.39709507042253517,-0.14521684791984069,CLEAR
5,0.40215669014084504,-0.14521684791984069,CLEAR
5,0.38543133802816903,-0.14521684791984069,CLEAR
5,0.3975352112676056,-0.14521684791984069,CLEAR
5,0.40424735915492954,-0.14521684791984069,CLEAR
5,0.42658450704225354,-0.14521684791984069,CLEAR
5,0.3977552816901408,-0.14521684791984069,CLEAR
5,0.4210827464788732,-0.14521684791984069,CLEAR
5,0.42185299295774653,-0.14521684791984069,CLEAR
5,0.3879621478873239,-0.14521684791984069,CLEAR
5,0.39412411971830985,-0.14521684791984069,CLEAR
5,0.38961267605633804,-0.14521684791984069,CLEAR
5,0.3842209507042254,-0.14521684791984069,CLEAR
5,0.40017605633802816,-0.14521684791984069,CLEAR
5,0.3771786971830986,-0.14521684791984069,CLEAR
5,0.3964348591549296,-0.14521684791984069,CLEAR
5,0.38994278169014085,-0.14521684791984069,CLEAR
5,0.3946742957746479,-0.14521684791984069,CLEAR
5,0.3834507042253521,-0.14521684791984069,CLEAR
5,0.38036971830985916,-0.14521684791984069,CLEAR
5,0.36111355633802816,-0.14521684791984069,CLEAR
5,0.3852112676056338,-0.14521684791984069,CLEAR
5,0.36936619718309865,-0.14521684791984069,CLEAR
5,0.3841109154929578,-0.14521684791984069,CLEAR
5,0.4023767605633803,-0.14521684791984069,CLEAR
5,0.3658450704225352,-0.14521684791984069,CLEAR
5,0.38873239436619716,-0.14521684791984069,CLEAR
5,0.4006161971830986,-0.14521684791984069,CLEAR
5,0.4075484154929578,-0.14521684791984069,CLEAR
5,0.4111795774647888,-0.14521684791984069,CLEAR
5,0.3940140845070423,-0.14521684791984069,CLEAR
5,0.4075484154929578,-0.14521684791984069,CLEAR
5,0.3904929577464789,-0.14521684791984069,CLEAR
5,0.3972051056338028,-0.14521684791984069,CLEAR
5,0.3873019366197183,-0.14521684791984069,CLEAR
5,0.3780589788732394,-0.14521684791984069,CLEAR
5,0.37156690140845067,-0.14521684791984069,CLEAR
5,0.35693221830985916,-0.14521684791984069,CLEAR
5,0.37662852112676054,-0.14521684791984069,CLEAR
5,0.37024647887323947,-0.14521684791984069,CLEAR
5,0.38444102112676054,-0.14521684791984069,CLEAR
5,0.3790492957746479,-0.14521684791984069,CLEAR
5,0.35836267605633804,-0.14521684791984069,CLEAR
5,0.37607834507042254,-0.14521684791984069,CLEAR
5,0.36474471830985916,-0.14521684791984069,CLEAR
5,0.36155369718309854,-0.14521684791984069,CLEAR
5,0.38158010563380285,-0.14521684791984069,CLEAR
5,0.3616637323943662,-0.14521684791984069,CLEAR
5,0.3946742957746479,-0.14521684791984069,CLEAR
5,0.38246038732394366,-0.14521684791984069,CLEAR
5,0.38257042253521123,-0.14521684791984069,CLEAR
5,0.38025968309859154,-0.14521684791984069,CLEAR
5,0.3641945422535211,-0.14521684791984069,CLEAR
5,0.3546214788732394,-0.14521684791984069,CLEAR
5,0.3504401408450704,-0.14521684791984069,CLEAR
5,0.37398767605633804,-0.14521684791984069,CLEAR
5,0.3595730633802817,-0.14521684791984069,CLEAR
5,0.36617517605633804,-0.14521684791984069,CLEAR
5,0.3837808098591549,-0.14521684791984069,CLEAR
5,0.37255721830985916,-0.14521684791984069,CLEAR
5,0.3687059859154929,-0.14521684791984069,CLEAR
5,0.3726672535211268,-0.14521684791984069,CLEAR
5,0.3964348591549296,-0.14521684791984069,CLEAR
5,0.3852112676056338,-0.14521684791984069,CLEAR
5,0.39027288732394366,-0.14521684791984069,CLEAR
5,0.365625,-0.14521684791984069,CLEAR
5,0.37079665492957753,-0.14521684791984069,CLEAR
5,0.3879621478873239,-0.14521684791984069,CLEAR
5,0.37453785211267604,-0.14521684791984069,CLEAR
5,0.35715228873239435,-0.14521684791984069,CLEAR
5,0.3832306338028169,-0.14521684791984069,CLEAR
5,0.3717869718309859,-0.14521684791984069,CLEAR
5,0.3874119718309859,-0.14521684791984069,CLEAR
5,0.38609154929577466,-0.14521684791984069,CLEAR
5,0.39445422535211266,-0.14521684791984069,CLEAR
5,0.39170334507042254,-0.14521684791984069,CLEAR
5,0.3789392605633803,-0.14521684791984069,CLEAR
5,0.3720070422535211,-0.14521684791984069,CLEAR
5,0.37156690140845067,-0.14521684791984069,CLEAR
5,0.3718970070422535,-0.14521684791984069,CLEAR
5,0.37101672535211266,-0.14521684791984069,CLEAR
5,0.3629841549295774,-0.14521684791984069,CLEAR
5,0.4009463028169014,-0.14521684791984069,CLEAR
5,0.37948943661971835,-0.14521684791984069,CLEAR
5,0.37574823943661967,-0.14521684791984069,CLEAR
5,0.39280369718309865,-0.14521684791984069,CLEAR
5,0.3978653169014085,-0.14521684791984069,CLEAR
5,0.3716769366197183,-0.14521684791984069,CLEAR
5,0.33965669014084515,-0.14521684791984069,CLEAR
5,0.3618838028169014,-0.14521684791984069,CLEAR
5,0.3465889084507042,-0.14521684791984069,CLEAR
5,0.3394366197183099,-0.14521684791984069,CLEAR
5,0.36859595070422535,-0.14521684791984069,CLEAR
5,0.34306778169014085,-0.14521684791984069,CLEAR
5,0.35528169014084504,-0.14521684791984069,CLEAR
5,0.35143045774647885,-0.14521684791984069,CLEAR
5,0.36320422535211266,-0.14521684791984069,CLEAR
5,0.3537411971830986,-0.14521684791984069,CLEAR
5,0.3419674295774648,-0.14521684791984069,CLEAR
5,0.35363116197183103,-0.14521684791984069,CLEAR
5,0.35847271126760566,-0.14521684791984069,CLEAR
5,0.34130721830985916,-0.14521684791984069,CLEAR
5,0.3546214788732394,-0.14521684791984069,CLEAR
5,0.34966989436619716,-0.14521684791984069,CLEAR
5,0.3566021126760564,-0.14521684791984069,CLEAR
5,0.3607834507042254,-0.14521684791984069,CLEAR
5,0.36683538732394366,-0.14521684791984069,CLEAR
5,0.3492297535211268,-0.14521684791984069,CLEAR
5,0.3603433098591549,-0.14521684791984069,CLEAR
5,0.3317341549295775,-0.14521684791984069,CLEAR
5,0.34603873239436617,-0.14521684791984069,CLEAR
5,0.32777288732394366,-0.14521684791984069,CLEAR
5,0.3369058098591549,-0.14521684791984069,CLEAR
5,0.3218309859154929,-0.14521684791984069,CLEAR
5,0.3362455985915493,-0.14521684791984069,CLEAR
5,0.32348151408450704,-0.14521684791984069,CLEAR
5,0.329643485915493,-0.14521684791984069,CLEAR
5,0.32843309859154934,-0.14521684791984069,CLEAR
5,0.33371478873239435,-0.14521684791984069,CLEAR
5,0.33261443661971835,-0.14521684791984069,CLEAR
5,0.32557218309859154,-0.14521684791984069,CLEAR
5,0.33393485915492954,-0.14521684791984069,CLEAR
5,0.3282130281690141,-0.14521684791984069,CLEAR
5,0.3191901408450704,-0.14521684791984069,CLEAR
5,0.3148987676056338,-0.14521684791984069,CLEAR
5,0.3243617957746479,-0.14521684791984069,CLEAR
5,0.32887323943661967,-0.14521684791984069,CLEAR
5,0.3274427816901408,-0.14521684791984069,CLEAR
5,0.3264524647887324,-0.14521684791984069,CLEAR
5,0.33646566901408453,-0.14521684791984069,CLEAR
5,0.33261443661971835,-0.14521684791984069,CLEAR
5,0.3340448943661972,-0.14521684791984069,CLEAR
5,0.33492517605633804,-0.14521684791984069,CLEAR
5,0.33096390845070417,-0.14521684791984069,CLEAR
5,0.3227112676056338,-0.14521684791984069,CLEAR
5,0.33019366197183103,-0.14521684791984069,CLEAR
5,0.33019366197183103,-0.14521684791984069,CLEAR
5,0.33250440140845067,-0.14521684791984069,CLEAR
5,0.3638644366197183,-0.14521684791984069,CLEAR
5,0.36045334507042254,-0.14521684791984069,CLEAR
5,0.361443661971831,-0.14521684791984069,CLEAR
5,0.3671654929577464,-0.14521684791984069,CLEAR
5,0.36100352112676054,-0.14521684791984069,CLEAR
5,0.3527508802816901,-0.14521684791984069,CLEAR
5,0.3524207746478874,-0.14521684791984069,CLEAR
5,0.3548415492957746,-0.14521684791984069,CLEAR
5,0.3658450704225352,-0.14521684791984069,CLEAR
5,0.35715228873239435,-0.14521684791984069,CLEAR
5,0.35693221830985916,-0.14521684791984069,CLEAR
5,0.3657350352112676,-0.14521684791984069,CLEAR
5,0.3597931338028169,-0.14521684791984069,CLEAR
5,0.36133362676056335,-0.14521684791984069,CLEAR
5,0.36474471830985916,-0.14521684791984069,CLEAR
5,0.3555017605633803,-0.14521684791984069,CLEAR
5,0.36111355633802816,-0.14521684791984069,CLEAR
5,0.3477992957746479,-0.14521684791984069,CLEAR
5,0.36408450704225354,-0.14521684791984069,CLEAR
5,0.3453785211267606,-0.14521684791984069,CLEAR
5,0.37288732394366203,-0.14521684791984069,CLEAR
5,0.37145686619718316,-0.14521684791984069,CLEAR
5,0.36265404929577466,-0.14521684791984069,CLEAR
5,0.3768485915492958,-0.14521684791984069,CLEAR
5,0.3657350352112676,-0.14521684791984069,CLEAR
5,0.3477992957746479,-0.14521684791984069,CLEAR
5,0.3582526408450704,-0.14521684791984069,CLEAR
5,0.3464788732394366,-0.14521684791984069,CLEAR
5,0.36738556338028167,-0.14521684791984069,CLEAR
5,0.37244718309859154,-0.14521684791984069,CLEAR
5,0.35891285211267604,-0.14521684791984069,CLEAR
5,0.34724911971830985,-0.14521684791984069,CLEAR
5,0.346368838028169,-0.14521684791984069,CLEAR
5,0.3486795774647887,-0.14521684791984069,CLEAR
5,0.34482834507042254,-0.14521684791984069,CLEAR
5,0.3441681338028169,-0.14521684791984069,CLEAR
5,0.35220070422535216,-0.14521684791984069,CLEAR
5,0.3455985915492958,-0.14521684791984069,CLEAR
5,0.34900968309859154,-0.14521684791984069,CLEAR
5,0.3506602112676056,-0.14521684791984069,CLEAR
5,0.3436179577464789,-0.14521684791984069,CLEAR
5,0.34020686619718304,-0.14521684791984069,CLEAR
5,0.33558538732394366,-0.14521684791984069,CLEAR
5,0.34757922535211266,-0.14521684791984069,CLEAR
5,0.33569542253521123,-0.14521684791984069,CLEAR
5,0.35022007042253517,-0.14521684791984069,CLEAR
5,0.3421875,-0.14521684791984069,CLEAR
5,0.34273767605633804,-0.14521684791984069,CLEAR
5,0.3373459507042254,-0.14521684791984069,CLEAR
5,0.35539172535211266,-0.14521684791984069,CLEAR
5,0.3566021126760564,-0.14521684791984069,CLEAR
5,0.3453785211267606,-0.14521684791984069,CLEAR
5,0.34702904929577466,-0.14521684791984069,CLEAR
5,0.36474471830985916,-0.14521684791984069,CLEAR
5,0.3513204225352113,-0.14521684791984069,CLEAR
5,0.3624339788732394,-0.14521684791984069,CLEAR
5,0.34757922535211266,-0.14521684791984069,CLEAR
5,0.3513204225352113,-0.14521684791984069,CLEAR
5,0.3528609154929577,-0.14521684791984069,CLEAR
5,0.3466989436619718,-0.14521684791984069,CLEAR
5,0.3671654929577464,-0.14521684791984069,CLEAR
5,0.3856514084507043,-0.14521684791984069,CLEAR
5,0.37728873239436617,-0.14521684791984069,CLEAR
5,0.36155369718309854,-0.14521684791984069,CLEAR
5,0.404137323943662,-0.14521684791984069,CLEAR
5,0.41800176056338034,-0.14521684791984069,CLEAR
5,0.4647667253521126,-0.14521684791984069,CLEAR
5,0.46531690140845067,-0.14521684791984069,CLEAR
5,0.46531690140845067,-0.14521684791984069,CLEAR
5,0.4645466549295775,-0.14521684791984069,CLEAR
5,0.46025528169014085,-0.14521684791984069,CLEAR
5,0.46487676056338023,-0.14521684791984069,CLEAR
5,0.46487676056338023,-0.14521684791984069,CLEAR
5,0.44859154929577466,-0.14521684791984069,CLEAR
5,0.44386003521126766,-0.14521684791984069,CLEAR
5,0.45607394366197185,-0.14521684791984069,CLEAR
5,0.45123239436619716,-0.14521684791984069,CLEAR
5,0.4637764084507042,-0.14521684791984069,CLEAR
5,0.4571742957746479,-0.14521684791984069,CLEAR
5,0.45200264084507036,-0.14521684791984069,CLEAR
5,0.4646566901408451,-0.14521684791984069,CLEAR
5,0.4647667253521126,-0.14521684791984069,CLEAR
5,0.43681778169014085,-0.14521684791984069,CLEAR
5,0.44264964788732397,-0.14521684791984069,CLEAR
5,0.42955545774647885,-0.14521684791984069,CLEAR
5,0.4461707746478873,-0.14521684791984069,CLEAR
5,0.4361575704225352,-0.14521684791984069,CLEAR
5,0.4307658450704226,-0.14521684791984069,CLEAR
5,0.44584066901408453,-0.14521684791984069,CLEAR
5,0.4457306338028169,-0.14521684791984069,CLEAR
5,0.4441901408450704,-0.14521684791984069,CLEAR
5,0.44386003521126766,-0.14521684791984069,CLEAR
5,0.45090228873239435,-0.14521684791984069,CLEAR
5,0.4633362676056338,-0.14521684791984069,CLEAR
5,0.46608714788732397,-0.14521684791984069,CLEAR
5,0.4504621478873239,-0.14521684791984069,CLEAR
5,0.4612455985915493,-0.14521684791984069,CLEAR
5,0.44518045774647885,-0.14521684791984069,CLEAR
5,0.439018485915493,-0.14521684791984069,CLEAR
5,0.44397007042253517,-0.14521684791984069,CLEAR
5,0.4382482394366197,-0.14521684791984069,CLEAR
5,0.4522227112676056,-0.14521684791984069,CLEAR
5,0.44386003521126766,-0.14521684791984069,CLEAR
5,0.4416593309859154,-0.14521684791984069,CLEAR
5,0.41943221830985916,-0.14521684791984069,CLEAR
5,0.44275968309859154,-0.14521684791984069,CLEAR
5,0.4394586267605634,-0.14521684791984069,CLEAR
5,0.44077904929577466,-0.14521684791984069,CLEAR
5,0.4503521126760563,-0.14521684791984069,CLEAR
5,0.44341989436619716,-0.14521684791984069,CLEAR
5,0.42889524647887317,-0.14521684791984069,CLEAR
5,0.44099911971830985,-0.14521684791984069,CLEAR
5,0.42812500000000003,-0.14521684791984069,CLEAR
5,0.44551056338028167,-0.14521684791984069,CLEAR
5,0.43362676056338023,-0.14521684791984069,CLEAR
5,0.4394586267605634,-0.14521684791984069,CLEAR
5,0.44341989436619716,-0.14521684791984069,CLEAR
5,0.4492517605633803,-0.14521684791984069,CLEAR
5,0.45871478873239435,-0.14521684791984069,CLEAR
5,0.44760123239436617,-0.14521684791984069,CLEAR
5,0.4291153169014084,-0.14521684791984069,CLEAR
5,0.44705105633802816,-0.14521684791984069,CLEAR
5,0.4576144366197183,-0.14521684791984069,CLEAR
5,0.455193661971831,-0.14521684791984069,CLEAR
5,0.4492517605633803,-0.14521684791984069,CLEAR
5,0.4447403169014085,-0.14521684791984069,CLEAR
5,0.4617957746478873,-0.14521684791984069,CLEAR
5,0.4429797535211268,-0.14521684791984069,CLEAR
5,0.45189260563380285,-0.14521684791984069,CLEAR
5,0.4545334507042253,-0.14521684791984069,CLEAR
5,0.4619058098591549,-0.14521684791984069,CLEAR
5,0.4466109154929577,-0.14521684791984069,CLEAR
5,0.44650088028169016,-0.14521684791984069,CLEAR
5,0.440118838028169,-0.14521684791984069,CLEAR
5,0.45783450704225354,-0.14521684791984069,CLEAR
5,0.4617957746478873,-0.14521684791984069,CLEAR
5,0.44914172535211266,-0.14521684791984069,CLEAR
5,0.463556338028169,-0.14521684791984069,CLEAR
5,0.4482614436619718,-0.14521684791984069,CLEAR
5,0.4687279929577465,-0.14521684791984069,CLEAR
5,0.4531029929577465,-0.14521684791984069,CLEAR
5,0.4679577464788732,-0.14521684791984069,CLEAR
5,0.4584947183098591,-0.14521684791984069,CLEAR
5,0.4592649647887324,-0.14521684791984069,CLEAR
5,0.4696082746478873,-0.14521684791984069,CLEAR
5,0.4657570422535211,-0.14521684791984069,CLEAR
5,0.47015845070422535,-0.14521684791984069,CLEAR
5,0.46652728873239435,-0.14521684791984069,CLEAR
5,0.4679577464788732,-0.14521684791984069,CLEAR
5,0.4626760563380281,-0.14521684791984069,CLEAR
5,0.463556338028169,-0.14521684791984069,CLEAR
5,0.46630721830985916,-0.14521684791984069,CLEAR
5,0.4603653169014085,-0.14521684791984069,CLEAR
5,0.4609154929577464,-0.14521684791984069,CLEAR
5,0.4572843309859155,-0.14521684791984069,CLEAR
5,0.4612455985915493,-0.14521684791984069,CLEAR
5,0.4650968309859155,-0.14521684791984069,CLEAR
5,0.45662411971830985,-0.14521684791984069,CLEAR
5,0.4601452464788732,-0.14521684791984069,CLEAR
5,0.4386883802816901,-0.14521684791984069,CLEAR
5,0.4685079225352113,-0.14521684791984069,CLEAR
5,0.4614656690140845,-0.14521684791984069,CLEAR
5,0.4600352112676056,-0.14521684791984069,CLEAR
5,0.45904489436619716,-0.14521684791984069,CLEAR
5,0.4559639084507042,-0.14521684791984069,CLEAR
5,0.456294014084507,-0.14521684791984069,CLEAR
5,0.4567341549295774,-0.14521684791984069,CLEAR
5,0.4436399647887324,-0.14521684791984069,CLEAR
5,0.4400088028169014,-0.14521684791984069,CLEAR
5,0.4496919014084507,-0.14521684791984069,CLEAR
5,0.43857834507042254,-0.14521684791984069,CLEAR
5,0.42713468309859154,-0.14521684791984069,CLEAR
5,0.440118838028169,-0.14521684791984069,CLEAR
5,0.4237235915492958,-0.14521684791984069,CLEAR
5,0.4367077464788733,-0.14521684791984069,CLEAR
5,0.45299295774647885,-0.14521684791984069,CLEAR
5,0.44914172535211266,-0.14521684791984069,CLEAR
5,0.44705105633802816,-0.14521684791984069,CLEAR
5,0.4577244718309859,-0.14521684791984069,CLEAR
5,0.44870158450704223,-0.14521684791984069,CLEAR
5,0.4387984154929578,-0.14521684791984069,CLEAR
5,0.4352772887323944,-0.14521684791984069,CLEAR
5,0.4523327464788732,-0.14521684791984069,CLEAR
5,0.4423195422535211,-0.14521684791984069,CLEAR
5,0.4523327464788732,-0.14521684791984069,CLEAR
5,0.4633362676056338,-0.14521684791984069,CLEAR
5,0.4614656690140845,-0.14521684791984069,CLEAR
5,0.4676276408450704,-0.14521684791984069,CLEAR
5,0.4577244718309859,-0.14521684791984069,CLEAR
5,0.45112235915492954,-0.14521684791984069,CLEAR
5,0.4678477112676056,-0.14521684791984069,CLEAR
5,0.4678477112676056,-0.14521684791984069,CLEAR
5,0.4595950704225352,-0.14521684791984069,CLEAR
5,0.4573943661971831,-0.14521684791984069,CLEAR
5,0.4654269366197183,-0.14521684791984069,CLEAR
5,0.4538732394366197,-0.14521684791984069,CLEAR
5,0.45607394366197185,-0.14521684791984069,CLEAR
5,0.46608714788732397,-0.14521684791984069,CLEAR
5,0.46025528169014085,-0.14521684791984069,CLEAR
5,0.46696742957746473,-0.14521684791984069,CLEAR
4,0.4692781690140845,-0.0,CLEAR
4,0.4696082746478873,-0.0,CLEAR
5,0.4696082746478873,-0.14521684791984069,CLEAR
5,0.4687279929577465,-0.14521684791984069,CLEAR
5,0.46949823943661967,-0.14521684791984069,CLEAR
5,0.467737676056338,-0.14521684791984069,CLEAR
5,0.4679577464788732,-0.14521684791984069,CLEAR
5,0.4675176056338028,-0.14521684791984069,CLEAR
5,0.46806778169014085,-0.14521684791984069,CLEAR
5,0.4658670774647887,-0.14521684791984069,CLEAR
5,0.4522227112676056,-0.14521684791984069,CLEAR
5,0.4595950704225352,-0.14521684791984069,CLEAR
5,0.4545334507042253,-0.14521684791984069,CLEAR
5,0.4654269366197183,-0.14521684791984069,CLEAR
5,0.46806778169014085,-0.14521684791984069,CLEAR
4,0.467737676056338,-0.0,CLEAR
4,0.467737676056338,-0.0,CLEAR
4,0.467737676056338,-0.0,CLEAR
4,0.4681778169014085,-0.0,CLEAR
4,0.4671875,-0.0,CLEAR
4,0.4671875,-0.0,CLEAR
4,0.4675176056338028,-0.0,CLEAR
4,0.4672975352112676,-0.0,CLEAR
4,0.4675176056338028,-0.0,CLEAR
5,0.4664172535211268,-0.14521684791984069,CLEAR
4,0.4679577464788732,-0.0,CLEAR
4,0.4696082746478873,-0.0,CLEAR
4,0.4675176056338028,-0.0,CLEAR
4,0.470268485915493,-0.0,CLEAR
4,0.47048855633802816,-0.0,CLEAR
4,0.4709286971830986,-0.0,CLEAR
4,0.4700484154929577,-0.0,CLEAR
4,0.4693882042253521,-0.0,CLEAR
4,0.4700484154929577,-0.0,CLEAR
4,0.46993838028169016,-0.0,CLEAR
4,0.47070862676056335,-0.0,CLEAR
4,0.4705985915492958,-0.0,CLEAR
4,0.4696082746478873,-0.0,CLEAR
4,0.470818661971831,-0.0,CLEAR
4,0.47048855633802816,-0.0,CLEAR
5,0.4700484154929577,-0.14521684791984069,CLEAR
4,0.46982834507042254,-0.0,CLEAR
4,0.4679577464788732,-0.0,CLEAR
4,0.46949823943661967,-0.0,CLEAR
4,0.4692781690140845,-0.0,CLEAR
4,0.46949823943661967,-0.0,CLEAR
5,0.46828785211267604,-0.14521684791984069,CLEAR
5,0.46905809859154923,-0.14521684791984069,CLEAR
5,0.46828785211267604,-0.14521684791984069,CLEAR
4,0.4678477112676056,-0.0,CLEAR
4,0.46916813380281686,-0.0,CLEAR
4,0.46905809859154923,-0.0,CLEAR
4,0.46916813380281686,-0.0,CLEAR
4,0.46916813380281686,-0.0,CLEAR
4,0.46861795774647885,-0.0,CLEAR
4,0.4685079225352113,-0.0,CLEAR
4,0.46707746478873235,-0.0,CLEAR
4,0.4672975352112676,-0.0,CLEAR
5,0.46619718309859154,-0.14521684791984069,CLEAR
4,0.4679577464788732,-0.0,CLEAR
5,0.46707746478873235,-0.14521684791984069,CLEAR
5,0.46839788732394366,-0.14521684791984069,CLEAR
4,0.46828785211267604,-0.0,CLEAR
4,0.46696742957746473,-0.0,CLEAR
5,0.4689480633802816,-0.14521684791984069,CLEAR
5,0.4672975352112676,-0.14521684791984069,CLEAR
4,0.4692781690140845,-0.0,CLEAR
5,0.4679577464788732,-0.14521684791984069,CLEAR
4,0.4685079225352113,-0.0,CLEAR
4,0.4681778169014085,-0.0,CLEAR
4,0.46916813380281686,-0.0,CLEAR
4,0.4685079225352113,-0.0,CLEAR
5,0.4675176056338028,-0.14521684791984069,CLEAR
5,0.4675176056338028,-0.14521684791984069,CLEAR
4,0.4675176056338028,-0.0,CLEAR
4,0.46696742957746473,-0.0,CLEAR
4,0.4685079225352113,-0.0,CLEAR
4,0.4681778169014085,-0.0,CLEAR
5,0.46905809859154923,-0.14521684791984069,CLEAR
4,0.4678477112676056,-0.0,CLEAR
4,0.4675176056338028,-0.0,CLEAR
5,0.4672975352112676,-0.14521684791984069,CLEAR
4,0.4681778169014085,-0.0,CLEAR
4,0.4676276408450704,-0.0,CLEAR
5,0.4679577464788732,-0.14521684791984069,CLEAR
5,0.4685079225352113,-0.14521684791984069,CLEAR
5,0.46696742957746473,-0.14521684791984069,CLEAR
5,0.46828785211267604,-0.14521684791984069,CLEAR
5,0.4672975352112676,-0.14521684791984069,CLEAR
5,0.46806778169014085,-0.14521684791984069,CLEAR
5,0.4675176056338028,-0.14521684791984069,CLEAR
5,0.4675176056338028,-0.14521684791984069,CLEAR
5,0.4664172535211268,-0.14521684791984069,CLEAR
5,0.46707746478873235,-0.14521684791984069,CLEAR
4,0.46828785211267604,-0.0,CLEAR
5,0.4671875,-0.14521684791984069,CLEAR
5,0.4668573943661971,-0.14521684791984069,CLEAR
4,0.4681778169014085,-0.0,CLEAR
5,0.46839788732394366,-0.14521684791984069,CLEAR
5,0.4678477112676056,-0.14521684791984069,CLEAR
5,0.466637323943662,-0.14521684791984069,CLEAR
5,0.4679577464788732,-0.14521684791984069,CLEAR
5,0.4689480633802816,-0.14521684791984069,CLEAR
5,0.4679577464788732,-0.14521684791984069,CLEAR
5,0.4679577464788732,-0.14521684791984069,CLEAR
5,0.4681778169014085,-0.14521684791984069,CLEAR
5,0.4668573943661971,-0.14521684791984069,CLEAR
4,0.4681778169014085,-0.0,CLEAR
5,0.46707746478873235,-0.14521684791984069,CLEAR
4,0.46707746478873235,-0.0,CLEAR
5,0.4667473591549296,-0.14521684791984069,CLEAR
5,0.4679577464788732,-0.14521684791984069,CLEAR
5,0.4675176056338028,-0.14521684791984069,CLEAR
5,0.4672975352112676,-0.14521684791984069,CLEAR
5,0.4685079225352113,-0.14521684791984069,CLEAR
5,0.46806778169014085,-0.14521684791984069,CLEAR
5,0.467737676056338,-0.14521684791984069,CLEAR
4,0.46828785211267604,-0.0,CLEAR
5,0.46696742957746473,-0.14521684791984069,CLEAR
4,0.46839788732394366,-0.0,CLEAR
4,0.46905809859154923,-0.0,CLEAR
5,0.46861795774647885,-0.14521684791984069,CLEAR
4,0.4693882042253521,-0.0,CLEAR
4,0.4696082746478873,-0.0,CLEAR
4,0.46916813380281686,-0.0,CLEAR
4,0.462455985915493,-0.0,CLEAR
4,0.4675176056338028,-0.0,CLEAR
4,0.4668573943661971,-0.0,CLEAR
4,0.4658670774647887,-0.0,CLEAR
5,0.46069542253521123,-0.14521684791984069,CLEAR
5,0.46201584507042254,-0.14521684791984069,CLEAR
4,0.4636663732394366,-0.0,CLEAR
4,0.467737676056338,-0.0,CLEAR
4,0.4584947183098591,-0.0,CLEAR
4,0.4678477112676056,-0.0,CLEAR
4,0.4688380281690141,-0.0,CLEAR
4,0.4692781690140845,-0.0,CLEAR
4,0.46828785211267604,-0.0,CLEAR
5,0.4693882042253521,-0.14521684791984069,CLEAR
5,0.4700484154929577,-0.14521684791984069,CLEAR
5,0.46861795774647885,-0.14521684791984069,CLEAR
5,0.46982834507042254,-0.14521684791984069,CLEAR
5,0.47125880281690136,-0.14521684791984069,CLEAR
5,0.4613556338028169,-0.14521684791984069,CLEAR
5,0.467737676056338,-0.14521684791984069,CLEAR
5,0.46993838028169016,-0.14521684791984069,CLEAR
5,0.47037852112676054,-0.14521684791984069,CLEAR
5,0.47070862676056335,-0.14521684791984069,CLEAR
5,0.4718089788732394,-0.14521684791984069,CLEAR
5,0.470818661971831,-0.14521684791984069,CLEAR
5,0.4700484154929577,-0.14521684791984069,CLEAR
5,0.46630721830985916,-0.14521684791984069,CLEAR
5,0.44264964788732397,-0.14521684791984069,CLEAR
5,0.4290052816901409,-0.14521684791984069,CLEAR
5,0.4650968309859155,-0.14521684791984069,CLEAR
5,0.4424295774647887,-0.14521684791984069,CLEAR
5,0.4450704225352113,-0.14521684791984069,CLEAR
5,0.46608714788732397,-0.14521684791984069,CLEAR
4,0.46949823943661967,-0.0,CLEAR
4,0.4697183098591549,-0.0,CLEAR
5,0.46740757042253517,-0.14521684791984069,CLEAR
5,0.4676276408450704,-0.14521684791984069,CLEAR
5,0.4688380281690141,-0.14521684791984069,CLEAR
4,0.4688380281690141,-0.0,CLEAR
5,0.4688380281690141,-0.14521684791984069,CLEAR
4,0.4685079225352113,-0.0,CLEAR
5,0.46916813380281686,-0.14521684791984069,CLEAR
5,0.46839788732394366,-0.14521684791984069,CLEAR
4,0.4678477112676056,-0.0,CLEAR
5,0.46806778169014085,-0.14521684791984069,CLEAR
4,0.4679577464788732,-0.0,CLEAR
4,0.46839788732394366,-0.0,CLEAR
4,0.46839788732394366,-0.0,CLEAR
4,0.46905809859154923,-0.0,CLEAR
4,0.46839788732394366,-0.0,CLEAR
4,0.4688380281690141,-0.0,CLEAR
4,0.4687279929577465,-0.0,CLEAR
4,0.46949823943661967,-0.0,CLEAR
5,0.46806778169014085,-0.14521684791984069,CLEAR
4,0.46828785211267604,-0.0,CLEAR
4,0.4687279929577465,-0.0,CLEAR
4,0.4685079225352113,-0.0,CLEAR
4,0.46916813380281686,-0.0,CLEAR
4,0.4689480633802816,-0.0,CLEAR
5,0.46707746478873235,-0.14521684791984069,CLEAR
4,0.46861795774647885,-0.0,CLEAR
4,0.4693882042253521,-0.0,CLEAR
4,0.4678477112676056,-0.0,CLEAR
4,0.46806778169014085,-0.0,CLEAR
4,0.4696082746478873,-0.0,CLEAR
4,0.4687279929577465,-0.0,CLEAR
4,0.46982834507042254,-0.0,CLEAR
4,0.46916813380281686,-0.0,CLEAR
5,0.4678477112676056,-0.14521684791984069,CLEAR
5,0.467737676056338,-0.14521684791984069,CLEAR
5,0.46806778169014085,-0.14521684791984069,CLEAR
4,0.4685079225352113,-0.0,CLEAR
5,0.4678477112676056,-0.14521684791984069,CLEAR
5,0.46861795774647885,-0.14521684791984069,CLEAR
4,0.46861795774647885,-0.0,CLEAR
4,0.46839788732394366,-0.0,CLEAR
4,0.46905809859154923,-0.0,CLEAR
4,0.46806778169014085,-0.0,CLEAR
4,0.46861795774647885,-0.0,CLEAR
5,0.4687279929577465,-0.14521684791984069,CLEAR
4,0.4697183098591549,-0.0,CLEAR
4,0.4696082746478873,-0.0,CLEAR
4,0.4679577464788732,-0.0,CLEAR
5,0.4688380281690141,-0.14521684791984069,CLEAR
5,0.4688380281690141,-0.14521684791984069,CLEAR
5,0.46916813380281686,-0.14521684791984069,CLEAR
5,0.4688380281690141,-0.14521684791984069,CLEAR
5,0.46949823943661967,-0.14521684791984069,CLEAR
5,0.4685079225352113,-0.14521684791984069,CLEAR
4,0.4688380281690141,-0.0,CLEAR
4,0.4681778169014085,-0.0,CLEAR
5,0.46839788732394366,-0.14521684791984069,CLEAR
5,0.4689480633802816,-0.14521684791984069,CLEAR
4,0.46861795774647885,-0.0,CLEAR
5,0.4692781690140845,-0.14521684791984069,CLEAR
5,0.46861795774647885,-0.14521684791984069,CLEAR
5,0.4685079225352113,-0.14521684791984069,CLEAR
4,0.4685079225352113,-0.0,CLEAR
4,0.4671875,-0.0,CLEAR
4,0.47015845070422535,-0.0,CLEAR
4,0.4667473591549296,-0.0,CLEAR
4,0.4664172535211268,-0.0,CLEAR
4,0.4678477112676056,-0.0,CLEAR
4,0.46905809859154923,-0.0,CLEAR
4,0.46905809859154923,-0.0,CLEAR
4,0.4689480633802816,-0.0,CLEAR
4,0.4689480633802816,-0.0,CLEAR
5,0.46839788732394366,-0.14521684791984069,CLEAR
5,0.46839788732394366,-0.14521684791984069,CLEAR
5,0.4687279929577465,-0.14521684791984069,CLEAR
4,0.46949823943661967,-0.0,CLEAR
4,0.46806778169014085,-0.0,CLEAR
4,0.4675176056338028,-0.0,CLEAR
5,0.46707746478873235,-0.14521684791984069,CLEAR
5,0.46608714788732397,-0.14521684791984069,CLEAR
4,0.46905809859154923,-0.0,CLEAR
5,0.4688380281690141,-0.14521684791984069,CLEAR
5,0.4687279929577465,-0.14521684791984069,CLEAR
5,0.4676276408450704,-0.14521684791984069,CLEAR
5,0.46861795774647885,-0.14521684791984069,CLEAR
5,0.4681778169014085,-0.14521684791984069,CLEAR
5,0.4668573943661971,-0.14521684791984069,CLEAR
5,0.4679577464788732,-0.14521684791984069,CLEAR
5,0.4678477112676056,-0.14521684791984069,CLEAR
5,0.46806778169014085,-0.14521684791984069,CLEAR
5,0.4654269366197183,-0.14521684791984069,CLEAR
5,0.46839788732394366,-0.14521684791984069,CLEAR
5,0.4650968309859155,-0.14521684791984069,CLEAR
5,0.46916813380281686,-0.14521684791984069,CLEAR
5,0.4679577464788732,-0.14521684791984069,CLEAR
5,0.46652728873239435,-0.14521684791984069,CLEAR
5,0.4658670774647887,-0.14521684791984069,CLEAR
5,0.46740757042253517,-0.14521684791984069,CLEAR
5,0.463006161971831,-0.14521684791984069,CLEAR
5,0.46652728873239435,-0.14521684791984069,CLEAR
5,0.4664172535211268,-0.14521684791984069,CLEAR
5,0.46740757042253517,-0.14521684791984069,CLEAR
5,0.4668573943661971,-0.14521684791984069,CLEAR
4,0.46740757042253517,-0.0,CLEAR
5,0.46806778169014085,-0.14521684791984069,CLEAR
5,0.46652728873239435,-0.14521684791984069,CLEAR
5,0.4650968309859155,-0.14521684791984069,CLEAR
5,0.46520686619718304,-0.14521684791984069,CLEAR
5,0.466637323943662,-0.14521684791984069,CLEAR
5,0.46740757042253517,-0.14521684791984069,CLEAR
5,0.4676276408450704,-0.14521684791984069,CLEAR
5,0.4678477112676056,-0.14521684791984069,CLEAR
5,0.4675176056338028,-0.14521684791984069,CLEAR
5,0.4672975352112676,-0.14521684791984069,CLEAR
5,0.467737676056338,-0.14521684791984069,CLEAR
4,0.4697183098591549,-0.0,CLEAR
5,0.46828785211267604,-0.14521684791984069,CLEAR
5,0.4685079225352113,-0.14521684791984069,CLEAR
5,0.4681778169014085,-0.14521684791984069,CLEAR
5,0.46949823943661967,-0.14521684791984069,CLEAR
5,0.46839788732394366,-0.14521684791984069,CLEAR
4,0.46916813380281686,-0.0,CLEAR
4,0.46740757042253517,-0.0,CLEAR
4,0.4685079225352113,-0.0,CLEAR
5,0.4678477112676056,-0.14521684791984069,CLEAR
4,0.46905809859154923,-0.0,CLEAR
4,0.4679577464788732,-0.0,CLEAR
5,0.46861795774647885,-0.14521684791984069,CLEAR
5,0.46828785211267604,-0.14521684791984069,CLEAR
4,0.46905809859154923,-0.0,CLEAR
5,0.46531690140845067,-0.14521684791984069,CLEAR
5,0.4696082746478873,-0.14521684791984069,CLEAR
5,0.4692781690140845,-0.14521684791984069,CLEAR
4,0.4679577464788732,-0.0,CLEAR
5,0.4668573943661971,-0.14521684791984069,CLEAR
5,0.46806778169014085,-0.14521684791984069,CLEAR
5,0.4689480633802816,-0.14521684791984069,CLEAR
5,0.46740757042253517,-0.14521684791984069,CLEAR
5,0.4664172535211268,-0.14521684791984069,CLEAR
5,0.46861795774647885,-0.14521684791984069,CLEAR
4,0.4689480633802816,-0.0,CLEAR
5,0.4678477112676056,-0.14521684791984069,CLEAR
5,0.46861795774647885,-0.14521684791984069,CLEAR
5,0.4672975352112676,-0.14521684791984069,CLEAR
5,0.4685079225352113,-0.14521684791984069,CLEAR
5,0.47015845070422535,-0.14521684791984069,CLEAR
5,0.47015845070422535,-0.14521684791984069,CLEAR
5,0.466637323943662,-0.14521684791984069,CLEAR
5,0.46608714788732397,-0.14521684791984069,CLEAR
5,0.4687279929577465,-0.14521684791984069,CLEAR
5,0.4659771126760563,-0.14521684791984069,CLEAR
5,0.4687279929577465,-0.14521684791984069,CLEAR
5,0.4679577464788732,-0.14521684791984069,CLEAR
5,0.46487676056338023,-0.14521684791984069,CLEAR
5,0.4687279929577465,-0.14521684791984069,CLEAR
5,0.4671875,-0.14521684791984069,CLEAR
5,0.4685079225352113,-0.14521684791984069,CLEAR
5,0.46905809859154923,-0.14521684791984069,CLEAR
4,0.4697183098591549,-0.0,CLEAR
4,0.46905809859154923,-0.0,CLEAR
4,0.4697183098591549,-0.0,CLEAR
4,0.4692781690140845,-0.0,CLEAR
5,0.46828785211267604,-0.14521684791984069,CLEAR
4,0.4688380281690141,-0.0,CLEAR
4,0.4688380281690141,-0.0,CLEAR
4,0.46806778169014085,-0.0,CLEAR
4,0.46905809859154923,-0.0,CLEAR
5,0.4685079225352113,-0.14521684791984069,CLEAR
5,0.4681778169014085,-0.14521684791984069,CLEAR
5,0.4672975352112676,-0.14521684791984069,CLEAR
5,0.46740757042253517,-0.14521684791984069,CLEAR
5,0.4643265845070423,-0.14521684791984069,CLEAR
5,0.4667473591549296,-0.14521684791984069,CLEAR
5,0.4676276408450704,-0.14521684791984069,CLEAR
5,0.4688380281690141,-0.14521684791984069,CLEAR
4,0.46905809859154923,-0.0,CLEAR
5,0.46619718309859154,-0.14521684791984069,CLEAR
5,0.4681778169014085,-0.14521684791984069,CLEAR
5,0.4655369718309859,-0.14521684791984069,CLEAR
5,0.46905809859154923,-0.14521684791984069,CLEAR
5,0.4667473591549296,-0.14521684791984069,CLEAR
5,0.467737676056338,-0.14521684791984069,CLEAR
5,0.4672975352112676,-0.14521684791984069,CLEAR
4,0.4685079225352113,-0.0,CLEAR
5,0.4676276408450704,-0.14521684791984069,CLEAR
5,0.4671875,-0.14521684791984069,CLEAR
5,0.4681778169014085,-0.14521684791984069,CLEAR
5,0.4678477112676056,-0.14521684791984069,CLEAR
5,0.46806778169014085,-0.14521684791984069,CLEAR
5,0.4688380281690141,-0.14521684791984069,CLEAR
5,0.4678477112676056,-0.14521684791984069,CLEAR
5,0.4681778169014085,-0.14521684791984069,CLEAR
5,0.4672975352112676,-0.14521684791984069,CLEAR
5,0.467737676056338,-0.14521684791984069,CLEAR
5,0.46806778169014085,-0.14521684791984069,CLEAR
4,0.4688380281690141,-0.0,CLEAR
5,0.46696742957746473,-0.14521684791984069,CLEAR
5,0.46806778169014085,-0.14521684791984069,CLEAR
5,0.46696742957746473,-0.14521684791984069,CLEAR
5,0.46707746478873235,-0.14521684791984069,CLEAR
5,0.4685079225352113,-0.14521684791984069,CLEAR
5,0.4696082746478873,-0.14521684791984069,CLEAR
5,0.46905809859154923,-0.14521684791984069,CLEAR
5,0.4687279929577465,-0.14521684791984069,CLEAR
5,0.46707746478873235,-0.14521684791984069,CLEAR
5,0.4689480633802816,-0.14521684791984069,CLEAR
5,0.46740757042253517,-0.14521684791984069,CLEAR
5,0.46806778169014085,-0.14521684791984069,CLEAR
5,0.46696742957746473,-0.14521684791984069,CLEAR
5,0.467737676056338,-0.14521684791984069,CLEAR
4,0.46828785211267604,-0.0,CLEAR
4,0.4678477112676056,-0.0,CLEAR
4,0.46828785211267604,-0.0,CLEAR
4,0.4689480633802816,-0.0,CLEAR
4,0.4688380281690141,-0.0,CLEAR
4,0.4687279929577465,-0.0,CLEAR
4,0.46905809859154923,-0.0,CLEAR
4,0.4700484154929577,-0.0,CLEAR
4,0.4693882042253521,-0.0,CLEAR
4,0.4697183098591549,-0.0,CLEAR
4,0.4693882042253521,-0.0,CLEAR
4,0.4700484154929577,-0.0,CLEAR
4,0.47037852112676054,-0.0,CLEAR
4,0.4693882042253521,-0.0,CLEAR
4,0.4700484154929577,-0.0,CLEAR
4,0.4697183098591549,-0.0,CLEAR
4,0.47015845070422535,-0.0,CLEAR
4,0.47015845070422535,-0.0,CLEAR
4,0.46993838028169016,-0.0,CLEAR
4,0.470268485915493,-0.0,CLEAR
4,0.47015845070422535,-0.0,CLEAR
4,0.4678477112676056,-0.0,CLEAR
4,0.46916813380281686,-0.0,CLEAR
4,0.47015845070422535,-0.0,CLEAR
4,0.4692781690140845,-0.0,CLEAR
4,0.47015845070422535,-0.0,CLEAR
4,0.46905809859154923,-0.0,CLEAR
4,0.4693882042253521,-0.0,CLEAR
4,0.4693882042253521,-0.0,CLEAR
4,0.4685079225352113,-0.0,CLEAR
4,0.4693882042253521,-0.0,CLEAR
4,0.4693882042253521,-0.0,CLEAR
4,0.46861795774647885,-0.0,CLEAR
4,0.4679577464788732,-0.0,CLEAR
4,0.46839788732394366,-0.0,CLEAR
4,0.4685079225352113,-0.0,CLEAR
4,0.46828785211267604,-0.0,CLEAR
4,0.46861795774647885,-0.0,CLEAR
4,0.46861795774647885,-0.0,CLEAR
5,0.4613556338028169,-0.14521684791984069,CLEAR
5,0.09322829246520996,-0.14521684791984069,CLEAR
5,0.0,0.0,BRAKE
5,0.0,0.0,BRAKE
6,0.0,0.0,BRAKE
5,0.0,0.0,BRAKE
6,0.0,0.0,BRAKE
6,0.0,0.0,BRAKE
6,0.0,0.0,BRAKE
6,0.0,0.0,BRAKE
5,0.0,0.0,BRAKE
2,0.0,0.0,BRAKE
5,0.0,0.0,BRAKE
5,0.0,0.0,BRAKE
5,0.0,0.0,BRAKE
5,0.0,0.0,BRAKE
5,0.0,0.0,BRAKE
5,0.033383750915527366,-0.14521684791984069,CLEAR
5,0.0649886608123779,-0.14521684791984069,CLEAR
5,0.36280241012573244,-0.14521684791984069,CLEAR
5,0.1289862632751465,-0.14521684791984069,CLEAR
5,0.13490757942199708,-0.14521684791984069,CLEAR
5,0.1273375988006592,-0.14521684791984069,CLEAR
5,0.047420597076416014,-0.14521684791984069,CLEAR
5,0.0536139965057373,-0.14521684791984069,CLEAR
5,0.045419931411743185,-0.14521684791984069,CLEAR
5,0.10223593711853027,-0.14521684791984069,CLEAR
5,0.0646388053894043,-0.14521684791984069,CLEAR
5,0.19017543792724606,-0.14521684791984069,CLEAR
5,0.21234939098358155,-0.14521684791984069,CLEAR
5,0.1564629077911377,-0.14521684791984069,CLEAR
5,0.06720199584960937,-0.14521684791984069,CLEAR
5,0.05279188156127929,-0.14521684791984069,CLEAR
5,0.08304567337036135,-0.14521684791984069,CLEAR
5,0.10784163475036619,-0.14521684791984069,CLEAR
5,0.1601142406463623,-0.14521684791984069,CLEAR
5,0.17170681953430172,-0.14521684791984069,CLEAR
5,0.0,0.0,BRAKE
5,0.18710341453552243,-0.14521684791984069,CLEAR
5,0.16518669128417965,-0.14521684791984069,CLEAR
5,0.17323117256164547,-0.14521684791984069,CLEAR
5,0.15815510749816897,-0.14521684791984069,CLEAR
5,0.13102992957746476,-0.14521684791984069,CLEAR
5,0.14830545774647888,-0.14521684791984069,CLEAR
5,0.25944144725799556,-0.14521684791984069,CLEAR
5,0.2474722623825073,-0.14521684791984069,CLEAR
5,0.2799075704225353,-0.14521684791984069,CLEAR
5,0.314040470123291,-0.14521684791984069,CLEAR
5,0.32766285211267604,-0.14521684791984069,CLEAR
5,0.3015845070422535,-0.14521684791984069,CLEAR
5,0.31348288059234625,-0.14521684791984069,CLEAR
5,0.3222711267605634,-0.14521684791984069,CLEAR
5,0.38132779598236083,-0.14521684791984069,CLEAR
5,0.37035651408450704,-0.14521684791984069,CLEAR
5,0.38268127441406247,-0.14521684791984069,CLEAR
5,0.35371770858764645,-0.14521684791984069,CLEAR
5,0.29025088028169016,-0.14521684791984069,CLEAR
5,0.29696302816901415,-0.14521684791984069,CLEAR
5,0.27858714788732397,-0.14521684791984069,CLEAR
5,0.28992077464788735,-0.14521684791984069,CLEAR
5,0.36232394366197185,-0.14521684791984069,CLEAR
5,0.29993397887323947,-0.14521684791984069,CLEAR
5,0.2891505281690141,-0.14521684791984069,CLEAR
5,0.30939700704225354,-0.14521684791984069,CLEAR
5,0.3164392605633803,-0.14521684791984069,CLEAR
5,0.3289832746478874,-0.14521684791984069,CLEAR
5,0.3344850352112676,-0.14521684791984069,CLEAR
5,0.37728873239436617,-0.14521684791984069,CLEAR
5,0.3701364436619718,-0.14521684791984069,CLEAR
5,0.3677156690140845,-0.14521684791984069,CLEAR
5,0.3446082746478873,-0.14521684791984069,CLEAR
5,0.35418133802816903,-0.14521684791984069,CLEAR
5,0.38477112676056335,-0.14521684791984069,CLEAR
5,0.38246038732394366,-0.14521684791984069,CLEAR
5,0.38036971830985916,-0.14521684791984069,CLEAR
5,0.3816901408450704,-0.14521684791984069,CLEAR
5,0.3601232394366198,-0.14521684791984069,CLEAR
5,0.3618838028169014,-0.14521684791984069,CLEAR
5,0.40501760563380285,-0.14521684791984069,CLEAR
5,0.3453785211267606,-0.14521684791984069,CLEAR
5,0.37530809859154934,-0.14521684791984069,CLEAR
5,0.36551496478873235,-0.14521684791984069,CLEAR
5,0.3659551056338028,-0.14521684791984069,CLEAR
5,0.37464788732394366,-0.14521684791984069,CLEAR
5,0.4185519366197183,-0.14521684791984069,CLEAR
5,0.43472711267605635,-0.14521684791984069,CLEAR
5,0.43978873239436617,-0.14521684791984069,CLEAR
4,0.4612455985915493,-0.0,CLEAR
4,0.46993838028169016,-0.0,CLEAR
5,0.4696082746478873,-0.14521684791984069,CLEAR
4,0.47015845070422535,-0.0,CLEAR
4,0.470268485915493,-0.0,CLEAR
4,0.46419999599456785,-0.0,CLEAR
4,0.4338468309859155,-0.0,CLEAR
4,0.4174515845070423,-0.0,CLEAR
4,0.39291373239436617,-0.0,CLEAR
4,0.35924295774647885,-0.0,CLEAR
4,0.3232614436619718,-0.0,CLEAR
4,0.3275528169014085,-0.0,CLEAR
4,0.3189700704225352,-0.0,CLEAR
4,0.3169894366197183,-0.0,CLEAR
4,0.3273327464788732,-0.0,CLEAR
4,0.3320642605633803,-0.0,CLEAR
4,0.3344850352112676,-0.0,CLEAR
4,0.3419674295774648,-0.0,CLEAR
4,0.33921654929577466,-0.0,CLEAR
4,0.35528169014084504,-0.0,CLEAR
4,0.3483494718309859,-0.0,CLEAR
4,0.3699163732394366,-0.0,CLEAR
4,0.38862235915492965,-0.0,CLEAR
4,0.4089788732394366,-0.0,CLEAR
4,0.4339568661971831,-0.0,CLEAR
4,0.41943221830985916,-0.0,CLEAR
4,0.38994278169014085,-0.0,CLEAR
4,0.4132702464788733,-0.0,CLEAR
4,0.3842209507042254,-0.0,CLEAR
4,0.3607834507042254,-0.0,CLEAR
4,0.35330105633802816,-0.0,CLEAR
4,0.32040052816901415,-0.0,CLEAR
4,0.3289832746478874,-0.0,CLEAR
4,0.30323503521126766,-0.0,CLEAR
4,0.30961707746478867,-0.0,CLEAR
4,0.2972931338028169,-0.0,CLEAR
4,0.322931338028169,-0.0,CLEAR
4,0.3079665492957746,-0.0,CLEAR
4,0.30532570422535216,-0.0,CLEAR
4,0.31544894366197185,-0.0,CLEAR
4,0.3477992957746479,-0.0,CLEAR
4,0.35110035211267604,-0.0,CLEAR
4,0.3743177816901408,-0.0,CLEAR
4,0.3919234154929578,-0.0,CLEAR
4,0.41635123239436617,-0.0,CLEAR
4,0.45618397887323936,-0.0,CLEAR
4,0.46498679577464785,-0.0,CLEAR
4,0.46443661971830985,-0.0,CLEAR
4,0.4554137323943662,-0.0,CLEAR
5,0.45321302816901404,-0.14521684791984069,CLEAR
5,0.4466109154929577,-0.14521684791984069,CLEAR
5,0.4291153169014084,-0.14521684791984069,CLEAR
5,0.3780589788732394,-0.14521684791984069,CLEAR
5,0.3519806338028169,-0.14521684791984069,CLEAR
5,0.3659551056338028,-0.14521684791984069,CLEAR
5,0.3290933098591549,-0.14521684791984069,CLEAR
5,0.3299735915492958,-0.14521684791984069,CLEAR
5,0.33712588028169016,-0.14521684791984069,CLEAR
5,0.34020686619718304,-0.14521684791984069,CLEAR
5,0.3657350352112676,-0.14521684791984069,CLEAR
5,0.3790492957746479,-0.14521684791984069,CLEAR
5,0.3582526408450704,-0.14521684791984069,CLEAR
5,0.33547535211267604,-0.14521684791984069,CLEAR
5,0.34548855633802816,-0.14521684791984069,CLEAR
5,0.3628741197183099,-0.14521684791984069,CLEAR
5,0.35924295774647885,-0.14521684791984069,CLEAR
5,0.3821302816901409,-0.14521684791984069,CLEAR
5,0.3596830985915493,-0.14521684791984069,CLEAR
5,0.420862676056338,-0.14521684791984069,CLEAR
5,0.46289612676056335,-0.14521684791984069,CLEAR
5,0.4492517605633803,-0.14521684791984069,CLEAR
5,0.44176936619718316,-0.14521684791984069,CLEAR
5,0.4299955985915493,-0.14521684791984069,CLEAR
5,0.4262544014084507,-0.14521684791984069,CLEAR
5,0.4186619718309859,-0.14521684791984069,CLEAR
5,0.4402288732394366,-0.14521684791984069,CLEAR
5,0.4500220070422535,-0.14521684791984069,CLEAR
5,0.44705105633802816,-0.14521684791984069,CLEAR
5,0.45475352112676054,-0.14521684791984069,CLEAR
5,0.46289612676056335,-0.14521684791984069,CLEAR
5,0.43021566901408453,-0.14521684791984069,CLEAR
5,0.4087588028169014,-0.14521684791984069,CLEAR
5,0.3926936619718309,-0.14521684791984069,CLEAR
5,0.40611795774647885,-0.14521684791984069,CLEAR
5,0.40611795774647885,-0.14521684791984069,CLEAR
5,0.42295334507042254,-0.14521684791984069,CLEAR
5,0.466637323943662,-0.14521684791984069,CLEAR
5,0.46993838028169016,-0.14521684791984069,CLEAR
5,0.44639084507042254,-0.14521684791984069,CLEAR
5,0.46322623239436617,-0.14521684791984069,CLEAR
5,0.4002860915492958,-0.14521684791984069,CLEAR
5,0.3775088028169014,-0.14521684791984069,CLEAR
5,0.37288732394366203,-0.14521684791984069,CLEAR
5,0.3754181338028169,-0.14521684791984069,CLEAR
5,0.36320422535211266,-0.14521684791984069,CLEAR
5,0.36155369718309854,-0.14521684791984069,CLEAR
5,0.3540713028169014,-0.14521684791984069,CLEAR
5,0.3458186619718309,-0.14521684791984069,CLEAR
5,0.35000000000000003,-0.14521684791984069,CLEAR
5,0.3450484154929578,-0.14521684791984069,CLEAR
5,0.3421875,-0.14521684791984069,CLEAR
5,0.3293133802816901,-0.14521684791984069,CLEAR
5,0.34966989436619716,-0.14521684791984069,CLEAR
5,0.35264084507042254,-0.14521684791984069,CLEAR
5,0.3540713028169014,-0.14521684791984069,CLEAR
5,0.3492297535211268,-0.14521684791984069,CLEAR
4,0.3201804577464789,-0.0,CLEAR
4,0.35022007042253517,-0.0,CLEAR
4,0.3461487676056338,-0.0,CLEAR
4,0.33096390845070417,-0.0,CLEAR
5,0.3437279929577464,-0.14521684791984069,CLEAR
4,0.35011003521126766,-0.0,CLEAR
4,0.3389964788732394,-0.0,CLEAR
4,0.3422975352112676,-0.0,CLEAR
5,0.3425176056338028,-0.14521684791984069,CLEAR
5,0.3528609154929577,-0.14521684791984069,CLEAR
4,0.3363556338028169,-0.0,CLEAR
4,0.3462588028169014,-0.0,CLEAR
4,0.3607834507042254,-0.0,CLEAR
4,0.36309419014084515,-0.0,CLEAR
5,0.365625,-0.14521684791984069,CLEAR
4,0.36683538732394366,-0.0,CLEAR
4,0.37453785211267604,-0.0,CLEAR
4,0.3677156690140845,-0.0,CLEAR
4,0.3705765845070423,-0.0,CLEAR
4,0.39709507042253517,-0.0,CLEAR
4,0.3913732394366197,-0.0,CLEAR
4,0.40633802816901404,-0.0,CLEAR
4,0.3976452464788732,-0.0,CLEAR
4,0.42680457746478867,-0.0,CLEAR
4,0.399955985915493,-0.0,CLEAR
4,0.4090889084507043,-0.0,CLEAR
4,0.4240536971830986,-0.0,CLEAR
4,0.4269146126760564,-0.0,CLEAR
4,0.42460387323943666,-0.0,CLEAR
4,0.4386883802816901,-0.0,CLEAR
4,0.4359375,-0.0,CLEAR
4,0.42537411971830985,-0.0,CLEAR
4,0.4186619718309859,-0.0,CLEAR
4,0.43054577464788735,-0.0,CLEAR
4,0.4093089788732394,-0.0,CLEAR
4,0.40710827464788735,-0.0,CLEAR
4,0.42328345070422535,-0.0,CLEAR
4,0.42471390845070417,-0.0,CLEAR
4,0.43230633802816903,-0.0,CLEAR
4,0.4433098591549296,-0.0,CLEAR
4,0.446830985915493,-0.0,CLEAR
4,0.44771126760563384,-0.0,CLEAR
4,0.4474911971830986,-0.0,CLEAR
4,0.4195422535211268,-0.0,CLEAR
4,0.4503521126760563,-0.0,CLEAR
5,0.43131602112676054,-0.14521684791984069,CLEAR
4,0.4577244718309859,-0.0,CLEAR
4,0.4262544014084507,-0.0,CLEAR
4,0.4254841549295775,-0.0,CLEAR
4,0.44529049295774653,-0.0,CLEAR
4,0.44386003521126766,-0.0,CLEAR
4,0.4324163732394366,-0.0,CLEAR
4,0.4383582746478873,-0.0,CLEAR
4,0.41844190140845067,-0.0,CLEAR
4,0.41943221830985916,-0.0,CLEAR
4,0.4339568661971831,-0.0,CLEAR
4,0.4328565140845071,-0.0,CLEAR
4,0.41789172535211266,-0.0,CLEAR
4,0.4108494718309859,-0.0,CLEAR
4,0.3933538732394366,-0.0,CLEAR
4,0.4110695422535211,-0.0,CLEAR
5,0.42251320422535216,-0.14521684791984069,CLEAR
4,0.4346170774647888,-0.0,CLEAR
4,0.419762323943662,-0.0,CLEAR
4,0.4191021126760563,-0.0,CLEAR
4,0.4191021126760563,-0.0,CLEAR
4,0.4111795774647888,-0.0,CLEAR
4,0.4182218309859154,-0.0,CLEAR
4,0.42185299295774653,-0.0,CLEAR
4,0.4351672535211268,-0.0,CLEAR
4,0.43021566901408453,-0.0,CLEAR
4,0.4270246478873239,-0.0,CLEAR
5,0.38400088028169016,-0.14521684791984069,CLEAR
4,0.40259683098591553,-0.0,CLEAR
4,0.4412191901408451,-0.0,CLEAR
4,0.4286751760563381,-0.0,CLEAR
5,0.4436399647887324,-0.14521684791984069,CLEAR
5,0.43153609154929573,-0.14521684791984069,CLEAR
5,0.444300176056338,-0.14521684791984069,CLEAR
4,0.4359375,-0.0,CLEAR
4,0.42460387323943666,-0.0,CLEAR
4,0.4254841549295775,-0.0,CLEAR
5,0.4318661971830986,-0.14521684791984069,CLEAR
5,0.4195422535211268,-0.14521684791984069,CLEAR
5,0.4181117957746479,-0.14521684791984069,CLEAR
4,0.4319762323943662,-0.0,CLEAR
4,0.44066901408450704,-0.0,CLEAR
4,0.4483714788732394,-0.0,CLEAR
4,0.420862676056338,-0.0,CLEAR
5,0.41756161971830985,-0.14521684791984069,CLEAR
4,0.42262323943661967,-0.0,CLEAR
4,0.4279049295774648,-0.0,CLEAR
4,0.4338468309859155,-0.0,CLEAR
4,0.42460387323943666,-0.0,CLEAR
4,0.39808538732394366,-0.0,CLEAR
4,0.3972051056338028,-0.0,CLEAR
4,0.3997359154929577,-0.0,CLEAR
4,0.42559419014084504,-0.0,CLEAR
4,0.41051936619718304,-0.0,CLEAR
4,0.4209727112676056,-0.0,CLEAR
4,0.4219630281690141,-0.0,CLEAR
4,0.43769806338028167,-0.0,CLEAR
4,0.4340669014084507,-0.0,CLEAR
5,0.4182218309859154,-0.14521684791984069,CLEAR
4,0.4140404929577464,-0.0,CLEAR
4,0.4423195422535211,-0.0,CLEAR
4,0.4341769366197183,-0.0,CLEAR
4,0.4386883802816901,-0.0,CLEAR
4,0.42504401408450704,-0.0,CLEAR
4,0.4296654929577465,-0.0,CLEAR
4,0.4296654929577465,-0.0,CLEAR
4,0.4379181338028169,-0.0,CLEAR
4,0.41547095070422535,-0.0,CLEAR
4,0.4436399647887324,-0.0,CLEAR
4,0.4086487676056338,-0.0,CLEAR
4,0.4332966549295774,-0.0,CLEAR
4,0.42295334507042254,-0.0,CLEAR
4,0.4243838028169014,-0.0,CLEAR
4,0.4383582746478873,-0.0,CLEAR
4,0.416681338028169,-0.0,CLEAR
4,0.42350352112676054,-0.0,CLEAR
5,0.4134903169014085,-0.14521684791984069,CLEAR
4,0.4262544014084507,-0.0,CLEAR
4,0.42812500000000003,-0.0,CLEAR
4,0.4290052816901409,-0.0,CLEAR
5,0.45398327464788735,-0.14521684791984069,CLEAR
4,0.4420994718309859,-0.0,CLEAR
4,0.4346170774647888,-0.0,CLEAR
4,0.4185519366197183,-0.0,CLEAR
4,0.4331866197183099,-0.0,CLEAR
4,0.4290052816901409,-0.0,CLEAR
4,0.4286751760563381,-0.0,CLEAR
4,0.42537411971830985,-0.0,CLEAR
4,0.42416373239436617,-0.0,CLEAR
4,0.44286971830985916,-0.0,CLEAR
4,0.3966549295774648,-0.0,CLEAR
4,0.40919894366197185,-0.0,CLEAR
4,0.4351672535211268,-0.0,CLEAR
4,0.43439700704225354,-0.0,CLEAR
4,0.4174515845070423,-0.0,CLEAR
4,0.4177816901408451,-0.0,CLEAR
4,0.4332966549295774,-0.0,CLEAR
4,0.4159110915492958,-0.0,CLEAR
4,0.408318661971831,-0.0,CLEAR
4,0.40259683098591553,-0.0,CLEAR
4,0.39390404929577466,-0.0,CLEAR
4,0.3953345070422535,-0.0,CLEAR
4,0.3951144366197183,-0.0,CLEAR
4,0.3985255281690141,-0.0,CLEAR
4,0.3786091549295775,-0.0,CLEAR
4,0.3740977112676056,-0.0,CLEAR
4,0.40105633802816903,-0.0,CLEAR
4,0.4093089788732394,-0.0,CLEAR
4,0.42174295774647885,-0.0,CLEAR
4,0.42042253521126766,-0.0,CLEAR
5,0.39709507042253517,-0.14521684791984069,CLEAR
4,0.4064480633802817,-0.0,CLEAR
4,0.41723151408450704,-0.0,CLEAR
4,0.4301056338028169,-0.0,CLEAR
4,0.40996919014084515,-0.0,CLEAR
5,0.4139304577464789,-0.14521684791984069,CLEAR
4,0.4126100352112676,-0.0,CLEAR
4,0.4117297535211268,-0.0,CLEAR
4,0.40600792253521123,-0.0,CLEAR
4,0.4051276408450704,-0.0,CLEAR
4,0.3961047535211268,-0.0,CLEAR
4,0.4219630281690141,-0.0,CLEAR
4,0.4202024647887324,-0.0,CLEAR
4,0.4285651408450704,-0.0,CLEAR
4,0.4171214788732394,-0.0,CLEAR
5,0.41789172535211266,-0.14521684791984069,CLEAR
5,0.4382482394366197,-0.14521684791984069,CLEAR
4,0.4108494718309859,-0.0,CLEAR
5,0.42361355633802816,-0.14521684791984069,CLEAR
5,0.4160211267605634,-0.14521684791984069,CLEAR
5,0.4285651408450704,-0.14521684791984069,CLEAR
4,0.42768485915492954,-0.0,CLEAR
5,0.4348371478873239,-0.14521684791984069,CLEAR
5,0.4362676056338028,-0.14521684791984069,CLEAR
5,0.42922535211267604,-0.14521684791984069,CLEAR
5,0.42141285211267604,-0.14521684791984069,CLEAR
5,0.4310959507042254,-0.14521684791984069,CLEAR
5,0.4361575704225352,-0.14521684791984069,CLEAR
5,0.451012323943662,-0.14521684791984069,CLEAR
5,0.4616857394366197,-0.14521684791984069,CLEAR
5,0.46740757042253517,-0.14521684791984069,CLEAR
5,0.46861795774647885,-0.14521684791984069,CLEAR
4,0.4709286971830986,-0.0,CLEAR
4,0.46982834507042254,-0.0,CLEAR
5,0.22632806301116945,-0.14521684791984069,CLEAR
5,0.19152541160583494,-0.14521684791984069,CLEAR
3,0.2122095823287964,0.14521684791984069,CLEAR
3,0.21079730987548828,0.14521684791984069,CLEAR
3,0.21567647457122804,0.14521684791984069,CLEAR
6,0.225696325302124,-0.29043369583968137,CLEAR
6,0.21019647121429444,-0.29043369583968137,CLEAR
6,0.20054535865783688,-0.29043369583968137,CLEAR
6,0.24286961555480954,-0.29043369583968137,CLEAR
6,0.2541393995285034,-0.29043369583968137,CLEAR
6,0.236570930480957,-0.29043369583968137,CLEAR
6,0.23407313823699952,-0.29043369583968137,CLEAR
6,0.21296527385711667,-0.29043369583968137,CLEAR
6,0.2177929639816284,-0.29043369583968137,CLEAR
6,0.209836483001709,-0.29043369583968137,CLEAR
6,0.19826774597167968,-0.29043369583968137,CLEAR
6,0.22194271087646483,-0.29043369583968137,CLEAR
6,0.21766607761383053,-0.29043369583968137,CLEAR
6,0.2142928600311279,-0.29043369583968137,CLEAR
6,0.21557111740112306,-0.29043369583968137,CLEAR
6,0.2171056032180786,-0.29043369583968137,CLEAR
6,0.20274276733398436,-0.29043369583968137,CLEAR
6,0.2084985017776489,-0.29043369583968137,CLEAR
6,0.20120809078216553,-0.29043369583968137,CLEAR
6,0.21340515613555905,-0.29043369583968137,CLEAR
6,0.20830631256103513,-0.29043369583968137,CLEAR
6,0.20560493469238278,-0.29043369583968137,CLEAR
6,0.20653240680694576,-0.29043369583968137,CLEAR
6,0.20793845653533932,-0.29043369583968137,CLEAR
6,0.20433070659637448,-0.29043369583968137,CLEAR
6,0.19067835807800296,-0.29043369583968137,CLEAR
6,0.18333334922790526,-0.29043369583968137,CLEAR
6,0.1917788028717041,-0.29043369583968137,CLEAR
6,0.1841075897216797,-0.29043369583968137,CLEAR
6,0.19012961387634278,-0.29043369583968137,CLEAR
6,0.21008105278015135,-0.29043369583968137,CLEAR
6,0.19518045774647888,-0.29043369583968137,CLEAR
6,0.15545774647887328,-0.29043369583968137,CLEAR
6,0.21553571224212648,-0.29043369583968137,CLEAR
6,0.22031128406524658,-0.29043369583968137,CLEAR
6,0.20020213127136233,-0.29043369583968137,CLEAR
6,0.2002012491226196,-0.29043369583968137,CLEAR
6,0.19533467292785647,-0.29043369583968137,CLEAR
6,0.20222728252410885,-0.29043369583968137,CLEAR
6,0.18027892112731933,-0.29043369583968137,CLEAR
6,0.18199853897094725,-0.29043369583968137,CLEAR
6,0.17291421890258787,-0.29043369583968137,CLEAR
6,0.17058277130126953,-0.29043369583968137,CLEAR
6,0.16651163101196287,-0.29043369583968137,CLEAR
6,0.16984314918518065,-0.29043369583968137,CLEAR
6,0.17463736534118648,-0.29043369583968137,CLEAR
6,0.1733489990234375,-0.29043369583968137,CLEAR
6,0.17755436897277832,-0.29043369583968137,CLEAR
6,0.16998596191406248,-0.29043369583968137,CLEAR
6,0.17522912025451662,-0.29043369583968137,CLEAR
6,0.1671214788732395,-0.29043369583968137,CLEAR
6,0.16907553672790523,-0.29043369583968137,CLEAR
6,0.15692453384399413,-0.29043369583968137,CLEAR
6,0.19403576850891116,-0.29043369583968137,CLEAR
6,0.11628521126760562,-0.29043369583968137,CLEAR
6,0.2229093309859155,-0.29043369583968137,CLEAR
7,0.24303596019744872,-0.43565054375952217,CLEAR
5,0.21923673152923587,-0.14521684791984069,CLEAR
5,0.1993018627166748,-0.14521684791984069,CLEAR
4,0.4751100352112676,-0.0,CLEAR
4,0.4731294014084507,-0.0,CLEAR
4,0.4737896126760563,-0.0,CLEAR
5,0.4723591549295775,-0.14521684791984069,CLEAR
5,0.471368838028169,-0.14521684791984069,CLEAR
5,0.47213908450704223,-0.14521684791984069,CLEAR
5,0.4489216549295775,-0.14521684791984069,CLEAR
5,0.43164612676056335,-0.14521684791984069,CLEAR
4,0.44275968309859154,-0.0,CLEAR
4,0.4321963028169014,-0.0,CLEAR
4,0.43164612676056335,-0.0,CLEAR
5,0.4437499999999999,-0.14521684791984069,CLEAR
4,0.4321963028169014,-0.0,CLEAR
5,0.4696082746478873,-0.14521684791984069,CLEAR
5,0.4710387323943661,-0.14521684791984069,CLEAR
5,0.47191901408450704,-0.14521684791984069,CLEAR
5,0.4718089788732394,-0.14521684791984069,CLEAR
5,0.47070862676056335,-0.14521684791984069,CLEAR
5,0.4716989436619718,-0.14521684791984069,CLEAR
5,0.4716989436619718,-0.14521684791984069,CLEAR
5,0.47191901408450704,-0.14521684791984069,CLEAR
5,0.47213908450704223,-0.14521684791984069,CLEAR
4,0.47246919014084504,-0.0,CLEAR
4,0.4716989436619718,-0.0,CLEAR
4,0.47257922535211266,-0.0,CLEAR
5,0.4718089788732394,-0.14521684791984069,CLEAR
4,0.4723591549295775,-0.0,CLEAR
5,0.47224911971830985,-0.14521684791984069,CLEAR
5,0.47246919014084504,-0.14521684791984069,CLEAR
5,0.4716989436619718,-0.14521684791984069,CLEAR
5,0.4714788732394366,-0.14521684791984069,CLEAR
5,0.4718089788732394,-0.14521684791984069,CLEAR
5,0.47015845070422535,-0.14521684791984069,CLEAR
5,0.47213908450704223,-0.14521684791984069,CLEAR
5,0.47202904929577466,-0.14521684791984069,CLEAR
5,0.47158890845070417,-0.14521684791984069,CLEAR
5,0.4716989436619718,-0.14521684791984069,CLEAR
5,0.4689480633802816,-0.14521684791984069,CLEAR
5,0.47070862676056335,-0.14521684791984069,CLEAR
4,0.47224911971830985,-0.0,CLEAR
5,0.47191901408450704,-0.14521684791984069,CLEAR
4,0.4723591549295775,-0.0,CLEAR
4,0.47279929577464785,-0.0,CLEAR
4,0.47246919014084504,-0.0,CLEAR
4,0.4731294014084507,-0.0,CLEAR
5,0.470268485915493,-0.14521684791984069,CLEAR
5,0.4723591549295775,-0.14521684791984069,CLEAR
5,0.4714788732394366,-0.14521684791984069,CLEAR
4,0.4716989436619718,-0.0,CLEAR
5,0.47114876760563384,-0.14521684791984069,CLEAR
5,0.4714788732394366,-0.14521684791984069,CLEAR
5,0.4636663732394366,-0.14521684791984069,CLEAR
5,0.4723591549295775,-0.14521684791984069,CLEAR
5,0.47213908450704223,-0.14521684791984069,CLEAR
4,0.4730193661971831,-0.0,CLEAR
5,0.47070862676056335,-0.14521684791984069,CLEAR
5,0.46982834507042254,-0.14521684791984069,CLEAR
5,0.47048855633802816,-0.14521684791984069,CLEAR
5,0.470268485915493,-0.14521684791984069,CLEAR
4,0.47224911971830985,-0.0,CLEAR
5,0.47125880281690136,-0.14521684791984069,CLEAR
4,0.4723591549295775,-0.0,CLEAR
5,0.47202904929577466,-0.14521684791984069,CLEAR
4,0.47202904929577466,-0.0,CLEAR
4,0.47224911971830985,-0.0,CLEAR
4,0.4731294014084507,-0.0,CLEAR
4,0.47191901408450704,-0.0,CLEAR
4,0.4730193661971831,-0.0,CLEAR
4,0.47158890845070417,-0.0,CLEAR
5,0.47202904929577466,-0.14521684791984069,CLEAR
5,0.47070862676056335,-0.14521684791984069,CLEAR
5,0.4700484154929577,-0.14521684791984069,CLEAR
5,0.4689480633802816,-0.14521684791984069,CLEAR
5,0.4689480633802816,-0.14521684791984069,CLEAR
5,0.4583846830985915,-0.14521684791984069,CLEAR
5,0.46905809859154923,-0.14521684791984069,CLEAR
5,0.46443661971830985,-0.14521684791984069,CLEAR
5,0.4714788732394366,-0.14521684791984069,CLEAR
4,0.4714788732394366,-0.0,CLEAR
5,0.47037852112676054,-0.14521684791984069,CLEAR
5,0.47191901408450704,-0.14521684791984069,CLEAR
5,0.4714788732394366,-0.14521684791984069,CLEAR
5,0.4693882042253521,-0.14521684791984069,CLEAR
4,0.47191901408450704,-0.0,CLEAR
5,0.47125880281690136,-0.14521684791984069,CLEAR
5,0.47037852112676054,-0.14521684791984069,CLEAR
4,0.470818661971831,-0.0,CLEAR
5,0.470818661971831,-0.14521684791984069,CLEAR
5,0.46916813380281686,-0.14521684791984069,CLEAR
5,0.4716989436619718,-0.14521684791984069,CLEAR
5,0.46916813380281686,-0.14521684791984069,CLEAR
5,0.471368838028169,-0.14521684791984069,CLEAR
5,0.4693882042253521,-0.14521684791984069,CLEAR
5,0.46905809859154923,-0.14521684791984069,CLEAR
5,0.4700484154929577,-0.14521684791984069,CLEAR
5,0.4718089788732394,-0.14521684791984069,CLEAR
5,0.47114876760563384,-0.14521684791984069,CLEAR
5,0.47246919014084504,-0.14521684791984069,CLEAR
5,0.4710387323943661,-0.14521684791984069,CLEAR
5,0.47070862676056335,-0.14521684791984069,CLEAR
5,0.47224911971830985,-0.14521684791984069,CLEAR
5,0.4723591549295775,-0.14521684791984069,CLEAR
5,0.4714788732394366,-0.14521684791984069,CLEAR
5,0.4731294014084507,-0.14521684791984069,CLEAR
5,0.4730193661971831,-0.14521684791984069,CLEAR
5,0.4726892605633803,-0.14521684791984069,CLEAR
5,0.4726892605633803,-0.14521684791984069,CLEAR
5,0.4730193661971831,-0.14521684791984069,CLEAR
5,0.47246919014084504,-0.14521684791984069,CLEAR
5,0.47213908450704223,-0.14521684791984069,CLEAR
4,0.4737896126760563,-0.0,CLEAR
4,0.4734595070422535,-0.0,CLEAR
5,0.47400968309859154,-0.14521684791984069,CLEAR
4,0.47500000000000003,-0.0,CLEAR
4,0.4759903169014084,-0.0,CLEAR
5,0.47533010563380285,-0.14521684791984069,CLEAR
4,0.4757702464788732,-0.0,CLEAR
4,0.47500000000000003,-0.0,CLEAR
4,0.47544014084507036,-0.0,CLEAR
4,0.47544014084507036,-0.0,CLEAR
4,0.47455985915492954,-0.0,CLEAR
4,0.47466989436619716,-0.0,CLEAR
4,0.4756602112676056,-0.0,CLEAR
4,0.4751100352112676,-0.0,CLEAR
4,0.47544014084507036,-0.0,CLEAR
4,0.47544014084507036,-0.0,CLEAR
4,0.47500000000000003,-0.0,CLEAR
4,0.47544014084507036,-0.0,CLEAR
4,0.47466989436619716,-0.0,CLEAR
4,0.47544014084507036,-0.0,CLEAR
4,0.4747799295774648,-0.0,CLEAR
4,0.47544014084507036,-0.0,CLEAR
4,0.475550176056338,-0.0,CLEAR
4,0.4758802816901408,-0.0,CLEAR
4,0.4759903169014084,-0.0,CLEAR
4,0.47544014084507036,-0.0,CLEAR
4,0.4751100352112676,-0.0,CLEAR
4,0.47544014084507036,-0.0,CLEAR
4,0.47488996478873235,-0.0,CLEAR
4,0.47544014084507036,-0.0,CLEAR
4,0.4756602112676056,-0.0,CLEAR
4,0.475550176056338,-0.0,CLEAR
4,0.4747799295774648,-0.0,CLEAR
4,0.4752200704225352,-0.0,CLEAR
4,0.4751100352112676,-0.0,CLEAR
4,0.47500000000000003,-0.0,CLEAR
4,0.47544014084507036,-0.0,CLEAR
4,0.47544014084507036,-0.0,CLEAR
4,0.47544014084507036,-0.0,CLEAR
4,0.475550176056338,-0.0,CLEAR
4,0.47544014084507036,-0.0,CLEAR
4,0.4757702464788732,-0.0,CLEAR
4,0.4758802816901408,-0.0,CLEAR
4,0.4758802816901408,-0.0,CLEAR
4,0.4757702464788732,-0.0,CLEAR
4,0.47455985915492954,-0.0,CLEAR
4,0.47488996478873235,-0.0,CLEAR
4,0.4756602112676056,-0.0,CLEAR
4,0.47500000000000003,-0.0,CLEAR
4,0.4758802816901408,-0.0,CLEAR
4,0.47544014084507036,-0.0,CLEAR
4,0.47533010563380285,-0.0,CLEAR
4,0.47500000000000003,-0.0,CLEAR
4,0.47500000000000003,-0.0,CLEAR
4,0.47488996478873235,-0.0,CLEAR
4,0.4752200704225352,-0.0,CLEAR
4,0.475550176056338,-0.0,CLEAR
4,0.47533010563380285,-0.0,CLEAR
4,0.47488996478873235,-0.0,CLEAR
4,0.4752200704225352,-0.0,CLEAR
4,0.47544014084507036,-0.0,CLEAR
4,0.475550176056338,-0.0,CLEAR
4,0.47544014084507036,-0.0,CLEAR
4,0.47500000000000003,-0.0,CLEAR
4,0.47500000000000003,-0.0,CLEAR
4,0.47544014084507036,-0.0,CLEAR
4,0.4752200704225352,-0.0,CLEAR
4,0.4752200704225352,-0.0,CLEAR
4,0.47488996478873235,-0.0,CLEAR
4,0.4747799295774648,-0.0,CLEAR
4,0.47544014084507036,-0.0,CLEAR
4,0.4751100352112676,-0.0,CLEAR
4,0.4757702464788732,-0.0,CLEAR
4,0.474449823943662,-0.0,CLEAR
4,0.4752200704225352,-0.0,CLEAR
4,0.47610035211267604,-0.0,CLEAR
4,0.4751100352112676,-0.0,CLEAR
4,0.474449823943662,-0.0,CLEAR
4,0.47533010563380285,-0.0,CLEAR
4,0.4751100352112676,-0.0,CLEAR
4,0.47455985915492954,-0.0,CLEAR
4,0.4752200704225352,-0.0,CLEAR
4,0.47533010563380285,-0.0,CLEAR
4,0.4751100352112676,-0.0,CLEAR
4,0.47500000000000003,-0.0,CLEAR
4,0.47466989436619716,-0.0,CLEAR
4,0.4756602112676056,-0.0,CLEAR
4,0.47455985915492954,-0.0,CLEAR
4,0.47500000000000003,-0.0,CLEAR
4,0.4752200704225352,-0.0,CLEAR
4,0.47500000000000003,-0.0,CLEAR
5,0.47411971830985916,-0.14521684791984069,CLEAR
4,0.47411971830985916,-0.0,CLEAR
4,0.47455985915492954,-0.0,CLEAR
5,0.47422975352112673,-0.14521684791984069,CLEAR
4,0.47488996478873235,-0.0,CLEAR
4,0.47455985915492954,-0.0,CLEAR
4,0.4752200704225352,-0.0,CLEAR
4,0.47455985915492954,-0.0,CLEAR
4,0.4747799295774648,-0.0,CLEAR
4,0.4752200704225352,-0.0,CLEAR
5,0.47533010563380285,-0.14521684791984069,CLEAR
5,0.4747799295774648,-0.14521684791984069,CLEAR
4,0.4751100352112676,-0.0,CLEAR
5,0.4747799295774648,-0.14521684791984069,CLEAR
5,0.4757702464788732,-0.14521684791984069,CLEAR
5,0.47488996478873235,-0.14521684791984069,CLEAR
5,0.4735695422535211,-0.14521684791984069,CLEAR
5,0.47433978873239435,-0.14521684791984069,CLEAR
5,0.4734595070422535,-0.14521684791984069,CLEAR
5,0.47334947183098586,-0.14521684791984069,CLEAR
5,0.47191901408450704,-0.14521684791984069,CLEAR
5,0.4729093309859155,-0.14521684791984069,CLEAR
5,0.47257922535211266,-0.14521684791984069,CLEAR
5,0.4729093309859155,-0.14521684791984069,CLEAR
5,0.4738996478873239,-0.14521684791984069,CLEAR
5,0.4738996478873239,-0.14521684791984069,CLEAR
5,0.47400968309859154,-0.14521684791984069,CLEAR
5,0.47400968309859154,-0.14521684791984069,CLEAR
5,0.4738996478873239,-0.14521684791984069,CLEAR
5,0.4738996478873239,-0.14521684791984069,CLEAR
5,0.4737896126760563,-0.14521684791984069,CLEAR
5,0.4734595070422535,-0.14521684791984069,CLEAR
5,0.4735695422535211,-0.14521684791984069,CLEAR
5,0.4736795774647887,-0.14521684791984069,CLEAR
5,0.47323943661971835,-0.14521684791984069,CLEAR
5,0.47213908450704223,-0.14521684791984069,CLEAR
5,0.47114876760563384,-0.14521684791984069,CLEAR
5,0.47158890845070417,-0.14521684791984069,CLEAR
5,0.4718089788732394,-0.14521684791984069,CLEAR
5,0.4381382042253521,-0.14521684791984069,CLEAR
5,0.4248239436619718,-0.14521684791984069,CLEAR
5,0.39500440140845067,-0.14521684791984069,CLEAR
5,0.3913732394366197,-0.14521684791984069,CLEAR
5,0.3754181338028169,-0.14521684791984069,CLEAR
5,0.35913292253521123,-0.14521684791984069,CLEAR
5,0.3758582746478874,-0.14521684791984069,CLEAR
5,0.3716769366197183,-0.14521684791984069,CLEAR
5,0.41007922535211266,-0.14521684791984069,CLEAR
5,0.37937940140845067,-0.14521684791984069,CLEAR
5,0.38785211267605635,-0.14521684791984069,CLEAR
5,0.4381382042253521,-0.14521684791984069,CLEAR
5,0.45112235915492954,-0.14521684791984069,CLEAR
5,0.46498679577464785,-0.14521684791984069,CLEAR
5,0.46278609154929573,-0.14521684791984069,CLEAR
5,0.47114876760563384,-0.14521684791984069,CLEAR
5,0.4675176056338028,-0.14521684791984069,CLEAR
5,0.4645466549295775,-0.14521684791984069,CLEAR
5,0.4705985915492958,-0.14521684791984069,CLEAR
5,0.46949823943661967,-0.14521684791984069,CLEAR
5,0.4709286971830986,-0.14521684791984069,CLEAR
5,0.47048855633802816,-0.14521684791984069,CLEAR
5,0.4709286971830986,-0.14521684791984069,CLEAR
5,0.4696082746478873,-0.14521684791984069,CLEAR
5,0.4671875,-0.14521684791984069,CLEAR
5,0.4688380281690141,-0.14521684791984069,CLEAR
5,0.4697183098591549,-0.14521684791984069,CLEAR
5,0.4659771126760563,-0.14521684791984069,CLEAR
5,0.47015845070422535,-0.14521684791984069,CLEAR
5,0.47224911971830985,-0.14521684791984069,CLEAR
5,0.47246919014084504,-0.14521684791984069,CLEAR
5,0.4718089788732394,-0.14521684791984069,CLEAR
5,0.47224911971830985,-0.14521684791984069,CLEAR
5,0.4637764084507042,-0.14521684791984069,CLEAR
5,0.46630721830985916,-0.14521684791984069,CLEAR
5,0.4643265845070423,-0.14521684791984069,CLEAR
5,0.4531029929577465,-0.14521684791984069,CLEAR
5,0.4554137323943662,-0.14521684791984069,CLEAR
5,0.4614656690140845,-0.14521684791984069,CLEAR
5,0.4351672535211268,-0.14521684791984069,CLEAR
5,0.3997359154929577,-0.14521684791984069,CLEAR
5,0.4156910211267606,-0.14521684791984069,CLEAR
5,0.3831205985915493,-0.14521684791984069,CLEAR
6,0.37552816901408453,-0.29043369583968137,CLEAR
6,0.3976452464788732,-0.29043369583968137,CLEAR
6,0.4634463028169014,-0.29043369583968137,CLEAR
5,0.4440801056338028,-0.14521684791984069,CLEAR
5,0.3846610915492958,-0.14521684791984069,CLEAR
5,0.3874119718309859,-0.14521684791984069,CLEAR
5,0.40083626760563384,-0.14521684791984069,CLEAR
5,0.4420994718309859,-0.14521684791984069,CLEAR
5,0.4636663732394366,-0.14521684791984069,CLEAR
5,0.4429797535211268,-0.14521684791984069,CLEAR
5,0.4716989436619718,-0.14521684791984069,CLEAR
5,0.46652728873239435,-0.14521684791984069,CLEAR
5,0.46993838028169016,-0.14521684791984069,CLEAR
5,0.4693882042253521,-0.14521684791984069,CLEAR
5,0.452112676056338,-0.14521684791984069,CLEAR
5,0.42218309859154934,-0.14521684791984069,CLEAR
5,0.4615757042253521,-0.14521684791984069,CLEAR
5,0.40050616197183103,-0.14521684791984069,CLEAR
5,0.4195422535211268,-0.14521684791984069,CLEAR
5,0.4564040492957746,-0.14521684791984069,CLEAR
5,0.3954445422535211,-0.14521684791984069,CLEAR
5,0.4144806338028169,-0.14521684791984069,CLEAR
5,0.40743838028169016,-0.14521684791984069,CLEAR
5,0.4450704225352113,-0.14521684791984069,CLEAR
5,0.45145246478873235,-0.14521684791984069,CLEAR
5,0.4369278169014085,-0.14521684791984069,CLEAR
5,0.46707746478873235,-0.14521684791984069,CLEAR
5,0.46806778169014085,-0.14521684791984069,CLEAR
5,0.4664172535211268,-0.14521684791984069,CLEAR
5,0.44815140845070417,-0.14521684791984069,CLEAR
6,0.4089788732394366,-0.29043369583968137,CLEAR
6,0.3992957746478874,-0.29043369583968137,CLEAR
6,0.4330765845070422,-0.29043369583968137,CLEAR
6,0.4203124999999999,-0.29043369583968137,CLEAR
4,0.47015845070422535,-0.0,CLEAR
4,0.471368838028169,-0.0,CLEAR
5,0.47400968309859154,-0.14521684791984069,CLEAR
5,0.4726892605633803,-0.14521684791984069,CLEAR
4,0.47202904929577466,-0.0,CLEAR
5,0.4736795774647887,-0.14521684791984069,CLEAR
5,0.4730193661971831,-0.14521684791984069,CLEAR
5,0.47400968309859154,-0.14521684791984069,CLEAR
5,0.47257922535211266,-0.14521684791984069,CLEAR
5,0.4730193661971831,-0.14521684791984069,CLEAR
5,0.4734595070422535,-0.14521684791984069,CLEAR
5,0.4730193661971831,-0.14521684791984069,CLEAR
5,0.47279929577464785,-0.14521684791984069,CLEAR
5,0.47246919014084504,-0.14521684791984069,CLEAR
5,0.47246919014084504,-0.14521684791984069,CLEAR
5,0.4730193661971831,-0.14521684791984069,CLEAR
5,0.4716989436619718,-0.14521684791984069,CLEAR
5,0.4714788732394366,-0.14521684791984069,CLEAR
5,0.47224911971830985,-0.14521684791984069,CLEAR
5,0.47114876760563384,-0.14521684791984069,CLEAR
5,0.47213908450704223,-0.14521684791984069,CLEAR
5,0.47246919014084504,-0.14521684791984069,CLEAR
5,0.4709286971830986,-0.14521684791984069,CLEAR
5,0.47191901408450704,-0.14521684791984069,CLEAR
5,0.47224911971830985,-0.14521684791984069,CLEAR
5,0.47158890845070417,-0.14521684791984069,CLEAR
5,0.4723591549295775,-0.14521684791984069,CLEAR
5,0.47202904929577466,-0.14521684791984069,CLEAR
5,0.47246919014084504,-0.14521684791984069,CLEAR
5,0.47224911971830985,-0.14521684791984069,CLEAR
5,0.47202904929577466,-0.14521684791984069,CLEAR
5,0.47202904929577466,-0.14521684791984069,CLEAR
5,0.47213908450704223,-0.14521684791984069,CLEAR
5,0.47202904929577466,-0.14521684791984069,CLEAR
5,0.47202904929577466,-0.14521684791984069,CLEAR
5,0.47246919014084504,-0.14521684791984069,CLEAR
5,0.47213908450704223,-0.14521684791984069,CLEAR
5,0.47257922535211266,-0.14521684791984069,CLEAR
5,0.47202904929577466,-0.14521684791984069,CLEAR
5,0.47323943661971835,-0.14521684791984069,CLEAR
5,0.4731294014084507,-0.14521684791984069,CLEAR
5,0.4729093309859155,-0.14521684791984069,CLEAR
5,0.4729093309859155,-0.14521684791984069,CLEAR
5,0.47323943661971835,-0.14521684791984069,CLEAR
5,0.47246919014084504,-0.14521684791984069,CLEAR
5,0.4735695422535211,-0.14521684791984069,CLEAR
5,0.47213908450704223,-0.14521684791984069,CLEAR
5,0.4736795774647887,-0.14521684791984069,CLEAR
5,0.4730193661971831,-0.14521684791984069,CLEAR
5,0.47246919014084504,-0.14521684791984069,CLEAR
5,0.4734595070422535,-0.14521684791984069,CLEAR
5,0.4736795774647887,-0.14521684791984069,CLEAR
5,0.47191901408450704,-0.14521684791984069,CLEAR
5,0.47191901408450704,-0.14521684791984069,CLEAR
5,0.47202904929577466,-0.14521684791984069,CLEAR
5,0.4731294014084507,-0.14521684791984069,CLEAR
4,0.47257922535211266,-0.0,CLEAR
4,0.47191901408450704,-0.0,CLEAR
4,0.47125880281690136,-0.0,CLEAR
4,0.4709286971830986,-0.0,CLEAR
4,0.47191901408450704,-0.0,CLEAR
4,0.4709286971830986,-0.0,CLEAR
4,0.47125880281690136,-0.0,CLEAR
4,0.4714788732394366,-0.0,CLEAR
4,0.47279929577464785,-0.0,CLEAR
4,0.4726892605633803,-0.0,CLEAR
4,0.47191901408450704,-0.0,CLEAR
4,0.46982834507042254,-0.0,CLEAR
4,0.47158890845070417,-0.0,CLEAR
4,0.4710387323943661,-0.0,CLEAR
4,0.47070862676056335,-0.0,CLEAR
4,0.47015845070422535,-0.0,CLEAR
4,0.4696082746478873,-0.0,CLEAR
5,0.4705985915492958,-0.14521684791984069,CLEAR
5,0.4709286971830986,-0.14521684791984069,CLEAR
4,0.47158890845070417,-0.0,CLEAR
4,0.47125880281690136,-0.0,CLEAR
5,0.4709286971830986,-0.14521684791984069,CLEAR
5,0.4709286971830986,-0.14521684791984069,CLEAR
5,0.4705985915492958,-0.14521684791984069,CLEAR
5,0.471368838028169,-0.14521684791984069,CLEAR
5,0.47213908450704223,-0.14521684791984069,CLEAR
5,0.4729093309859155,-0.14521684791984069,CLEAR
5,0.47213908450704223,-0.14521684791984069,CLEAR
5,0.47213908450704223,-0.14521684791984069,CLEAR
5,0.47125880281690136,-0.14521684791984069,CLEAR
5,0.4716989436619718,-0.14521684791984069,CLEAR
5,0.4716989436619718,-0.14521684791984069,CLEAR
5,0.471368838028169,-0.14521684791984069,CLEAR
5,0.47158890845070417,-0.14521684791984069,CLEAR
5,0.4723591549295775,-0.14521684791984069,CLEAR
5,0.47246919014084504,-0.14521684791984069,CLEAR
5,0.4723591549295775,-0.14521684791984069,CLEAR
5,0.4726892605633803,-0.14521684791984069,CLEAR
5,0.4734595070422535,-0.14521684791984069,CLEAR
5,0.4714788732394366,-0.14521684791984069,CLEAR
5,0.4731294014084507,-0.14521684791984069,CLEAR
5,0.47279929577464785,-0.14521684791984069,CLEAR
5,0.471368838028169,-0.14521684791984069,CLEAR
5,0.47191901408450704,-0.14521684791984069,CLEAR
5,0.4692781690140845,-0.14521684791984069,CLEAR
5,0.451012323943662,-0.14521684791984069,CLEAR
5,0.4679577464788732,-0.14521684791984069,CLEAR
5,0.46806778169014085,-0.14521684791984069,CLEAR
5,0.46740757042253517,-0.14521684791984069,CLEAR
5,0.4664172535211268,-0.14521684791984069,CLEAR
5,0.47191901408450704,-0.14521684791984069,CLEAR
5,0.4710387323943661,-0.14521684791984069,CLEAR
5,0.47125880281690136,-0.14521684791984069,CLEAR
5,0.47213908450704223,-0.14521684791984069,CLEAR
5,0.4718089788732394,-0.14521684791984069,CLEAR
5,0.471368838028169,-0.14521684791984069,CLEAR
5,0.4718089788732394,-0.14521684791984069,CLEAR
5,0.47191901408450704,-0.14521684791984069,CLEAR
5,0.4714788732394366,-0.14521684791984069,CLEAR
5,0.47191901408450704,-0.14521684791984069,CLEAR
5,0.471368838028169,-0.14521684791984069,CLEAR
5,0.47191901408450704,-0.14521684791984069,CLEAR
5,0.4714788732394366,-0.14521684791984069,CLEAR
5,0.470818661971831,-0.14521684791984069,CLEAR
5,0.4710387323943661,-0.14521684791984069,CLEAR
5,0.47158890845070417,-0.14521684791984069,CLEAR
5,0.471368838028169,-0.14521684791984069,CLEAR
5,0.4716989436619718,-0.14521684791984069,CLEAR
5,0.47114876760563384,-0.14521684791984069,CLEAR
5,0.471368838028169,-0.14521684791984069,CLEAR
5,0.4718089788732394,-0.14521684791984069,CLEAR
5,0.47158890845070417,-0.14521684791984069,CLEAR
5,0.47158890845070417,-0.14521684791984069,CLEAR
5,0.47191901408450704,-0.14521684791984069,CLEAR
5,0.47158890845070417,-0.14521684791984069,CLEAR
5,0.47202904929577466,-0.14521684791984069,CLEAR
5,0.471368838028169,-0.14521684791984069,CLEAR
5,0.4718089788732394,-0.14521684791984069,CLEAR
5,0.47213908450704223,-0.14521684791984069,CLEAR
5,0.47125880281690136,-0.14521684791984069,CLEAR
5,0.47125880281690136,-0.14521684791984069,CLEAR
5,0.47114876760563384,-0.14521684791984069,CLEAR
5,0.47191901408450704,-0.14521684791984069,CLEAR
5,0.47213908450704223,-0.14521684791984069,CLEAR
5,0.4723591549295775,-0.14521684791984069,CLEAR
5,0.47202904929577466,-0.14521684791984069,CLEAR
5,0.47224911971830985,-0.14521684791984069,CLEAR
5,0.4714788732394366,-0.14521684791984069,CLEAR
5,0.4718089788732394,-0.14521684791984069,CLEAR
5,0.4716989436619718,-0.14521684791984069,CLEAR
5,0.47048855633802816,-0.14521684791984069,CLEAR
5,0.4709286971830986,-0.14521684791984069,CLEAR
5,0.47158890845070417,-0.14521684791984069,CLEAR
5,0.47213908450704223,-0.14521684791984069,CLEAR
5,0.47191901408450704,-0.14521684791984069,CLEAR
5,0.47213908450704223,-0.14521684791984069,CLEAR
5,0.471368838028169,-0.14521684791984069,CLEAR
5,0.47191901408450704,-0.14521684791984069,CLEAR
5,0.4723591549295775,-0.14521684791984069,CLEAR
5,0.47191901408450704,-0.14521684791984069,CLEAR
5,0.471368838028169,-0.14521684791984069,CLEAR
5,0.4723591549295775,-0.14521684791984069,CLEAR
5,0.47202904929577466,-0.14521684791984069,CLEAR
5,0.47114876760563384,-0.14521684791984069,CLEAR
5,0.47158890845070417,-0.14521684791984069,CLEAR
5,0.4718089788732394,-0.14521684791984069,CLEAR
5,0.4726892605633803,-0.14521684791984069,CLEAR
5,0.47114876760563384,-0.14521684791984069,CLEAR
5,0.4723591549295775,-0.14521684791984069,CLEAR
5,0.4709286971830986,-0.14521684791984069,CLEAR
5,0.4726892605633803,-0.14521684791984069,CLEAR
5,0.47202904929577466,-0.14521684791984069,CLEAR
5,0.4730193661971831,-0.14521684791984069,CLEAR
5,0.47323943661971835,-0.14521684791984069,CLEAR
5,0.47257922535211266,-0.14521684791984069,CLEAR
5,0.4718089788732394,-0.14521684791984069,CLEAR
5,0.47158890845070417,-0.14521684791984069,CLEAR
5,0.4718089788732394,-0.14521684791984069,CLEAR
5,0.47224911971830985,-0.14521684791984069,CLEAR
5,0.4726892605633803,-0.14521684791984069,CLEAR
5,0.47037852112676054,-0.14521684791984069,CLEAR
5,0.4716989436619718,-0.14521684791984069,CLEAR
5,0.470818661971831,-0.14521684791984069,CLEAR
5,0.470818661971831,-0.14521684791984069,CLEAR
5,0.4710387323943661,-0.14521684791984069,CLEAR
5,0.46993838028169016,-0.14521684791984069,CLEAR
5,0.46993838028169016,-0.14521684791984069,CLEAR
5,0.470268485915493,-0.14521684791984069,CLEAR
5,0.47213908450704223,-0.14521684791984069,CLEAR
5,0.4714788732394366,-0.14521684791984069,CLEAR
5,0.47114876760563384,-0.14521684791984069,CLEAR
5,0.471368838028169,-0.14521684791984069,CLEAR
5,0.47125880281690136,-0.14521684791984069,CLEAR
5,0.47224911971830985,-0.14521684791984069,CLEAR
5,0.47202904929577466,-0.14521684791984069,CLEAR
5,0.47125880281690136,-0.14521684791984069,CLEAR
5,0.4718089788732394,-0.14521684791984069,CLEAR
5,0.4709286971830986,-0.14521684791984069,CLEAR
5,0.47158890845070417,-0.14521684791984069,CLEAR
5,0.47125880281690136,-0.14521684791984069,CLEAR
5,0.47125880281690136,-0.14521684791984069,CLEAR
5,0.47158890845070417,-0.14521684791984069,CLEAR
5,0.4718089788732394,-0.14521684791984069,CLEAR
5,0.470268485915493,-0.14521684791984069,CLEAR
5,0.47213908450704223,-0.14521684791984069,CLEAR
5,0.470818661971831,-0.14521684791984069,CLEAR
5,0.47202904929577466,-0.14521684791984069,CLEAR
5,0.4714788732394366,-0.14521684791984069,CLEAR
5,0.47158890845070417,-0.14521684791984069,CLEAR
5,0.47158890845070417,-0.14521684791984069,CLEAR
5,0.47213908450704223,-0.14521684791984069,CLEAR
5,0.47158890845070417,-0.14521684791984069,CLEAR
5,0.47257922535211266,-0.14521684791984069,CLEAR
5,0.47158890845070417,-0.14521684791984069,CLEAR
5,0.4723591549295775,-0.14521684791984069,CLEAR
5,0.47114876760563384,-0.14521684791984069,CLEAR
5,0.471368838028169,-0.14521684791984069,CLEAR
5,0.4714788732394366,-0.14521684791984069,CLEAR
5,0.47191901408450704,-0.14521684791984069,CLEAR
5,0.47202904929577466,-0.14521684791984069,CLEAR
5,0.4716989436619718,-0.14521684791984069,CLEAR
5,0.47125880281690136,-0.14521684791984069,CLEAR
5,0.4716989436619718,-0.14521684791984069,CLEAR
5,0.4723591549295775,-0.14521684791984069,CLEAR
5,0.4718089788732394,-0.14521684791984069,CLEAR
5,0.47191901408450704,-0.14521684791984069,CLEAR
5,0.47213908450704223,-0.14521684791984069,CLEAR
5,0.47114876760563384,-0.14521684791984069,CLEAR
5,0.47202904929577466,-0.14521684791984069,CLEAR
5,0.4723591549295775,-0.14521684791984069,CLEAR
5,0.47279929577464785,-0.14521684791984069,CLEAR
5,0.4718089788732394,-0.14521684791984069,CLEAR
5,0.47224911971830985,-0.14521684791984069,CLEAR
5,0.4718089788732394,-0.14521684791984069,CLEAR
5,0.47191901408450704,-0.14521684791984069,CLEAR
5,0.471368838028169,-0.14521684791984069,CLEAR
5,0.47125880281690136,-0.14521684791984069,CLEAR
5,0.47125880281690136,-0.14521684791984069,CLEAR
5,0.4714788732394366,-0.14521684791984069,CLEAR
5,0.4709286971830986,-0.14521684791984069,CLEAR
5,0.47224911971830985,-0.14521684791984069,CLEAR
5,0.47158890845070417,-0.14521684791984069,CLEAR
5,0.4716989436619718,-0.14521684791984069,CLEAR
5,0.470818661971831,-0.14521684791984069,CLEAR
5,0.47191901408450704,-0.14521684791984069,CLEAR
5,0.4710387323943661,-0.14521684791984069,CLEAR
5,0.47125880281690136,-0.14521684791984069,CLEAR
5,0.471368838028169,-0.14521684791984069,CLEAR
5,0.4716989436619718,-0.14521684791984069,CLEAR
5,0.4716989436619718,-0.14521684791984069,CLEAR
5,0.47191901408450704,-0.14521684791984069,CLEAR
5,0.46949823943661967,-0.14521684791984069,CLEAR
2,0.47492625713348385,0.29043369583968137,CLEAR
5,0.4723591549295775,-0.14521684791984069,CLEAR
4,0.45783450704225354,-0.0,CLEAR
4,0.47279929577464785,-0.0,CLEAR
4,0.4457306338028169,-0.0,CLEAR
4,0.4605853873239436,-0.0,CLEAR
4,0.44650088028169016,-0.0,CLEAR
4,0.45662411971830985,-0.0,CLEAR
4,0.44485035211267604,-0.0,CLEAR
4,0.46806778169014085,-0.0,CLEAR
4,0.462455985915493,-0.0,CLEAR
4,0.46608714788732397,-0.0,CLEAR
4,0.4525528169014084,-0.0,CLEAR
4,0.4222931338028169,-0.0,CLEAR
4,0.4687279929577465,-0.0,CLEAR
4,0.4172815084457398,-0.0,CLEAR
4,0.4422095070422535,-0.0,CLEAR
4,0.44815140845070417,-0.0,CLEAR
4,0.4601452464788732,-0.0,CLEAR
4,0.43758802816901415,-0.0,CLEAR
5,0.4291153169014084,-0.14521684791984069,CLEAR
5,0.4324163732394366,-0.14521684791984069,CLEAR
5,0.44518045774647885,-0.14521684791984069,CLEAR
5,0.4676276408450704,-0.14521684791984069,CLEAR
4,0.45365316901408453,-0.0,CLEAR
4,0.4153609154929578,-0.0,CLEAR
4,0.4293910384178162,-0.0,CLEAR
4,0.4286143779754639,-0.0,CLEAR
4,0.46881667375564573,-0.0,CLEAR
4,0.4645848870277405,-0.0,CLEAR
4,0.46783831119537356,-0.0,CLEAR
4,0.43983923196792596,-0.0,CLEAR
4,0.4518778204917907,-0.0,CLEAR
4,0.429315960407257,-0.0,CLEAR
4,0.4453196883201599,-0.0,CLEAR
4,0.4087588028169014,-0.0,CLEAR
4,0.40380721830985916,-0.0,CLEAR
4,0.41426056338028167,-0.0,CLEAR
4,0.43302149772644044,-0.0,CLEAR
4,0.4515463948249817,-0.0,CLEAR
4,0.46854182481765744,-0.0,CLEAR
4,0.45179321765899655,-0.0,CLEAR
4,0.46898608207702636,-0.0,CLEAR
4,0.43411941528320314,-0.0,CLEAR
4,0.4348322987556457,-0.0,CLEAR
4,0.4559639084507042,-0.0,CLEAR
4,0.4320862676056338,-0.0,CLEAR
4,0.467737676056338,-0.0,CLEAR
4,0.42449383802816903,-0.0,CLEAR
4,0.41371038732394366,-0.0,CLEAR
4,0.44562059859154934,-0.0,CLEAR
4,0.44769999980926506,-0.0,CLEAR
4,0.44727112676056335,-0.0,CLEAR
4,0.5129621478873239,-0.0,CLEAR
4,0.45114154815673824,-0.0,CLEAR
4,0.5003039538860321,-0.0,CLEAR
4,0.500088028169014,-0.0,CLEAR
4,0.47949874401092524,-0.0,CLEAR
4,0.5092209507042254,-0.0,CLEAR
4,0.47951144366197185,-0.0,CLEAR
4,0.4566666722297668,-0.0,CLEAR
4,0.48836734294891354,-0.0,CLEAR
4,0.4849315047264099,-0.0,CLEAR
4,0.44892268180847167,-0.0,CLEAR
4,0.452760112285614,-0.0,CLEAR
4,0.4807947039604187,-0.0,CLEAR
4,0.44879165887832634,-0.0,CLEAR
4,0.47948585748672484,-0.0,CLEAR
4,0.4299897670745849,-0.0,CLEAR
4,0.41833186619718316,-0.0,CLEAR
4,0.4888774991035461,-0.0,CLEAR
4,0.4943358421325683,-0.0,CLEAR
4,0.4689480633802816,-0.0,CLEAR
4,0.505699823943662,-0.0,CLEAR
4,0.4542033450704225,-0.0,CLEAR
4,0.4534330985915493,-0.0,CLEAR
4,0.44463028169014085,-0.0,CLEAR
4,0.44881161971830985,-0.0,CLEAR
4,0.44980193661971835,-0.0,CLEAR
4,0.4523327464788732,-0.0,CLEAR
4,0.494256161971831,-0.0,CLEAR
4,0.5239656690140845,-0.0,CLEAR
4,0.5087808098591549,-0.0,CLEAR
4,0.49480122327804565,-0.0,CLEAR
4,0.5180237676056338,-0.0,CLEAR
4,0.5053697183098591,-0.0,CLEAR
4,0.5113116197183099,-0.0,CLEAR
4,0.5089627385139465,-0.0,CLEAR
4,0.5250125288963318,-0.0,CLEAR
4,0.512411971830986,-0.0,CLEAR
4,0.4638864436619718,-0.0,CLEAR
4,0.5074603873239436,-0.0,CLEAR
4,0.49040492957746473,-0.0,CLEAR
4,0.4768705985915493,-0.0,CLEAR
4,0.49832746478873235,-0.0,CLEAR
4,0.5025088028169014,-0.0,CLEAR
4,0.49138743877410884,-0.0,CLEAR
4,0.4966841220855712,-0.0,CLEAR
4,0.4990271925926208,-0.0,CLEAR
4,0.4968970070422535,-0.0,CLEAR
4,0.5043434858322143,-0.0,CLEAR
4,0.4894146126760563,-0.0,CLEAR
4,0.4436399647887324,-0.0,CLEAR
4,0.4822623239436619,-0.0,CLEAR
4,0.4761641025543213,-0.0,CLEAR
4,0.49040492957746473,-0.0,CLEAR
4,0.47451565265655515,-0.0,CLEAR
4,0.47665052816901404,-0.0,CLEAR
4,0.5053697183098591,-0.0,CLEAR
4,0.49799735915492954,-0.0,CLEAR
4,0.5032790492957746,-0.0,CLEAR
4,0.4955911874771118,-0.0,CLEAR
4,0.4921654929577465,-0.0,CLEAR
4,0.46596332788467404,-0.0,CLEAR
4,0.4834727112676056,-0.0,CLEAR
4,0.4751100352112676,-0.0,CLEAR
4,0.48389058113098143,-0.0,CLEAR
4,0.4597442507743835,-0.0,CLEAR
4,0.44114930629730226,-0.0,CLEAR
4,0.44144890308380125,-0.0,CLEAR
4,0.41431870460510256,-0.0,CLEAR
4,0.43134521245956414,-0.0,CLEAR
4,0.4296999216079712,-0.0,CLEAR
4,0.39698503521126766,-0.0,CLEAR
2,0.4837149500846863,0.29043369583968137,CLEAR
4,0.49879146814346315,-0.0,CLEAR
4,0.4613556338028169,-0.0,CLEAR
4,0.4436399647887324,-0.0,CLEAR
4,0.439018485915493,-0.0,CLEAR
4,0.444300176056338,-0.0,CLEAR
4,0.45057218309859154,-0.0,CLEAR
4,0.4445507168769836,-0.0,CLEAR
4,0.45266285211267604,-0.0,CLEAR
5,0.43142605633802816,-0.14521684791984069,CLEAR
4,0.47037852112676054,-0.0,CLEAR
4,0.47048855633802816,-0.0,CLEAR
4,0.47411971830985916,-0.0,CLEAR
4,0.4434077024459839,-0.0,CLEAR
4,0.449711561203003,-0.0,CLEAR
4,0.43963782787323,-0.0,CLEAR
4,0.4242792129516602,-0.0,CLEAR
4,0.4612455985915493,-0.0,CLEAR
4,0.3853213028169014,-0.0,CLEAR
2,0.4132702464788733,0.29043369583968137,CLEAR
5,0.4980489015579223,-0.14521684791984069,CLEAR
5,0.4716989436619718,-0.14521684791984069,CLEAR
5,0.4658670774647887,-0.14521684791984069,CLEAR
5,0.4687279929577465,-0.14521684791984069,CLEAR
4,0.4688380281690141,-0.0,CLEAR
4,0.47224911971830985,-0.0,CLEAR
4,0.46993838028169016,-0.0,CLEAR
4,0.4469223022460937,-0.0,CLEAR
4,0.46512446403503416,-0.0,CLEAR
4,0.4169014084507042,-0.0,CLEAR
4,0.48038914203643795,-0.0,CLEAR
4,0.4667659521102905,-0.0,CLEAR
4,0.46916813380281686,-0.0,CLEAR
5,0.4524427816901408,-0.14521684791984069,CLEAR
4,0.4466109154929577,-0.0,CLEAR
4,0.4524427816901408,-0.0,CLEAR
4,0.452112676056338,-0.0,CLEAR
4,0.4579445422535211,-0.0,CLEAR
4,0.4136003521126761,-0.0,CLEAR
4,0.5086526274681091,-0.0,CLEAR
4,0.4583846830985915,-0.0,CLEAR
4,0.45486355633802816,-0.0,CLEAR
4,0.4604753521126761,-0.0,CLEAR
4,0.47070862676056335,-0.0,CLEAR
4,0.48666373239436617,-0.0,CLEAR
4,0.48336267605633804,-0.0,CLEAR
4,0.4829225352112676,-0.0,CLEAR
4,0.4838028169014085,-0.0,CLEAR
4,0.4855633802816901,-0.0,CLEAR
4,0.47085020542144773,-0.0,CLEAR
4,0.48238881826400754,-0.0,CLEAR
4,0.47500000000000003,-0.0,CLEAR
4,0.4633871436119079,-0.0,CLEAR
5,0.44903169014084504,-0.14521684791984069,CLEAR
5,0.37024647887323947,-0.14521684791984069,CLEAR
4,0.46355186700820916,-0.0,CLEAR
4,0.4722151756286621,-0.0,CLEAR
4,0.4768705985915493,-0.0,CLEAR
4,0.46071784496307366,-0.0,CLEAR
4,0.4888378024101257,-0.0,CLEAR
4,0.5034895300865173,-0.0,CLEAR
4,0.47114026546478266,-0.0,CLEAR
4,0.44948979616165163,-0.0,CLEAR
4,0.4467299342155456,-0.0,CLEAR
4,0.4825372815132141,-0.0,CLEAR
4,0.47231667041778563,-0.0,CLEAR
4,0.4925312280654907,-0.0,CLEAR
4,0.45189260563380285,-0.0,CLEAR
5,0.4882087349891662,-0.14521684791984069,CLEAR
5,0.5190404772758483,-0.14521684791984069,CLEAR
4,0.5117690622806549,-0.0,CLEAR
4,0.49980000257492063,-0.0,CLEAR
4,0.507447862625122,-0.0,CLEAR
4,0.5061666250228881,-0.0,CLEAR
4,0.4963074564933777,-0.0,CLEAR
4,0.502237868309021,-0.0,CLEAR
4,0.5070232450962067,-0.0,CLEAR
4,0.5039601504802703,-0.0,CLEAR
4,0.48571428060531613,-0.0,CLEAR
5,0.4972606182098388,-0.14521684791984069,CLEAR
4,0.42033383846282957,-0.0,CLEAR
5,0.5299622654914856,-0.14521684791984069,CLEAR
5,0.49655685424804685,-0.14521684791984069,CLEAR
5,0.49206819534301754,-0.14521684791984069,CLEAR
5,0.4885163903236389,-0.14521684791984069,CLEAR
5,0.5001013159751893,-0.14521684791984069,CLEAR
4,0.4859425663948059,-0.0,CLEAR
4,0.47459677457809446,-0.0,CLEAR
4,0.47795591354370115,-0.0,CLEAR
4,0.4977519631385803,-0.0,CLEAR
4,0.49341408014297483,-0.0,CLEAR
4,0.48678292036056514,-0.0,CLEAR
5,0.491515302658081,-0.14521684791984069,CLEAR
5,0.49105608463287354,-0.14521684791984069,CLEAR
4,0.44606073943661967,-0.0,CLEAR
5,0.5041289031505585,-0.14521684791984069,CLEAR
4,0.5268436551094056,-0.0,CLEAR
4,0.498829972743988,-0.0,CLEAR
5,0.5223261713981628,-0.14521684791984069,CLEAR
5,0.5012446045875549,-0.14521684791984069,CLEAR
5,0.5179801046848297,-0.14521684791984069,CLEAR
4,0.49496806859970094,-0.0,CLEAR
4,0.5019617855548859,-0.0,CLEAR
5,0.5012295067310333,-0.14521684791984069,CLEAR
5,0.5167771518230438,-0.14521684791984069,CLEAR
5,0.49496806859970094,-0.14521684791984069,CLEAR
4,0.5161125302314759,-0.0,CLEAR
4,0.5117510914802551,-0.0,CLEAR
4,0.49865720272064207,-0.0,CLEAR
3,0.5164708971977233,0.14521684791984069,CLEAR
3,0.5803004190325737,0.14521684791984069,CLEAR
3,0.5714357554912567,0.14521684791984069,CLEAR
3,0.5627485513687134,0.14521684791984069,CLEAR
3,0.5487743854522705,0.14521684791984069,CLEAR
3,0.6,0.14521684791984069,CLEAR
3,0.26551256179809574,0.14521684791984069,CLEAR
3,0.28375992774963377,0.14521684791984069,CLEAR
3,0.3358733415603637,0.14521684791984069,CLEAR
3,0.24583857059478756,0.14521684791984069,CLEAR
3,0.29220621585845946,0.14521684791984069,CLEAR
3,0.2958548069000244,0.14521684791984069,CLEAR
3,0.23071162700653072,0.14521684791984069,CLEAR
3,0.2763776540756226,0.14521684791984069,CLEAR
3,0.27880721830985916,0.14521684791984069,CLEAR
3,0.27957711219787595,0.14521684791984069,CLEAR
7,0.18624224662780758,-0.43565054375952217,CLEAR
7,0.15899677276611326,-0.43565054375952217,CLEAR
3,0.24494247436523436,0.14521684791984069,CLEAR
3,0.2719161033630371,0.14521684791984069,CLEAR
3,0.2161274194717407,0.14521684791984069,CLEAR
3,0.3300713539123535,0.14521684791984069,CLEAR
3,0.3030331373214722,0.14521684791984069,CLEAR
5,0.3214434146881103,-0.14521684791984069,CLEAR
4,0.3179797535211268,-0.0,CLEAR
4,0.25774946212768557,-0.0,CLEAR
5,0.32588400840759274,-0.14521684791984069,CLEAR
5,0.31390628814697263,-0.14521684791984069,CLEAR
5,0.2843273162841797,-0.14521684791984069,CLEAR
5,0.2932890653610229,-0.14521684791984069,CLEAR
5,0.3080625057220459,-0.14521684791984069,CLEAR
5,0.27865307331085204,-0.14521684791984069,CLEAR
5,0.26781463623046875,-0.14521684791984069,CLEAR
5,0.26533710956573486,-0.14521684791984069,CLEAR
5,0.5438341975212098,-0.14521684791984069,CLEAR
3,0.5187875866889954,0.14521684791984069,CLEAR
3,0.5418768942356109,0.14521684791984069,CLEAR
3,0.5387589037418365,0.14521684791984069,CLEAR
3,0.5268265845070422,0.14521684791984069,CLEAR
4,0.5293573943661972,-0.0,CLEAR
3,0.5361795774647887,0.14521684791984069,CLEAR
7,0.5471940696239471,-0.43565054375952217,CLEAR
3,0.5490909099578857,0.14521684791984069,CLEAR
3,0.5302291214466095,0.14521684791984069,CLEAR
3,0.5479418277740479,0.14521684791984069,CLEAR
3,0.5412734091281891,0.14521684791984069,CLEAR
3,0.54747274518013,0.14521684791984069,CLEAR
3,0.5407988250255584,0.14521684791984069,CLEAR
3,0.5313454568386078,0.14521684791984069,CLEAR
3,0.5513606280088424,0.14521684791984069,CLEAR
8,0.5328418552875518,-0.5808673916793627,CLEAR
3,0.549438750743866,0.14521684791984069,CLEAR
3,0.5442041337490081,0.14521684791984069,CLEAR
3,0.5403363406658173,0.14521684791984069,CLEAR
3,0.5394499897956848,0.14521684791984069,CLEAR
3,0.544941633939743,0.14521684791984069,CLEAR
3,0.5617158442735671,0.14521684791984069,CLEAR
3,0.558477509021759,0.14521684791984069,CLEAR
3,0.5603354722261429,0.14521684791984069,CLEAR
3,0.5471863567829132,0.14521684791984069,CLEAR
3,0.5513077497482299,0.14521684791984069,CLEAR
3,0.5555772989988327,0.14521684791984069,CLEAR
3,0.5513434290885925,0.14521684791984069,CLEAR
3,0.5583272188901901,0.14521684791984069,CLEAR
3,0.5534113049507141,0.14521684791984069,CLEAR
3,0.5516739457845687,0.14521684791984069,CLEAR
3,0.5497176527976989,0.14521684791984069,CLEAR
3,0.5554136991500854,0.14521684791984069,CLEAR
3,0.5490320980548858,0.14521684791984069,CLEAR
3,0.5481734037399292,0.14521684791984069,CLEAR
3,0.5523321121931076,0.14521684791984069,CLEAR
3,0.5521920144557952,0.14521684791984069,CLEAR
3,0.5462349772453308,0.14521684791984069,CLEAR
3,0.5472936570644379,0.14521684791984069,CLEAR
3,0.5477663218975067,0.14521684791984069,CLEAR
3,0.5465099215507507,0.14521684791984069,CLEAR
3,0.5439490437507629,0.14521684791984069,CLEAR
3,0.5491442561149598,0.14521684791984069,CLEAR
3,0.5471606135368347,0.14521684791984069,CLEAR
4,0.2537814140319824,-0.0,CLEAR
4,0.18079919815063475,-0.0,CLEAR
4,0.18742966651916507,-0.0,CLEAR
4,0.17341184616088864,-0.0,CLEAR
4,0.16874999999999998,-0.0,CLEAR
4,0.1773500919342041,-0.0,CLEAR
4,0.22344744205474856,-0.0,CLEAR
4,0.21331701278686524,-0.0,CLEAR
4,0.2260912179946899,-0.0,CLEAR
4,0.19881801605224605,-0.0,CLEAR
4,0.21025528169014088,-0.0,CLEAR
4,0.21541686058044432,-0.0,CLEAR
4,0.2937669992446899,-0.0,CLEAR
7,0.31186439990997317,-0.43565054375952217,CLEAR
7,0.3205121994018555,-0.43565054375952217,CLEAR
7,0.2992495775222778,-0.43565054375952217,CLEAR
7,0.26172335147857667,-0.43565054375952217,CLEAR
7,0.29727003574371336,-0.43565054375952217,CLEAR
7,0.2929698944091797,-0.43565054375952217,CLEAR
7,0.3034137010574341,-0.43565054375952217,CLEAR
7,0.2872267246246338,-0.43565054375952217,CLEAR
3,0.23721390845070425,0.14521684791984069,CLEAR
3,0.5527559041976928,0.14521684791984069,CLEAR
3,0.3111056327819824,0.14521684791984069,CLEAR
3,0.3762896776199341,0.14521684791984069,CLEAR
3,0.40015286207199097,0.14521684791984069,CLEAR
3,0.3810783386230469,0.14521684791984069,CLEAR
3,0.38882114887237545,0.14521684791984069,CLEAR
3,0.4635523557662964,0.14521684791984069,CLEAR
3,0.5413087964057922,0.14521684791984069,CLEAR
3,0.5225617229938507,0.14521684791984069,CLEAR
3,0.5146035492420196,0.14521684791984069,CLEAR
3,0.5260471820831298,0.14521684791984069,CLEAR
3,0.536687833070755,0.14521684791984069,CLEAR
3,0.5219371855258942,0.14521684791984069,CLEAR
3,0.5220493197441101,0.14521684791984069,CLEAR
3,0.5654894053936005,0.14521684791984069,CLEAR
3,0.5576740711927414,0.14521684791984069,CLEAR
3,0.5517018646001816,0.14521684791984069,CLEAR
3,0.5515092015266418,0.14521684791984069,CLEAR
3,0.5524112612009048,0.14521684791984069,CLEAR
3,0.5550849556922912,0.14521684791984069,CLEAR
3,0.5506997287273406,0.14521684791984069,CLEAR
3,0.549098002910614,0.14521684791984069,CLEAR
3,0.5484752357006073,0.14521684791984069,CLEAR
3,0.5485311985015869,0.14521684791984069,CLEAR
3,0.5504011660814285,0.14521684791984069,CLEAR
3,0.5485196948051453,0.14521684791984069,CLEAR
3,0.5467836260795593,0.14521684791984069,CLEAR
3,0.5467449843883514,0.14521684791984069,CLEAR
3,0.5485322892665863,0.14521684791984069,CLEAR
3,0.5440912425518036,0.14521684791984069,CLEAR
3,0.5451920747756958,0.14521684791984069,CLEAR
3,0.5470185756683349,0.14521684791984069,CLEAR
3,0.5436261296272278,0.14521684791984069,CLEAR
3,0.5414491355419159,0.14521684791984069,CLEAR
3,0.5445120453834533,0.14521684791984069,CLEAR
3,0.5469667315483093,0.14521684791984069,CLEAR
3,0.5442542791366577,0.14521684791984069,CLEAR
3,0.539633697271347,0.14521684791984069,CLEAR
3,0.5384315609931946,0.14521684791984069,CLEAR
3,0.5435409009456634,0.14521684791984069,CLEAR
3,0.5416461288928985,0.14521684791984069,CLEAR
3,0.5442406475543976,0.14521684791984069,CLEAR
3,0.5408062934875488,0.14521684791984069,CLEAR
3,0.5472549021244049,0.14521684791984069,CLEAR
3,0.5407697975635528,0.14521684791984069,CLEAR
3,0.542171037197113,0.14521684791984069,CLEAR
3,0.5469831824302673,0.14521684791984069,CLEAR
3,0.5436730682849884,0.14521684791984069,CLEAR
3,0.5438389778137207,0.14521684791984069,CLEAR
3,0.5444689750671386,0.14521684791984069,CLEAR
3,0.5498776316642761,0.14521684791984069,CLEAR
3,0.550537633895874,0.14521684791984069,CLEAR
3,0.5453075230121612,0.14521684791984069,CLEAR
3,0.5475922763347626,0.14521684791984069,CLEAR
3,0.544928240776062,0.14521684791984069,CLEAR
3,0.5480038940906524,0.14521684791984069,CLEAR
3,0.5465496242046356,0.14521684791984069,CLEAR
3,0.5458720088005066,0.14521684791984069,CLEAR
3,0.5475982546806335,0.14521684791984069,CLEAR
3,0.5488109827041626,0.14521684791984069,CLEAR
3,0.5483113050460815,0.14521684791984069,CLEAR
3,0.5498046875,0.14521684791984069,CLEAR
3,0.5429683685302734,0.14521684791984069,CLEAR
3,0.5461744010448455,0.14521684791984069,CLEAR
3,0.54453125,0.14521684791984069,CLEAR
3,0.5470832288265228,0.14521684791984069,CLEAR
3,0.5402433097362518,0.14521684791984069,CLEAR
3,0.5445972502231597,0.14521684791984069,CLEAR
3,0.5429691314697266,0.14521684791984069,CLEAR
3,0.5427734375,0.14521684791984069,CLEAR
3,0.5496078431606293,0.14521684791984069,CLEAR
3,0.5462759435176849,0.14521684791984069,CLEAR
3,0.5472549021244049,0.14521684791984069,CLEAR
3,0.5423264920711517,0.14521684791984069,CLEAR
3,0.5439453125,0.14521684791984069,CLEAR
3,0.5476892828941345,0.14521684791984069,CLEAR
3,0.5479882240295411,0.14521684791984069,CLEAR
3,0.5498898923397064,0.14521684791984069,CLEAR
3,0.5467319488525391,0.14521684791984069,CLEAR
3,0.5461425065994263,0.14521684791984069,CLEAR
3,0.5464698672294617,0.14521684791984069,CLEAR
3,0.5482867538928986,0.14521684791984069,CLEAR
3,0.5491159141063691,0.14521684791984069,CLEAR
3,0.5490944683551788,0.14521684791984069,CLEAR
3,0.5468230664730072,0.14521684791984069,CLEAR
3,0.5472936570644379,0.14521684791984069,CLEAR
3,0.5455169022083282,0.14521684791984069,CLEAR
3,0.5446244478225708,0.14521684791984069,CLEAR
3,0.545270437002182,0.14521684791984069,CLEAR
3,0.5431224048137664,0.14521684791984069,CLEAR
3,0.5498408019542693,0.14521684791984069,CLEAR
3,0.5464189708232879,0.14521684791984069,CLEAR
3,0.5509166449308395,0.14521684791984069,CLEAR
3,0.5499878346920013,0.14521684791984069,CLEAR
3,0.5503770381212234,0.14521684791984069,CLEAR
3,0.5522998303174973,0.14521684791984069,CLEAR
3,0.5509885281324386,0.14521684791984069,CLEAR
3,0.5530447542667388,0.14521684791984069,CLEAR
3,0.550320354104042,0.14521684791984069,CLEAR
3,0.5506148546934128,0.14521684791984069,CLEAR
3,0.549544221162796,0.14521684791984069,CLEAR
3,0.5486292898654938,0.14521684791984069,CLEAR
3,0.5507052719593047,0.14521684791984069,CLEAR
3,0.5501606911420822,0.14521684791984069,CLEAR
3,0.5561232149600982,0.14521684791984069,CLEAR
3,0.5520922064781189,0.14521684791984069,CLEAR
3,0.5522031366825104,0.14521684791984069,CLEAR
3,0.544452679157257,0.14521684791984069,CLEAR
3,0.5323227405548095,0.14521684791984069,CLEAR
3,0.5147462129592896,0.14521684791984069,CLEAR
3,0.4959775447845459,0.14521684791984069,CLEAR
3,0.5051526725292206,0.14521684791984069,CLEAR
3,0.5092171430587769,0.14521684791984069,CLEAR
3,0.5094017088413239,0.14521684791984069,CLEAR
3,0.5077732622623443,0.14521684791984069,CLEAR
3,0.5441257178783416,0.14521684791984069,CLEAR
3,0.5183556377887726,0.14521684791984069,CLEAR
3,0.5412772178649902,0.14521684791984069,CLEAR
3,0.5423494577407837,0.14521684791984069,CLEAR
3,0.24336373805999756,0.14521684791984069,CLEAR
3,0.20241050720214843,0.14521684791984069,CLEAR
3,0.19135265350341796,0.14521684791984069,CLEAR
3,0.20433735847473142,0.14521684791984069,CLEAR
3,0.21459133625030516,0.14521684791984069,CLEAR
2,0.22369389533996578,0.29043369583968137,CLEAR
5,0.21386187076568605,-0.14521684791984069,CLEAR
2,0.22335638999938967,0.29043369583968137,CLEAR
2,0.2095573902130127,0.29043369583968137,CLEAR
3,0.21615328788757324,0.14521684791984069,CLEAR
3,0.22575683593749996,0.14521684791984069,CLEAR
3,0.24249939918518063,0.14521684791984069,CLEAR
3,0.21643655300140377,0.14521684791984069,CLEAR
3,0.29831223487854003,0.14521684791984069,CLEAR
3,0.24345366954803466,0.14521684791984069,CLEAR
3,0.2599785566329956,0.14521684791984069,CLEAR
3,0.2662018299102783,0.14521684791984069,CLEAR
3,0.30228831768035885,0.14521684791984069,CLEAR
3,0.30536758899688726,0.14521684791984069,CLEAR
3,0.3090654373168945,0.14521684791984069,CLEAR
3,0.26735107898712157,0.14521684791984069,CLEAR
3,0.2479140996932983,0.14521684791984069,CLEAR
3,0.24050157070159914,0.14521684791984069,CLEAR
3,0.24366860389709472,0.14521684791984069,CLEAR
3,0.23416471481323242,0.14521684791984069,CLEAR
3,0.2290233850479126,0.14521684791984069,CLEAR
3,0.2360093355178833,0.14521684791984069,CLEAR
3,0.30564079284667967,0.14521684791984069,CLEAR
3,0.24658303260803224,0.14521684791984069,CLEAR
3,0.23836259841918947,0.14521684791984069,CLEAR
3,0.24847631454467775,0.14521684791984069,CLEAR
3,0.254890513420105,0.14521684791984069,CLEAR
3,0.31754131317138673,0.14521684791984069,CLEAR
3,0.3761985778808594,0.14521684791984069,CLEAR
3,0.3070916652679443,0.14521684791984069,CLEAR
3,0.23104729652404782,0.14521684791984069,CLEAR
3,0.23343276977539062,0.14521684791984069,CLEAR
3,0.24086320400238037,0.14521684791984069,CLEAR
3,0.2280048847198486,0.14521684791984069,CLEAR
3,0.22840547561645508,0.14521684791984069,CLEAR
3,0.22710564136505126,0.14521684791984069,CLEAR
3,0.22292172908782962,0.14521684791984069,CLEAR
3,0.22433357238769533,0.14521684791984069,CLEAR
3,0.22663574218749996,0.14521684791984069,CLEAR
3,0.2272035360336304,0.14521684791984069,CLEAR
3,0.22824175357818602,0.14521684791984069,CLEAR
3,0.2370651006698608,0.14521684791984069,CLEAR
4,0.2325842618942261,-0.0,CLEAR
3,0.22832236289978025,0.14521684791984069,CLEAR
3,0.23645472526550293,0.14521684791984069,CLEAR
3,0.2430342197418213,0.14521684791984069,CLEAR
3,0.24219024181365967,0.14521684791984069,CLEAR
3,0.24929594993591309,0.14521684791984069,CLEAR
3,0.23587062358856198,0.14521684791984069,CLEAR
3,0.23916501998901363,0.14521684791984069,CLEAR
3,0.23668551445007321,0.14521684791984069,CLEAR
3,0.24502499103546144,0.14521684791984069,CLEAR
3,0.23552014827728268,0.14521684791984069,CLEAR
3,0.22880446910858152,0.14521684791984069,CLEAR
3,0.233699893951416,0.14521684791984069,CLEAR
3,0.22718341350555415,0.14521684791984069,CLEAR
3,0.23065111637115476,0.14521684791984069,CLEAR
3,0.2322227716445923,0.14521684791984069,CLEAR
3,0.23318302631378174,0.14521684791984069,CLEAR
3,0.23229012489318845,0.14521684791984069,CLEAR
3,0.24144818782806393,0.14521684791984069,CLEAR
3,0.24102947711944578,0.14521684791984069,CLEAR
3,0.23520622253417967,0.14521684791984069,CLEAR
3,0.24169402122497555,0.14521684791984069,CLEAR
3,0.24949419498443604,0.14521684791984069,CLEAR
3,0.24446835517883297,0.14521684791984069,CLEAR
3,0.2449543714523315,0.14521684791984069,CLEAR
3,0.24575436115264893,0.14521684791984069,CLEAR
3,0.2479382753372192,0.14521684791984069,CLEAR
3,0.24694907665252683,0.14521684791984069,CLEAR
3,0.2323443651199341,0.14521684791984069,CLEAR
3,0.2268991231918335,0.14521684791984069,CLEAR
3,0.2354283571243286,0.14521684791984069,CLEAR
3,0.22258219718933106,0.14521684791984069,CLEAR
3,0.2311457395553589,0.14521684791984069,CLEAR
3,0.2262683391571045,0.14521684791984069,CLEAR
3,0.22888319492340087,0.14521684791984069,CLEAR
3,0.22868592739105223,0.14521684791984069,CLEAR
3,0.2318115234375,0.14521684791984069,CLEAR
3,0.2294530391693115,0.14521684791984069,CLEAR
3,0.22314479351043698,0.14521684791984069,CLEAR
3,0.2291177988052368,0.14521684791984069,CLEAR
3,0.30138270854949945,0.14521684791984069,CLEAR
3,0.22578585147857666,0.14521684791984069,CLEAR
3,0.28874573707580564,0.14521684791984069,CLEAR
3,0.28804559707641597,0.14521684791984069,CLEAR
3,0.29755501747131347,0.14521684791984069,CLEAR
3,0.2941176414489746,0.14521684791984069,CLEAR
3,0.2272193670272827,0.14521684791984069,CLEAR
3,0.22362222671508786,0.14521684791984069,CLEAR
3,0.23198521137237546,0.14521684791984069,CLEAR
3,0.2335159301757812,0.14521684791984069,CLEAR
3,0.23422226905822754,0.14521684791984069,CLEAR
3,0.22647917270660398,0.14521684791984069,CLEAR
3,0.2163963794708252,0.14521684791984069,CLEAR
3,0.21061215400695799,0.14521684791984069,CLEAR
3,0.19363551139831545,0.14521684791984069,CLEAR
3,0.4654067754745483,0.14521684791984069,CLEAR
3,0.47235996723175044,0.14521684791984069,CLEAR
3,0.5413845360279084,0.14521684791984069,CLEAR
3,0.5574703961610794,0.14521684791984069,CLEAR
3,0.5404909491539002,0.14521684791984069,CLEAR
3,0.5249633610248565,0.14521684791984069,CLEAR
3,0.4962928414344787,0.14521684791984069,CLEAR
3,0.5073626637458801,0.14521684791984069,CLEAR
3,0.5156853914260864,0.14521684791984069,CLEAR
3,0.5140687823295593,0.14521684791984069,CLEAR
3,0.5203215718269347,0.14521684791984069,CLEAR
3,0.5160406529903412,0.14521684791984069,CLEAR
3,0.5197727739810943,0.14521684791984069,CLEAR
3,0.5292050957679748,0.14521684791984069,CLEAR
3,0.5337066054344177,0.14521684791984069,CLEAR
3,0.5293072819709778,0.14521684791984069,CLEAR
3,0.5218269646167755,0.14521684791984069,CLEAR
3,0.5437943279743195,0.14521684791984069,CLEAR
3,0.5343695998191833,0.14521684791984069,CLEAR
3,0.5617198348045349,0.14521684791984069,CLEAR
3,0.5601532578468322,0.14521684791984069,CLEAR
3,0.5582792609930038,0.14521684791984069,CLEAR
3,0.5474481046199798,0.14521684791984069,CLEAR
3,0.5460255146026611,0.14521684791984069,CLEAR
3,0.5448005855083465,0.14521684791984069,CLEAR
3,0.5447201967239379,0.14521684791984069,CLEAR
3,0.5484566390514374,0.14521684791984069,CLEAR
3,0.5474737584590912,0.14521684791984069,CLEAR
3,0.5444120526313782,0.14521684791984069,CLEAR
3,0.546084851026535,0.14521684791984069,CLEAR
3,0.548550546169281,0.14521684791984069,CLEAR
3,0.5463937640190124,0.14521684791984069,CLEAR
3,0.5478133380413055,0.14521684791984069,CLEAR
3,0.5471992194652557,0.14521684791984069,CLEAR
3,0.5508052706718445,0.14521684791984069,CLEAR
3,0.5527804881334305,0.14521684791984069,CLEAR
3,0.555794620513916,0.14521684791984069,CLEAR
3,0.5541351556777954,0.14521684791984069,CLEAR
3,0.5518987327814102,0.14521684791984069,CLEAR
3,0.5521834582090378,0.14521684791984069,CLEAR
3,0.5540029108524323,0.14521684791984069,CLEAR
3,0.555490481853485,0.14521684791984069,CLEAR
3,0.5522561877965927,0.14521684791984069,CLEAR
3,0.5550911307334899,0.14521684791984069,CLEAR
3,0.5529754668474197,0.14521684791984069,CLEAR
3,0.5532277703285217,0.14521684791984069,CLEAR
3,0.5559883147478104,0.14521684791984069,CLEAR
3,0.558869394659996,0.14521684791984069,CLEAR
3,0.5517207950353622,0.14521684791984069,CLEAR
3,0.5544081836938858,0.14521684791984069,CLEAR
3,0.5555880218744278,0.14521684791984069,CLEAR
3,0.5511360853910445,0.14521684791984069,CLEAR
3,0.5522738397121429,0.14521684791984069,CLEAR
3,0.5516504853963852,0.14521684791984069,CLEAR
3,0.5454545438289642,0.14521684791984069,CLEAR
3,0.5467836260795593,0.14521684791984069,CLEAR
3,0.5505738705396652,0.14521684791984069,CLEAR
3,0.5457330405712127,0.14521684791984069,CLEAR
3,0.546796590089798,0.14521684791984069,CLEAR
3,0.5483365952968597,0.14521684791984069,CLEAR
3,0.5530562341213225,0.14521684791984069,CLEAR
3,0.5506582140922546,0.14521684791984069,CLEAR
3,0.5513553112745284,0.14521684791984069,CLEAR
3,0.5526755034923553,0.14521684791984069,CLEAR
3,0.5537527322769165,0.14521684791984069,CLEAR
3,0.5536316961050033,0.14521684791984069,CLEAR
3,0.5525390625,0.14521684791984069,CLEAR
3,0.5537190079689025,0.14521684791984069,CLEAR
3,0.5510917037725448,0.14521684791984069,CLEAR
3,0.5503542631864548,0.14521684791984069,CLEAR
3,0.5536062389612197,0.14521684791984069,CLEAR
3,0.5476780951023101,0.14521684791984069,CLEAR
3,0.5501091957092284,0.14521684791984069,CLEAR
3,0.5529297351837158,0.14521684791984069,CLEAR
3,0.5502802819013595,0.14521684791984069,CLEAR
3,0.5529870748519897,0.14521684791984069,CLEAR
3,0.5507182866334914,0.14521684791984069,CLEAR
3,0.5527926176786422,0.14521684791984069,CLEAR
3,0.5536372452974319,0.14521684791984069,CLEAR
3,0.5507662355899811,0.14521684791984069,CLEAR
3,0.5513434290885925,0.14521684791984069,CLEAR
3,0.5508412569761276,0.14521684791984069,CLEAR
3,0.5558701485395431,0.14521684791984069,CLEAR
3,0.5501588076353073,0.14521684791984069,CLEAR
3,0.5478897273540496,0.14521684791984069,CLEAR
3,0.5475505709648132,0.14521684791984069,CLEAR
3,0.5526084840297698,0.14521684791984069,CLEAR
3,0.5534113049507141,0.14521684791984069,CLEAR
3,0.5517460316419601,0.14521684791984069,CLEAR
3,0.5540454655885696,0.14521684791984069,CLEAR
3,0.551586139202118,0.14521684791984069,CLEAR
3,0.5524134576320648,0.14521684791984069,CLEAR
3,0.5523529410362243,0.14521684791984069,CLEAR
3,0.5519221425056458,0.14521684791984069,CLEAR
3,0.5541127651929855,0.14521684791984069,CLEAR
3,0.5543249189853667,0.14521684791984069,CLEAR
3,0.5562637895345688,0.14521684791984069,CLEAR
3,0.5565831094980239,0.14521684791984069,CLEAR
3,0.5549488067626953,0.14521684791984069,CLEAR
3,0.5520234018564224,0.14521684791984069,CLEAR
3,0.5524250537157058,0.14521684791984069,CLEAR
3,0.5533772259950638,0.14521684791984069,CLEAR
3,0.5523996084928513,0.14521684791984069,CLEAR
3,0.5589543133974075,0.14521684791984069,CLEAR
3,0.5575048744678497,0.14521684791984069,CLEAR
3,0.5585970073938369,0.14521684791984069,CLEAR
3,0.554970759153366,0.14521684791984069,CLEAR
3,0.5532518327236176,0.14521684791984069,CLEAR
3,0.5546542882919311,0.14521684791984069,CLEAR
3,0.5549926936626434,0.14521684791984069,CLEAR
3,0.5546472012996674,0.14521684791984069,CLEAR
3,0.555588161945343,0.14521684791984069,CLEAR
3,0.5534929156303405,0.14521684791984069,CLEAR
3,0.5568780481815339,0.14521684791984069,CLEAR
3,0.5544365674257279,0.14521684791984069,CLEAR
3,0.5502923965454101,0.14521684791984069,CLEAR
3,0.5518753051757812,0.14521684791984069,CLEAR
3,0.5493398547172545,0.14521684791984069,CLEAR
3,0.5473452389240264,0.14521684791984069,CLEAR
3,0.5478303492069244,0.14521684791984069,CLEAR
3,0.5479069769382476,0.14521684791984069,CLEAR
3,0.5447058796882629,0.14521684791984069,CLEAR
3,0.5421852052211761,0.14521684791984069,CLEAR
3,0.5424094021320343,0.14521684791984069,CLEAR
3,0.5363525092601775,0.14521684791984069,CLEAR
3,0.5403609154929577,0.14521684791984069,CLEAR
3,0.5382702464788732,0.14521684791984069,CLEAR
3,0.5371698943661971,0.14521684791984069,CLEAR
3,0.5388204225352112,0.14521684791984069,CLEAR
3,0.5377200704225352,0.14521684791984069,CLEAR
3,0.5391505281690141,0.14521684791984069,CLEAR
3,0.5394806338028169,0.14521684791984069,CLEAR
3,0.5403609154929577,0.14521684791984069,CLEAR
3,0.5406910211267605,0.14521684791984069,CLEAR
3,0.5420034289360046,0.14521684791984069,CLEAR
3,0.5415686249732972,0.14521684791984069,CLEAR
3,0.5441021126760563,0.14521684791984069,CLEAR
3,0.5425067424774169,0.14521684791984069,CLEAR
3,0.54194655418396,0.14521684791984069,CLEAR
3,0.5413059413433075,0.14521684791984069,CLEAR
3,0.5441021126760563,0.14521684791984069,CLEAR
3,0.5411476194858551,0.14521684791984069,CLEAR
3,0.5401466965675354,0.14521684791984069,CLEAR
3,0.5422315140845071,0.14521684791984069,CLEAR
3,0.5395906690140845,0.14521684791984069,CLEAR
3,0.5372799295774647,0.14521684791984069,CLEAR
3,0.5337588028169015,0.14521684791984069,CLEAR
3,0.5347491197183099,0.14521684791984069,CLEAR
3,0.5332086267605634,0.14521684791984069,CLEAR
3,0.5315580985915493,0.14521684791984069,CLEAR
3,0.5288072183098591,0.14521684791984069,CLEAR
3,0.5290272887323944,0.14521684791984069,CLEAR
3,0.5284771126760563,0.14521684791984069,CLEAR
3,0.5288072183098591,0.14521684791984069,CLEAR
3,0.5282570422535211,0.14521684791984069,CLEAR
3,0.5284771126760563,0.14521684791984069,CLEAR
3,0.5310079225352112,0.14521684791984069,CLEAR
3,0.5305677816901408,0.14521684791984069,CLEAR
3,0.5336487676056338,0.14521684791984069,CLEAR
3,0.5325484154929577,0.14521684791984069,CLEAR
3,0.5339788732394366,0.14521684791984069,CLEAR
3,0.5356294014084507,0.14521684791984069,CLEAR
3,0.5372799295774647,0.14521684791984069,CLEAR
3,0.538600352112676,0.14521684791984069,CLEAR
3,0.5376317739486695,0.14521684791984069,CLEAR
3,0.5394806338028169,0.14521684791984069,CLEAR
3,0.538050176056338,0.14521684791984069,CLEAR
3,0.538050176056338,0.14521684791984069,CLEAR
3,0.5376100352112676,0.14521684791984069,CLEAR
3,0.5366197183098591,0.14521684791984069,CLEAR
3,0.5348591549295775,0.14521684791984069,CLEAR
3,0.5354093309859155,0.14521684791984069,CLEAR
3,0.5355193661971831,0.14521684791984069,CLEAR
3,0.5351892605633802,0.14521684791984069,CLEAR
3,0.5359595070422535,0.14521684791984069,CLEAR
3,0.5379401408450705,0.14521684791984069,CLEAR
3,0.5384903169014084,0.14521684791984069,CLEAR
3,0.5354110419750213,0.14521684791984069,CLEAR
3,0.5362849354743957,0.14521684791984069,CLEAR
3,0.538600352112676,0.14521684791984069,CLEAR
3,0.5410211267605634,0.14521684791984069,CLEAR
3,0.5389304577464789,0.14521684791984069,CLEAR
3,0.5401408450704225,0.14521684791984069,CLEAR
3,0.5199399530887604,0.14521684791984069,CLEAR
3,0.5174193561077118,0.14521684791984069,CLEAR
3,0.5143426299095154,0.14521684791984069,CLEAR
3,0.5029770612716674,0.14521684791984069,CLEAR
3,0.4994386076927185,0.14521684791984069,CLEAR
3,0.5253229320049286,0.14521684791984069,CLEAR
3,0.4943469762802124,0.14521684791984069,CLEAR
3,0.4968970070422535,0.14521684791984069,CLEAR
3,0.4852332746478873,0.14521684791984069,CLEAR
3,0.4810519366197183,0.14521684791984069,CLEAR
3,0.4730193661971831,0.14521684791984069,CLEAR
3,0.4538732394366197,0.14521684791984069,CLEAR
3,0.47643045774647885,0.14521684791984069,CLEAR
3,0.49415204524993894,0.14521684791984069,CLEAR
3,0.4554137323943662,0.14521684791984069,CLEAR
3,0.4935160279273987,0.14521684791984069,CLEAR
3,0.48369278169014085,0.14521684791984069,CLEAR
3,0.4660127520561218,0.14521684791984069,CLEAR
3,0.46891089677810666,0.14521684791984069,CLEAR
3,0.4722373247146606,0.14521684791984069,CLEAR
3,0.45958702564239495,0.14521684791984069,CLEAR
3,0.4643265845070423,0.14521684791984069,CLEAR
3,0.4768705985915493,0.14521684791984069,CLEAR
3,0.4705998063087463,0.14521684791984069,CLEAR
3,0.4778383731842041,0.14521684791984069,CLEAR
3,0.468075692653656,0.14521684791984069,CLEAR
3,0.4609294295310974,0.14521684791984069,CLEAR
3,0.4611424326896667,0.14521684791984069,CLEAR
3,0.4493137240409851,0.14521684791984069,CLEAR
7,0.467617404460907,-0.43565054375952217,CLEAR
7,0.45017181634902953,-0.43565054375952217,CLEAR
4,0.4711580991744995,-0.0,CLEAR
4,0.4726289868354797,-0.0,CLEAR
4,0.4654607653617859,-0.0,CLEAR
4,0.4650980353355407,-0.0,CLEAR
4,0.48613497018814084,-0.0,CLEAR
4,0.4959941029548645,-0.0,CLEAR
4,0.46751717329025266,-0.0,CLEAR
4,0.4845584630966186,-0.0,CLEAR
4,0.4783419132232666,-0.0,CLEAR
4,0.43374525308609,-0.0,CLEAR
4,0.47390129566192624,-0.0,CLEAR
4,0.48960784673690794,-0.0,CLEAR
4,0.4844574809074402,-0.0,CLEAR
4,0.48001964092254634,-0.0,CLEAR
4,0.4892096877098083,-0.0,CLEAR
4,0.4764402985572815,-0.0,CLEAR
4,0.5332086267605634,-0.0,CLEAR
4,0.5319982394366197,-0.0,CLEAR
3,0.5311179577464789,0.14521684791984069,CLEAR
4,0.5330985915492957,-0.0,CLEAR
3,0.5328785211267606,0.14521684791984069,CLEAR
4,0.5313380281690141,-0.0,CLEAR
4,0.5318882042253521,-0.0,CLEAR
3,0.5318882042253521,0.14521684791984069,CLEAR
3,0.532768485915493,0.14521684791984069,CLEAR
3,0.5337588028169015,0.14521684791984069,CLEAR
3,0.5335387323943662,0.14521684791984069,CLEAR
3,0.5337588028169015,0.14521684791984069,CLEAR
3,0.5324383802816901,0.14521684791984069,CLEAR
3,0.5328785211267606,0.14521684791984069,CLEAR
3,0.532768485915493,0.14521684791984069,CLEAR
3,0.5346390845070422,0.14521684791984069,CLEAR
3,0.5360695422535211,0.14521684791984069,CLEAR
3,0.5370598591549296,0.14521684791984069,CLEAR
3,0.5381602112676056,0.14521684791984069,CLEAR
3,0.5402508802816901,0.14521684791984069,CLEAR
3,0.5387484669685364,0.14521684791984069,CLEAR
3,0.5350872874259949,0.14521684791984069,CLEAR
3,0.5405072629451751,0.14521684791984069,CLEAR
3,0.5421686768531799,0.14521684791984069,CLEAR
3,0.5389731049537658,0.14521684791984069,CLEAR
3,0.5378869771957397,0.14521684791984069,CLEAR
3,0.5409079730510711,0.14521684791984069,CLEAR
3,0.5414156258106231,0.14521684791984069,CLEAR
3,0.5413006126880645,0.14521684791984069,CLEAR
3,0.5422822058200836,0.14521684791984069,CLEAR
3,0.5382345736026763,0.14521684791984069,CLEAR
3,0.5399116337299347,0.14521684791984069,CLEAR
3,0.5369140625,0.14521684791984069,CLEAR
3,0.5403609154929577,0.14521684791984069,CLEAR
3,0.5378301056338028,0.14521684791984069,CLEAR
3,0.5367297535211267,0.14521684791984069,CLEAR
3,0.5365096830985915,0.14521684791984069,CLEAR
3,0.5361795774647887,0.14521684791984069,CLEAR
3,0.5359595070422535,0.14521684791984069,CLEAR
3,0.5359595070422535,0.14521684791984069,CLEAR
3,0.5359595070422535,0.14521684791984069,CLEAR
3,0.5336487676056338,0.14521684791984069,CLEAR
3,0.5350792253521126,0.14521684791984069,CLEAR
3,0.534419014084507,0.14521684791984069,CLEAR
3,0.5351892605633802,0.14521684791984069,CLEAR
3,0.5355193661971831,0.14521684791984069,CLEAR
3,0.5334286971830986,0.14521684791984069,CLEAR
3,0.5352992957746479,0.14521684791984069,CLEAR
3,0.5324383802816901,0.14521684791984069,CLEAR
3,0.5365096830985915,0.14521684791984069,CLEAR
3,0.5376100352112676,0.14521684791984069,CLEAR
3,0.5381602112676056,0.14521684791984069,CLEAR
3,0.5372799295774647,0.14521684791984069,CLEAR
3,0.5384903169014084,0.14521684791984069,CLEAR
3,0.5399207746478873,0.14521684791984069,CLEAR
3,0.5420114436619718,0.14521684791984069,CLEAR
3,0.5431117957746479,0.14521684791984069,CLEAR
3,0.5430017605633802,0.14521684791984069,CLEAR
3,0.541681338028169,0.14521684791984069,CLEAR
3,0.5393705985915492,0.14521684791984069,CLEAR
3,0.538600352112676,0.14521684791984069,CLEAR
3,0.5381602112676056,0.14521684791984069,CLEAR
3,0.5378301056338028,0.14521684791984069,CLEAR
3,0.5360695422535211,0.14521684791984069,CLEAR
3,0.5356294014084507,0.14521684791984069,CLEAR
3,0.5347491197183099,0.14521684791984069,CLEAR
3,0.534419014084507,0.14521684791984069,CLEAR
3,0.5322183098591549,0.14521684791984069,CLEAR
3,0.5335387323943662,0.14521684791984069,CLEAR
3,0.5322183098591549,0.14521684791984069,CLEAR
3,0.5351892605633802,0.14521684791984069,CLEAR
3,0.5350792253521126,0.14521684791984069,CLEAR
3,0.5370598591549296,0.14521684791984069,CLEAR
3,0.5381602112676056,0.14521684791984069,CLEAR
3,0.5381602112676056,0.14521684791984069,CLEAR
3,0.5395906690140845,0.14521684791984069,CLEAR
3,0.5384903169014084,0.14521684791984069,CLEAR
3,0.5388204225352112,0.14521684791984069,CLEAR
3,0.5406910211267605,0.14521684791984069,CLEAR
3,0.5417913732394366,0.14521684791984069,CLEAR
3,0.5431779325008392,0.14521684791984069,CLEAR
3,0.5425338268280029,0.14521684791984069,CLEAR
3,0.5423246681690216,0.14521684791984069,CLEAR
3,0.5427587926387787,0.14521684791984069,CLEAR
3,0.539426612854004,0.14521684791984069,CLEAR
3,0.5428011775016784,0.14521684791984069,CLEAR
3,0.5430017605633802,0.14521684791984069,CLEAR
3,0.5417114913463592,0.14521684791984069,CLEAR
3,0.5426716549295775,0.14521684791984069,CLEAR
3,0.5430017605633802,0.14521684791984069,CLEAR
3,0.542436146736145,0.14521684791984069,CLEAR
3,0.5430017605633802,0.14521684791984069,CLEAR
3,0.5414825737476349,0.14521684791984069,CLEAR
3,0.5389432489871978,0.14521684791984069,CLEAR
3,0.5426716549295775,0.14521684791984069,CLEAR
3,0.5407988250255584,0.14521684791984069,CLEAR
3,0.5420063436031342,0.14521684791984069,CLEAR
3,0.5408208429813385,0.14521684791984069,CLEAR
3,0.5423246681690216,0.14521684791984069,CLEAR
3,0.5438820422535211,0.14521684791984069,CLEAR
3,0.5432218309859155,0.14521684791984069,CLEAR
3,0.5417322814464569,0.14521684791984069,CLEAR
3,0.5433318661971831,0.14521684791984069,CLEAR
3,0.5432218309859155,0.14521684791984069,CLEAR
3,0.5434419014084507,0.14521684791984069,CLEAR
3,0.5422113001346588,0.14521684791984069,CLEAR
3,0.5424094021320343,0.14521684791984069,CLEAR
3,0.5412484705448151,0.14521684791984069,CLEAR
3,0.5428711652755737,0.14521684791984069,CLEAR
3,0.54140625,0.14521684791984069,CLEAR
3,0.5411187410354614,0.14521684791984069,CLEAR
3,0.5408058583736419,0.14521684791984069,CLEAR
3,0.5438251912593841,0.14521684791984069,CLEAR
3,0.5401520729064941,0.14521684791984069,CLEAR
3,0.5433906614780426,0.14521684791984069,CLEAR
3,0.5405299305915833,0.14521684791984069,CLEAR
3,0.5425338268280029,0.14521684791984069,CLEAR
3,0.5425630986690522,0.14521684791984069,CLEAR
3,0.5411187410354614,0.14521684791984069,CLEAR
3,0.5408133268356323,0.14521684791984069,CLEAR
3,0.5434323608875274,0.14521684791984069,CLEAR
3,0.5423779010772705,0.14521684791984069,CLEAR
3,0.5431522011756897,0.14521684791984069,CLEAR
3,0.5441021126760563,0.14521684791984069,CLEAR
3,0.5418928861618042,0.14521684791984069,CLEAR
3,0.54194655418396,0.14521684791984069,CLEAR
3,0.5434323608875274,0.14521684791984069,CLEAR
3,0.5415972590446472,0.14521684791984069,CLEAR
3,0.5424785256385803,0.14521684791984069,CLEAR
3,0.5413962662220001,0.14521684791984069,CLEAR
3,0.5430110156536102,0.14521684791984069,CLEAR
3,0.5429133832454681,0.14521684791984069,CLEAR
3,0.5429831027984618,0.14521684791984069,CLEAR
3,0.5399162769317627,0.14521684791984069,CLEAR
3,0.5439920774647887,0.14521684791984069,CLEAR
3,0.5436619718309859,0.14521684791984069,CLEAR
3,0.5417218565940857,0.14521684791984069,CLEAR
3,0.5443221830985916,0.14521684791984069,CLEAR
3,0.5427310585975647,0.14521684791984069,CLEAR
3,0.5433055400848389,0.14521684791984069,CLEAR
3,0.5437720070422535,0.14521684791984069,CLEAR
3,0.5429695188999175,0.14521684791984069,CLEAR
3,0.5428917253521126,0.14521684791984069,CLEAR
3,0.5426716549295775,0.14521684791984069,CLEAR
3,0.5412052929401397,0.14521684791984069,CLEAR
3,0.5386882841587066,0.14521684791984069,CLEAR
3,0.5408934712409973,0.14521684791984069,CLEAR
3,0.5430017605633802,0.14521684791984069,CLEAR
3,0.5437720070422535,0.14521684791984069,CLEAR
3,0.5430017605633802,0.14521684791984069,CLEAR
3,0.5412285029888153,0.14521684791984069,CLEAR
3,0.5431941032409667,0.14521684791984069,CLEAR
3,0.5406754791736602,0.14521684791984069,CLEAR
3,0.5434419014084507,0.14521684791984069,CLEAR
3,0.5445422535211267,0.14521684791984069,CLEAR
3,0.5432218309859155,0.14521684791984069,CLEAR
3,0.5434419014084507,0.14521684791984069,CLEAR
3,0.543361097574234,0.14521684791984069,CLEAR
3,0.5418610334396362,0.14521684791984069,CLEAR
3,0.5408789575099945,0.14521684791984069,CLEAR
3,0.5381746828556061,0.14521684791984069,CLEAR
3,0.5398290574550628,0.14521684791984069,CLEAR
3,0.5409739315509796,0.14521684791984069,CLEAR
3,0.5414250612258911,0.14521684791984069,CLEAR
3,0.5393671810626983,0.14521684791984069,CLEAR
3,0.5372548997402191,0.14521684791984069,CLEAR
3,0.5386424899101256,0.14521684791984069,CLEAR
3,0.5397702276706695,0.14521684791984069,CLEAR
3,0.5408278226852417,0.14521684791984069,CLEAR
3,0.5375275373458862,0.14521684791984069,CLEAR
3,0.5398718595504761,0.14521684791984069,CLEAR
3,0.5408575654029846,0.14521684791984069,CLEAR
3,0.5392603456974029,0.14521684791984069,CLEAR
3,0.5386882841587066,0.14521684791984069,CLEAR
3,0.5360393583774566,0.14521684791984069,CLEAR
3,0.5405804216861725,0.14521684791984069,CLEAR
3,0.5418753087520599,0.14521684791984069,CLEAR
3,0.5409723937511444,0.14521684791984069,CLEAR
3,0.5386124074459075,0.14521684791984069,CLEAR
3,0.5403102695941925,0.14521684791984069,CLEAR
3,0.5421805620193482,0.14521684791984069,CLEAR
3,0.5445912897586822,0.14521684791984069,CLEAR
3,0.5437975943088531,0.14521684791984069,CLEAR
3,0.5422944366931916,0.14521684791984069,CLEAR
3,0.5409594118595124,0.14521684791984069,CLEAR
3,0.5431801438331604,0.14521684791984069,CLEAR
3,0.5417218565940857,0.14521684791984069,CLEAR
3,0.5412285029888153,0.14521684791984069,CLEAR
3,0.5446850419044494,0.14521684791984069,CLEAR
3,0.5413097023963929,0.14521684791984069,CLEAR
3,0.5453831017017364,0.14521684791984069,CLEAR
3,0.5428991913795471,0.14521684791984069,CLEAR
3,0.546167117357254,0.14521684791984069,CLEAR
3,0.5443924069404602,0.14521684791984069,CLEAR
3,0.5419038295745849,0.14521684791984069,CLEAR
3,0.5404926121234894,0.14521684791984069,CLEAR
3,0.5439920774647887,0.14521684791984069,CLEAR
3,0.5424616932868958,0.14521684791984069,CLEAR
3,0.542406314611435,0.14521684791984069,CLEAR
3,0.5400196671485901,0.14521684791984069,CLEAR
3,0.5401427507400512,0.14521684791984069,CLEAR
3,0.5393580257892608,0.14521684791984069,CLEAR
3,0.5379615962505341,0.14521684791984069,CLEAR
3,0.5437720070422535,0.14521684791984069,CLEAR
3,0.5400985240936279,0.14521684791984069,CLEAR
3,0.5413530111312866,0.14521684791984069,CLEAR
3,0.539334636926651,0.14521684791984069,CLEAR
3,0.5367331862449646,0.14521684791984069,CLEAR
3,0.5417895793914794,0.14521684791984069,CLEAR
3,0.5441860437393188,0.14521684791984069,CLEAR
3,0.5423779010772705,0.14521684791984069,CLEAR
3,0.5392628967761993,0.14521684791984069,CLEAR
3,0.5426883280277252,0.14521684791984069,CLEAR
3,0.5405959963798522,0.14521684791984069,CLEAR
3,0.541750431060791,0.14521684791984069,CLEAR
3,0.5436564445495605,0.14521684791984069,CLEAR
3,0.5436758875846862,0.14521684791984069,CLEAR
3,0.5426467001438141,0.14521684791984069,CLEAR
3,0.5424502849578857,0.14521684791984069,CLEAR
3,0.5402808547019958,0.14521684791984069,CLEAR
3,0.5432901501655578,0.14521684791984069,CLEAR
3,0.542268043756485,0.14521684791984069,CLEAR
3,0.5434580564498901,0.14521684791984069,CLEAR
3,0.5403190195560456,0.14521684791984069,CLEAR
3,0.5414538323879242,0.14521684791984069,CLEAR
3,0.5425349354743958,0.14521684791984069,CLEAR
3,0.5419323205947876,0.14521684791984069,CLEAR
3,0.5416173577308655,0.14521684791984069,CLEAR
3,0.5420832335948944,0.14521684791984069,CLEAR
3,0.5440118312835693,0.14521684791984069,CLEAR
3,0.5437146365642547,0.14521684791984069,CLEAR
3,0.5428150355815887,0.14521684791984069,CLEAR
3,0.5449823943661971,0.14521684791984069,CLEAR
3,0.5414682030677795,0.14521684791984069,CLEAR
3,0.5410609066486358,0.14521684791984069,CLEAR
3,0.545579570531845,0.14521684791984069,CLEAR
3,0.5433194398880005,0.14521684791984069,CLEAR
3,0.5409884452819824,0.14521684791984069,CLEAR
3,0.5399310708045959,0.14521684791984069,CLEAR
3,0.5415543019771576,0.14521684791984069,CLEAR
3,0.5406249999999999,0.14521684791984069,CLEAR
3,0.5374049544334412,0.14521684791984069,CLEAR
3,0.5414538323879242,0.14521684791984069,CLEAR
3,0.5414056718349457,0.14521684791984069,CLEAR
3,0.5380378663539886,0.14521684791984069,CLEAR
3,0.5380987465381623,0.14521684791984069,CLEAR
3,0.5412862062454223,0.14521684791984069,CLEAR
3,0.5400293946266175,0.14521684791984069,CLEAR
3,0.5397891640663147,0.14521684791984069,CLEAR
3,0.5396042048931121,0.14521684791984069,CLEAR
3,0.5388246893882751,0.14521684791984069,CLEAR
3,0.5422660112380981,0.14521684791984069,CLEAR
3,0.5426467001438141,0.14521684791984069,CLEAR
3,0.5422822058200836,0.14521684791984069,CLEAR
3,0.541031938791275,0.14521684791984069,CLEAR
3,0.5395188987255096,0.14521684791984069,CLEAR
3,0.5437699675559997,0.14521684791984069,CLEAR
3,0.5420432209968566,0.14521684791984069,CLEAR
3,0.5441450297832489,0.14521684791984069,CLEAR
3,0.5386875629425049,0.14521684791984069,CLEAR
3,0.5400837659835815,0.14521684791984069,CLEAR
3,0.5363057315349579,0.14521684791984069,CLEAR
3,0.5385668873786926,0.14521684791984069,CLEAR
3,0.537186050415039,0.14521684791984069,CLEAR
3,0.5400344073772431,0.14521684791984069,CLEAR
3,0.5420743644237518,0.14521684791984069,CLEAR
3,0.5360388815402984,0.14521684791984069,CLEAR
3,0.5371779143810271,0.14521684791984069,CLEAR
3,0.5380240261554717,0.14521684791984069,CLEAR
3,0.5396226406097412,0.14521684791984069,CLEAR
3,0.5399999976158142,0.14521684791984069,CLEAR
3,0.5378126561641693,0.14521684791984069,CLEAR
3,0.5389447867870331,0.14521684791984069,CLEAR
3,0.5382800996303558,0.14521684791984069,CLEAR
3,0.5393494725227356,0.14521684791984069,CLEAR
3,0.5379360795021056,0.14521684791984069,CLEAR
3,0.5406096339225769,0.14521684791984069,CLEAR
3,0.5423529386520386,0.14521684791984069,CLEAR
3,0.5401667475700378,0.14521684791984069,CLEAR
3,0.5400246620178223,0.14521684791984069,CLEAR
3,0.5393402278423309,0.14521684791984069,CLEAR
3,0.5403629243373871,0.14521684791984069,CLEAR
3,0.5409448802471161,0.14521684791984069,CLEAR
3,0.5377821385860443,0.14521684791984069,CLEAR
3,0.538040554523468,0.14521684791984069,CLEAR
3,0.5405736684799194,0.14521684791984069,CLEAR
3,0.5389731049537658,0.14521684791984069,CLEAR
3,0.5396747171878815,0.14521684791984069,CLEAR
3,0.5427591264247894,0.14521684791984069,CLEAR
3,0.5375494062900543,0.14521684791984069,CLEAR
3,0.5360157012939453,0.14521684791984069,CLEAR
3,0.5333496689796448,0.14521684791984069,CLEAR
3,0.5435432493686676,0.14521684791984069,CLEAR
3,0.5363057315349579,0.14521684791984069,CLEAR
3,0.5366259157657622,0.14521684791984069,CLEAR
3,0.539453125,0.14521684791984069,CLEAR
3,0.5421142995357513,0.14521684791984069,CLEAR
3,0.5415587604045867,0.14521684791984069,CLEAR
3,0.539907020330429,0.14521684791984069,CLEAR
3,0.5401174187660217,0.14521684791984069,CLEAR
3,0.5371698943661971,0.14521684791984069,CLEAR
3,0.5372799295774647,0.14521684791984069,CLEAR
3,0.5362896126760563,0.14521684791984069,CLEAR
3,0.5350792253521126,0.14521684791984069,CLEAR
3,0.5351892605633802,0.14521684791984069,CLEAR
3,0.5365096830985915,0.14521684791984069,CLEAR
3,0.5373899647887324,0.14521684791984069,CLEAR
3,0.5375,0.14521684791984069,CLEAR
3,0.5373899647887324,0.14521684791984069,CLEAR
3,0.5390404929577465,0.14521684791984069,CLEAR
3,0.5394806338028169,0.14521684791984069,CLEAR
3,0.5388204225352112,0.14521684791984069,CLEAR
3,0.5389304577464789,0.14521684791984069,CLEAR
3,0.538600352112676,0.14521684791984069,CLEAR
3,0.5389304577464789,0.14521684791984069,CLEAR
3,0.538600352112676,0.14521684791984069,CLEAR
3,0.5402508802816901,0.14521684791984069,CLEAR
3,0.5410211267605634,0.14521684791984069,CLEAR
3,0.5379965901374817,0.14521684791984069,CLEAR
3,0.5391240537166595,0.14521684791984069,CLEAR
3,0.5398628771305084,0.14521684791984069,CLEAR
3,0.5389447867870331,0.14521684791984069,CLEAR
3,0.5416300654411316,0.14521684791984069,CLEAR
3,0.5408272504806518,0.14521684791984069,CLEAR
3,0.5426044225692749,0.14521684791984069,CLEAR
3,0.5382050037384033,0.14521684791984069,CLEAR
3,0.5386119246482849,0.14521684791984069,CLEAR
3,0.5373010039329529,0.14521684791984069,CLEAR
3,0.5369506478309631,0.14521684791984069,CLEAR
3,0.5384765625,0.14521684791984069,CLEAR
3,0.5405299305915833,0.14521684791984069,CLEAR
3,0.5400683283805847,0.14521684791984069,CLEAR
3,0.5410814762115478,0.14521684791984069,CLEAR
3,0.5417932391166687,0.14521684791984069,CLEAR
3,0.5437116920948029,0.14521684791984069,CLEAR
3,0.5417913732394366,0.14521684791984069,CLEAR
3,0.540030809859155,0.14521684791984069,CLEAR
3,0.5388204225352112,0.14521684791984069,CLEAR
3,0.5375,0.14521684791984069,CLEAR
3,0.5376100352112676,0.14521684791984069,CLEAR
3,0.538050176056338,0.14521684791984069,CLEAR
3,0.5392305791378021,0.14521684791984069,CLEAR
3,0.5375789999961853,0.14521684791984069,CLEAR
3,0.5400293946266175,0.14521684791984069,CLEAR
3,0.5419014084507042,0.14521684791984069,CLEAR
3,0.5401667475700378,0.14521684791984069,CLEAR
3,0.5356793761253357,0.14521684791984069,CLEAR
3,0.5357807159423827,0.14521684791984069,CLEAR
3,0.5356254577636719,0.14521684791984069,CLEAR
3,0.5363836526870728,0.14521684791984069,CLEAR
3,0.5392429769039154,0.14521684791984069,CLEAR
3,0.5402603805065155,0.14521684791984069,CLEAR
3,0.5393969118595123,0.14521684791984069,CLEAR
3,0.5392281413078308,0.14521684791984069,CLEAR
3,0.5396856606006623,0.14521684791984069,CLEAR
3,0.5363057315349579,0.14521684791984069,CLEAR
3,0.540487802028656,0.14521684791984069,CLEAR
3,0.5399364173412323,0.14521684791984069,CLEAR
3,0.5385068774223327,0.14521684791984069,CLEAR
3,0.5395485758781433,0.14521684791984069,CLEAR
3,0.5377668738365173,0.14521684791984069,CLEAR
3,0.5380530953407288,0.14521684791984069,CLEAR
3,0.5374269008636474,0.14521684791984069,CLEAR
3,0.540386027097702,0.14521684791984069,CLEAR
3,0.539941120147705,0.14521684791984069,CLEAR
3,0.5381889760494232,0.14521684791984069,CLEAR
3,0.5386274516582489,0.14521684791984069,CLEAR
3,0.5384916722774505,0.14521684791984069,CLEAR
3,0.5376800954341888,0.14521684791984069,CLEAR
3,0.5405658066272735,0.14521684791984069,CLEAR
3,0.5392874598503112,0.14521684791984069,CLEAR
3,0.5401226997375488,0.14521684791984069,CLEAR
3,0.5425500750541686,0.14521684791984069,CLEAR
3,0.5404942512512206,0.14521684791984069,CLEAR
3,0.5426474213600159,0.14521684791984069,CLEAR
3,0.5417218565940857,0.14521684791984069,CLEAR
3,0.5427170157432556,0.14521684791984069,CLEAR
3,0.5430945992469787,0.14521684791984069,CLEAR
3,0.5416727602481841,0.14521684791984069,CLEAR
3,0.5415631830692291,0.14521684791984069,CLEAR
3,0.5419244825839996,0.14521684791984069,CLEAR
3,0.542521995306015,0.14521684791984069,CLEAR
3,0.541701191663742,0.14521684791984069,CLEAR
3,0.5433749675750732,0.14521684791984069,CLEAR
3,0.5424094021320343,0.14521684791984069,CLEAR
3,0.5440313100814819,0.14521684791984069,CLEAR
3,0.5423952996730804,0.14521684791984069,CLEAR
3,0.5436123371124267,0.14521684791984069,CLEAR
3,0.5428153216838837,0.14521684791984069,CLEAR
3,0.5438976407051086,0.14521684791984069,CLEAR
3,0.5438356161117553,0.14521684791984069,CLEAR
3,0.538791424036026,0.14521684791984069,CLEAR
3,0.5419638514518738,0.14521684791984069,CLEAR
3,0.5445422535211267,0.14521684791984069,CLEAR
3,0.542781690140845,0.14521684791984069,CLEAR
3,0.5405809859154929,0.14521684791984069,CLEAR
3,0.5409723937511444,0.14521684791984069,CLEAR
3,0.5382702464788732,0.14521684791984069,CLEAR
3,0.5375,0.14521684791984069,CLEAR
3,0.5367297535211267,0.14521684791984069,CLEAR
3,0.5362896126760563,0.14521684791984069,CLEAR
3,0.538050176056338,0.14521684791984069,CLEAR
3,0.5383802816901408,0.14521684791984069,CLEAR
3,0.5379401408450705,0.14521684791984069,CLEAR
3,0.536949823943662,0.14521684791984069,CLEAR
3,0.5367297535211267,0.14521684791984069,CLEAR
3,0.5368397887323944,0.14521684791984069,CLEAR
3,0.5379401408450705,0.14521684791984069,CLEAR
3,0.5372799295774647,0.14521684791984069,CLEAR
3,0.5366197183098591,0.14521684791984069,CLEAR
3,0.5373899647887324,0.14521684791984069,CLEAR
3,0.5368397887323944,0.14521684791984069,CLEAR
3,0.536949823943662,0.14521684791984069,CLEAR
3,0.5376100352112676,0.14521684791984069,CLEAR
3,0.538600352112676,0.14521684791984069,CLEAR
3,0.5382702464788732,0.14521684791984069,CLEAR
3,0.5383802816901408,0.14521684791984069,CLEAR
3,0.5407843112945556,0.14521684791984069,CLEAR
3,0.5415713028169014,0.14521684791984069,CLEAR
3,0.541681338028169,0.14521684791984069,CLEAR
3,0.5419212877750397,0.14521684791984069,CLEAR
3,0.5419014084507042,0.14521684791984069,CLEAR
3,0.5421334624290466,0.14521684791984069,CLEAR
3,0.5444322183098592,0.14521684791984069,CLEAR
3,0.5431790351867676,0.14521684791984069,CLEAR
3,0.5435519366197183,0.14521684791984069,CLEAR
3,0.5438820422535211,0.14521684791984069,CLEAR
3,0.5435519366197183,0.14521684791984069,CLEAR
3,0.5431117957746479,0.14521684791984069,CLEAR
3,0.5434419014084507,0.14521684791984069,CLEAR
3,0.5438820422535211,0.14521684791984069,CLEAR
3,0.5441021126760563,0.14521684791984069,CLEAR
3,0.5444322183098592,0.14521684791984069,CLEAR
3,0.5437720070422535,0.14521684791984069,CLEAR
3,0.5453125,0.14521684791984069,CLEAR
3,0.5454225352112676,0.14521684791984069,CLEAR
3,0.5333660960197448,0.14521684791984069,CLEAR
3,0.5444322183098592,0.14521684791984069,CLEAR
3,0.5436619718309859,0.14521684791984069,CLEAR
3,0.5445422535211267,0.14521684791984069,CLEAR
3,0.5419014084507042,0.14521684791984069,CLEAR
3,0.5395906690140845,0.14521684791984069,CLEAR
3,0.5392605633802816,0.14521684791984069,CLEAR
3,0.5401408450704225,0.14521684791984069,CLEAR
3,0.5363214850425719,0.14521684791984069,CLEAR
3,0.4913939356803894,0.14521684791984069,CLEAR
3,0.5122983872890472,0.14521684791984069,CLEAR
3,0.5358519673347473,0.14521684791984069,CLEAR
3,0.5375,0.14521684791984069,CLEAR
3,0.5387103873239436,0.14521684791984069,CLEAR
3,0.5395906690140845,0.14521684791984069,CLEAR
3,0.5368397887323944,0.14521684791984069,CLEAR
3,0.5377200704225352,0.14521684791984069,CLEAR
3,0.3930297613143921,0.14521684791984069,CLEAR
3,0.36568653583526617,0.14521684791984069,CLEAR
3,0.3579352855682373,0.14521684791984069,CLEAR
3,0.32457799911499025,0.14521684791984069,CLEAR
3,0.26012496948242186,0.14521684791984069,CLEAR
3,0.2019407510757446,0.14521684791984069,CLEAR
3,0.19113502502441404,0.14521684791984069,CLEAR
3,0.13612937927246097,0.14521684791984069,CLEAR
3,0.11596975326538088,0.14521684791984069,CLEAR
3,0.13817820549011228,0.14521684791984069,CLEAR
3,0.12072710990905759,0.14521684791984069,CLEAR
3,0.13894944190979003,0.14521684791984069,CLEAR
3,0.12043704986572265,0.14521684791984069,CLEAR
3,0.14528670310974118,0.14521684791984069,CLEAR
3,0.1402925968170166,0.14521684791984069,CLEAR
3,0.1627813816070557,0.14521684791984069,CLEAR
3,0.23022606372833254,0.14521684791984069,CLEAR
3,0.16027364730834961,0.14521684791984069,CLEAR
3,0.19209947183098597,0.14521684791984069,CLEAR
3,0.13984808921813965,0.14521684791984069,CLEAR
3,0.08423194885253905,0.14521684791984069,CLEAR
3,0.1701416969299316,0.14521684791984069,CLEAR
3,0.06291637420654299,0.14521684791984069,CLEAR
3,0.057086267605633796,0.14521684791984069,CLEAR
3,0.03595950704225354,0.14521684791984069,CLEAR
3,0.0256161971830986,0.14521684791984069,CLEAR
3,0.004379401408450723,0.14521684791984069,CLEAR
3,0.0,0.0,BRAKE
3,0.0,0.0,BRAKE
3,0.0,0.0,BRAKE
3,0.0,0.0,BRAKE
3,0.0,0.0,BRAKE
3,0.0,0.0,BRAKE
3,0.027816901408450723,0.14521684791984069,CLEAR
3,0.02088468309859155,0.14521684791984069,CLEAR
3,0.05565580985915497,0.14521684791984069,CLEAR
3,0.027596830985915543,0.14521684791984069,CLEAR
3,0.07733274647887327,0.14521684791984069,CLEAR
3,0.04058098591549297,0.14521684791984069,CLEAR
3,0.028367077464788767,0.14521684791984069,CLEAR
3,0.02803697183098597,0.14521684791984069,CLEAR
3,0.019014084507042294,0.14521684791984069,CLEAR
3,0.026056338028169024,0.14521684791984069,CLEAR
3,0.02275528169014087,0.14521684791984069,CLEAR
3,0.020444542253521124,0.14521684791984069,CLEAR
3,0.0175836267605634,0.14521684791984069,CLEAR
3,0.01703345070422535,0.14521684791984069,CLEAR
3,0.013072183098591594,0.14521684791984069,CLEAR
3,0.01087147887323947,0.14521684791984069,CLEAR
3,0.016043133802816877,0.14521684791984069,CLEAR
3,0.017143485915492973,0.14521684791984069,CLEAR
3,0.011641725352112763,0.14521684791984069,CLEAR
3,0.008010563380281676,0.14521684791984069,CLEAR
3,0.011091549295774716,0.14521684791984069,CLEAR
3,0.009991197183098622,0.14521684791984069,CLEAR
3,0.007790492957746497,0.14521684791984069,CLEAR
3,0.011091549295774716,0.14521684791984069,CLEAR
3,0.004599471830985968,0.14521684791984069,CLEAR
3,0.010321302816901422,0.14521684791984069,CLEAR
3,0.005809859154929553,0.14521684791984069,CLEAR
3,0.010321302816901422,0.14521684791984069,CLEAR
3,0.00878080985915497,0.14521684791984069,CLEAR
3,0.013842429577464755,0.14521684791984069,CLEAR
3,0.007790492957746497,0.14521684791984069,CLEAR
3,0.009330985915493016,0.14521684791984069,CLEAR
3,0.026386443661971893,0.14521684791984069,CLEAR
3,0.04828345070422537,0.14521684791984069,CLEAR
3,0.061157570422535244,0.14521684791984069,CLEAR
3,0.05191461267605639,0.14521684791984069,CLEAR
3,0.035629401408450743,0.14521684791984069,CLEAR
3,0.07932572364807129,0.14521684791984069,CLEAR
3,0.0,0.0,BRAKE
3,0.0,0.0,BRAKE
3,0.0,0.0,BRAKE
3,0.0,0.0,BRAKE
3,0.0,0.0,BRAKE
3,0.0,0.0,BRAKE
3,0.0,0.0,BRAKE
3,0.0,0.0,BRAKE
3,0.0,0.0,BRAKE
3,0.0,0.0,BRAKE
3,0.0,0.0,BRAKE
3,0.0,0.0,BRAKE
3,0.0,0.0,BRAKE
3,0.0,0.0,BRAKE
2,0.0,0.0,BRAKE
2,0.0,0.0,BRAKE
2,0.0007676124572753906,0.29043369583968137,CLEAR
1,0.0025403499603271706,0.43565054375952217,CLEAR
3,0.0,0.0,BRAKE
3,0.0,0.0,BRAKE
3,0.0,0.0,BRAKE
3,0.0,0.0,BRAKE
3,0.0,0.0,BRAKE
3,0.0,0.0,BRAKE
3,0.0,0.0,BRAKE
3,0.0,0.0,BRAKE
3,0.0,0.0,BRAKE
3,0.0,0.0,BRAKE
3,0.0,0.0,BRAKE
3,0.0,0.0,BRAKE
3,0.0,0.0,BRAKE
3,0.0,0.0,BRAKE
3,0.0,0.0,BRAKE
3,0.0,0.0,BRAKE
3,0.0,0.0,BRAKE
3,0.0,0.0,BRAKE
3,0.0,0.0,BRAKE
3,0.0,0.0,BRAKE
3,0.0,0.0,BRAKE
3,0.0,0.0,BRAKE
3,0.0,0.0,BRAKE
3,0.0,0.0,BRAKE
3,0.0,0.0,BRAKE
3,0.0,0.0,BRAKE
3,0.0,0.0,BRAKE
3,0.0,0.0,BRAKE
3,0.0,0.0,BRAKE
3,0.0,0.0,BRAKE
3,0.0,0.0,BRAKE
3,0.0,0.0,BRAKE
3,0.0,0.0,BRAKE
3,0.0,0.0,BRAKE
3,0.0,0.0,BRAKE
3,0.0,0.0,BRAKE
3,0.0,0.0,BRAKE
3,0.0,0.0,BRAKE
3,0.0,0.0,BRAKE
3,0.0,0.0,BRAKE
3,0.0,0.0,BRAKE
3,0.0,0.0,BRAKE
3,0.0,0.0,BRAKE
3,0.0,0.0,BRAKE
3,0.0,0.0,BRAKE
3,0.0,0.0,BRAKE
3,0.0,0.0,BRAKE
3,0.0,0.0,BRAKE
3,0.0,0.0,BRAKE
3,0.0,0.0,BRAKE
3,0.0,0.0,BRAKE
3,0.0,0.0,BRAKE
3,0.0,0.0,BRAKE
3,0.0,0.0,BRAKE
3,0.0,0.0,BRAKE
3,0.0,0.0,BRAKE
3,0.0,0.0,BRAKE
3,0.0,0.0,BRAKE
3,0.0,0.0,BRAKE
3,0.0,0.0,BRAKE
3,0.0,0.0,BRAKE
3,0.0,0.0,BRAKE
3,0.0,0.0,BRAKE
3,0.0,0.0,BRAKE
3,0.0,0.0,BRAKE
3,0.0,0.0,BRAKE
3,0.0,0.0,BRAKE
3,0.0,0.0,BRAKE
3,0.0,0.0,BRAKE
3,0.0,0.0,BRAKE
3,0.0,0.0,BRAKE
3,0.0,0.0,BRAKE
3,0.0,0.0,BRAKE
3,0.0,0.0,BRAKE
3,0.0,0.0,BRAKE
3,0.0,0.0,BRAKE
3,0.0,0.0,BRAKE
3,0.0,0.0,BRAKE
3,0.0,0.0,BRAKE
3,0.0,0.0,BRAKE
3,0.0,0.0,BRAKE
3,0.0,0.0,BRAKE
3,0.0,0.0,BRAKE
3,0.0,0.0,BRAKE
3,0.0,0.0,BRAKE
3,0.0,0.0,BRAKE
3,0.0,0.0,BRAKE
3,0.0,0.0,BRAKE
3,0.0,0.0,BRAKE
3,0.0,0.0,BRAKE
3,0.0,0.0,BRAKE
3,0.0,0.0,BRAKE
3,0.0,0.0,BRAKE
3,0.0,0.0,BRAKE
3,0.0,0.0,BRAKE
3,0.0,0.0,BRAKE
3,0.0,0.0,BRAKE
3,0.0,0.0,BRAKE
3,0.0,0.0,BRAKE
3,0.0,0.0,BRAKE
3,0.0,0.0,BRAKE
3,0.0,0.0,BRAKE
3,0.0,0.0,BRAKE
3,0.0,0.0,BRAKE
3,0.0,0.0,BRAKE
3,0.0,0.0,BRAKE
3,0.0,0.0,BRAKE
3,0.0,0.0,BRAKE
3,0.0,0.0,BRAKE
3,0.0,0.0,BRAKE
3,0.0,0.0,BRAKE
3,0.0,0.0,BRAKE
3,0.0,0.0,BRAKE
3,0.0,0.0,BRAKE
3,0.0,0.0,BRAKE
3,0.0,0.0,BRAKE
3,0.0,0.0,BRAKE
3,0.0,0.0,BRAKE
3,0.0,0.0,BRAKE
3,0.0,0.0,BRAKE
3,0.0,0.0,BRAKE
3,0.0,0.0,BRAKE
3,0.0,0.0,BRAKE
3,0.0,0.0,BRAKE
3,0.0,0.0,BRAKE
3,0.0,0.0,BRAKE
3,0.0,0.0,BRAKE
3,0.0,0.0,BRAKE
3,0.0,0.0,BRAKE
3,0.0,0.0,BRAKE
3,0.0,0.0,BRAKE
3,0.0,0.0,BRAKE
3,0.0,0.0,BRAKE
3,0.0,0.0,BRAKE
3,0.0,0.0,BRAKE
3,0.0,0.0,BRAKE
3,0.0,0.0,BRAKE
3,0.00016570091247560814,0.14521684791984069,CLEAR
3,0.0,0.0,BRAKE
3,0.0,0.0,BRAKE
3,0.0,0.0,BRAKE
3,0.0,0.0,BRAKE
2,0.0,0.0,BRAKE
7,0.0,0.0,BRAKE
7,0.0,0.0,BRAKE
8,0.13043818473815919,-0.5808673916793627,CLEAR
7,0.5224716603755951,-0.43565054375952217,CLEAR
7,0.5254794538021087,-0.43565054375952217,CLEAR
7,0.5263908684253692,-0.43565054375952217,CLEAR
7,0.503964364528656,-0.43565054375952217,CLEAR
7,0.5208872437477111,-0.43565054375952217,CLEAR
7,0.5246904909610748,-0.43565054375952217,CLEAR
7,0.5095952689647675,-0.43565054375952217,CLEAR
7,0.5274918854236602,-0.43565054375952217,CLEAR
7,0.5328506767749787,-0.43565054375952217,CLEAR
7,0.5140035927295684,-0.43565054375952217,CLEAR
7,0.5243869841098785,-0.43565054375952217,CLEAR
7,0.5227475464344025,-0.43565054375952217,CLEAR
7,0.05070552825927736,-0.43565054375952217,CLEAR
4,0.08072662353515625,-0.0,CLEAR
4,0.30396218299865724,-0.0,CLEAR
4,0.518967741727829,-0.0,CLEAR
4,0.5225968599319458,-0.0,CLEAR
4,0.5216944277286529,-0.0,CLEAR
4,0.5009506940841675,-0.0,CLEAR
4,0.5151570320129394,-0.0,CLEAR
4,0.5063889563083649,-0.0,CLEAR
4,0.521474653482437,-0.0,CLEAR
4,0.5278416931629181,-0.0,CLEAR
7,0.5265894711017609,-0.43565054375952217,CLEAR
7,0.540903115272522,-0.43565054375952217,CLEAR
7,0.548393485915493,-0.43565054375952217,CLEAR
7,0.0,0.0,BRAKE
7,0.0,0.0,BRAKE
7,0.0,0.0,BRAKE
7,0.0,0.0,BRAKE
7,0.0,0.0,BRAKE
7,0.0,0.0,BRAKE
7,0.0,0.0,BRAKE
7,0.0,0.0,BRAKE
7,0.0,0.0,BRAKE
8,0.0,0.0,BRAKE
7,0.0,0.0,BRAKE
7,0.0,0.0,BRAKE
7,0.0,0.0,BRAKE
7,0.0,0.0,BRAKE
7,0.0,0.0,BRAKE
7,0.0,0.0,BRAKE
7,0.0,0.0,BRAKE
7,0.0,0.0,BRAKE
7,0.0,0.0,BRAKE
8,0.0,0.0,BRAKE
7,0.0,0.0,BRAKE
7,0.0,0.0,BRAKE
8,0.0,0.0,BRAKE
7,0.0,0.0,BRAKE
7,0.0,0.0,BRAKE
7,0.0,0.0,BRAKE
8,0.0,0.0,BRAKE
7,0.0,0.0,BRAKE
7,0.0,0.0,BRAKE
7,0.0,0.0,BRAKE
7,0.0,0.0,BRAKE
7,0.0,0.0,BRAKE
7,0.0,0.0,BRAKE
7,0.0,0.0,BRAKE
7,0.0,0.0,BRAKE
7,0.0,0.0,BRAKE
7,0.0,0.0,BRAKE
7,0.0,0.0,BRAKE
7,0.0,0.0,BRAKE
7,0.0,0.0,BRAKE
8,0.0,0.0,BRAKE
7,0.0,0.0,BRAKE
7,0.0,0.0,BRAKE
8,0.0,0.0,BRAKE
7,0.0,0.0,BRAKE
7,0.0,0.0,BRAKE
7,0.0,0.0,BRAKE
7,0.0,0.0,BRAKE
7,0.0,0.0,BRAKE
7,0.0,0.0,BRAKE
7,0.0,0.0,BRAKE
7,0.0,0.0,BRAKE
7,0.0,0.0,BRAKE
7,0.0,0.0,BRAKE
7,0.0,0.0,BRAKE
8,0.0,0.0,BRAKE
7,0.0,0.0,BRAKE
7,0.0,0.0,BRAKE
7,0.0,0.0,BRAKE
7,0.0,0.0,BRAKE
7,0.0,0.0,BRAKE
8,0.0,0.0,BRAKE
7,0.0,0.0,BRAKE
7,0.0,0.0,BRAKE
7,0.0,0.0,BRAKE
7,0.0,0.0,BRAKE
7,0.0,0.0,BRAKE
7,0.0,0.0,BRAKE
7,0.0,0.0,BRAKE
7,0.0,0.0,BRAKE
7,0.0,0.0,BRAKE
7,0.0,0.0,BRAKE
7,0.0,0.0,BRAKE
7,0.0,0.0,BRAKE
7,0.0,0.0,BRAKE
7,0.0,0.0,BRAKE
7,0.0,0.0,BRAKE
7,0.0,0.0,BRAKE
7,0.0,0.0,BRAKE
7,0.0,0.0,BRAKE
7,0.0,0.0,BRAKE
7,0.0,0.0,BRAKE
7,0.0,0.0,BRAKE
7,0.0,0.0,BRAKE
7,0.0,0.0,BRAKE
7,0.0,0.0,BRAKE
7,0.0,0.0,BRAKE
7,0.0,0.0,BRAKE
7,0.0,0.0,BRAKE
7,0.0,0.0,BRAKE
7,0.0,0.0,BRAKE
7,0.0,0.0,BRAKE
7,0.0,0.0,BRAKE
7,0.0,0.0,BRAKE
7,0.0,0.0,BRAKE
8,0.0,0.0,BRAKE
7,0.0,0.0,BRAKE
7,0.0,0.0,BRAKE
8,0.0,0.0,BRAKE
7,0.0,0.0,BRAKE
7,0.0,0.0,BRAKE
7,0.0,0.0,BRAKE
7,0.0,0.0,BRAKE
7,0.0,0.0,BRAKE
7,0.0,0.0,BRAKE
7,0.0,0.0,BRAKE
7,0.0,0.0,BRAKE
8,0.0,0.0,BRAKE
7,0.0,0.0,BRAKE
7,0.0,0.0,BRAKE
3,0.0,0.0,BRAKE
3,0.0,0.0,BRAKE
7,0.0,0.0,BRAKE
2,0.0,0.0,BRAKE
2,0.0,0.0,BRAKE
2,0.0,0.0,BRAKE
2,0.0,0.0,BRAKE
2,0.0,0.0,BRAKE
7,0.0,0.0,BRAKE
2,0.0,0.0,BRAKE
2,0.0,0.0,BRAKE
2,0.0,0.0,BRAKE
2,0.0,0.0,BRAKE
7,0.0,0.0,BRAKE
2,0.0,0.0,BRAKE
2,0.0,0.0,BRAKE
2,0.0,0.0,BRAKE
2,0.0,0.0,BRAKE
7,0.0,0.0,BRAKE
2,0.0,0.0,BRAKE
2,0.0,0.0,BRAKE
7,0.0,0.0,BRAKE
7,0.0,0.0,BRAKE
2,0.0,0.0,BRAKE
2,0.0,0.0,BRAKE
2,0.0,0.0,BRAKE
7,0.0,0.0,BRAKE
7,0.0,0.0,BRAKE
7,0.0,0.0,BRAKE
7,0.0,0.0,BRAKE
7,0.0,0.0,BRAKE
2,0.0,0.0,BRAKE
7,0.0,0.0,BRAKE
2,0.0,0.0,BRAKE
7,0.0,0.0,BRAKE
7,0.0,0.0,BRAKE
7,0.0,0.0,BRAKE
7,0.0,0.0,BRAKE
7,0.0,0.0,BRAKE
7,0.0,0.0,BRAKE
2,0.0,0.0,BRAKE
2,0.0,0.0,BRAKE
2,0.0,0.0,BRAKE
7,0.0,0.0,BRAKE
7,0.0,0.0,BRAKE
2,0.0,0.0,BRAKE
7,0.0,0.0,BRAKE
7,0.0,0.0,BRAKE
7,0.0,0.0,BRAKE
7,0.0,0.0,BRAKE
2,0.0,0.0,BRAKE
7,0.0,0.0,BRAKE
7,0.0,0.0,BRAKE
7,0.0,0.0,BRAKE
7,0.0,0.0,BRAKE
2,0.0,0.0,BRAKE
7,0.0,0.0,BRAKE
7,0.0,0.0,BRAKE
7,0.0,0.0,BRAKE
7,0.0,0.0,BRAKE
7,0.0,0.0,BRAKE
7,0.0,0.0,BRAKE
7,0.0,0.0,BRAKE
7,0.0,0.0,BRAKE
7,0.0,0.0,BRAKE
7,0.0,0.0,BRAKE
7,0.0,0.0,BRAKE
7,0.0,0.0,BRAKE
7,0.0,0.0,BRAKE
7,0.0,0.0,BRAKE
7,0.0,0.0,BRAKE
7,0.0,0.0,BRAKE
7,0.0,0.0,BRAKE
7,0.0,0.0,BRAKE
7,0.0,0.0,BRAKE
7,0.0,0.0,BRAKE
7,0.0,0.0,BRAKE
7,0.0,0.0,BRAKE
7,0.0,0.0,BRAKE
7,0.0,0.0,BRAKE
7,0.0,0.0,BRAKE
7,0.0,0.0,BRAKE
7,0.0,0.0,BRAKE
7,0.0,0.0,BRAKE
7,0.0,0.0,BRAKE
2,0.0,0.0,BRAKE
7,0.0,0.0,BRAKE
2,0.0,0.0,BRAKE
7,0.0,0.0,BRAKE
7,0.0,0.0,BRAKE
2,0.0,0.0,BRAKE
2,0.0,0.0,BRAKE
7,0.0,0.0,BRAKE
7,0.0,0.0,BRAKE
7,0.0,0.0,BRAKE
7,0.0,0.0,BRAKE
7,0.0,0.0,BRAKE
2,0.0,0.0,BRAKE
2,0.0,0.0,BRAKE
7,0.0,0.0,BRAKE
7,0.0,0.0,BRAKE
7,0.0,0.0,BRAKE
7,0.0,0.0,BRAKE
7,0.0,0.0,BRAKE
7,0.0,0.0,BRAKE
7,0.0,0.0,BRAKE
3,0.0,0.0,BRAKE
3,0.0,0.0,BRAKE
7,0.0,0.0,BRAKE
7,0.0,0.0,BRAKE
7,0.0,0.0,BRAKE
7,0.0,0.0,BRAKE
7,0.0,0.0,BRAKE
7,0.0,0.0,BRAKE
7,0.0,0.0,BRAKE
7,0.0,0.0,BRAKE
7,0.0,0.0,BRAKE
7,0.4934346675872803,-0.43565054375952217,CLEAR
7,0.0,0.0,BRAKE
7,0.0,0.0,BRAKE
7,0.0,0.0,BRAKE
7,0.0,0.0,BRAKE
7,0.0,0.0,BRAKE
7,0.0,0.0,BRAKE
7,0.0,0.0,BRAKE
7,0.15245552062988282,-0.43565054375952217,CLEAR
7,0.08195514678955078,-0.43565054375952217,CLEAR
7,0.0,0.0,BRAKE
7,0.0,0.0,BRAKE
3,0.0,0.0,BRAKE
7,0.0,0.0,BRAKE
3,0.0,0.0,BRAKE
3,0.0014020442962646483,0.14521684791984069,CLEAR
3,0.016626310348510764,0.14521684791984069,CLEAR
3,0.06365470886230466,0.14521684791984069,CLEAR
3,0.01357464790344236,0.14521684791984069,CLEAR
3,0.018480491638183594,0.14521684791984069,CLEAR
3,0.0,0.0,BRAKE
7,0.0,0.0,BRAKE
7,0.0,0.0,BRAKE
7,0.0,0.0,BRAKE
7,0.0,0.0,BRAKE
7,0.0,0.0,BRAKE
7,0.0,0.0,BRAKE
7,0.0,0.0,BRAKE
7,0.0,0.0,BRAKE
7,0.0,0.0,BRAKE
7,0.0,0.0,BRAKE
7,0.0,0.0,BRAKE
7,0.0,0.0,BRAKE
7,0.0,0.0,BRAKE
7,0.0,0.0,BRAKE
7,0.0,0.0,BRAKE
7,0.0,0.0,BRAKE
7,0.0,0.0,BRAKE
7,0.0,0.0,BRAKE
7,0.0,0.0,BRAKE
7,0.0,0.0,BRAKE
7,0.0,0.0,BRAKE
7,0.0,0.0,BRAKE
7,0.0,0.0,BRAKE
7,0.0,0.0,BRAKE
7,0.0,0.0,BRAKE
7,0.0,0.0,BRAKE
7,0.0,0.0,BRAKE
7,0.0,0.0,BRAKE
7,0.0,0.0,BRAKE
7,0.0,0.0,BRAKE
7,0.0,0.0,BRAKE
7,0.0,0.0,BRAKE
7,0.0,0.0,BRAKE
7,0.0,0.0,BRAKE
7,0.0,0.0,BRAKE
7,0.0,0.0,BRAKE
7,0.0,0.0,BRAKE
7,0.0,0.0,BRAKE
7,0.0,0.0,BRAKE
7,0.0,0.0,BRAKE
7,0.0,0.0,BRAKE
7,0.0,0.0,BRAKE
7,0.0,0.0,BRAKE
7,0.0,0.0,BRAKE
7,0.0,0.0,BRAKE
7,0.0,0.0,BRAKE
7,0.0,0.0,BRAKE
7,0.0,0.0,BRAKE
7,0.0,0.0,BRAKE
7,0.0,0.0,BRAKE
7,0.0,0.0,BRAKE
7,0.0,0.0,BRAKE
7,0.0,0.0,BRAKE
7,0.0,0.0,BRAKE
7,0.0,0.0,BRAKE
3,0.0,0.0,BRAKE
7,0.0,0.0,BRAKE
7,0.0,0.0,BRAKE
7,0.0,0.0,BRAKE
7,0.0,0.0,BRAKE
7,0.0,0.0,BRAKE
7,0.0,0.0,BRAKE
7,0.0,0.0,BRAKE
7,0.0,0.0,BRAKE
7,0.0,0.0,BRAKE
7,0.0,0.0,BRAKE
7,0.0,0.0,BRAKE
7,0.0,0.0,BRAKE
7,0.0,0.0,BRAKE
7,0.0,0.0,BRAKE
7,0.0,0.0,BRAKE
7,0.0,0.0,BRAKE
7,0.0,0.0,BRAKE
7,0.0,0.0,BRAKE
7,0.0,0.0,BRAKE
7,0.0,0.0,BRAKE
7,0.0,0.0,BRAKE
7,0.0,0.0,BRAKE
7,0.0,0.0,BRAKE
7,0.0,0.0,BRAKE
7,0.0,0.0,BRAKE
7,0.0,0.0,BRAKE
7,0.0,0.0,BRAKE
7,0.0,0.0,BRAKE
7,0.0,0.0,BRAKE
7,0.0,0.0,BRAKE
7,0.0,0.0,BRAKE
7,0.0,0.0,BRAKE
7,0.0,0.0,BRAKE
7,0.0,0.0,BRAKE
7,0.0,0.0,BRAKE
7,0.0,0.0,BRAKE
7,0.0,0.0,BRAKE
7,0.0,0.0,BRAKE
7,0.0,0.0,BRAKE
7,0.0,0.0,BRAKE
7,0.0,0.0,BRAKE
7,0.0,0.0,BRAKE
7,0.0,0.0,BRAKE
7,0.0,0.0,BRAKE
7,0.0,0.0,BRAKE
3,0.0,0.0,BRAKE
7,0.0,0.0,BRAKE
7,0.0,0.0,BRAKE
7,0.0,0.0,BRAKE
7,0.0,0.0,BRAKE
7,0.0,0.0,BRAKE
7,0.0,0.0,BRAKE
7,0.0,0.0,BRAKE
7,0.0,0.0,BRAKE
7,0.0,0.0,BRAKE
7,0.0,0.0,BRAKE
7,0.0,0.0,BRAKE
7,0.0,0.0,BRAKE
7,0.0,0.0,BRAKE
7,0.0,0.0,BRAKE
7,0.0,0.0,BRAKE
7,0.0,0.0,BRAKE
7,0.0,0.0,BRAKE
7,0.0,0.0,BRAKE
7,0.0,0.0,BRAKE
7,0.0,0.0,BRAKE
7,0.0,0.0,BRAKE
7,0.0,0.0,BRAKE
7,0.0,0.0,BRAKE
7,0.0,0.0,BRAKE
7,0.0,0.0,BRAKE
7,0.0,0.0,BRAKE
7,0.0,0.0,BRAKE
7,0.0,0.0,BRAKE
7,0.0,0.0,BRAKE
7,0.0,0.0,BRAKE
7,0.0,0.0,BRAKE
7,0.0,0.0,BRAKE
7,0.0,0.0,BRAKE
7,0.0,0.0,BRAKE
7,0.0,0.0,BRAKE
7,0.0,0.0,BRAKE
7,0.0,0.0,BRAKE
7,0.0,0.0,BRAKE
7,0.0,0.0,BRAKE
7,0.0,0.0,BRAKE
7,0.0,0.0,BRAKE
7,0.0,0.0,BRAKE
7,0.0,0.0,BRAKE
7,0.0,0.0,BRAKE
7,0.0,0.0,BRAKE
7,0.0,0.0,BRAKE
7,0.0,0.0,BRAKE
7,0.0,0.0,BRAKE
7,0.0,0.0,BRAKE
7,0.0,0.0,BRAKE
7,0.0,0.0,BRAKE
7,0.0,0.0,BRAKE
7,0.0,0.0,BRAKE
7,0.0,0.0,BRAKE
7,0.0,0.0,BRAKE
7,0.0,0.0,BRAKE
7,0.0,0.0,BRAKE
7,0.0,0.0,BRAKE
7,0.0,0.0,BRAKE
7,0.0,0.0,BRAKE
7,0.0,0.0,BRAKE
7,0.0,0.0,BRAKE
7,0.0,0.0,BRAKE
7,0.0,0.0,BRAKE
7,0.0,0.0,BRAKE
7,0.0,0.0,BRAKE
7,0.0,0.0,BRAKE
7,0.0,0.0,BRAKE
7,0.0,0.0,BRAKE
7,0.0,0.0,BRAKE
7,0.0,0.0,BRAKE
7,0.0,0.0,BRAKE
7,0.0,0.0,BRAKE
7,0.0,0.0,BRAKE
7,0.0,0.0,BRAKE
7,0.0,0.0,BRAKE
7,0.0,0.0,BRAKE
7,0.0,0.0,BRAKE
7,0.0,0.0,BRAKE
7,0.0,0.0,BRAKE
7,0.0,0.0,BRAKE
7,0.0,0.0,BRAKE
7,0.0,0.0,BRAKE
7,0.0,0.0,BRAKE
7,0.0,0.0,BRAKE
7,0.0,0.0,BRAKE
7,0.0,0.0,BRAKE
7,0.0,0.0,BRAKE
7,0.0,0.0,BRAKE
7,0.0,0.0,BRAKE
7,0.0,0.0,BRAKE
7,0.0,0.0,BRAKE
7,0.0,0.0,BRAKE
7,0.0,0.0,BRAKE
7,0.0,0.0,BRAKE
7,0.0,0.0,BRAKE
7,0.0,0.0,BRAKE
7,0.0,0.0,BRAKE
7,0.0,0.0,BRAKE
7,0.0,0.0,BRAKE
7,0.0,0.0,BRAKE
7,0.005555534362792968,-0.43565054375952217,CLEAR
7,0.0,0.0,BRAKE
7,0.051040601730346656,-0.43565054375952217,CLEAR
7,0.0,0.0,BRAKE
7,0.010985517501831077,-0.43565054375952217,CLEAR
7,0.0,0.0,BRAKE
7,0.0,0.0,BRAKE
7,0.0,0.0,BRAKE
7,0.0,0.0,BRAKE
7,0.0,0.0,BRAKE
7,0.0,0.0,BRAKE
7,0.0,0.0,BRAKE
7,0.0,0.0,BRAKE
7,0.0,0.0,BRAKE
7,0.0,0.0,BRAKE
7,0.0,0.0,BRAKE
7,0.0,0.0,BRAKE
7,0.0,0.0,BRAKE
7,0.0,0.0,BRAKE
8,0.0,0.0,BRAKE
7,0.0,0.0,BRAKE
7,0.0,0.0,BRAKE
7,0.0,0.0,BRAKE
8,0.0,0.0,BRAKE
7,0.0,0.0,BRAKE
7,0.0,0.0,BRAKE
8,0.0,0.0,BRAKE
8,0.0,0.0,BRAKE
8,0.0,0.0,BRAKE
7,0.0,0.0,BRAKE
7,0.0,0.0,BRAKE
7,0.0,0.0,BRAKE
7,0.0,0.0,BRAKE
8,0.0,0.0,BRAKE
7,0.0,0.0,BRAKE
7,0.0,0.0,BRAKE
7,0.0,0.0,BRAKE
7,0.0,0.0,BRAKE
7,0.0,0.0,BRAKE
7,0.0,0.0,BRAKE
7,0.0,0.0,BRAKE
7,0.0,0.0,BRAKE
7,0.0,0.0,BRAKE
7,0.0,0.0,BRAKE
8,0.0,0.0,BRAKE
8,0.0,0.0,BRAKE
8,0.0,0.0,BRAKE
8,0.0,0.0,BRAKE
8,0.0,0.0,BRAKE
8,0.0,0.0,BRAKE
8,0.0,0.0,BRAKE
8,0.0,0.0,BRAKE
8,0.0,0.0,BRAKE
8,0.0,0.0,BRAKE
8,0.0,0.0,BRAKE
8,0.0,0.0,BRAKE
8,0.0,0.0,BRAKE
8,0.0,0.0,BRAKE
8,0.0,0.0,BRAKE
8,0.0,0.0,BRAKE
8,0.0,0.0,BRAKE
8,0.0,0.0,BRAKE
8,0.0,0.0,BRAKE
8,0.0,0.0,BRAKE
8,0.0,0.0,BRAKE
8,0.0,0.0,BRAKE
8,0.0,0.0,BRAKE
8,0.0,0.0,BRAKE
8,0.0,0.0,BRAKE
8,0.0,0.0,BRAKE
8,0.0,0.0,BRAKE
8,0.0,0.0,BRAKE
8,0.0,0.0,BRAKE
8,0.0,0.0,BRAKE
8,0.0,0.0,BRAKE
7,0.0,0.0,BRAKE
8,0.0,0.0,BRAKE
8,0.0,0.0,BRAKE
8,0.0,0.0,BRAKE
8,0.0,0.0,BRAKE
8,0.0,0.0,BRAKE
8,0.0,0.0,BRAKE
8,0.0,0.0,BRAKE
8,0.0,0.0,BRAKE
8,0.0,0.0,BRAKE
8,0.0,0.0,BRAKE
8,0.0,0.0,BRAKE
8,0.0,0.0,BRAKE
8,0.0,0.0,BRAKE
8,0.0,0.0,BRAKE
8,0.0,0.0,BRAKE
8,0.0,0.0,BRAKE
8,0.0,0.0,BRAKE
8,0.0,0.0,BRAKE
8,0.0,0.0,BRAKE
8,0.0,0.0,BRAKE
8,0.0,0.0,BRAKE
8,0.0,0.0,BRAKE
8,0.0,0.0,BRAKE
8,0.0,0.0,BRAKE
8,0.0,0.0,BRAKE
8,0.0,0.0,BRAKE
8,0.0,0.0,BRAKE
8,0.0,0.0,BRAKE
8,0.0,0.0,BRAKE
8,0.0,0.0,BRAKE
8,0.0,0.0,BRAKE
8,0.0,0.0,BRAKE
8,0.0,0.0,BRAKE
8,0.0,0.0,BRAKE
8,0.0,0.0,BRAKE
8,0.0,0.0,BRAKE
8,0.0,0.0,BRAKE
8,0.0,0.0,BRAKE
8,0.0,0.0,BRAKE
8,0.0,0.0,BRAKE
8,0.0,0.0,BRAKE
8,0.0,0.0,BRAKE
8,0.0,0.0,BRAKE
8,0.0,0.0,BRAKE
8,0.0,0.0,BRAKE
8,0.0,0.0,BRAKE
7,0.0,0.0,BRAKE
7,0.0,0.0,BRAKE
7,0.0,0.0,BRAKE
7,0.0,0.0,BRAKE
7,0.0,0.0,BRAKE
7,0.0,0.0,BRAKE
7,0.0,0.0,BRAKE
7,0.0,0.0,BRAKE
7,0.0,0.0,BRAKE
7,0.0,0.0,BRAKE
7,0.0,0.0,BRAKE
7,0.0,0.0,BRAKE
7,0.0,0.0,BRAKE
7,0.0,0.0,BRAKE
7,0.0,0.0,BRAKE
7,0.0,0.0,BRAKE
7,0.0,0.0,BRAKE
7,0.0,0.0,BRAKE
7,0.0,0.0,BRAKE
7,0.0,0.0,BRAKE
7,0.0,0.0,BRAKE
7,0.0,0.0,BRAKE
8,0.0,0.0,BRAKE
7,0.0,0.0,BRAKE
7,0.0,0.0,BRAKE
7,0.0,0.0,BRAKE
7,0.0,0.0,BRAKE
7,0.0,0.0,BRAKE
7,0.0,0.0,BRAKE
7,0.0,0.0,BRAKE
7,0.0,0.0,BRAKE
7,0.0,0.0,BRAKE
7,0.0,0.0,BRAKE
7,0.0,0.0,BRAKE
8,0.0,0.0,BRAKE
7,0.0,0.0,BRAKE
7,0.0,0.0,BRAKE
7,0.0,0.0,BRAKE
7,0.0,0.0,BRAKE
8,0.0,0.0,BRAKE
7,0.0,0.0,BRAKE
7,0.0,0.0,BRAKE
7,0.0,0.0,BRAKE
7,0.0,0.0,BRAKE
7,0.0,0.0,BRAKE
7,0.0,0.0,BRAKE
7,0.0,0.0,BRAKE
8,0.0,0.0,BRAKE
8,0.0,0.0,BRAKE
8,0.0,0.0,BRAKE
7,0.0,0.0,BRAKE
7,0.0,0.0,BRAKE
7,0.0,0.0,BRAKE
7,0.0,0.0,BRAKE
7,0.0,0.0,BRAKE
7,0.0,0.0,BRAKE
7,0.0,0.0,BRAKE
7,0.0,0.0,BRAKE
7,0.0,0.0,BRAKE
7,0.0,0.0,BRAKE
7,0.0,0.0,BRAKE
7,0.0,0.0,BRAKE
7,0.0,0.0,BRAKE
8,0.0,0.0,BRAKE
8,0.0,0.0,BRAKE
7,0.0,0.0,BRAKE
7,0.0,0.0,BRAKE
7,0.0,0.0,BRAKE
7,0.0,0.0,BRAKE
7,0.0,0.0,BRAKE
7,0.0,0.0,BRAKE
2,0.0,0.0,BRAKE
2,0.0,0.0,BRAKE
2,0.0,0.0,BRAKE
2,0.0,0.0,BRAKE
2,0.0,0.0,BRAKE
2,0.0,0.0,BRAKE
1,0.0,0.0,BRAKE
1,0.0,0.0,BRAKE
1,0.0,0.0,BRAKE
1,0.06450829505920408,0.43565054375952217,CLEAR
7,0.10203161239624021,-0.43565054375952217,CLEAR
7,0.08343029022216797,-0.43565054375952217,CLEAR
1,0.08023900985717776,0.43565054375952217,CLEAR
1,0.0,0.0,BRAKE
7,0.0,0.0,BRAKE
7,0.011098718643188454,-0.43565054375952217,CLEAR
2,0.6,0.29043369583968137,CLEAR
2,0.0,0.0,BRAKE
2,0.6,0.29043369583968137,CLEAR
1,0.0,0.0,BRAKE
8,0.0,0.0,BRAKE
8,0.0,0.0,BRAKE
8,0.0,0.0,BRAKE
7,0.04812326431274414,-0.43565054375952217,CLEAR
6,0.6,-0.29043369583968137,CLEAR
6,0.6,-0.29043369583968137,CLEAR
6,0.6,-0.29043369583968137,CLEAR
7,0.25889594554901124,-0.43565054375952217,CLEAR
6,0.6,-0.29043369583968137,CLEAR
4,0.042166042327880855,-0.0,CLEAR
4,0.08513054847717283,-0.0,CLEAR
6,0.03967485427856447,-0.29043369583968137,CLEAR
4,0.03979368209838867,-0.0,CLEAR
4,0.005184364318847679,-0.0,CLEAR
4,0.0,0.0,BRAKE
4,0.6,-0.0,CLEAR
4,0.015546941757202148,-0.0,CLEAR
4,0.039721250534057596,-0.0,CLEAR
4,0.6,-0.0,CLEAR
4,0.6,-0.0,CLEAR
4,0.6,-0.0,CLEAR
4,0.6,-0.0,CLEAR
4,0.6,-0.0,CLEAR
4,0.0,0.0,BRAKE
4,0.0,0.0,BRAKE
4,0.0,0.0,BRAKE
4,0.0,0.0,BRAKE
4,0.00599250793457029,-0.0,CLEAR
3,0.6,0.14521684791984069,CLEAR
3,0.6,0.14521684791984069,CLEAR
3,0.6,0.14521684791984069,CLEAR
3,0.6,0.14521684791984069,CLEAR
3,0.2925355434417724,0.14521684791984069,CLEAR
3,0.2298919916152954,0.14521684791984069,CLEAR
3,0.0,0.0,BRAKE
3,0.0,0.0,BRAKE
0,0.0,0.0,BRAKE
0,0.0,0.0,BRAKE
7,0.0,0.0,BRAKE
1,0.0,0.0,BRAKE
1,0.0,0.0,BRAKE
1,0.0,0.0,BRAKE
7,0.0,0.0,BRAKE
7,0.0,0.0,BRAKE
7,0.0,0.0,BRAKE
7,0.0,0.0,BRAKE
8,0.0,0.0,BRAKE
8,0.002944326400756858,-0.5808673916793627,CLEAR
8,0.03593850135803225,-0.5808673916793627,CLEAR
8,0.0,0.0,BRAKE
7,0.0,0.0,BRAKE
8,0.0,0.0,BRAKE
2,0.6,0.29043369583968137,CLEAR
3,0.6,0.14521684791984069,CLEAR
3,0.002569150924682595,0.14521684791984069,CLEAR
3,0.0,0.0,BRAKE
3,0.0,0.0,BRAKE
3,0.016997432708740212,0.14521684791984069,CLEAR
3,0.06680245399475097,0.14521684791984069,CLEAR
3,0.12144861221313479,0.14521684791984069,CLEAR
3,0.3159704446792602,0.14521684791984069,CLEAR
3,0.537053793668747,0.14521684791984069,CLEAR
3,0.5390551567077636,0.14521684791984069,CLEAR
3,0.5292490124702454,0.14521684791984069,CLEAR
3,0.512566202878952,0.14521684791984069,CLEAR
3,0.536949823943662,0.14521684791984069,CLEAR
3,0.5363996478873239,0.14521684791984069,CLEAR
3,0.5357394366197183,0.14521684791984069,CLEAR
3,0.535849471830986,0.14521684791984069,CLEAR
3,0.5360695422535211,0.14521684791984069,CLEAR
3,0.5365096830985915,0.14521684791984069,CLEAR
3,0.5361795774647887,0.14521684791984069,CLEAR
3,0.5363996478873239,0.14521684791984069,CLEAR
3,0.5376100352112676,0.14521684791984069,CLEAR
3,0.5359595070422535,0.14521684791984069,CLEAR
3,0.4803963780403137,0.14521684791984069,CLEAR
3,0.5130357146263123,0.14521684791984069,CLEAR
3,0.5389304577464789,0.14521684791984069,CLEAR
3,0.5415713028169014,0.14521684791984069,CLEAR
3,0.5292196035385132,0.14521684791984069,CLEAR
3,0.5130239844322204,0.14521684791984069,CLEAR
3,0.5032243311405181,0.14521684791984069,CLEAR
3,0.48993469476699825,0.14521684791984069,CLEAR
3,0.4870736122131348,0.14521684791984069,CLEAR
3,0.48666666746139525,0.14521684791984069,CLEAR
3,0.5014657199382782,0.14521684791984069,CLEAR
3,0.48576914072036737,0.14521684791984069,CLEAR
3,0.47050287723541256,0.14521684791984069,CLEAR
3,0.47903983592987054,0.14521684791984069,CLEAR
3,0.44079502820968625,0.14521684791984069,CLEAR
3,0.501624596118927,0.14521684791984069,CLEAR
3,0.5057192385196686,0.14521684791984069,CLEAR
3,0.5194604039192199,0.14521684791984069,CLEAR
3,0.5388282001018524,0.14521684791984069,CLEAR
3,0.5377601563930512,0.14521684791984069,CLEAR
3,0.5442369937896728,0.14521684791984069,CLEAR
3,0.5330894887447357,0.14521684791984069,CLEAR
3,0.5287128686904907,0.14521684791984069,CLEAR
3,0.528820115327835,0.14521684791984069,CLEAR
3,0.5366141736507416,0.14521684791984069,CLEAR
3,0.5364606618881226,0.14521684791984069,CLEAR
3,0.5379122257232666,0.14521684791984069,CLEAR
3,0.5347060263156891,0.14521684791984069,CLEAR
3,0.5342465758323669,0.14521684791984069,CLEAR
3,0.531552916765213,0.14521684791984069,CLEAR
3,0.5355223894119263,0.14521684791984069,CLEAR
3,0.5391521215438843,0.14521684791984069,CLEAR
3,0.5401090741157532,0.14521684791984069,CLEAR
3,0.5396076500415802,0.14521684791984069,CLEAR
3,0.5467429577464789,0.14521684791984069,CLEAR
3,0.5463028169014085,0.14521684791984069,CLEAR
3,0.5448072671890258,0.14521684791984069,CLEAR
3,0.5472931338028169,0.14521684791984069,CLEAR
3,0.5469630281690141,0.14521684791984069,CLEAR
3,0.5440136551856994,0.14521684791984069,CLEAR
3,0.5444322183098592,0.14521684791984069,CLEAR
3,0.5422315140845071,0.14521684791984069,CLEAR
3,0.5406910211267605,0.14521684791984069,CLEAR
3,0.5403609154929577,0.14521684791984069,CLEAR
3,0.5399207746478873,0.14521684791984069,CLEAR
3,0.5410211267605634,0.14521684791984069,CLEAR
3,0.5425616197183099,0.14521684791984069,CLEAR
3,0.5423415492957746,0.14521684791984069,CLEAR
3,0.5449823943661971,0.14521684791984069,CLEAR
3,0.5464128521126761,0.14521684791984069,CLEAR
3,0.5465228873239437,0.14521684791984069,CLEAR
3,0.5476232394366197,0.14521684791984069,CLEAR
3,0.5475132042253521,0.14521684791984069,CLEAR
3,0.5476232394366197,0.14521684791984069,CLEAR
3,0.5472931338028169,0.14521684791984069,CLEAR
3,0.5454225352112676,0.14521684791984069,CLEAR
3,0.5452024647887324,0.14521684791984069,CLEAR
3,0.5453125,0.14521684791984069,CLEAR
3,0.5464128521126761,0.14521684791984069,CLEAR
3,0.5460827464788732,0.14521684791984069,CLEAR
3,0.5465228873239437,0.14521684791984069,CLEAR
3,0.545862676056338,0.14521684791984069,CLEAR
3,0.5465228873239437,0.14521684791984069,CLEAR
3,0.5468529929577465,0.14521684791984069,CLEAR
3,0.5465228873239437,0.14521684791984069,CLEAR
3,0.5467429577464789,0.14521684791984069,CLEAR
3,0.5470730633802816,0.14521684791984069,CLEAR
3,0.5467429577464789,0.14521684791984069,CLEAR
3,0.5467429577464789,0.14521684791984069,CLEAR
3,0.5464128521126761,0.14521684791984069,CLEAR
3,0.5470730633802816,0.14521684791984069,CLEAR
3,0.5469630281690141,0.14521684791984069,CLEAR
3,0.5468529929577465,0.14521684791984069,CLEAR
3,0.5469630281690141,0.14521684791984069,CLEAR
3,0.5470730633802816,0.14521684791984069,CLEAR
3,0.5469630281690141,0.14521684791984069,CLEAR
3,0.5474031690140845,0.14521684791984069,CLEAR
3,0.5472931338028169,0.14521684791984069,CLEAR
3,0.5470730633802816,0.14521684791984069,CLEAR
3,0.546640795469284,0.14521684791984069,CLEAR
3,0.5472931338028169,0.14521684791984069,CLEAR
3,0.5470730633802816,0.14521684791984069,CLEAR
3,0.5475132042253521,0.14521684791984069,CLEAR
3,0.5471844673156738,0.14521684791984069,CLEAR
3,0.5469630281690141,0.14521684791984069,CLEAR
3,0.5476232394366197,0.14521684791984069,CLEAR
3,0.5475132042253521,0.14521684791984069,CLEAR
3,0.5480633802816901,0.14521684791984069,CLEAR
3,0.5475132042253521,0.14521684791984069,CLEAR
3,0.5476232394366197,0.14521684791984069,CLEAR
3,0.5468529929577465,0.14521684791984069,CLEAR
3,0.5472931338028169,0.14521684791984069,CLEAR
3,0.5481734154929577,0.14521684791984069,CLEAR
3,0.5471830985915492,0.14521684791984069,CLEAR
3,0.5468529929577465,0.14521684791984069,CLEAR
3,0.5470730633802816,0.14521684791984069,CLEAR
3,0.5475132042253521,0.14521684791984069,CLEAR
3,0.5475132042253521,0.14521684791984069,CLEAR
3,0.5472931338028169,0.14521684791984069,CLEAR
3,0.5472931338028169,0.14521684791984069,CLEAR
3,0.5472931338028169,0.14521684791984069,CLEAR
3,0.5477212429046631,0.14521684791984069,CLEAR
3,0.5470930218696594,0.14521684791984069,CLEAR
3,0.5481734154929577,0.14521684791984069,CLEAR
3,0.5481734154929577,0.14521684791984069,CLEAR
3,0.5469630281690141,0.14521684791984069,CLEAR
3,0.5474031690140845,0.14521684791984069,CLEAR
3,0.5478433098591549,0.14521684791984069,CLEAR
3,0.5475132042253521,0.14521684791984069,CLEAR
3,0.5480633802816901,0.14521684791984069,CLEAR
3,0.5477332746478873,0.14521684791984069,CLEAR
3,0.5485035211267606,0.14521684791984069,CLEAR
3,0.5481734154929577,0.14521684791984069,CLEAR
3,0.5478433098591549,0.14521684791984069,CLEAR
3,0.5488336267605634,0.14521684791984069,CLEAR
3,0.548943661971831,0.14521684791984069,CLEAR
3,0.5492737676056337,0.14521684791984069,CLEAR
3,0.548943661971831,0.14521684791984069,CLEAR
3,0.548943661971831,0.14521684791984069,CLEAR
3,0.548943661971831,0.14521684791984069,CLEAR
3,0.5488496005535125,0.14521684791984069,CLEAR
3,0.5491637323943661,0.14521684791984069,CLEAR
3,0.5488336267605634,0.14521684791984069,CLEAR
3,0.5493838028169014,0.14521684791984069,CLEAR
3,0.5492737676056337,0.14521684791984069,CLEAR
3,0.5492737676056337,0.14521684791984069,CLEAR
3,0.5486135563380282,0.14521684791984069,CLEAR
3,0.5485035211267606,0.14521684791984069,CLEAR
3,0.5476109623908997,0.14521684791984069,CLEAR
3,0.5487235915492957,0.14521684791984069,CLEAR
3,0.5480633802816901,0.14521684791984069,CLEAR
3,0.5480633802816901,0.14521684791984069,CLEAR
3,0.5478433098591549,0.14521684791984069,CLEAR
3,0.5475132042253521,0.14521684791984069,CLEAR
3,0.5476232394366197,0.14521684791984069,CLEAR
3,0.5476232394366197,0.14521684791984069,CLEAR
3,0.5470730633802816,0.14521684791984069,CLEAR
3,0.5471830985915492,0.14521684791984069,CLEAR
3,0.5475132042253521,0.14521684791984069,CLEAR
3,0.5476232394366197,0.14521684791984069,CLEAR
3,0.5477332746478873,0.14521684791984069,CLEAR
3,0.5480633802816901,0.14521684791984069,CLEAR
3,0.5482834507042254,0.14521684791984069,CLEAR
3,0.5487235915492957,0.14521684791984069,CLEAR
3,0.5485035211267606,0.14521684791984069,CLEAR
3,0.548943661971831,0.14521684791984069,CLEAR
3,0.5487235915492957,0.14521684791984069,CLEAR
3,0.5486135563380282,0.14521684791984069,CLEAR
3,0.5476232394366197,0.14521684791984069,CLEAR
3,0.5469630281690141,0.14521684791984069,CLEAR
3,0.5470730633802816,0.14521684791984069,CLEAR
3,0.5472931338028169,0.14521684791984069,CLEAR
3,0.5469630281690141,0.14521684791984069,CLEAR
3,0.5469630281690141,0.14521684791984069,CLEAR
3,0.5465228873239437,0.14521684791984069,CLEAR
3,0.5468529929577465,0.14521684791984069,CLEAR
3,0.5474031690140845,0.14521684791984069,CLEAR
3,0.5481734154929577,0.14521684791984069,CLEAR
3,0.5487235915492957,0.14521684791984069,CLEAR
3,0.5492737676056337,0.14521684791984069,CLEAR
3,0.5492737676056337,0.14521684791984069,CLEAR
3,0.5485035211267606,0.14521684791984069,CLEAR
3,0.5493838028169014,0.14521684791984069,CLEAR
3,0.5479533450704225,0.14521684791984069,CLEAR
3,0.5475132042253521,0.14521684791984069,CLEAR
3,0.5467429577464789,0.14521684791984069,CLEAR
3,0.5457526408450704,0.14521684791984069,CLEAR
3,0.5469630281690141,0.14521684791984069,CLEAR
3,0.5170023441314697,0.14521684791984069,CLEAR
3,0.49089252948760986,0.14521684791984069,CLEAR
3,0.5164008557796478,0.14521684791984069,CLEAR
3,0.5320644199848175,0.14521684791984069,CLEAR
3,0.5348363637924194,0.14521684791984069,CLEAR
3,0.5300387620925903,0.14521684791984069,CLEAR
3,0.5316670715808869,0.14521684791984069,CLEAR
3,0.544861662387848,0.14521684791984069,CLEAR
3,0.5311515152454376,0.14521684791984069,CLEAR
3,0.5546422392129898,0.14521684791984069,CLEAR
3,0.5499509334564209,0.14521684791984069,CLEAR
3,0.5463152766227722,0.14521684791984069,CLEAR
3,0.536624127626419,0.14521684791984069,CLEAR
3,0.5390843391418456,0.14521684791984069,CLEAR
3,0.5292828202247619,0.14521684791984069,CLEAR
3,0.5341650664806366,0.14521684791984069,CLEAR
3,0.5391937851905823,0.14521684791984069,CLEAR
3,0.5458984375,0.14521684791984069,CLEAR
3,0.544136255979538,0.14521684791984069,CLEAR
3,0.5372815549373626,0.14521684791984069,CLEAR
3,0.5448614180088043,0.14521684791984069,CLEAR
3,0.5431214988231658,0.14521684791984069,CLEAR
3,0.537803691625595,0.14521684791984069,CLEAR
3,0.5403775453567505,0.14521684791984069,CLEAR
3,0.5450592875480652,0.14521684791984069,CLEAR
3,0.5432498753070831,0.14521684791984069,CLEAR
3,0.5412196934223175,0.14521684791984069,CLEAR
3,0.5436036467552184,0.14521684791984069,CLEAR
3,0.5406173467636108,0.14521684791984069,CLEAR
3,0.5374421417713166,0.14521684791984069,CLEAR
3,0.5456426056338028,0.14521684791984069,CLEAR
3,0.5395348846912384,0.14521684791984069,CLEAR
3,0.5360077321529388,0.14521684791984069,CLEAR
3,0.5354277431964874,0.14521684791984069,CLEAR
3,0.5319394350051879,0.14521684791984069,CLEAR
3,0.5326071143150329,0.14521684791984069,CLEAR
3,0.5359613060951233,0.14521684791984069,CLEAR
3,0.5337494015693665,0.14521684791984069,CLEAR
3,0.5350253820419312,0.14521684791984069,CLEAR
3,0.5289791941642761,0.14521684791984069,CLEAR
3,0.5280811965465545,0.14521684791984069,CLEAR
3,0.5287339627742766,0.14521684791984069,CLEAR
3,0.5269202828407288,0.14521684791984069,CLEAR
3,0.5300483107566833,0.14521684791984069,CLEAR
3,0.5295366823673249,0.14521684791984069,CLEAR
3,0.528427129983902,0.14521684791984069,CLEAR
3,0.5271853983402252,0.14521684791984069,CLEAR
3,0.5284926891326904,0.14521684791984069,CLEAR
3,0.5332694172859191,0.14521684791984069,CLEAR
3,0.5285611689090729,0.14521684791984069,CLEAR
3,0.5274462997913361,0.14521684791984069,CLEAR
3,0.5331257462501526,0.14521684791984069,CLEAR
3,0.5340564012527466,0.14521684791984069,CLEAR
3,0.5341153919696808,0.14521684791984069,CLEAR
3,0.5253945469856263,0.14521684791984069,CLEAR
3,0.5273603081703185,0.14521684791984069,CLEAR
3,0.5381312489509582,0.14521684791984069,CLEAR
3,0.5367558419704437,0.14521684791984069,CLEAR
3,0.5405892372131347,0.14521684791984069,CLEAR
3,0.5450980365276337,0.14521684791984069,CLEAR
3,0.5456234693527221,0.14521684791984069,CLEAR
3,0.5320411562919617,0.14521684791984069,CLEAR
3,0.5293891310691833,0.14521684791984069,CLEAR
3,0.531071001291275,0.14521684791984069,CLEAR
3,0.5281310200691223,0.14521684791984069,CLEAR
3,0.5268199205398559,0.14521684791984069,CLEAR
3,0.52476007938385,0.14521684791984069,CLEAR
3,0.5257593870162963,0.14521684791984069,CLEAR
3,0.5276575267314911,0.14521684791984069,CLEAR
3,0.5274825692176819,0.14521684791984069,CLEAR
3,0.5314285695552826,0.14521684791984069,CLEAR
3,0.5303506672382354,0.14521684791984069,CLEAR
3,0.534016591310501,0.14521684791984069,CLEAR
3,0.5405007362365722,0.14521684791984069,CLEAR
3,0.5435432493686676,0.14521684791984069,CLEAR
3,0.5278672754764557,0.14521684791984069,CLEAR
3,0.5278672754764557,0.14521684791984069,CLEAR
3,0.5199429512023925,0.14521684791984069,CLEAR
3,0.5346858978271485,0.14521684791984069,CLEAR
3,0.5326254844665527,0.14521684791984069,CLEAR
3,0.5239369332790375,0.14521684791984069,CLEAR
3,0.5239732563495636,0.14521684791984069,CLEAR
3,0.5236084461212158,0.14521684791984069,CLEAR
3,0.5219325542449951,0.14521684791984069,CLEAR
3,0.517365550994873,0.14521684791984069,CLEAR
3,0.5243010759353637,0.14521684791984069,CLEAR
3,0.5219093084335327,0.14521684791984069,CLEAR
3,0.523298180103302,0.14521684791984069,CLEAR
3,0.5221238911151885,0.14521684791984069,CLEAR
3,0.5216248512268066,0.14521684791984069,CLEAR
3,0.5283926844596862,0.14521684791984069,CLEAR
3,0.534547221660614,0.14521684791984069,CLEAR
3,0.5346462428569794,0.14521684791984069,CLEAR
3,0.5347097396850585,0.14521684791984069,CLEAR
3,0.5303843379020691,0.14521684791984069,CLEAR
3,0.5261183261871337,0.14521684791984069,CLEAR
3,0.5307543516159058,0.14521684791984069,CLEAR
3,0.5390922427177429,0.14521684791984069,CLEAR
3,0.535367339849472,0.14521684791984069,CLEAR
3,0.5359687626361846,0.14521684791984069,CLEAR
3,0.5353515624999999,0.14521684791984069,CLEAR
3,0.5294573664665222,0.14521684791984069,CLEAR
3,0.5330584526062011,0.14521684791984069,CLEAR
3,0.5276401221752166,0.14521684791984069,CLEAR
3,0.53778857588768,0.14521684791984069,CLEAR
3,0.5286094307899475,0.14521684791984069,CLEAR
3,0.5254025459289551,0.14521684791984069,CLEAR
3,0.530823415517807,0.14521684791984069,CLEAR
3,0.5277831554412842,0.14521684791984069,CLEAR
3,0.5227043867111206,0.14521684791984069,CLEAR
3,0.5292635679244995,0.14521684791984069,CLEAR
3,0.5353084027767181,0.14521684791984069,CLEAR
3,0.5369956254959106,0.14521684791984069,CLEAR
3,0.5356006860733031,0.14521684791984069,CLEAR
3,0.5307055950164795,0.14521684791984069,CLEAR
3,0.5312847793102264,0.14521684791984069,CLEAR
3,0.5309674263000488,0.14521684791984069,CLEAR
3,0.5373470366001128,0.14521684791984069,CLEAR
3,0.5300895690917968,0.14521684791984069,CLEAR
3,0.5321671545505523,0.14521684791984069,CLEAR
3,0.5322658896446227,0.14521684791984069,CLEAR
3,0.5285610318183899,0.14521684791984069,CLEAR
3,0.5269212186336517,0.14521684791984069,CLEAR
3,0.5308307111263275,0.14521684791984069,CLEAR
3,0.5276255130767822,0.14521684791984069,CLEAR
3,0.5258902788162231,0.14521684791984069,CLEAR
3,0.530756139755249,0.14521684791984069,CLEAR
3,0.5291066288948059,0.14521684791984069,CLEAR
3,0.5363436639308929,0.14521684791984069,CLEAR
3,0.528467857837677,0.14521684791984069,CLEAR
3,0.5351928234100342,0.14521684791984069,CLEAR
3,0.5348994910717011,0.14521684791984069,CLEAR
3,0.5364740192890167,0.14521684791984069,CLEAR
3,0.5371666252613068,0.14521684791984069,CLEAR
3,0.5404732882976532,0.14521684791984069,CLEAR
3,0.537890625,0.14521684791984069,CLEAR
3,0.5321705400943756,0.14521684791984069,CLEAR
3,0.5346341490745544,0.14521684791984069,CLEAR
3,0.5363770246505737,0.14521684791984069,CLEAR
3,0.5340466916561126,0.14521684791984069,CLEAR
3,0.5299199223518372,0.14521684791984069,CLEAR
3,0.5290055930614471,0.14521684791984069,CLEAR
3,0.5331709682941437,0.14521684791984069,CLEAR
3,0.5355440914630889,0.14521684791984069,CLEAR
3,0.5392654657363891,0.14521684791984069,CLEAR
3,0.5398821234703064,0.14521684791984069,CLEAR
3,0.5368060648441314,0.14521684791984069,CLEAR
3,0.5288331747055054,0.14521684791984069,CLEAR
3,0.5352668762207031,0.14521684791984069,CLEAR
3,0.5298720121383667,0.14521684791984069,CLEAR
3,0.5252354502677917,0.14521684791984069,CLEAR
3,0.5297702550888062,0.14521684791984069,CLEAR
3,0.5333009243011474,0.14521684791984069,CLEAR
3,0.524855488538742,0.14521684791984069,CLEAR
3,0.5227043867111206,0.14521684791984069,CLEAR
3,0.5208053708076477,0.14521684791984069,CLEAR
3,0.5202301025390624,0.14521684791984069,CLEAR
3,0.5207483828067779,0.14521684791984069,CLEAR
3,0.5251867890357971,0.14521684791984069,CLEAR
3,0.5231138885021209,0.14521684791984069,CLEAR
3,0.5283813238143921,0.14521684791984069,CLEAR
3,0.5218016266822815,0.14521684791984069,CLEAR
3,0.5200192272663117,0.14521684791984069,CLEAR
3,0.5190090537071228,0.14521684791984069,CLEAR
3,0.5200381696224212,0.14521684791984069,CLEAR
3,0.5221663057804107,0.14521684791984069,CLEAR
3,0.5248438239097595,0.14521684791984069,CLEAR
3,0.5279365837574005,0.14521684791984069,CLEAR
3,0.5266266524791717,0.14521684791984069,CLEAR
3,0.5283437967300415,0.14521684791984069,CLEAR
3,0.5238277494907378,0.14521684791984069,CLEAR
3,0.5229700624942779,0.14521684791984069,CLEAR
3,0.5236816883087159,0.14521684791984069,CLEAR
3,0.522007167339325,0.14521684791984069,CLEAR
3,0.5224137902259827,0.14521684791984069,CLEAR
3,0.5233269572257996,0.14521684791984069,CLEAR
3,0.5229076981544495,0.14521684791984069,CLEAR
3,0.5254694283008575,0.14521684791984069,CLEAR
3,0.5209380209445953,0.14521684791984069,CLEAR
3,0.5218160092830657,0.14521684791984069,CLEAR
3,0.525041937828064,0.14521684791984069,CLEAR
3,0.5224880397319793,0.14521684791984069,CLEAR
3,0.523180079460144,0.14521684791984069,CLEAR
3,0.5210753738880157,0.14521684791984069,CLEAR
3,0.5236546277999877,0.14521684791984069,CLEAR
3,0.5238554239273071,0.14521684791984069,CLEAR
3,0.5224323689937591,0.14521684791984069,CLEAR
3,0.5220591783523559,0.14521684791984069,CLEAR
3,0.5248373866081237,0.14521684791984069,CLEAR
3,0.5231432676315307,0.14521684791984069,CLEAR
3,0.5291505813598633,0.14521684791984069,CLEAR
3,0.5320299327373504,0.14521684791984069,CLEAR
3,0.5307543516159058,0.14521684791984069,CLEAR
3,0.5376120150089264,0.14521684791984069,CLEAR
3,0.5324324309825897,0.14521684791984069,CLEAR
3,0.5283437967300415,0.14521684791984069,CLEAR
3,0.531456309556961,0.14521684791984069,CLEAR
3,0.5256484150886536,0.14521684791984069,CLEAR
3,0.5248141944408417,0.14521684791984069,CLEAR
3,0.5290821254253387,0.14521684791984069,CLEAR
3,0.5301064848899841,0.14521684791984069,CLEAR
3,0.5320463299751281,0.14521684791984069,CLEAR
3,0.5333171784877777,0.14521684791984069,CLEAR
3,0.5343182384967804,0.14521684791984069,CLEAR
3,0.5253000497817993,0.14521684791984069,CLEAR
3,0.5249581217765807,0.14521684791984069,CLEAR
3,0.5296046316623688,0.14521684791984069,CLEAR
3,0.5304096400737762,0.14521684791984069,CLEAR
3,0.5302336812019348,0.14521684791984069,CLEAR
3,0.5350096702575683,0.14521684791984069,CLEAR
3,0.5325908005237578,0.14521684791984069,CLEAR
3,0.5306949794292449,0.14521684791984069,CLEAR
3,0.5283466458320617,0.14521684791984069,CLEAR
3,0.5306873202323913,0.14521684791984069,CLEAR
3,0.5278006315231323,0.14521684791984069,CLEAR
3,0.529868870973587,0.14521684791984069,CLEAR
3,0.5308905601501465,0.14521684791984069,CLEAR
3,0.5311451494693756,0.14521684791984069,CLEAR
3,0.5309143662452698,0.14521684791984069,CLEAR
3,0.5308905601501465,0.14521684791984069,CLEAR
3,0.5292635679244995,0.14521684791984069,CLEAR
3,0.5255903601646423,0.14521684791984069,CLEAR
3,0.5228961884975433,0.14521684791984069,CLEAR
3,0.5241923928260803,0.14521684791984069,CLEAR
3,0.5264169096946716,0.14521684791984069,CLEAR
3,0.5236721932888031,0.14521684791984069,CLEAR
3,0.5243580520153046,0.14521684791984069,CLEAR
3,0.5267116665840148,0.14521684791984069,CLEAR
3,0.5247648894786835,0.14521684791984069,CLEAR
3,0.522339403629303,0.14521684791984069,CLEAR
3,0.5239287436008453,0.14521684791984069,CLEAR
3,0.5228660762310028,0.14521684791984069,CLEAR
3,0.5228591978549957,0.14521684791984069,CLEAR
3,0.5256841123104095,0.14521684791984069,CLEAR
3,0.527115386724472,0.14521684791984069,CLEAR
3,0.5256526947021484,0.14521684791984069,CLEAR
3,0.522944551706314,0.14521684791984069,CLEAR
3,0.5244199931621552,0.14521684791984069,CLEAR
3,0.5250778436660766,0.14521684791984069,CLEAR
3,0.5251563251018524,0.14521684791984069,CLEAR
3,0.5246113359928131,0.14521684791984069,CLEAR
3,0.519770222902298,0.14521684791984069,CLEAR
3,0.5272028803825378,0.14521684791984069,CLEAR
3,0.5324975907802582,0.14521684791984069,CLEAR
3,0.5323643386363983,0.14521684791984069,CLEAR
3,0.5310679614543915,0.14521684791984069,CLEAR
3,0.5203438401222229,0.14521684791984069,CLEAR
3,0.5326684534549713,0.14521684791984069,CLEAR
3,0.535672515630722,0.14521684791984069,CLEAR
3,0.5316602289676666,0.14521684791984069,CLEAR
3,0.5308713495731354,0.14521684791984069,CLEAR
3,0.5323508083820343,0.14521684791984069,CLEAR
3,0.5326993405818938,0.14521684791984069,CLEAR
3,0.5366259157657622,0.14521684791984069,CLEAR
3,0.534339988231659,0.14521684791984069,CLEAR
3,0.5307376086711884,0.14521684791984069,CLEAR
3,0.524415522813797,0.14521684791984069,CLEAR
3,0.5211671829223632,0.14521684791984069,CLEAR
3,0.5321212112903595,0.14521684791984069,CLEAR
3,0.5321568608283996,0.14521684791984069,CLEAR
3,0.5258188843727112,0.14521684791984069,CLEAR
3,0.532558137178421,0.14521684791984069,CLEAR
3,0.5217973232269286,0.14521684791984069,CLEAR
3,0.5290525794029236,0.14521684791984069,CLEAR
3,0.5296385526657105,0.14521684791984069,CLEAR
3,0.5256894052028656,0.14521684791984069,CLEAR
3,0.5192695796489716,0.14521684791984069,CLEAR
3,0.5207293689250946,0.14521684791984069,CLEAR
3,0.5193133056163788,0.14521684791984069,CLEAR
3,0.5226858496665954,0.14521684791984069,CLEAR
3,0.5224694907665253,0.14521684791984069,CLEAR
3,0.5211860358715057,0.14521684791984069,CLEAR
3,0.5213272392749786,0.14521684791984069,CLEAR
3,0.5170825362205504,0.14521684791984069,CLEAR
3,0.5244049072265625,0.14521684791984069,CLEAR
3,0.5194065570831299,0.14521684791984069,CLEAR
3,0.519500482082367,0.14521684791984069,CLEAR
3,0.524166065454483,0.14521684791984069,CLEAR
3,0.5204218626022339,0.14521684791984069,CLEAR
3,0.519578742980957,0.14521684791984069,CLEAR
3,0.5216061174869537,0.14521684791984069,CLEAR
3,0.5223263621330261,0.14521684791984069,CLEAR
3,0.5213272392749786,0.14521684791984069,CLEAR
3,0.5195016741752624,0.14521684791984069,CLEAR
3,0.525979334115982,0.14521684791984069,CLEAR
3,0.526816314458847,0.14521684791984069,CLEAR
3,0.528923225402832,0.14521684791984069,CLEAR
3,0.5244956791400909,0.14521684791984069,CLEAR
3,0.5255679070949555,0.14521684791984069,CLEAR
3,0.5238095223903656,0.14521684791984069,CLEAR
3,0.5288373231887817,0.14521684791984069,CLEAR
3,0.5290260374546051,0.14521684791984069,CLEAR
3,0.527766990661621,0.14521684791984069,CLEAR
3,0.5239193081855773,0.14521684791984069,CLEAR
3,0.5275537312030792,0.14521684791984069,CLEAR
3,0.5215274453163147,0.14521684791984069,CLEAR
3,0.5210538923740387,0.14521684791984069,CLEAR
3,0.5260713458061218,0.14521684791984069,CLEAR
3,0.5230069398880005,0.14521684791984069,CLEAR
3,0.5280443668365478,0.14521684791984069,CLEAR
3,0.5254920780658722,0.14521684791984069,CLEAR
3,0.5246223926544189,0.14521684791984069,CLEAR
3,0.5268175244331359,0.14521684791984069,CLEAR
3,0.527027678489685,0.14521684791984069,CLEAR
3,0.5262575209140777,0.14521684791984069,CLEAR
3,0.52324298620224,0.14521684791984069,CLEAR
3,0.5158495962619781,0.14521684791984069,CLEAR
3,0.5283495128154754,0.14521684791984069,CLEAR
3,0.5459566056728362,0.14521684791984069,CLEAR
3,0.5571571558713913,0.14521684791984069,CLEAR
3,0.5569677263498306,0.14521684791984069,CLEAR
3,0.5584699451923371,0.14521684791984069,CLEAR
3,0.55514577627182,0.14521684791984069,CLEAR
3,0.549676775932312,0.14521684791984069,CLEAR
3,0.5439603984355926,0.14521684791984069,CLEAR
3,0.5430962324142456,0.14521684791984069,CLEAR
3,0.5441357254981994,0.14521684791984069,CLEAR
3,0.535533982515335,0.14521684791984069,CLEAR
3,0.5321705400943756,0.14521684791984069,CLEAR
3,0.5422559320926666,0.14521684791984069,CLEAR
3,0.5332368552684783,0.14521684791984069,CLEAR
3,0.5246113359928131,0.14521684791984069,CLEAR
3,0.5231099426746368,0.14521684791984069,CLEAR
3,0.5139097750186921,0.14521684791984069,CLEAR
3,0.5377175986766816,0.14521684791984069,CLEAR
3,0.5520118474960327,0.14521684791984069,CLEAR
3,0.5136256456375122,0.14521684791984069,CLEAR
3,0.5072953343391418,0.14521684791984069,CLEAR
3,0.5080611050128936,0.14521684791984069,CLEAR
3,0.5444198071956634,0.14521684791984069,CLEAR
3,0.5294402718544006,0.14521684791984069,CLEAR
3,0.5304178833961487,0.14521684791984069,CLEAR
3,0.548322981595993,0.14521684791984069,CLEAR
3,0.5528471529483795,0.14521684791984069,CLEAR
3,0.5576211899518967,0.14521684791984069,CLEAR
3,0.5545183718204498,0.14521684791984069,CLEAR
3,0.5516288250684738,0.14521684791984069,CLEAR
3,0.5551142007112503,0.14521684791984069,CLEAR
3,0.557132226228714,0.14521684791984069,CLEAR
3,0.5550049543380737,0.14521684791984069,CLEAR
3,0.5581532418727875,0.14521684791984069,CLEAR
3,0.5507722467184066,0.14521684791984069,CLEAR
3,0.5603862345218659,0.14521684791984069,CLEAR
3,0.5588162153959274,0.14521684791984069,CLEAR
3,0.5580621123313904,0.14521684791984069,CLEAR
3,0.5609611093997955,0.14521684791984069,CLEAR
3,0.558593362569809,0.14521684791984069,CLEAR
3,0.5583106935024261,0.14521684791984069,CLEAR
3,0.5572519093751908,0.14521684791984069,CLEAR
3,0.5560137450695037,0.14521684791984069,CLEAR
3,0.5496108949184417,0.14521684791984069,CLEAR
3,0.5538047462701797,0.14521684791984069,CLEAR
3,0.5518664062023162,0.14521684791984069,CLEAR
3,0.5543696463108063,0.14521684791984069,CLEAR
3,0.5496448695659637,0.14521684791984069,CLEAR
3,0.5546503067016602,0.14521684791984069,CLEAR
3,0.5543191790580749,0.14521684791984069,CLEAR
3,0.5517055213451385,0.14521684791984069,CLEAR
3,0.5568204134702682,0.14521684791984069,CLEAR
3,0.5555773943662643,0.14521684791984069,CLEAR
3,0.5575134605169296,0.14521684791984069,CLEAR
3,0.5507752895355225,0.14521684791984069,CLEAR
3,0.5567567557096481,0.14521684791984069,CLEAR
3,0.554167690873146,0.14521684791984069,CLEAR
3,0.5487432241439819,0.14521684791984069,CLEAR
3,0.5590909093618393,0.14521684791984069,CLEAR
3,0.5520236909389495,0.14521684791984069,CLEAR
3,0.5573017060756683,0.14521684791984069,CLEAR
3,0.5561806082725524,0.14521684791984069,CLEAR
3,0.5552599161863327,0.14521684791984069,CLEAR
3,0.5516113042831421,0.14521684791984069,CLEAR
3,0.5482656121253967,0.14521684791984069,CLEAR
3,0.5508302360773086,0.14521684791984069,CLEAR
3,0.550259068608284,0.14521684791984069,CLEAR
3,0.5500990092754363,0.14521684791984069,CLEAR
3,0.554851484298706,0.14521684791984069,CLEAR
3,0.549369591474533,0.14521684791984069,CLEAR
3,0.5571641057729722,0.14521684791984069,CLEAR
3,0.5544779807329178,0.14521684791984069,CLEAR
3,0.5580621123313904,0.14521684791984069,CLEAR
3,0.5555886000394821,0.14521684791984069,CLEAR
3,0.554088670015335,0.14521684791984069,CLEAR
3,0.5567992150783538,0.14521684791984069,CLEAR
3,0.5525141030550003,0.14521684791984069,CLEAR
3,0.5474609375,0.14521684791984069,CLEAR
3,0.5452108204364776,0.14521684791984069,CLEAR
3,0.5520584642887115,0.14521684791984069,CLEAR
3,0.5517392367124557,0.14521684791984069,CLEAR
3,0.5500489711761475,0.14521684791984069,CLEAR
3,0.5467057108879089,0.14521684791984069,CLEAR
3,0.5486274480819702,0.14521684791984069,CLEAR
3,0.5520665198564529,0.14521684791984069,CLEAR
3,0.5478814601898193,0.14521684791984069,CLEAR
3,0.5541738063097,0.14521684791984069,CLEAR
3,0.5501477837562561,0.14521684791984069,CLEAR
3,0.5530456215143204,0.14521684791984069,CLEAR
3,0.5478731274604797,0.14521684791984069,CLEAR
3,0.5502099275588989,0.14521684791984069,CLEAR
3,0.5457360506057739,0.14521684791984069,CLEAR
3,0.5485967516899108,0.14521684791984069,CLEAR
3,0.5515151500701905,0.14521684791984069,CLEAR
3,0.5565109968185424,0.14521684791984069,CLEAR
3,0.5532646059989929,0.14521684791984069,CLEAR
3,0.5562809109687805,0.14521684791984069,CLEAR
3,0.5542631834745406,0.14521684791984069,CLEAR
3,0.5496793270111083,0.14521684791984069,CLEAR
3,0.553287535905838,0.14521684791984069,CLEAR
3,0.5531496077775955,0.14521684791984069,CLEAR
3,0.554471543431282,0.14521684791984069,CLEAR
3,0.5542857140302657,0.14521684791984069,CLEAR
3,0.549040824174881,0.14521684791984069,CLEAR
3,0.5531841665506363,0.14521684791984069,CLEAR
3,0.5493123769760132,0.14521684791984069,CLEAR
3,0.5417895793914794,0.14521684791984069,CLEAR
3,0.5563383787870407,0.14521684791984069,CLEAR
3,0.5477663218975067,0.14521684791984069,CLEAR
3,0.5445505738258362,0.14521684791984069,CLEAR
3,0.5523412615060806,0.14521684791984069,CLEAR
3,0.5449901759624481,0.14521684791984069,CLEAR
3,0.5504197537899017,0.14521684791984069,CLEAR
3,0.5467190980911255,0.14521684791984069,CLEAR
3,0.5480773925781249,0.14521684791984069,CLEAR
3,0.5490783989429474,0.14521684791984069,CLEAR
3,0.551036524772644,0.14521684791984069,CLEAR
3,0.5529064029455185,0.14521684791984069,CLEAR
3,0.5547578066587449,0.14521684791984069,CLEAR
3,0.5580295562744141,0.14521684791984069,CLEAR
3,0.5595561027526855,0.14521684791984069,CLEAR
3,0.5584645658731461,0.14521684791984069,CLEAR
3,0.5585492223501205,0.14521684791984069,CLEAR
3,0.5530451864004134,0.14521684791984069,CLEAR
3,0.5502692133188247,0.14521684791984069,CLEAR
3,0.5515270948410034,0.14521684791984069,CLEAR
3,0.5554570078849792,0.14521684791984069,CLEAR
3,0.552502453327179,0.14521684791984069,CLEAR
3,0.5525707244873047,0.14521684791984069,CLEAR
3,0.5515448749065399,0.14521684791984069,CLEAR
3,0.5485071003437042,0.14521684791984069,CLEAR
3,0.5565451443195343,0.14521684791984069,CLEAR
3,0.5451383769512177,0.14521684791984069,CLEAR
3,0.5426894843578338,0.14521684791984069,CLEAR
3,0.5454545438289642,0.14521684791984069,CLEAR
3,0.5475699543952941,0.14521684791984069,CLEAR
3,0.5494489371776581,0.14521684791984069,CLEAR
3,0.5476470589637756,0.14521684791984069,CLEAR
3,0.5546127289533614,0.14521684791984069,CLEAR
3,0.5536945819854736,0.14521684791984069,CLEAR
3,0.556815379858017,0.14521684791984069,CLEAR
3,0.5551826268434524,0.14521684791984069,CLEAR
3,0.5538842171430588,0.14521684791984069,CLEAR
3,0.553594446182251,0.14521684791984069,CLEAR
3,0.5562669306993484,0.14521684791984069,CLEAR
3,0.5543816328048706,0.14521684791984069,CLEAR
3,0.5572245717048645,0.14521684791984069,CLEAR
3,0.5569701462984085,0.14521684791984069,CLEAR
3,0.5490873217582702,0.14521684791984069,CLEAR
3,0.5575080662965775,0.14521684791984069,CLEAR
3,0.5573306858539581,0.14521684791984069,CLEAR
3,0.5544153928756713,0.14521684791984069,CLEAR
3,0.555402073264122,0.14521684791984069,CLEAR
3,0.5570862676056338,0.14521684791984069,CLEAR
3,0.5548855633802817,0.14521684791984069,CLEAR
3,0.5529049295774647,0.14521684791984069,CLEAR
3,0.5509242957746479,0.14521684791984069,CLEAR
3,0.549493838028169,0.14521684791984069,CLEAR
3,0.5490536971830986,0.14521684791984069,CLEAR
3,0.5481734154929577,0.14521684791984069,CLEAR
3,0.5449823943661971,0.14521684791984069,CLEAR
3,0.541131161971831,0.14521684791984069,CLEAR
3,0.5397007042253521,0.14521684791984069,CLEAR
3,0.5406910211267605,0.14521684791984069,CLEAR
3,0.5395906690140845,0.14521684791984069,CLEAR
3,0.5406910211267605,0.14521684791984069,CLEAR
3,0.540030809859155,0.14521684791984069,CLEAR
3,0.540030809859155,0.14521684791984069,CLEAR
3,0.540030809859155,0.14521684791984069,CLEAR
3,0.5392605633802816,0.14521684791984069,CLEAR
3,0.5402508802816901,0.14521684791984069,CLEAR
3,0.541681338028169,0.14521684791984069,CLEAR
3,0.5430017605633802,0.14521684791984069,CLEAR
3,0.5438820422535211,0.14521684791984069,CLEAR
3,0.5454225352112676,0.14521684791984069,CLEAR
3,0.5489531397819519,0.14521684791984069,CLEAR
3,0.5497139084507042,0.14521684791984069,CLEAR
3,0.5502640845070422,0.14521684791984069,CLEAR
3,0.5523547535211267,0.14521684791984069,CLEAR
3,0.5560959507042254,0.14521684791984069,CLEAR
3,0.5518096178770066,0.14521684791984069,CLEAR
3,0.5529061108827591,0.14521684791984069,CLEAR
3,0.5597421914339066,0.14521684791984069,CLEAR
3,0.5615651309490204,0.14521684791984069,CLEAR
3,0.5569533169269562,0.14521684791984069,CLEAR
3,0.5515451163053512,0.14521684791984069,CLEAR
3,0.5600098997354507,0.14521684791984069,CLEAR
3,0.5583003938198089,0.14521684791984069,CLEAR
3,0.5565860867500305,0.14521684791984069,CLEAR
3,0.5589794397354125,0.14521684791984069,CLEAR
3,0.5589439928531647,0.14521684791984069,CLEAR
3,0.5547506809234619,0.14521684791984069,CLEAR
3,0.5550383746623992,0.14521684791984069,CLEAR
3,0.5568637162446975,0.14521684791984069,CLEAR
3,0.5553580254316329,0.14521684791984069,CLEAR
3,0.5554675906896591,0.14521684791984069,CLEAR
3,0.5602472186088562,0.14521684791984069,CLEAR
3,0.5570443361997605,0.14521684791984069,CLEAR
3,0.5600196957588195,0.14521684791984069,CLEAR
3,0.5606816500425339,0.14521684791984069,CLEAR
3,0.5613412231206893,0.14521684791984069,CLEAR
3,0.5608308613300323,0.14521684791984069,CLEAR
3,0.5569595247507095,0.14521684791984069,CLEAR
3,0.5592583447694778,0.14521684791984069,CLEAR
3,0.5584877699613571,0.14521684791984069,CLEAR
3,0.5618010878562927,0.14521684791984069,CLEAR
3,0.5585625767707825,0.14521684791984069,CLEAR
3,0.5574658393859863,0.14521684791984069,CLEAR
3,0.5608274647887324,0.14521684791984069,CLEAR
3,0.5617077464788732,0.14521684791984069,CLEAR
3,0.5618577063083648,0.14521684791984069,CLEAR
3,0.5634477645158767,0.14521684791984069,CLEAR
3,0.5621478873239436,0.14521684791984069,CLEAR
3,0.5586036145687103,0.14521684791984069,CLEAR
3,0.5614814817905426,0.14521684791984069,CLEAR
3,0.5604449927806854,0.14521684791984069,CLEAR
3,0.5620647072792053,0.14521684791984069,CLEAR
3,0.559980285167694,0.14521684791984069,CLEAR
3,0.5576027750968933,0.14521684791984069,CLEAR
3,0.560733762383461,0.14521684791984069,CLEAR
3,0.5604645431041717,0.14521684791984069,CLEAR
3,0.5620178043842315,0.14521684791984069,CLEAR
3,0.5587567836046219,0.14521684791984069,CLEAR
3,0.5625649899244308,0.14521684791984069,CLEAR
3,0.5595639258623123,0.14521684791984069,CLEAR
3,0.5545566797256469,0.14521684791984069,CLEAR
3,0.5605522692203522,0.14521684791984069,CLEAR
3,0.5565002471208572,0.14521684791984069,CLEAR
3,0.5562592774629592,0.14521684791984069,CLEAR
3,0.5615174800157546,0.14521684791984069,CLEAR
3,0.5588424444198609,0.14521684791984069,CLEAR
3,0.5600197911262512,0.14521684791984069,CLEAR
3,0.5626428216695786,0.14521684791984069,CLEAR
3,0.5623855471611022,0.14521684791984069,CLEAR
3,0.5597122311592102,0.14521684791984069,CLEAR
3,0.5540527105331421,0.14521684791984069,CLEAR
3,0.5556990325450897,0.14521684791984069,CLEAR
3,0.5563275426626205,0.14521684791984069,CLEAR
3,0.5585185199975967,0.14521684791984069,CLEAR
3,0.5529411762952804,0.14521684791984069,CLEAR
3,0.5544328868389129,0.14521684791984069,CLEAR
3,0.5534538239240646,0.14521684791984069,CLEAR
3,0.5521384418010712,0.14521684791984069,CLEAR
3,0.5535714298486709,0.14521684791984069,CLEAR
3,0.559405940771103,0.14521684791984069,CLEAR
3,0.5608985424041748,0.14521684791984069,CLEAR
3,0.5600098997354507,0.14521684791984069,CLEAR
3,0.5638799309730529,0.14521684791984069,CLEAR
3,0.558908188343048,0.14521684791984069,CLEAR
3,0.5601184606552124,0.14521684791984069,CLEAR
3,0.5605035781860351,0.14521684791984069,CLEAR
3,0.5582163095474243,0.14521684791984069,CLEAR
3,0.5571780949831009,0.14521684791984069,CLEAR
3,0.5551181107759475,0.14521684791984069,CLEAR
3,0.557801330089569,0.14521684791984069,CLEAR
3,0.5607398271560669,0.14521684791984069,CLEAR
3,0.5591917186975479,0.14521684791984069,CLEAR
3,0.5584952056407928,0.14521684791984069,CLEAR
3,0.560088911652565,0.14521684791984069,CLEAR
3,0.551830917596817,0.14521684791984069,CLEAR
3,0.5557304471731186,0.14521684791984069,CLEAR
3,0.5510204076766968,0.14521684791984069,CLEAR
3,0.5597136497497558,0.14521684791984069,CLEAR
3,0.5585185199975967,0.14521684791984069,CLEAR
3,0.5573859423398971,0.14521684791984069,CLEAR
3,0.5613030612468719,0.14521684791984069,CLEAR
3,0.5610475352112676,0.14521684791984069,CLEAR
3,0.5648896604776382,0.14521684791984069,CLEAR
3,0.566426619887352,0.14521684791984069,CLEAR
3,0.5641317814588547,0.14521684791984069,CLEAR
3,0.5647887323943662,0.14521684791984069,CLEAR
3,0.5600893527269363,0.14521684791984069,CLEAR
3,0.5627675473690033,0.14521684791984069,CLEAR
3,0.5601672535211267,0.14521684791984069,CLEAR
3,0.560387323943662,0.14521684791984069,CLEAR
3,0.559286971830986,0.14521684791984069,CLEAR
3,0.5618177816901408,0.14521684791984069,CLEAR
3,0.5629181338028169,0.14521684791984069,CLEAR
3,0.560387323943662,0.14521684791984069,CLEAR
3,0.5578947365283966,0.14521684791984069,CLEAR
3,0.5620749562978744,0.14521684791984069,CLEAR
3,0.563339114189148,0.14521684791984069,CLEAR
3,0.5630069226026535,0.14521684791984069,CLEAR
3,0.5592583447694778,0.14521684791984069,CLEAR
3,0.5622995316982269,0.14521684791984069,CLEAR
3,0.560049444437027,0.14521684791984069,CLEAR
3,0.5598417401313781,0.14521684791984069,CLEAR
3,0.5618199795484543,0.14521684791984069,CLEAR
3,0.5600098997354507,0.14521684791984069,CLEAR
3,0.5576458990573883,0.14521684791984069,CLEAR
3,0.5585594475269318,0.14521684791984069,CLEAR
3,0.5541275322437287,0.14521684791984069,CLEAR
3,0.5583209872245789,0.14521684791984069,CLEAR
3,0.5540951460599899,0.14521684791984069,CLEAR
3,0.5484249055385589,0.14521684791984069,CLEAR
3,0.5529295921325683,0.14521684791984069,CLEAR
3,0.5543816328048706,0.14521684791984069,CLEAR
3,0.5542014747858047,0.14521684791984069,CLEAR
3,0.557377853989601,0.14521684791984069,CLEAR
3,0.5598417401313781,0.14521684791984069,CLEAR
3,0.560059317946434,0.14521684791984069,CLEAR
3,0.5561481475830078,0.14521684791984069,CLEAR
3,0.5543591022491455,0.14521684791984069,CLEAR
3,0.5560591131448746,0.14521684791984069,CLEAR
3,0.5604645431041717,0.14521684791984069,CLEAR
3,0.5502958565950393,0.14521684791984069,CLEAR
3,0.5555775910615921,0.14521684791984069,CLEAR
3,0.5484833419322968,0.14521684791984069,CLEAR
3,0.5549629628658295,0.14521684791984069,CLEAR
3,0.5530693084001541,0.14521684791984069,CLEAR
3,0.5497392594814301,0.14521684791984069,CLEAR
3,0.5527559041976928,0.14521684791984069,CLEAR
3,0.5522564738988877,0.14521684791984069,CLEAR
3,0.5573281139135361,0.14521684791984069,CLEAR
3,0.5567091077566146,0.14521684791984069,CLEAR
3,0.5540117412805557,0.14521684791984069,CLEAR
3,0.5506487160921096,0.14521684791984069,CLEAR
3,0.5581929177045822,0.14521684791984069,CLEAR
3,0.5559686899185181,0.14521684791984069,CLEAR
3,0.5521367520093918,0.14521684791984069,CLEAR
3,0.5542356371879578,0.14521684791984069,CLEAR
3,0.551703992486,0.14521684791984069,CLEAR
3,0.5541127651929855,0.14521684791984069,CLEAR
3,0.5495126724243163,0.14521684791984069,CLEAR
3,0.5512029170989989,0.14521684791984069,CLEAR
3,0.5540408968925477,0.14521684791984069,CLEAR
3,0.550133916735649,0.14521684791984069,CLEAR
3,0.555981332063675,0.14521684791984069,CLEAR
3,0.5513671875,0.14521684791984069,CLEAR
3,0.5491970777511597,0.14521684791984069,CLEAR
3,0.5546432048082351,0.14521684791984069,CLEAR
3,0.5517813563346863,0.14521684791984069,CLEAR
3,0.5535383105278014,0.14521684791984069,CLEAR
3,0.5542857140302657,0.14521684791984069,CLEAR
3,0.550133916735649,0.14521684791984069,CLEAR
3,0.5565982401371002,0.14521684791984069,CLEAR
3,0.5540903538465499,0.14521684791984069,CLEAR
3,0.5497678935527801,0.14521684791984069,CLEAR
3,0.5506702423095703,0.14521684791984069,CLEAR
3,0.5561723887920379,0.14521684791984069,CLEAR
3,0.5504752606153488,0.14521684791984069,CLEAR
3,0.5535949319601059,0.14521684791984069,CLEAR
3,0.5519922256469727,0.14521684791984069,CLEAR
3,0.5509406298398971,0.14521684791984069,CLEAR
3,0.5535383105278014,0.14521684791984069,CLEAR
3,0.5480848968029022,0.14521684791984069,CLEAR
3,0.550925025343895,0.14521684791984069,CLEAR
3,0.5517627030611038,0.14521684791984069,CLEAR
3,0.555749636888504,0.14521684791984069,CLEAR
3,0.5525737971067428,0.14521684791984069,CLEAR
3,0.5544081836938858,0.14521684791984069,CLEAR
3,0.5536739647388458,0.14521684791984069,CLEAR
3,0.5490109860897064,0.14521684791984069,CLEAR
3,0.5534566700458526,0.14521684791984069,CLEAR
3,0.5498542249202728,0.14521684791984069,CLEAR
3,0.5528609693050384,0.14521684791984069,CLEAR
3,0.5534566700458526,0.14521684791984069,CLEAR
3,0.5520234018564224,0.14521684791984069,CLEAR
3,0.5508499264717102,0.14521684791984069,CLEAR
3,0.5512314081192017,0.14521684791984069,CLEAR
3,0.5513671875,0.14521684791984069,CLEAR
3,0.5535042732954025,0.14521684791984069,CLEAR
3,0.5525274723768234,0.14521684791984069,CLEAR
3,0.5530102789402007,0.14521684791984069,CLEAR
3,0.5554257899522781,0.14521684791984069,CLEAR
3,0.553793442249298,0.14521684791984069,CLEAR
3,0.5565025717020035,0.14521684791984069,CLEAR
3,0.5560676634311676,0.14521684791984069,CLEAR
3,0.5550122261047363,0.14521684791984069,CLEAR
3,0.55546875,0.14521684791984069,CLEAR
3,0.5506100535392761,0.14521684791984069,CLEAR
3,0.5568359375,0.14521684791984069,CLEAR
3,0.5581110835075378,0.14521684791984069,CLEAR
3,0.5495986402034759,0.14521684791984069,CLEAR
3,0.5443410098552703,0.14521684791984069,CLEAR
3,0.5416932523250579,0.14521684791984069,CLEAR
3,0.5436978936195374,0.14521684791984069,CLEAR
3,0.5340368092060089,0.14521684791984069,CLEAR
3,0.5348540604114532,0.14521684791984069,CLEAR
3,0.540132063627243,0.14521684791984069,CLEAR
3,0.5387625336647034,0.14521684791984069,CLEAR
3,0.5430674850940704,0.14521684791984069,CLEAR
3,0.537389600276947,0.14521684791984069,CLEAR
3,0.5431918025016784,0.14521684791984069,CLEAR
3,0.5424375891685486,0.14521684791984069,CLEAR
3,0.5457058250904083,0.14521684791984069,CLEAR
3,0.551129874587059,0.14521684791984069,CLEAR
3,0.5538576781749724,0.14521684791984069,CLEAR
3,0.5557128399610519,0.14521684791984069,CLEAR
3,0.5508878737688064,0.14521684791984069,CLEAR
3,0.5580433696508408,0.14521684791984069,CLEAR
3,0.5525611907243728,0.14521684791984069,CLEAR
3,0.5487257122993469,0.14521684791984069,CLEAR
3,0.5448698341846466,0.14521684791984069,CLEAR
3,0.5428135335445404,0.14521684791984069,CLEAR
3,0.5470769226551055,0.14521684791984069,CLEAR
3,0.5554414778947829,0.14521684791984069,CLEAR
3,0.5564499497413635,0.14521684791984069,CLEAR
3,0.5584066901408451,0.14521684791984069,CLEAR
3,0.5519091844558716,0.14521684791984069,CLEAR
3,0.5367936611175537,0.14521684791984069,CLEAR
3,0.5441478431224823,0.14521684791984069,CLEAR
3,0.5498849391937256,0.14521684791984069,CLEAR
3,0.5557943195104599,0.14521684791984069,CLEAR
3,0.5516079634428024,0.14521684791984069,CLEAR
3,0.5535787314176559,0.14521684791984069,CLEAR
3,0.5519918292760849,0.14521684791984069,CLEAR
3,0.5470076739788055,0.14521684791984069,CLEAR
3,0.5274747490882873,0.14521684791984069,CLEAR
3,0.5065664172172546,0.14521684791984069,CLEAR
3,0.5089952409267425,0.14521684791984069,CLEAR
3,0.4933464765548706,0.14521684791984069,CLEAR
3,0.4344286441802978,0.14521684791984069,CLEAR
3,0.45436654090881345,0.14521684791984069,CLEAR
3,0.4283890008926392,0.14521684791984069,CLEAR
3,0.4436354756355286,0.14521684791984069,CLEAR
3,0.4387984154929578,0.14521684791984069,CLEAR
3,0.45783450704225354,0.14521684791984069,CLEAR
3,0.4195422535211268,0.14521684791984069,CLEAR
3,0.4228433098591549,0.14521684791984069,CLEAR
3,0.43758802816901415,0.14521684791984069,CLEAR
3,0.42033399343490596,0.14521684791984069,CLEAR
3,0.4180118083953857,0.14521684791984069,CLEAR
3,0.4203198075294495,0.14521684791984069,CLEAR
3,0.4275760531425476,0.14521684791984069,CLEAR
3,0.4031542658805847,0.14521684791984069,CLEAR
3,0.4299955985915493,0.14521684791984069,CLEAR
3,0.44475558996200565,0.14521684791984069,CLEAR
3,0.4406288385391235,0.14521684791984069,CLEAR
3,0.45667655467987056,0.14521684791984069,CLEAR
7,0.44670424461364744,-0.43565054375952217,CLEAR
7,0.4204584717750549,-0.43565054375952217,CLEAR
7,0.43888207674026486,-0.43565054375952217,CLEAR
7,0.45640521049499505,-0.43565054375952217,CLEAR
7,0.4456071019172669,-0.43565054375952217,CLEAR
4,0.46354448795318604,-0.0,CLEAR
4,0.46178580522537227,-0.0,CLEAR
4,0.47077682018280026,-0.0,CLEAR
4,0.4468481779098511,-0.0,CLEAR
4,0.46732380390167233,-0.0,CLEAR
4,0.4583642244338989,-0.0,CLEAR
4,0.43821781873703,-0.0,CLEAR
4,0.4535863995552063,-0.0,CLEAR
4,0.45052787065505984,-0.0,CLEAR
4,0.4463725447654724,-0.0,CLEAR
4,0.45498126745224,-0.0,CLEAR
4,0.4894391059875488,-0.0,CLEAR
3,0.5280101418495178,0.14521684791984069,CLEAR
3,0.5521419525146484,0.14521684791984069,CLEAR
3,0.5452957332134247,0.14521684791984069,CLEAR
3,0.5385530233383179,0.14521684791984069,CLEAR
3,0.531299215555191,0.14521684791984069,CLEAR
3,0.5240618109703064,0.14521684791984069,CLEAR
3,0.533316844701767,0.14521684791984069,CLEAR
3,0.5301009118556976,0.14521684791984069,CLEAR
3,0.5576266884803772,0.14521684791984069,CLEAR
3,0.5546171456575393,0.14521684791984069,CLEAR
3,0.5467204868793487,0.14521684791984069,CLEAR
3,0.5577464788732394,0.14521684791984069,CLEAR
3,0.5503155767917634,0.14521684791984069,CLEAR
3,0.5579665492957746,0.14521684791984069,CLEAR
3,0.537379240989685,0.14521684791984069,CLEAR
3,0.557349580526352,0.14521684791984069,CLEAR
3,0.5546317666769027,0.14521684791984069,CLEAR
3,0.5520447045564651,0.14521684791984069,CLEAR
3,0.5527855515480041,0.14521684791984069,CLEAR
3,0.5438596487045287,0.14521684791984069,CLEAR
3,0.5361502349376678,0.14521684791984069,CLEAR
3,0.5284729063510895,0.14521684791984069,CLEAR
3,0.5232849776744842,0.14521684791984069,CLEAR
3,0.5351782619953156,0.14521684791984069,CLEAR
3,0.5388471186161041,0.14521684791984069,CLEAR
3,0.5277445137500762,0.14521684791984069,CLEAR
3,0.5338793754577636,0.14521684791984069,CLEAR
3,0.532200002670288,0.14521684791984069,CLEAR
3,0.530210655927658,0.14521684791984069,CLEAR
3,0.5298488974571228,0.14521684791984069,CLEAR
3,0.5215570330619812,0.14521684791984069,CLEAR
3,0.5177131712436676,0.14521684791984069,CLEAR
3,0.5215609729290008,0.14521684791984069,CLEAR
3,0.5224420011043548,0.14521684791984069,CLEAR
3,0.5236417055130005,0.14521684791984069,CLEAR
3,0.5419709861278533,0.14521684791984069,CLEAR
3,0.5494333922863006,0.14521684791984069,CLEAR
3,0.5417554557323455,0.14521684791984069,CLEAR
3,0.5262116730213166,0.14521684791984069,CLEAR
3,0.539735597372055,0.14521684791984069,CLEAR
3,0.5575942903757095,0.14521684791984069,CLEAR
3,0.5539714872837066,0.14521684791984069,CLEAR
3,0.5551363766193389,0.14521684791984069,CLEAR
3,0.5547826081514359,0.14521684791984069,CLEAR
3,0.5538461536169051,0.14521684791984069,CLEAR
3,0.5579665492957746,0.14521684791984069,CLEAR
3,0.5575913548469543,0.14521684791984069,CLEAR
3,0.5382722377777099,0.14521684791984069,CLEAR
3,0.5075981616973877,0.14521684791984069,CLEAR
3,0.5172555029392242,0.14521684791984069,CLEAR
3,0.33590335845947267,0.14521684791984069,CLEAR
3,0.4042878985404968,0.14521684791984069,CLEAR
3,0.36408288478851314,0.14521684791984069,CLEAR
3,0.39116590023040765,0.14521684791984069,CLEAR
3,0.3955806732177734,0.14521684791984069,CLEAR
3,0.40240224599838254,0.14521684791984069,CLEAR
3,0.395494818687439,0.14521684791984069,CLEAR
3,0.3332007884979247,0.14521684791984069,CLEAR
3,0.31989974975585933,0.14521684791984069,CLEAR
3,0.23742270469665527,0.14521684791984069,CLEAR
3,0.26702921390533446,0.14521684791984069,CLEAR
3,0.2510051727294922,0.14521684791984069,CLEAR
3,0.2953125,0.14521684791984069,CLEAR
3,0.2971830985915493,0.14521684791984069,CLEAR
3,0.2577904929577465,0.14521684791984069,CLEAR
3,0.15059289932250974,0.14521684791984069,CLEAR
3,0.21411967277526855,0.14521684791984069,CLEAR
3,0.22819557189941403,0.14521684791984069,CLEAR
3,0.21154992580413814,0.14521684791984069,CLEAR
3,0.1501382350921631,0.14521684791984069,CLEAR
3,0.28171613216400143,0.14521684791984069,CLEAR
3,0.25791542530059813,0.14521684791984069,CLEAR
3,0.22141788005828855,0.14521684791984069,CLEAR
3,0.2587257385253906,0.14521684791984069,CLEAR
3,0.31253399848937985,0.14521684791984069,CLEAR
3,0.349111557006836,0.14521684791984069,CLEAR
3,0.33848426342010496,0.14521684791984069,CLEAR
3,0.33959565162658695,0.14521684791984069,CLEAR
3,0.36238012313842777,0.14521684791984069,CLEAR
3,0.3476190567016601,0.14521684791984069,CLEAR
3,0.30475246906280523,0.14521684791984069,CLEAR
3,0.32470414638519285,0.14521684791984069,CLEAR
3,0.35621302127838134,0.14521684791984069,CLEAR
3,0.35915944576263426,0.14521684791984069,CLEAR
3,0.3420024633407593,0.14521684791984069,CLEAR
3,0.3659930944442749,0.14521684791984069,CLEAR
3,0.36581280231475827,0.14521684791984069,CLEAR
3,0.35911438465118406,0.14521684791984069,CLEAR
3,0.36076791286468507,0.14521684791984069,CLEAR
3,0.38619329929351803,0.14521684791984069,CLEAR
3,0.41349147558212285,0.14521684791984069,CLEAR
3,0.4102298021316529,0.14521684791984069,CLEAR
3,0.4023715376853943,0.14521684791984069,CLEAR
7,0.42220029830932615,-0.43565054375952217,CLEAR
7,0.4241541147232056,-0.43565054375952217,CLEAR
7,0.44302926063537595,-0.43565054375952217,CLEAR
7,0.43738871812820435,-0.43565054375952217,CLEAR
7,0.4439960598945618,-0.43565054375952217,CLEAR
7,0.4382728219032287,-0.43565054375952217,CLEAR
7,0.438167941570282,-0.43565054375952217,CLEAR
7,0.44200688600540156,-0.43565054375952217,CLEAR
4,0.4263833999633789,-0.0,CLEAR
4,0.42876846790313716,-0.0,CLEAR
4,0.42560825347900383,-0.0,CLEAR
4,0.4374047636985779,-0.0,CLEAR
4,0.4429695129394531,-0.0,CLEAR
4,0.43548465967178346,-0.0,CLEAR
4,0.4234631419181824,-0.0,CLEAR
4,0.4027046918869018,-0.0,CLEAR
4,0.37864558696746825,-0.0,CLEAR
4,0.4268919944763183,-0.0,CLEAR
4,0.41833456754684445,-0.0,CLEAR
4,0.4238613843917846,-0.0,CLEAR
4,0.45324164628982544,-0.0,CLEAR
4,0.4626381754875183,-0.0,CLEAR
4,0.4536057114601135,-0.0,CLEAR
4,0.45344488620758056,-0.0,CLEAR
4,0.460068929195404,-0.0,CLEAR
4,0.4578325152397156,-0.0,CLEAR
4,0.452212393283844,-0.0,CLEAR
4,0.4623866677284241,-0.0,CLEAR
4,0.48129285573959346,-0.0,CLEAR
4,0.48743222951889037,-0.0,CLEAR
4,0.49304603338241576,-0.0,CLEAR
4,0.5041257381439209,-0.0,CLEAR
4,0.5116806328296661,-0.0,CLEAR
4,0.5425338268280029,-0.0,CLEAR
3,0.5453194677829742,0.14521684791984069,CLEAR
3,0.5466535449028015,0.14521684791984069,CLEAR
3,0.5422802269458771,0.14521684791984069,CLEAR
3,0.5447798132896423,0.14521684791984069,CLEAR
3,0.5404632806777954,0.14521684791984069,CLEAR
3,0.543956583738327,0.14521684791984069,CLEAR
3,0.5423067450523376,0.14521684791984069,CLEAR
3,0.5408067286014556,0.14521684791984069,CLEAR
3,0.5461272835731505,0.14521684791984069,CLEAR
3,0.5426877498626709,0.14521684791984069,CLEAR
3,0.5451620876789093,0.14521684791984069,CLEAR
3,0.5413962662220001,0.14521684791984069,CLEAR
3,0.5450728595256805,0.14521684791984069,CLEAR
3,0.5494196116924286,0.14521684791984069,CLEAR
3,0.5448888897895813,0.14521684791984069,CLEAR
3,0.5468895971775055,0.14521684791984069,CLEAR
3,0.5451541304588318,0.14521684791984069,CLEAR
3,0.5455083906650543,0.14521684791984069,CLEAR
3,0.5495954871177673,0.14521684791984069,CLEAR
3,0.5530221134424209,0.14521684791984069,CLEAR
3,0.5506027072668076,0.14521684791984069,CLEAR
3,0.5559163600206375,0.14521684791984069,CLEAR
3,0.5554252207279206,0.14521684791984069,CLEAR
3,0.5541962325572968,0.14521684791984069,CLEAR
3,0.5519843220710754,0.14521684791984069,CLEAR
3,0.553010568022728,0.14521684791984069,CLEAR
3,0.5541338592767715,0.14521684791984069,CLEAR
3,0.5508084267377853,0.14521684791984069,CLEAR
3,0.5479833781719208,0.14521684791984069,CLEAR
3,0.5513248294591904,0.14521684791984069,CLEAR
3,0.5466406047344208,0.14521684791984069,CLEAR
3,0.5455260574817657,0.14521684791984069,CLEAR
3,0.5453293979167938,0.14521684791984069,CLEAR
3,0.5422924876213073,0.14521684791984069,CLEAR
3,0.5456062853336334,0.14521684791984069,CLEAR
3,0.5393729925155639,0.14521684791984069,CLEAR
3,0.5388421595096589,0.14521684791984069,CLEAR
3,0.5409303486347199,0.14521684791984069,CLEAR
3,0.5413530111312866,0.14521684791984069,CLEAR
3,0.5432931303977966,0.14521684791984069,CLEAR
3,0.5417361438274383,0.14521684791984069,CLEAR
3,0.5394509017467498,0.14521684791984069,CLEAR
3,0.5426341474056243,0.14521684791984069,CLEAR
3,0.5431823790073395,0.14521684791984069,CLEAR
3,0.5421971023082733,0.14521684791984069,CLEAR
3,0.5381301999092102,0.14521684791984069,CLEAR
3,0.5385370671749115,0.14521684791984069,CLEAR
3,0.5463775277137756,0.14521684791984069,CLEAR
3,0.5440256237983704,0.14521684791984069,CLEAR
3,0.5433194398880005,0.14521684791984069,CLEAR
3,0.5387183904647826,0.14521684791984069,CLEAR
3,0.5420261263847351,0.14521684791984069,CLEAR
3,0.5393700778484344,0.14521684791984069,CLEAR
3,0.5357951760292053,0.14521684791984069,CLEAR
3,0.5392628967761993,0.14521684791984069,CLEAR
3,0.5371118783950806,0.14521684791984069,CLEAR
3,0.5371583342552184,0.14521684791984069,CLEAR
3,0.5416072726249694,0.14521684791984069,CLEAR
3,0.5346656799316406,0.14521684791984069,CLEAR
3,0.5384009838104248,0.14521684791984069,CLEAR
3,0.5395817935466766,0.14521684791984069,CLEAR
3,0.5423653781414032,0.14521684791984069,CLEAR
3,0.5416173577308655,0.14521684791984069,CLEAR
3,0.5363992154598236,0.14521684791984069,CLEAR
3,0.5420261263847351,0.14521684791984069,CLEAR
3,0.5353157997131347,0.14521684791984069,CLEAR
3,0.5390832901000977,0.14521684791984069,CLEAR
3,0.5404926121234894,0.14521684791984069,CLEAR
3,0.5384464085102081,0.14521684791984069,CLEAR
3,0.5403456807136535,0.14521684791984069,CLEAR
3,0.5386124074459075,0.14521684791984069,CLEAR
3,0.5385373055934906,0.14521684791984069,CLEAR
3,0.5408721387386322,0.14521684791984069,CLEAR
3,0.5422113001346588,0.14521684791984069,CLEAR
3,0.5378258705139161,0.14521684791984069,CLEAR
3,0.5388409376144409,0.14521684791984069,CLEAR
3,0.5393523037433624,0.14521684791984069,CLEAR
3,0.5385973513126373,0.14521684791984069,CLEAR
3,0.5397382080554962,0.14521684791984069,CLEAR
3,0.5380530953407288,0.14521684791984069,CLEAR
3,0.5373434841632843,0.14521684791984069,CLEAR
3,0.5366356074810028,0.14521684791984069,CLEAR
3,0.5380544006824494,0.14521684791984069,CLEAR
3,0.5356299221515655,0.14521684791984069,CLEAR
3,0.5320068776607513,0.14521684791984069,CLEAR
3,0.5397530853748321,0.14521684791984069,CLEAR
3,0.5347783267498016,0.14521684791984069,CLEAR
3,0.5404213607311249,0.14521684791984069,CLEAR
3,0.5418828785419464,0.14521684791984069,CLEAR
3,0.5356932163238525,0.14521684791984069,CLEAR
3,0.5363636374473572,0.14521684791984069,CLEAR
3,0.5338891625404357,0.14521684791984069,CLEAR
3,0.5380378663539886,0.14521684791984069,CLEAR
3,0.5366765022277832,0.14521684791984069,CLEAR
3,0.5318103671073913,0.14521684791984069,CLEAR
3,0.5368265688419342,0.14521684791984069,CLEAR
3,0.5406018733978272,0.14521684791984069,CLEAR
3,0.5380544006824494,0.14521684791984069,CLEAR
3,0.5404697179794311,0.14521684791984069,CLEAR
3,0.536665016412735,0.14521684791984069,CLEAR
3,0.5392330408096313,0.14521684791984069,CLEAR
3,0.543462198972702,0.14521684791984069,CLEAR
3,0.5432080566883086,0.14521684791984069,CLEAR
3,0.5364578187465667,0.14521684791984069,CLEAR
3,0.5421426832675933,0.14521684791984069,CLEAR
3,0.5359056293964386,0.14521684791984069,CLEAR
3,0.5378717124462127,0.14521684791984069,CLEAR
3,0.5356547355651855,0.14521684791984069,CLEAR
3,0.533710354566574,0.14521684791984069,CLEAR
3,0.5331196069717407,0.14521684791984069,CLEAR
3,0.5377646505832672,0.14521684791984069,CLEAR
3,0.540784603357315,0.14521684791984069,CLEAR
3,0.5349545538425445,0.14521684791984069,CLEAR
3,0.5310412585735321,0.14521684791984069,CLEAR
3,0.5301009118556976,0.14521684791984069,CLEAR
3,0.5339070558547974,0.14521684791984069,CLEAR
3,0.5374323666095733,0.14521684791984069,CLEAR
3,0.540777176618576,0.14521684791984069,CLEAR
3,0.5409462451934814,0.14521684791984069,CLEAR
3,0.5412898421287536,0.14521684791984069,CLEAR
3,0.5458302199840546,0.14521684791984069,CLEAR
3,0.5485286772251129,0.14521684791984069,CLEAR
3,0.554621422290802,0.14521684791984069,CLEAR
3,0.5516628593206405,0.14521684791984069,CLEAR
3,0.5565360915492957,0.14521684791984069,CLEAR
3,0.557856514084507,0.14521684791984069,CLEAR
3,0.5574163732394366,0.14521684791984069,CLEAR
3,0.5570862676056338,0.14521684791984069,CLEAR
3,0.5571963028169015,0.14521684791984069,CLEAR
3,0.557306338028169,0.14521684791984069,CLEAR
3,0.5569762323943662,0.14521684791984069,CLEAR
3,0.5571963028169015,0.14521684791984069,CLEAR
3,0.5568661971830986,0.14521684791984069,CLEAR
3,0.5566461267605634,0.14521684791984069,CLEAR
3,0.5571963028169015,0.14521684791984069,CLEAR
3,0.557306338028169,0.14521684791984069,CLEAR
3,0.5568661971830986,0.14521684791984069,CLEAR
3,0.5577464788732394,0.14521684791984069,CLEAR
3,0.5577639758586883,0.14521684791984069,CLEAR
3,0.5574709683656692,0.14521684791984069,CLEAR
3,0.5574163732394366,0.14521684791984069,CLEAR
3,0.557306338028169,0.14521684791984069,CLEAR
3,0.5469734847545623,0.14521684791984069,CLEAR
3,0.5491364181041717,0.14521684791984069,CLEAR
3,0.5426853716373443,0.14521684791984069,CLEAR
3,0.5461847364902496,0.14521684791984069,CLEAR
3,0.5485356688499451,0.14521684791984069,CLEAR
3,0.5349206328392029,0.14521684791984069,CLEAR
3,0.5389662027359009,0.14521684791984069,CLEAR
3,0.5353157997131347,0.14521684791984069,CLEAR
3,0.5169625222682953,0.14521684791984069,CLEAR
3,0.487010109424591,0.14521684791984069,CLEAR
3,0.4300518155097961,0.14521684791984069,CLEAR
3,0.4317241430282593,0.14521684791984069,CLEAR
3,0.43144841194152833,0.14521684791984069,CLEAR
3,0.4194274544715882,0.14521684791984069,CLEAR
3,0.4283643364906311,0.14521684791984069,CLEAR
3,0.39634118080139163,0.14521684791984069,CLEAR
3,0.38260869979858403,0.14521684791984069,CLEAR
3,0.3879770994186401,0.14521684791984069,CLEAR
3,0.3739752054214478,0.14521684791984069,CLEAR
3,0.37094178199768063,0.14521684791984069,CLEAR
3,0.37733616828918454,0.14521684791984069,CLEAR
3,0.40059347152709956,0.14521684791984069,CLEAR
3,0.3976284503936767,0.14521684791984069,CLEAR
3,0.39897284507751457,0.14521684791984069,CLEAR
3,0.40136651992797845,0.14521684791984069,CLEAR
3,0.3903829225352113,0.14521684791984069,CLEAR
3,0.40684596300125125,0.14521684791984069,CLEAR
3,0.3812928438186646,0.14521684791984069,CLEAR
3,0.3633142605633803,0.14521684791984069,CLEAR
3,0.3597931338028169,0.14521684791984069,CLEAR
3,0.33921654929577466,0.14521684791984069,CLEAR
3,0.35121038732394366,0.14521684791984069,CLEAR
3,0.34174735915492965,0.14521684791984069,CLEAR
3,0.37221403121948243,0.14521684791984069,CLEAR
3,0.3697891235351562,0.14521684791984069,CLEAR
3,0.35713241100311277,0.14521684791984069,CLEAR
3,0.35457227230072014,0.14521684791984069,CLEAR
3,0.3245579481124878,0.14521684791984069,CLEAR
3,0.29570689201354977,0.14521684791984069,CLEAR
3,0.2864984035491943,0.14521684791984069,CLEAR
3,0.2920379877090454,0.14521684791984069,CLEAR
3,0.29904971122741697,0.14521684791984069,CLEAR
3,0.3028585195541382,0.14521684791984069,CLEAR
3,0.3165686368942261,0.14521684791984069,CLEAR
3,0.3490547180175781,0.14521684791984069,CLEAR
3,0.3601000070571899,0.14521684791984069,CLEAR
3,0.3603698253631592,0.14521684791984069,CLEAR
3,0.35982842445373536,0.14521684791984069,CLEAR
3,0.3363330125808716,0.14521684791984069,CLEAR
3,0.35460784435272213,0.14521684791984069,CLEAR
3,0.3666833877563477,0.14521684791984069,CLEAR
3,0.3654896020889282,0.14521684791984069,CLEAR
3,0.3408953666687011,0.14521684791984069,CLEAR
3,0.3438999891281128,0.14521684791984069,CLEAR
3,0.6,0.14521684791984069,CLEAR
3,0.22961776256561278,0.14521684791984069,CLEAR
3,0.6,0.14521684791984069,CLEAR
3,0.6,0.14521684791984069,CLEAR
3,0.5656343668699264,0.14521684791984069,CLEAR
3,0.5419135510921478,0.14521684791984069,CLEAR
3,0.5445318102836608,0.14521684791984069,CLEAR
3,0.5575264084507042,0.14521684791984069,CLEAR
3,0.5577464788732394,0.14521684791984069,CLEAR
3,0.5589568661971831,0.14521684791984069,CLEAR
3,0.5599471830985915,0.14521684791984069,CLEAR
3,0.5591615289449692,0.14521684791984069,CLEAR
3,0.5512410908937454,0.14521684791984069,CLEAR
3,0.5253057360649108,0.14521684791984069,CLEAR
3,0.5157601118087768,0.14521684791984069,CLEAR
3,0.5281548857688904,0.14521684791984069,CLEAR
3,0.5420427560806275,0.14521684791984069,CLEAR
3,0.5474133849143982,0.14521684791984069,CLEAR
3,0.5466916918754577,0.14521684791984069,CLEAR
3,0.5299513578414917,0.14521684791984069,CLEAR
3,0.5245871543884277,0.14521684791984069,CLEAR
3,0.5338919937610626,0.14521684791984069,CLEAR
3,0.5322064459323883,0.14521684791984069,CLEAR
3,0.5193415641784668,0.14521684791984069,CLEAR
3,0.5574163732394366,0.14521684791984069,CLEAR
3,0.5380668818950652,0.14521684791984069,CLEAR
3,0.5398775994777679,0.14521684791984069,CLEAR
3,0.538958179950714,0.14521684791984069,CLEAR
3,0.5432498753070831,0.14521684791984069,CLEAR
3,0.5439902067184448,0.14521684791984069,CLEAR
3,0.5422559320926666,0.14521684791984069,CLEAR
3,0.5449353158473969,0.14521684791984069,CLEAR
3,0.540205180644989,0.14521684791984069,CLEAR
3,0.5391538262367248,0.14521684791984069,CLEAR
3,0.5433162868022918,0.14521684791984069,CLEAR
3,0.5429267108440399,0.14521684791984069,CLEAR
3,0.5422861337661743,0.14521684791984069,CLEAR
3,0.541577410697937,0.14521684791984069,CLEAR
3,0.5418712019920349,0.14521684791984069,CLEAR
3,0.5401796579360961,0.14521684791984069,CLEAR
3,0.5404005885124206,0.14521684791984069,CLEAR
3,0.5474895894527435,0.14521684791984069,CLEAR
3,0.5379799485206603,0.14521684791984069,CLEAR
3,0.5413398265838623,0.14521684791984069,CLEAR
3,0.5417399823665618,0.14521684791984069,CLEAR
3,0.5448478877544403,0.14521684791984069,CLEAR
3,0.5412396311759948,0.14521684791984069,CLEAR
3,0.5397152662277221,0.14521684791984069,CLEAR
3,0.5410753726959229,0.14521684791984069,CLEAR
3,0.5430674850940704,0.14521684791984069,CLEAR
3,0.5398481488227844,0.14521684791984069,CLEAR
3,0.5396299898624419,0.14521684791984069,CLEAR
3,0.5406609535217285,0.14521684791984069,CLEAR
3,0.5423123955726623,0.14521684791984069,CLEAR
3,0.5443359375,0.14521684791984069,CLEAR
                                                                                                                                                                                                                                                                                                                                                                                                                                                                                                                                                                                                                                                                                                                                                                                                                                                                                                                                                                                                                                                                                                                                                                                                                                                                                                                                                                                                                                                                                                                                                                                                                                                                                                                                                                                                                                                                                                                                                                                                                                                                                                                                                                                                                                                                                                                                                                                                                                                                                                                                                                                                                                                                                                                                                                                                                                                                                                         1,0.0,0.0,BRAKE
1,0.0,0.0,BRAKE
1,0.0,0.0,BRAKE
1,0.0,0.0,BRAKE
1,0.0,0.0,BRAKE
1,0.0,0.0,BRAKE
1,0.0,0.0,BRAKE
1,0.0,0.0,BRAKE
1,0.0,0.0,BRAKE
1,0.0,0.0,BRAKE
0,0.0,0.0,BRAKE
0,0.0,0.0,BRAKE
1,0.0,0.0,BRAKE
1,0.0,0.0,BRAKE
1,0.0,0.0,BRAKE
1,0.0,0.0,BRAKE
1,0.0,0.0,BRAKE
1,0.0,0.0,BRAKE
1,0.0,0.0,BRAKE
1,0.0,0.0,BRAKE
1,0.0,0.0,BRAKE
1,0.0,0.0,BRAKE
1,0.0,0.0,BRAKE
1,0.0,0.0,BRAKE
1,0.0,0.0,BRAKE
1,0.0,0.0,BRAKE
1,0.0,0.0,BRAKE
1,0.0,0.0,BRAKE
1,0.0,0.0,BRAKE
1,0.0,0.0,BRAKE
1,0.0,0.0,BRAKE
1,0.0,0.0,BRAKE
1,0.0,0.0,BRAKE
1,0.0,0.0,BRAKE
1,0.0,0.0,BRAKE
1,0.0,0.0,BRAKE
1,0.0,0.0,BRAKE
1,0.0,0.0,BRAKE
1,0.0,0.0,BRAKE
1,0.0,0.0,BRAKE
1,0.0,0.0,BRAKE
1,0.0,0.0,BRAKE
1,0.0,0.0,BRAKE
1,0.0,0.0,BRAKE
1,0.0,0.0,BRAKE
1,0.0,0.0,BRAKE
1,0.0,0.0,BRAKE
1,0.0,0.0,BRAKE
1,0.0,0.0,BRAKE
1,0.0,0.0,BRAKE
1,0.0,0.0,BRAKE
1,0.0,0.0,BRAKE
1,0.0,0.0,BRAKE
1,0.0,0.0,BRAKE
1,0.0,0.0,BRAKE
1,0.0,0.0,BRAKE
1,0.0,0.0,BRAKE
1,0.0,0.0,BRAKE
1,0.0,0.0,BRAKE
1,0.0,0.0,BRAKE
1,0.0,0.0,BRAKE
1,0.0,0.0,BRAKE
1,0.0,0.0,BRAKE
1,0.0,0.0,BRAKE
1,0.0,0.0,BRAKE
1,0.0,0.0,BRAKE
1,0.0,0.0,BRAKE
1,0.0,0.0,BRAKE
1,0.0,0.0,BRAKE
1,0.0,0.0,BRAKE
1,0.0,0.0,BRAKE
1,0.0,0.0,BRAKE
1,0.0,0.0,BRAKE
1,0.0,0.0,BRAKE
1,0.0,0.0,BRAKE
1,0.0,0.0,BRAKE
1,0.0,0.0,BRAKE
1,0.0,0.0,BRAKE
1,0.0,0.0,BRAKE
1,0.0,0.0,BRAKE
1,0.0,0.0,BRAKE
1,0.0,0.0,BRAKE
1,0.0,0.0,BRAKE
1,0.0,0.0,BRAKE
1,0.0,0.0,BRAKE
0,0.0,0.0,BRAKE
1,0.0,0.0,BRAKE
1,0.07326144366197189,0.43565054375952217,CLEAR
0,0.0,0.0,BRAKE
0,0.0,0.0,BRAKE
2,0.0,0.0,BRAKE
4,0.520595270395279,-0.0,CLEAR
4,0.6,-0.0,CLEAR
6,0.3519806338028169,-0.29043369583968137,CLEAR
5,0.2152090787887573,-0.14521684791984069,CLEAR
1,0.39588468309859154,0.43565054375952217,CLEAR
5,0.6,-0.14521684791984069,CLEAR
4,0.6,-0.0,CLEAR
8,0.0,0.0,BRAKE
8,0.0,0.0,BRAKE
4,0.0,0.0,BRAKE
4,0.0,0.0,BRAKE
4,0.0,0.0,BRAKE
4,0.0,0.0,BRAKE
4,0.0,0.0,BRAKE
4,0.0,0.0,BRAKE
4,0.0,0.0,BRAKE
4,0.0,0.0,BRAKE
4,0.0,0.0,BRAKE
4,0.0,0.0,BRAKE
4,0.0,0.0,BRAKE
4,0.0,0.0,BRAKE
4,0.0,0.0,BRAKE
4,0.0,0.0,BRAKE
4,0.0,0.0,BRAKE
4,0.0,0.0,BRAKE
4,0.0,0.0,BRAKE
4,0.0,0.0,BRAKE
4,0.0,0.0,BRAKE
4,0.0,0.0,BRAKE
4,0.0,0.0,BRAKE
4,0.0,0.0,BRAKE
4,0.0,0.0,BRAKE
4,0.0,0.0,BRAKE
4,0.0,0.0,BRAKE
4,0.0,0.0,BRAKE
4,0.0,0.0,BRAKE
4,0.0,0.0,BRAKE
4,0.0,0.0,BRAKE
4,0.0,0.0,BRAKE
4,0.0,0.0,BRAKE
4,0.0,0.0,BRAKE
4,0.0,0.0,BRAKE
4,0.0,0.0,BRAKE
4,0.0,0.0,BRAKE
4,0.0,0.0,BRAKE
4,0.0,0.0,BRAKE
4,0.0,0.0,BRAKE
4,0.0,0.0,BRAKE
4,0.0,0.0,BRAKE
4,0.0,0.0,BRAKE
4,0.0,0.0,BRAKE
4,0.0,0.0,BRAKE
4,0.0,0.0,BRAKE
4,0.0,0.0,BRAKE
4,0.0,0.0,BRAKE
4,0.0,0.0,BRAKE
4,0.0,0.0,BRAKE
4,0.0,0.0,BRAKE
4,0.0,0.0,BRAKE
4,0.0,0.0,BRAKE
4,0.0,0.0,BRAKE
4,0.0,0.0,BRAKE
4,0.0,0.0,BRAKE
4,0.0,0.0,BRAKE
4,0.0,0.0,BRAKE
4,0.0,0.0,BRAKE
4,0.0,0.0,BRAKE
4,0.0,0.0,BRAKE
4,0.0,0.0,BRAKE
4,0.0,0.0,BRAKE
4,0.0,0.0,BRAKE
4,0.0,0.0,BRAKE
4,0.0,0.0,BRAKE
4,0.0,0.0,BRAKE
4,0.0,0.0,BRAKE
4,0.0,0.0,BRAKE
4,0.0,0.0,BRAKE
4,0.0,0.0,BRAKE
4,0.0,0.0,BRAKE
4,0.0,0.0,BRAKE
4,0.0,0.0,BRAKE
4,0.0,0.0,BRAKE
4,0.0,0.0,BRAKE
4,0.0,0.0,BRAKE
4,0.0,0.0,BRAKE
4,0.0,0.0,BRAKE
4,0.0,0.0,BRAKE
4,0.0,0.0,BRAKE
4,0.0,0.0,BRAKE
4,0.0,0.0,BRAKE
4,0.0,0.0,BRAKE
4,0.0,0.0,BRAKE
4,0.0,0.0,BRAKE
4,0.0,0.0,BRAKE
4,0.0,0.0,BRAKE
4,0.0,0.0,BRAKE
4,0.0,0.0,BRAKE
4,0.0,0.0,BRAKE
4,0.0,0.0,BRAKE
4,0.0,0.0,BRAKE
4,0.0,0.0,BRAKE
4,0.0,0.0,BRAKE
4,0.0,0.0,BRAKE
4,0.0,0.0,BRAKE
4,0.0,0.0,BRAKE
4,0.0,0.0,BRAKE
4,0.0,0.0,BRAKE
4,0.0,0.0,BRAKE
4,0.0,0.0,BRAKE
4,0.0,0.0,BRAKE
4,0.0,0.0,BRAKE
4,0.0,0.0,BRAKE
4,0.0,0.0,BRAKE
4,0.0,0.0,BRAKE
4,0.0,0.0,BRAKE
4,0.0,0.0,BRAKE
4,0.0,0.0,BRAKE
4,0.0,0.0,BRAKE
4,0.0,0.0,BRAKE
4,0.0,0.0,BRAKE
4,0.0,0.0,BRAKE
4,0.0,0.0,BRAKE
4,0.0,0.0,BRAKE
4,0.0,0.0,BRAKE
4,0.0,0.0,BRAKE
4,0.0,0.0,BRAKE
4,0.0,0.0,BRAKE
4,0.0,0.0,BRAKE
4,0.0,0.0,BRAKE
4,0.0,0.0,BRAKE
4,0.0,0.0,BRAKE
4,0.0,0.0,BRAKE
4,0.0,0.0,BRAKE
4,0.0,0.0,BRAKE
4,0.0,0.0,BRAKE
4,0.0,0.0,BRAKE
4,0.0,0.0,BRAKE
4,0.0,0.0,BRAKE
4,0.0,0.0,BRAKE
4,0.0,0.0,BRAKE
4,0.0,0.0,BRAKE
4,0.0,0.0,BRAKE
4,0.0,0.0,BRAKE
4,0.0,0.0,BRAKE
4,0.0,0.0,BRAKE
4,0.0,0.0,BRAKE
8,0.0,0.0,BRAKE
8,0.0,0.0,BRAKE
4,0.0,0.0,BRAKE
4,0.0,0.0,BRAKE
4,0.0,0.0,BRAKE
4,0.0,0.0,BRAKE
4,0.0,0.0,BRAKE
4,0.0,0.0,BRAKE
4,0.0,0.0,BRAKE
4,0.0,0.0,BRAKE
4,0.0,0.0,BRAKE
4,0.0,0.0,BRAKE
4,0.0,0.0,BRAKE
4,0.0,0.0,BRAKE
4,0.0,0.0,BRAKE
4,0.0,0.0,BRAKE
4,0.0,0.0,BRAKE
4,0.0,0.0,BRAKE
4,0.0,0.0,BRAKE
4,0.0,0.0,BRAKE
4,0.0,0.0,BRAKE
4,0.0,0.0,BRAKE
4,0.0,0.0,BRAKE
4,0.0,0.0,BRAKE
4,0.0,0.0,BRAKE
4,0.0,0.0,BRAKE
4,0.0,0.0,BRAKE
4,0.0,0.0,BRAKE
4,0.0,0.0,BRAKE
4,0.0,0.0,BRAKE
8,0.0,0.0,BRAKE
8,0.0,0.0,BRAKE
8,0.0,0.0,BRAKE
8,0.0,0.0,BRAKE
8,0.0,0.0,BRAKE
8,0.0,0.0,BRAKE
8,0.0,0.0,BRAKE
8,0.0,0.0,BRAKE
8,0.0,0.0,BRAKE
8,0.0,0.0,BRAKE
8,0.0,0.0,BRAKE
8,0.0,0.0,BRAKE
8,0.0,0.0,BRAKE
8,0.0,0.0,BRAKE
8,0.0,0.0,BRAKE
8,0.0,0.0,BRAKE
8,0.0,0.0,BRAKE
8,0.0,0.0,BRAKE
8,0.0,0.0,BRAKE
8,0.0,0.0,BRAKE
8,0.0,0.0,BRAKE
8,0.0,0.0,BRAKE
8,0.0,0.0,BRAKE
8,0.0,0.0,BRAKE
8,0.0,0.0,BRAKE
8,0.0,0.0,BRAKE
8,0.0,0.0,BRAKE
8,0.0,0.0,BRAKE
8,0.0,0.0,BRAKE
8,0.0,0.0,BRAKE
8,0.0,0.0,BRAKE
8,0.0,0.0,BRAKE
8,0.0,0.0,BRAKE
8,0.0,0.0,BRAKE
8,0.0,0.0,BRAKE
8,0.0,0.0,BRAKE
8,0.0,0.0,BRAKE
8,0.0,0.0,BRAKE
8,0.0,0.0,BRAKE
8,0.0,0.0,BRAKE
8,0.0,0.0,BRAKE
8,0.0,0.0,BRAKE
8,0.0,0.0,BRAKE
8,0.0,0.0,BRAKE
8,0.0,0.0,BRAKE
8,0.0,0.0,BRAKE
8,0.0,0.0,BRAKE
8,0.0,0.0,BRAKE
7,0.0,0.0,BRAKE
7,0.0,0.0,BRAKE
7,0.0,0.0,BRAKE
7,0.0,0.0,BRAKE
7,0.0,0.0,BRAKE
8,0.0,0.0,BRAKE
7,0.0,0.0,BRAKE
7,0.0,0.0,BRAKE
7,0.0,0.0,BRAKE
7,0.0,0.0,BRAKE
7,0.0,0.0,BRAKE
7,0.0,0.0,BRAKE
8,0.0,0.0,BRAKE
8,0.0,0.0,BRAKE
8,0.0,0.0,BRAKE
7,0.0,0.0,BRAKE
7,0.0,0.0,BRAKE
7,0.0,0.0,BRAKE
7,0.0,0.0,BRAKE
7,0.0,0.0,BRAKE
7,0.0,0.0,BRAKE
7,0.0,0.0,BRAKE
7,0.0,0.0,BRAKE
7,0.0,0.0,BRAKE
7,0.0,0.0,BRAKE
8,0.0,0.0,BRAKE
7,0.0,0.0,BRAKE
7,0.0,0.0,BRAKE
7,0.0,0.0,BRAKE
7,0.0,0.0,BRAKE
7,0.0,0.0,BRAKE
7,0.0,0.0,BRAKE
7,0.0,0.0,BRAKE
7,0.0,0.0,BRAKE
7,0.0,0.0,BRAKE
7,0.0,0.0,BRAKE
7,0.0,0.0,BRAKE
7,0.0,0.0,BRAKE
7,0.0,0.0,BRAKE
7,0.0,0.0,BRAKE
7,0.0,0.0,BRAKE
7,0.0,0.0,BRAKE
8,0.0,0.0,BRAKE
8,0.0,0.0,BRAKE
7,0.0,0.0,BRAKE
7,0.0,0.0,BRAKE
7,0.0,0.0,BRAKE
7,0.0,0.0,BRAKE
8,0.0,0.0,BRAKE
8,0.0,0.0,BRAKE
8,0.0,0.0,BRAKE
2,0.0,0.0,BRAKE
2,0.0,0.0,BRAKE
8,0.0,0.0,BRAKE
8,0.0,0.0,BRAKE
8,0.0,0.0,BRAKE
8,0.0,0.0,BRAKE
8,0.0,0.0,BRAKE
8,0.0,0.0,BRAKE
8,0.0,0.0,BRAKE
8,0.0,0.0,BRAKE
8,0.0,0.0,BRAKE
8,0.0,0.0,BRAKE
8,0.0,0.0,BRAKE
8,0.0,0.0,BRAKE
8,0.0,0.0,BRAKE
8,0.0,0.0,BRAKE
8,0.0,0.0,BRAKE
8,0.0,0.0,BRAKE
8,0.0,0.0,BRAKE
8,0.0,0.0,BRAKE
8,0.0,0.0,BRAKE
8,0.0,0.0,BRAKE
7,0.0,0.0,BRAKE
8,0.0,0.0,BRAKE
7,0.0,0.0,BRAKE
7,0.0,0.0,BRAKE
7,0.0,0.0,BRAKE
7,0.0,0.0,BRAKE
7,0.0,0.0,BRAKE
7,0.0,0.0,BRAKE
8,0.0,0.0,BRAKE
8,0.0,0.0,BRAKE
8,0.0,0.0,BRAKE
8,0.0,0.0,BRAKE
8,0.0,0.0,BRAKE
8,0.0,0.0,BRAKE
8,0.0,0.0,BRAKE
8,0.0,0.0,BRAKE
8,0.0,0.0,BRAKE
8,0.0,0.0,BRAKE
8,0.0,0.0,BRAKE
8,0.0,0.0,BRAKE
8,0.0,0.0,BRAKE
7,0.0,0.0,BRAKE
7,0.0,0.0,BRAKE
7,0.0,0.0,BRAKE
7,0.0,0.0,BRAKE
7,0.0,0.0,BRAKE
7,0.0,0.0,BRAKE
8,0.0,0.0,BRAKE
8,0.0,0.0,BRAKE
8,0.0,0.0,BRAKE
8,0.0,0.0,BRAKE
8,0.0,0.0,BRAKE
8,0.0,0.0,BRAKE
8,0.0,0.0,BRAKE
8,0.0,0.0,BRAKE
8,0.0,0.0,BRAKE
8,0.0,0.0,BRAKE
8,0.0,0.0,BRAKE
8,0.0,0.0,BRAKE
8,0.0,0.0,BRAKE
8,0.0,0.0,BRAKE
8,0.0,0.0,BRAKE
8,0.0,0.0,BRAKE
8,0.0,0.0,BRAKE
8,0.0,0.0,BRAKE
8,0.0,0.0,BRAKE
8,0.0,0.0,BRAKE
8,0.0,0.0,BRAKE
8,0.0,0.0,BRAKE
8,0.0,0.0,BRAKE
8,0.0,0.0,BRAKE
8,0.0,0.0,BRAKE
8,0.0,0.0,BRAKE
8,0.0,0.0,BRAKE
8,0.0,0.0,BRAKE
8,0.0,0.0,BRAKE
8,0.0,0.0,BRAKE
8,0.0,0.0,BRAKE
8,0.0,0.0,BRAKE
8,0.0,0.0,BRAKE
8,0.0,0.0,BRAKE
8,0.0,0.0,BRAKE
8,0.0,0.0,BRAKE
8,0.0,0.0,BRAKE
8,0.0,0.0,BRAKE
8,0.0,0.0,BRAKE
8,0.0,0.0,BRAKE
8,0.0,0.0,BRAKE
8,0.0,0.0,BRAKE
8,0.0,0.0,BRAKE
8,0.0,0.0,BRAKE
8,0.0,0.0,BRAKE
8,0.0,0.0,BRAKE
8,0.0,0.0,BRAKE
8,0.0,0.0,BRAKE
8,0.0,0.0,BRAKE
8,0.0,0.0,BRAKE
8,0.0,0.0,BRAKE
8,0.0,0.0,BRAKE
8,0.0,0.0,BRAKE
8,0.0,0.0,BRAKE
8,0.0,0.0,BRAKE
8,0.0,0.0,BRAKE
8,0.0,0.0,BRAKE
8,0.0,0.0,BRAKE
8,0.0,0.0,BRAKE
8,0.0,0.0,BRAKE
8,0.0,0.0,BRAKE
8,0.0,0.0,BRAKE
8,0.0,0.0,BRAKE
8,0.0,0.0,BRAKE
8,0.0,0.0,BRAKE
8,0.0,0.0,BRAKE
8,0.0,0.0,BRAKE
8,0.0,0.0,BRAKE
7,0.0,0.0,BRAKE
8,0.0,0.0,BRAKE
7,0.0,0.0,BRAKE
8,0.0,0.0,BRAKE
8,0.0,0.0,BRAKE
8,0.0,0.0,BRAKE
8,0.0,0.0,BRAKE
8,0.0,0.0,BRAKE
8,0.0,0.0,BRAKE
8,0.0,0.0,BRAKE
8,0.0,0.0,BRAKE
8,0.0,0.0,BRAKE
8,0.0,0.0,BRAKE
8,0.0,0.0,BRAKE
8,0.0,0.0,BRAKE
8,0.0,0.0,BRAKE
8,0.0,0.0,BRAKE
8,0.0,0.0,BRAKE
8,0.0,0.0,BRAKE
8,0.0,0.0,BRAKE
8,0.0,0.0,BRAKE
8,0.0,0.0,BRAKE
8,0.0,0.0,BRAKE
8,0.0,0.0,BRAKE
8,0.0,0.0,BRAKE
8,0.0,0.0,BRAKE
8,0.0,0.0,BRAKE
8,0.0,0.0,BRAKE
8,0.0,0.0,BRAKE
8,0.0,0.0,BRAKE
8,0.0,0.0,BRAKE
8,0.0,0.0,BRAKE
8,0.0,0.0,BRAKE
8,0.0,0.0,BRAKE
8,0.0,0.0,BRAKE
8,0.0,0.0,BRAKE
8,0.0,0.0,BRAKE
8,0.0,0.0,BRAKE
8,0.0,0.0,BRAKE
8,0.0,0.0,BRAKE
8,0.0,0.0,BRAKE
8,0.0,0.0,BRAKE
8,0.0,0.0,BRAKE
8,0.0,0.0,BRAKE
8,0.0,0.0,BRAKE
8,0.0,0.0,BRAKE
8,0.0,0.0,BRAKE
8,0.0,0.0,BRAKE
8,0.0,0.0,BRAKE
8,0.0,0.0,BRAKE
8,0.0,0.0,BRAKE
8,0.0,0.0,BRAKE
8,0.0,0.0,BRAKE
8,0.0,0.0,BRAKE
8,0.0,0.0,BRAKE
8,0.0,0.0,BRAKE
8,0.0,0.0,BRAKE
8,0.0,0.0,BRAKE
8,0.0,0.0,BRAKE
8,0.0,0.0,BRAKE
8,0.0,0.0,BRAKE
8,0.0,0.0,BRAKE
8,0.0,0.0,BRAKE
8,0.0,0.0,BRAKE
8,0.0,0.0,BRAKE
8,0.0,0.0,BRAKE
8,0.0,0.0,BRAKE
8,0.0,0.0,BRAKE
8,0.0,0.0,BRAKE
8,0.0,0.0,BRAKE
8,0.0,0.0,BRAKE
8,0.0,0.0,BRAKE
8,0.0,0.0,BRAKE
8,0.0,0.0,BRAKE
8,0.0,0.0,BRAKE
8,0.0,0.0,BRAKE
8,0.0,0.0,BRAKE
8,0.0,0.0,BRAKE
8,0.0,0.0,BRAKE
8,0.0,0.0,BRAKE
8,0.0,0.0,BRAKE
8,0.0,0.0,BRAKE
8,0.0,0.0,BRAKE
8,0.0,0.0,BRAKE
8,0.0,0.0,BRAKE
8,0.0,0.0,BRAKE
8,0.0,0.0,BRAKE
8,0.0,0.0,BRAKE
7,0.0,0.0,BRAKE
8,0.0,0.0,BRAKE
8,0.0,0.0,BRAKE
7,0.0,0.0,BRAKE
8,0.0,0.0,BRAKE
7,0.0,0.0,BRAKE
7,0.0,0.0,BRAKE
8,0.0,0.0,BRAKE
8,0.0,0.0,BRAKE
8,0.0,0.0,BRAKE
8,0.0,0.0,BRAKE
7,0.0,0.0,BRAKE
7,0.0,0.0,BRAKE
8,0.0,0.0,BRAKE
8,0.0,0.0,BRAKE
8,0.0,0.0,BRAKE
7,0.0,0.0,BRAKE
7,0.0,0.0,BRAKE
7,0.0,0.0,BRAKE
7,0.0,0.0,BRAKE
7,0.0,0.0,BRAKE
7,0.0,0.0,BRAKE
7,0.0,0.0,BRAKE
7,0.0,0.0,BRAKE
8,0.0,0.0,BRAKE
7,0.0,0.0,BRAKE
7,0.0,0.0,BRAKE
8,0.0,0.0,BRAKE
7,0.0,0.0,BRAKE
7,0.0,0.0,BRAKE
8,0.0,0.0,BRAKE
8,0.0,0.0,BRAKE
8,0.0,0.0,BRAKE
0,0.0,0.0,BRAKE
0,0.0,0.0,BRAKE
0,0.0,0.0,BRAKE
8,0.0,0.0,BRAKE
0,0.0,0.0,BRAKE
8,0.0,0.0,BRAKE
8,0.0,0.0,BRAKE
8,0.0,0.0,BRAKE
8,0.0,0.0,BRAKE
8,0.0,0.0,BRAKE
8,0.0,0.0,BRAKE
8,0.0,0.0,BRAKE
8,0.0,0.0,BRAKE
8,0.0,0.0,BRAKE
8,0.0,0.0,BRAKE
7,0.0,0.0,BRAKE
7,0.0,0.0,BRAKE
2,0.0,0.0,BRAKE
7,0.0,0.0,BRAKE
5,0.0,0.0,BRAKE
3,0.6,0.14521684791984069,CLEAR
2,0.0,0.0,BRAKE
2,0.0,0.0,BRAKE
7,0.0,0.0,BRAKE
3,0.0,0.0,BRAKE
7,0.0,0.0,BRAKE
2,0.0,0.0,BRAKE
3,0.0,0.0,BRAKE
3,0.0,0.0,BRAKE
4,0.07610473632812498,-0.0,CLEAR
5,0.6,-0.14521684791984069,CLEAR
5,0.6,-0.14521684791984069,CLEAR
4,0.0,0.0,BRAKE
7,0.0,0.0,BRAKE
8,0.0,0.0,BRAKE
8,0.0,0.0,BRAKE
6,0.6,-0.29043369583968137,CLEAR
8,0.0,0.0,BRAKE
8,0.6,-0.5808673916793627,CLEAR
0,0.0,0.0,BRAKE
8,0.0,0.0,BRAKE
0,0.0,0.0,BRAKE
2,0.0,0.0,BRAKE
3,0.6,0.14521684791984069,CLEAR
7,0.6,-0.43565054375952217,CLEAR
6,0.6,-0.29043369583968137,CLEAR
8,0.6,-0.5808673916793627,CLEAR
5,0.6,-0.14521684791984069,CLEAR
8,0.6,-0.5808673916793627,CLEAR
5,0.6,-0.14521684791984069,CLEAR
6,0.373301887512207,-0.29043369583968137,CLEAR
3,0.6,0.14521684791984069,CLEAR
3,0.6,0.14521684791984069,CLEAR
5,0.6,-0.14521684791984069,CLEAR
5,0.6,-0.14521684791984069,CLEAR
6,0.6,-0.29043369583968137,CLEAR
4,0.6,-0.0,CLEAR
0,0.0,0.0,BRAKE
2,0.048298740386962864,0.29043369583968137,CLEAR
4,0.2882855892181397,-0.0,CLEAR
4,0.06208586692810056,-0.0,CLEAR
4,0.0,0.0,BRAKE
4,0.11951828002929689,-0.0,CLEAR
7,0.0,0.0,BRAKE
8,0.0,0.0,BRAKE
0,0.0,0.0,BRAKE
0,0.0,0.0,BRAKE
8,0.0,0.0,BRAKE
0,0.0,0.0,BRAKE
0,0.0,0.0,BRAKE
2,0.055047464370727515,0.29043369583968137,CLEAR
2,0.0,0.0,BRAKE
2,0.0,0.0,BRAKE
7,0.0,0.0,BRAKE
2,0.004589653015136718,0.29043369583968137,CLEAR
8,0.0,0.0,BRAKE
8,0.0,0.0,BRAKE
3,0.0,0.0,BRAKE
3,0.0,0.0,BRAKE
4,0.0,0.0,BRAKE
4,0.0,0.0,BRAKE
4,0.0,0.0,BRAKE
4,0.0,0.0,BRAKE
2,0.0,0.0,BRAKE
2,0.08023667335510254,0.29043369583968137,CLEAR
2,0.12479562759399411,0.29043369583968137,CLEAR
2,0.15809859154929584,0.29043369583968137,CLEAR
2,0.06742957746478874,0.29043369583968137,CLEAR
2,0.05901436805725099,0.29043369583968137,CLEAR
2,0.052830171585082984,0.29043369583968137,CLEAR
2,0.09981584548950197,0.29043369583968137,CLEAR
2,0.10492639541625974,0.29043369583968137,CLEAR
2,0.0,0.0,BRAKE
3,0.033524703979492164,0.14521684791984069,CLEAR
3,0.06537599563598635,0.14521684791984069,CLEAR
3,0.08816156387329101,0.14521684791984069,CLEAR
4,0.12360172271728513,-0.0,CLEAR
3,0.05246467590332029,0.14521684791984069,CLEAR
3,0.046217060089111306,0.14521684791984069,CLEAR
3,0.05199131965637205,0.14521684791984069,CLEAR
3,0.050434780120849586,0.14521684791984069,CLEAR
2,0.44779620170593254,0.29043369583968137,CLEAR
4,0.6,-0.0,CLEAR
5,0.6,-0.14521684791984069,CLEAR
4,0.0,0.0,BRAKE
3,0.0,0.0,BRAKE
4,0.0,0.0,BRAKE
4,0.0,0.0,BRAKE
4,0.0,0.0,BRAKE
2,0.6,0.29043369583968137,CLEAR
3,0.6,0.14521684791984069,CLEAR
4,0.6,-0.0,CLEAR
3,0.0,0.0,BRAKE
7,0.0,0.0,BRAKE
0,0.0,0.0,BRAKE
7,0.0,0.0,BRAKE
8,0.0,0.0,BRAKE
2,0.0,0.0,BRAKE
8,0.0,0.0,BRAKE
8,0.0,0.0,BRAKE
8,0.0,0.0,BRAKE
8,0.0,0.0,BRAKE
1,0.0,0.0,BRAKE
1,0.0,0.0,BRAKE
1,0.0,0.0,BRAKE
6,0.0,0.0,BRAKE
6,0.0,0.0,BRAKE
6,0.0,0.0,BRAKE
6,0.0,0.0,BRAKE
1,0.0,0.0,BRAKE
8,0.0,0.0,BRAKE
1,0.6,0.43565054375952217,CLEAR
2,0.0,0.0,BRAKE
3,0.0,0.0,BRAKE
3,0.0,0.0,BRAKE
3,0.0,0.0,BRAKE
3,0.0,0.0,BRAKE
3,0.0,0.0,BRAKE
0,0.0,0.0,BRAKE
3,0.0,0.0,BRAKE
0,0.0,0.0,BRAKE
3,0.0,0.0,BRAKE
3,0.0,0.0,BRAKE
3,0.0,0.0,BRAKE
8,0.0,0.0,BRAKE
8,0.0,0.0,BRAKE
8,0.0,0.0,BRAKE
1,0.0,0.0,BRAKE
4,0.1089128521126761,-0.0,CLEAR
1,0.0,0.0,BRAKE
5,0.6,-0.14521684791984069,CLEAR
4,0.0,0.0,BRAKE
4,0.095068359375,-0.0,CLEAR
1,0.0,0.0,BRAKE
2,0.6,0.29043369583968137,CLEAR
3,0.6,0.14521684791984069,CLEAR
5,0.042671654929577474,-0.14521684791984069,CLEAR
5,0.0,0.0,BRAKE
5,0.0,0.0,BRAKE
5,0.0,0.0,BRAKE
5,0.0,0.0,BRAKE
5,0.0,0.0,BRAKE
5,0.0,0.0,BRAKE
5,0.0,0.0,BRAKE
5,0.033318661971831,-0.14521684791984069,CLEAR
5,0.0,0.0,BRAKE
5,0.0,0.0,BRAKE
5,0.0,0.0,BRAKE
5,0.0,0.0,BRAKE
5,0.0,0.0,BRAKE
5,0.011818885803222656,-0.14521684791984069,CLEAR
5,0.03170456886291504,-0.14521684791984069,CLEAR
5,0.050814260563380294,-0.14521684791984069,CLEAR
5,0.029027288732394373,-0.14521684791984069,CLEAR
5,0.02852888107299807,-0.14521684791984069,CLEAR
5,0.014486312866210915,-0.14521684791984069,CLEAR
5,0.0,0.0,BRAKE
5,0.0,0.0,BRAKE
5,0.0011883802816901267,-0.14521684791984069,CLEAR
5,0.0,0.0,BRAKE
5,0.029137323943661995,-0.14521684791984069,CLEAR
5,0.13170104026794432,-0.14521684791984069,CLEAR
6,0.05859441757202146,-0.29043369583968137,CLEAR
4,0.6,-0.0,CLEAR
4,0.6,-0.0,CLEAR
6,0.09894738197326662,-0.29043369583968137,CLEAR
5,0.012208127975463867,-0.14521684791984069,CLEAR
0,0.0031610488891601783,0.5818900455379532,CLEAR
3,0.0,0.0,BRAKE
5,0.6,-0.14521684791984069,CLEAR
5,0.6,-0.14521684791984069,CLEAR
5,0.6,-0.14521684791984069,CLEAR
4,0.6,-0.0,CLEAR
3,0.6,0.14521684791984069,CLEAR
3,0.6,0.14521684791984069,CLEAR
2,0.6,0.29043369583968137,CLEAR
1,0.6,0.43565054375952217,CLEAR
2,0.6,0.29043369583968137,CLEAR
3,0.6,0.14521684791984069,CLEAR
2,0.6,0.29043369583968137,CLEAR
2,0.6,0.29043369583968137,CLEAR
0,0.6,0.5818900455379532,CLEAR
1,0.6,0.43565054375952217,CLEAR
5,0.6,-0.14521684791984069,CLEAR
3,0.6,0.14521684791984069,CLEAR
5,0.6,-0.14521684791984069,CLEAR
4,0.6,-0.0,CLEAR
5,0.6,-0.14521684791984069,CLEAR
4,0.6,-0.0,CLEAR
5,0.6,-0.14521684791984069,CLEAR
6,0.6,-0.29043369583968137,CLEAR
6,0.6,-0.29043369583968137,CLEAR
3,0.33371478873239435,0.14521684791984069,CLEAR
2,0.0948283450704225,0.29043369583968137,CLEAR
4,0.21061134338378906,-0.0,CLEAR
3,0.01283607482910154,0.14521684791984069,CLEAR
4,0.11430457746478874,-0.0,CLEAR
3,0.09086707746478874,0.14521684791984069,CLEAR
3,0.08921654929577467,0.14521684791984069,CLEAR
3,0.10660211267605635,0.14521684791984069,CLEAR
3,0.12332746478873241,0.14521684791984069,CLEAR
3,0.12552816901408453,0.14521684791984069,CLEAR
3,0.14192341549295776,0.14521684791984069,CLEAR
3,0.15777592658996578,0.14521684791984069,CLEAR
3,0.21159751415252687,0.14521684791984069,CLEAR
3,0.20310945510864256,0.14521684791984069,CLEAR
3,0.1986369132995605,0.14521684791984069,CLEAR
3,0.19950537681579586,0.14521684791984069,CLEAR
3,0.1956754684448242,0.14521684791984069,CLEAR
3,0.21695847511291502,0.14521684791984069,CLEAR
3,0.1950246810913086,0.14521684791984069,CLEAR
3,0.16666665077209475,0.14521684791984069,CLEAR
3,0.17885169982910157,0.14521684791984069,CLEAR
3,0.19452509880065919,0.14521684791984069,CLEAR
3,0.18144626617431642,0.14521684791984069,CLEAR
3,0.18230705261230465,0.14521684791984069,CLEAR
3,0.16937761306762697,0.14521684791984069,CLEAR
3,0.18980016708374026,0.14521684791984069,CLEAR
3,0.1841249942779541,0.14521684791984069,CLEAR
3,0.1942211151123047,0.14521684791984069,CLEAR
3,0.20767316818237302,0.14521684791984069,CLEAR
3,0.193199823943662,0.14521684791984069,CLEAR
3,0.17835006713867188,0.14521684791984069,CLEAR
2,0.17768485915492963,0.29043369583968137,CLEAR
2,0.17614436619718313,0.29043369583968137,CLEAR
2,0.17938876152038577,0.29043369583968137,CLEAR
2,0.18930664062500002,0.29043369583968137,CLEAR
2,0.1861323833465576,0.29043369583968137,CLEAR
5,0.23125960826873782,-0.14521684791984069,CLEAR
2,0.0354093309859155,0.29043369583968137,CLEAR
2,0.014612676056338047,0.29043369583968137,CLEAR
2,0.0,0.0,BRAKE
1,0.0,0.0,BRAKE
1,0.0,0.0,BRAKE
2,0.0,0.0,BRAKE
4,0.0,0.0,BRAKE
1,0.0,0.0,BRAKE
1,0.0,0.0,BRAKE
1,0.0,0.0,BRAKE
2,0.0,0.0,BRAKE
2,0.0,0.0,BRAKE
0,0.0,0.0,BRAKE
0,0.0,0.0,BRAKE
1,0.0,0.0,BRAKE
1,0.0,0.0,BRAKE
1,0.0,0.0,BRAKE
1,0.0,0.0,BRAKE
1,0.0,0.0,BRAKE
1,0.0,0.0,BRAKE
1,0.0,0.0,BRAKE
1,0.0,0.0,BRAKE
1,0.0,0.0,BRAKE
1,0.0,0.0,BRAKE
3,0.0,0.0,BRAKE
1,0.0,0.0,BRAKE
3,0.0,0.0,BRAKE
3,0.0,0.0,BRAKE
3,0.0,0.0,BRAKE
3,0.0,0.0,BRAKE
1,0.0,0.0,BRAKE
3,0.0,0.0,BRAKE
1,0.0,0.0,BRAKE
1,0.0,0.0,BRAKE
3,0.0,0.0,BRAKE
3,0.0,0.0,BRAKE
1,0.0,0.0,BRAKE
1,0.0,0.0,BRAKE
1,0.0,0.0,BRAKE
2,0.0,0.0,BRAKE
3,0.0,0.0,BRAKE
3,0.0,0.0,BRAKE
3,0.0,0.0,BRAKE
3,0.0,0.0,BRAKE
3,0.0,0.0,BRAKE
3,0.0,0.0,BRAKE
3,0.0,0.0,BRAKE
3,0.0,0.0,BRAKE
3,0.0,0.0,BRAKE
4,0.0,0.0,BRAKE
1,0.0,0.0,BRAKE
4,0.0,0.0,BRAKE
4,0.26959085464477534,-0.0,CLEAR
3,0.0,0.0,BRAKE
3,0.0,0.0,BRAKE
3,0.0,0.0,BRAKE
3,0.0,0.0,BRAKE
3,0.0,0.0,BRAKE
3,0.0,0.0,BRAKE
3,0.0,0.0,BRAKE
3,0.0,0.0,BRAKE
3,0.0,0.0,BRAKE
3,0.0,0.0,BRAKE
3,0.0,0.0,BRAKE
3,0.0,0.0,BRAKE
4,0.1184998035430908,-0.0,CLEAR
3,0.09508433341979979,0.14521684791984069,CLEAR
3,0.0,0.0,BRAKE
3,0.0,0.0,BRAKE
3,0.0,0.0,BRAKE
3,0.0,0.0,BRAKE
3,0.0,0.0,BRAKE
3,0.1506028175354004,0.14521684791984069,CLEAR
3,0.10574259757995608,0.14521684791984069,CLEAR
3,0.0,0.0,BRAKE
7,0.6,-0.43565054375952217,CLEAR
4,0.6,-0.0,CLEAR
5,0.6,-0.14521684791984069,CLEAR
8,0.6,-0.5808673916793627,CLEAR
8,0.6,-0.5808673916793627,CLEAR
7,0.6,-0.43565054375952217,CLEAR
7,0.6,-0.43565054375952217,CLEAR
7,0.6,-0.43565054375952217,CLEAR
7,0.6,-0.43565054375952217,CLEAR
7,0.6,-0.43565054375952217,CLEAR
7,0.6,-0.43565054375952217,CLEAR
0,0.6,0.5818900455379532,CLEAR
0,0.6,0.5818900455379532,CLEAR
6,0.6,-0.29043369583968137,CLEAR
8,0.6,-0.5808673916793627,CLEAR
8,0.0,0.0,BRAKE
8,0.6,-0.5808673916793627,CLEAR
8,0.6,-0.5808673916793627,CLEAR
8,0.015459966659545897,-0.5808673916793627,CLEAR
7,0.0,0.0,BRAKE
7,0.008775281906127906,-0.43565054375952217,CLEAR
7,0.6,-0.43565054375952217,CLEAR
7,0.6,-0.43565054375952217,CLEAR
8,0.6,-0.5808673916793627,CLEAR
0,0.6,0.5818900455379532,CLEAR
6,0.6,-0.29043369583968137,CLEAR
6,0.6,-0.29043369583968137,CLEAR
6,0.08112859725952148,-0.29043369583968137,CLEAR
6,0.0,0.0,BRAKE
6,0.0666666507720947,-0.29043369583968137,CLEAR
6,0.0,0.0,BRAKE
6,0.0,0.0,BRAKE
6,0.0,0.0,BRAKE
6,0.0,0.0,BRAKE
6,0.0,0.0,BRAKE
6,0.0,0.0,BRAKE
6,0.0,0.0,BRAKE
6,0.0,0.0,BRAKE
5,0.6,-0.14521684791984069,CLEAR
5,0.0,0.0,BRAKE
5,0.0,0.0,BRAKE
5,0.0,0.0,BRAKE
5,0.0,0.0,BRAKE
5,0.0,0.0,BRAKE
5,0.0,0.0,BRAKE
5,0.0,0.0,BRAKE
5,0.0,0.0,BRAKE
5,0.0,0.0,BRAKE
5,0.0,0.0,BRAKE
5,0.0,0.0,BRAKE
5,0.0,0.0,BRAKE
5,0.0,0.0,BRAKE
5,0.0,0.0,BRAKE
5,0.0,0.0,BRAKE
5,0.0,0.0,BRAKE
5,0.0,0.0,BRAKE
5,0.0,0.0,BRAKE
5,0.0,0.0,BRAKE
5,0.0,0.0,BRAKE
5,0.0,0.0,BRAKE
5,0.0,0.0,BRAKE
5,0.0,0.0,BRAKE
5,0.0,0.0,BRAKE
4,0.6,-0.0,CLEAR
4,0.6,-0.0,CLEAR
0,0.6,0.5818900455379532,CLEAR
0,0.6,0.5818900455379532,CLEAR
0,0.6,0.5818900455379532,CLEAR
1,0.6,0.43565054375952217,CLEAR
1,0.6,0.43565054375952217,CLEAR
2,0.6,0.29043369583968137,CLEAR
2,0.6,0.29043369583968137,CLEAR
1,0.6,0.43565054375952217,CLEAR
1,0.6,0.43565054375952217,CLEAR
1,0.6,0.43565054375952217,CLEAR
1,0.6,0.43565054375952217,CLEAR
1,0.6,0.43565054375952217,CLEAR
1,0.6,0.43565054375952217,CLEAR
2,0.6,0.29043369583968137,CLEAR
2,0.6,0.29043369583968137,CLEAR
2,0.6,0.29043369583968137,CLEAR
2,0.6,0.29043369583968137,CLEAR
2,0.6,0.29043369583968137,CLEAR
3,0.6,0.14521684791984069,CLEAR
2,0.6,0.29043369583968137,CLEAR
4,0.6,-0.0,CLEAR
4,0.6,-0.0,CLEAR
4,0.6,-0.0,CLEAR
4,0.1347785949707031,-0.0,CLEAR
4,0.11471662521362307,-0.0,CLEAR
4,0.6,-0.0,CLEAR
5,0.6,-0.14521684791984069,CLEAR
4,0.6,-0.0,CLEAR
0,0.6,0.5818900455379532,CLEAR
0,0.6,0.5818900455379532,CLEAR
5,0.6,-0.14521684791984069,CLEAR
5,0.6,-0.14521684791984069,CLEAR
5,0.6,-0.14521684791984069,CLEAR
5,0.6,-0.14521684791984069,CLEAR
0,0.6,0.5818900455379532,CLEAR
1,0.6,0.43565054375952217,CLEAR
1,0.6,0.43565054375952217,CLEAR
1,0.6,0.43565054375952217,CLEAR
1,0.6,0.43565054375952217,CLEAR
2,0.6,0.29043369583968137,CLEAR
0,0.6,0.5818900455379532,CLEAR
0,0.6,0.5818900455379532,CLEAR
0,0.6,0.5818900455379532,CLEAR
0,0.6,0.5818900455379532,CLEAR
0,0.6,0.5818900455379532,CLEAR
0,0.6,0.5818900455379532,CLEAR
8,0.16388006210327147,-0.5808673916793627,CLEAR
0,0.6,0.5818900455379532,CLEAR
2,0.0,0.0,BRAKE
3,0.6,0.14521684791984069,CLEAR
7,0.6,-0.43565054375952217,CLEAR
6,0.6,-0.29043369583968137,CLEAR
2,0.6,0.29043369583968137,CLEAR
2,0.6,0.29043369583968137,CLEAR
4,0.6,-0.0,CLEAR
4,0.6,-0.0,CLEAR
6,0.6,-0.29043369583968137,CLEAR
6,0.6,-0.29043369583968137,CLEAR
4,0.6,-0.0,CLEAR
0,0.6,0.5818900455379532,CLEAR
1,0.6,0.43565054375952217,CLEAR
5,0.6,-0.14521684791984069,CLEAR
0,0.6,0.5818900455379532,CLEAR
6,0.6,-0.29043369583968137,CLEAR
8,0.6,-0.5808673916793627,CLEAR
6,0.6,-0.29043369583968137,CLEAR
7,0.10711994171142576,-0.43565054375952217,CLEAR
5,0.08514709472656252,-0.14521684791984069,CLEAR
7,0.6,-0.43565054375952217,CLEAR
6,0.2479668855667114,-0.29043369583968137,CLEAR
3,0.6,0.14521684791984069,CLEAR
6,0.6,-0.29043369583968137,CLEAR
5,0.6,-0.14521684791984069,CLEAR
8,0.6,-0.5808673916793627,CLEAR
4,0.6,-0.0,CLEAR
4,0.014205169677734397,-0.0,CLEAR
7,0.0,0.0,BRAKE
0,0.6,0.5818900455379532,CLEAR
0,0.6,0.5818900455379532,CLEAR
8,0.6,-0.5808673916793627,CLEAR
3,0.6,0.14521684791984069,CLEAR
4,0.6,-0.0,CLEAR
4,0.6,-0.0,CLEAR
4,0.6,-0.0,CLEAR
4,0.6,-0.0,CLEAR
4,0.6,-0.0,CLEAR
4,0.6,-0.0,CLEAR
4,0.6,-0.0,CLEAR
4,0.6,-0.0,CLEAR
4,0.6,-0.0,CLEAR
4,0.6,-0.0,CLEAR
4,0.6,-0.0,CLEAR
4,0.6,-0.0,CLEAR
4,0.6,-0.0,CLEAR
4,0.6,-0.0,CLEAR
4,0.6,-0.0,CLEAR
4,0.6,-0.0,CLEAR
4,0.6,-0.0,CLEAR
4,0.6,-0.0,CLEAR
4,0.6,-0.0,CLEAR
4,0.6,-0.0,CLEAR
4,0.6,-0.0,CLEAR
4,0.6,-0.0,CLEAR
4,0.6,-0.0,CLEAR
4,0.6,-0.0,CLEAR
4,0.6,-0.0,CLEAR
4,0.6,-0.0,CLEAR
4,0.6,-0.0,CLEAR
4,0.6,-0.0,CLEAR
4,0.6,-0.0,CLEAR
4,0.6,-0.0,CLEAR
4,0.6,-0.0,CLEAR
4,0.6,-0.0,CLEAR
4,0.6,-0.0,CLEAR
4,0.6,-0.0,CLEAR
4,0.6,-0.0,CLEAR
4,0.6,-0.0,CLEAR
4,0.6,-0.0,CLEAR
4,0.6,-0.0,CLEAR
4,0.6,-0.0,CLEAR
4,0.6,-0.0,CLEAR
4,0.6,-0.0,CLEAR
4,0.6,-0.0,CLEAR
4,0.6,-0.0,CLEAR
4,0.6,-0.0,CLEAR
4,0.6,-0.0,CLEAR
4,0.6,-0.0,CLEAR
4,0.6,-0.0,CLEAR
4,0.6,-0.0,CLEAR
4,0.6,-0.0,CLEAR
4,0.6,-0.0,CLEAR
4,0.6,-0.0,CLEAR
4,0.6,-0.0,CLEAR
4,0.6,-0.0,CLEAR
4,0.6,-0.0,CLEAR
4,0.6,-0.0,CLEAR
4,0.6,-0.0,CLEAR
4,0.6,-0.0,CLEAR
4,0.6,-0.0,CLEAR
4,0.6,-0.0,CLEAR
4,0.6,-0.0,CLEAR
4,0.6,-0.0,CLEAR
4,0.6,-0.0,CLEAR
4,0.6,-0.0,CLEAR
4,0.6,-0.0,CLEAR
4,0.6,-0.0,CLEAR
4,0.6,-0.0,CLEAR
4,0.6,-0.0,CLEAR
4,0.6,-0.0,CLEAR
4,0.6,-0.0,CLEAR
4,0.6,-0.0,CLEAR
4,0.6,-0.0,CLEAR
4,0.6,-0.0,CLEAR
4,0.6,-0.0,CLEAR
4,0.6,-0.0,CLEAR
4,0.6,-0.0,CLEAR
4,0.6,-0.0,CLEAR
4,0.6,-0.0,CLEAR
4,0.6,-0.0,CLEAR
4,0.6,-0.0,CLEAR
4,0.6,-0.0,CLEAR
4,0.6,-0.0,CLEAR
4,0.6,-0.0,CLEAR
4,0.6,-0.0,CLEAR
4,0.6,-0.0,CLEAR
4,0.6,-0.0,CLEAR
4,0.6,-0.0,CLEAR
4,0.6,-0.0,CLEAR
4,0.6,-0.0,CLEAR
4,0.6,-0.0,CLEAR
4,0.6,-0.0,CLEAR
4,0.6,-0.0,CLEAR
4,0.6,-0.0,CLEAR
4,0.6,-0.0,CLEAR
4,0.6,-0.0,CLEAR
4,0.6,-0.0,CLEAR
4,0.6,-0.0,CLEAR
4,0.6,-0.0,CLEAR
4,0.6,-0.0,CLEAR
4,0.6,-0.0,CLEAR
4,0.6,-0.0,CLEAR
4,0.6,-0.0,CLEAR
4,0.6,-0.0,CLEAR
4,0.6,-0.0,CLEAR
2,0.0,0.0,BRAKE
2,0.0,0.0,BRAKE
2,0.0,0.0,BRAKE
2,0.0,0.0,BRAKE
2,0.0,0.0,BRAKE
2,0.0,0.0,BRAKE
2,0.0,0.0,BRAKE
2,0.0,0.0,BRAKE
2,0.0,0.0,BRAKE
2,0.0,0.0,BRAKE
2,0.0,0.0,BRAKE
2,0.0,0.0,BRAKE
2,0.0,0.0,BRAKE
2,0.0,0.0,BRAKE
2,0.0,0.0,BRAKE
2,0.0,0.0,BRAKE
2,0.0,0.0,BRAKE
2,0.0,0.0,BRAKE
2,0.0,0.0,BRAKE
2,0.0,0.0,BRAKE
2,0.0,0.0,BRAKE
2,0.0,0.0,BRAKE
2,0.0,0.0,BRAKE
2,0.0,0.0,BRAKE
2,0.0,0.0,BRAKE
2,0.0,0.0,BRAKE
2,0.0,0.0,BRAKE
2,0.0,0.0,BRAKE
2,0.0,0.0,BRAKE
2,0.0,0.0,BRAKE
2,0.0,0.0,BRAKE
2,0.0,0.0,BRAKE
2,0.0,0.0,BRAKE
2,0.0,0.0,BRAKE
2,0.0,0.0,BRAKE
2,0.0,0.0,BRAKE
2,0.0,0.0,BRAKE
2,0.0,0.0,BRAKE
2,0.0,0.0,BRAKE
2,0.0,0.0,BRAKE
2,0.0,0.0,BRAKE
2,0.0,0.0,BRAKE
2,0.0,0.0,BRAKE
2,0.0,0.0,BRAKE
2,0.0,0.0,BRAKE
2,0.0,0.0,BRAKE
2,0.0,0.0,BRAKE
2,0.0,0.0,BRAKE
2,0.0,0.0,BRAKE
2,0.0,0.0,BRAKE
2,0.0,0.0,BRAKE
2,0.0,0.0,BRAKE
2,0.0,0.0,BRAKE
2,0.0,0.0,BRAKE
2,0.0,0.0,BRAKE
2,0.0,0.0,BRAKE
2,0.0,0.0,BRAKE
2,0.0,0.0,BRAKE
2,0.0,0.0,BRAKE
2,0.0,0.0,BRAKE
2,0.0,0.0,BRAKE
2,0.0,0.0,BRAKE
2,0.0,0.0,BRAKE
2,0.0,0.0,BRAKE
2,0.0,0.0,BRAKE
2,0.0,0.0,BRAKE
2,0.0,0.0,BRAKE
2,0.0,0.0,BRAKE
2,0.0,0.0,BRAKE
2,0.0,0.0,BRAKE
2,0.0,0.0,BRAKE
2,0.0,0.0,BRAKE
2,0.0,0.0,BRAKE
2,0.0,0.0,BRAKE
2,0.0,0.0,BRAKE
2,0.0,0.0,BRAKE
2,0.0,0.0,BRAKE
2,0.0,0.0,BRAKE
2,0.0,0.0,BRAKE
2,0.0,0.0,BRAKE
2,0.0,0.0,BRAKE
2,0.0,0.0,BRAKE
2,0.0,0.0,BRAKE
2,0.0,0.0,BRAKE
2,0.0,0.0,BRAKE
2,0.0,0.0,BRAKE
2,0.0,0.0,BRAKE
2,0.0,0.0,BRAKE
2,0.0,0.0,BRAKE
2,0.0,0.0,BRAKE
2,0.0,0.0,BRAKE
2,0.0,0.0,BRAKE
2,0.0,0.0,BRAKE
2,0.0,0.0,BRAKE
2,0.0,0.0,BRAKE
2,0.0,0.0,BRAKE
2,0.0,0.0,BRAKE
2,0.0,0.0,BRAKE
2,0.0,0.0,BRAKE
2,0.0,0.0,BRAKE
2,0.0,0.0,BRAKE
2,0.0,0.0,BRAKE
2,0.0,0.0,BRAKE
2,0.0,0.0,BRAKE
2,0.0,0.0,BRAKE
2,0.0,0.0,BRAKE
2,0.0,0.0,BRAKE
2,0.0,0.0,BRAKE
2,0.0,0.0,BRAKE
2,0.0,0.0,BRAKE
2,0.0,0.0,BRAKE
2,0.0,0.0,BRAKE
2,0.0,0.0,BRAKE
2,0.0,0.0,BRAKE
2,0.0,0.0,BRAKE
2,0.0,0.0,BRAKE
2,0.0,0.0,BRAKE
2,0.0,0.0,BRAKE
2,0.0,0.0,BRAKE
2,0.0,0.0,BRAKE
2,0.0,0.0,BRAKE
2,0.0,0.0,BRAKE
2,0.0,0.0,BRAKE
2,0.0,0.0,BRAKE
2,0.0,0.0,BRAKE
2,0.0,0.0,BRAKE
2,0.0,0.0,BRAKE
2,0.0,0.0,BRAKE
2,0.0,0.0,BRAKE
2,0.0,0.0,BRAKE
2,0.0,0.0,BRAKE
2,0.0,0.0,BRAKE
2,0.0,0.0,BRAKE
2,0.0,0.0,BRAKE
2,0.0,0.0,BRAKE
2,0.0,0.0,BRAKE
2,0.0,0.0,BRAKE
2,0.0,0.0,BRAKE
2,0.0,0.0,BRAKE
2,0.0,0.0,BRAKE
2,0.0,0.0,BRAKE
2,0.0,0.0,BRAKE
2,0.0,0.0,BRAKE
2,0.0,0.0,BRAKE
2,0.0,0.0,BRAKE
2,0.0,0.0,BRAKE
2,0.0,0.0,BRAKE
2,0.0,0.0,BRAKE
2,0.0,0.0,BRAKE
2,0.0,0.0,BRAKE
2,0.0,0.0,BRAKE
2,0.0,0.0,BRAKE
2,0.0,0.0,BRAKE
2,0.0,0.0,BRAKE
2,0.0,0.0,BRAKE
2,0.0,0.0,BRAKE
2,0.0,0.0,BRAKE
2,0.0,0.0,BRAKE
2,0.0,0.0,BRAKE
2,0.0,0.0,BRAKE
2,0.0,0.0,BRAKE
2,0.0,0.0,BRAKE
2,0.0,0.0,BRAKE
2,0.0,0.0,BRAKE
2,0.0,0.0,BRAKE
2,0.0,0.0,BRAKE
2,0.0,0.0,BRAKE
2,0.0,0.0,BRAKE
2,0.0,0.0,BRAKE
2,0.0,0.0,BRAKE
2,0.0,0.0,BRAKE
2,0.0,0.0,BRAKE
2,0.0,0.0,BRAKE
2,0.0,0.0,BRAKE
2,0.0,0.0,BRAKE
2,0.0,0.0,BRAKE
2,0.0,0.0,BRAKE
2,0.0,0.0,BRAKE
2,0.0,0.0,BRAKE
2,0.0,0.0,BRAKE
2,0.0,0.0,BRAKE
2,0.0,0.0,BRAKE
2,0.0,0.0,BRAKE
2,0.0,0.0,BRAKE
2,0.0,0.0,BRAKE
2,0.0,0.0,BRAKE
2,0.0,0.0,BRAKE
2,0.0,0.0,BRAKE
2,0.0,0.0,BRAKE
2,0.0,0.0,BRAKE
2,0.0,0.0,BRAKE
2,0.0,0.0,BRAKE
2,0.0,0.0,BRAKE
2,0.0,0.0,BRAKE
2,0.0,0.0,BRAKE
2,0.0,0.0,BRAKE
2,0.0,0.0,BRAKE
2,0.0,0.0,BRAKE
2,0.0,0.0,BRAKE
2,0.0,0.0,BRAKE
2,0.0,0.0,BRAKE
2,0.0,0.0,BRAKE
2,0.0,0.0,BRAKE
2,0.0,0.0,BRAKE
2,0.0,0.0,BRAKE
2,0.0,0.0,BRAKE
2,0.0,0.0,BRAKE
2,0.0,0.0,BRAKE
2,0.0,0.0,BRAKE
2,0.0,0.0,BRAKE
2,0.0,0.0,BRAKE
2,0.0,0.0,BRAKE
2,0.0,0.0,BRAKE
2,0.0,0.0,BRAKE
2,0.0,0.0,BRAKE
2,0.0,0.0,BRAKE
2,0.0,0.0,BRAKE
2,0.0,0.0,BRAKE
2,0.0,0.0,BRAKE
2,0.0,0.0,BRAKE
2,0.0,0.0,BRAKE
2,0.0,0.0,BRAKE
2,0.0,0.0,BRAKE
2,0.0,0.0,BRAKE
2,0.0,0.0,BRAKE
2,0.0,0.0,BRAKE
2,0.0,0.0,BRAKE
2,0.0,0.0,BRAKE
2,0.0,0.0,BRAKE
2,0.0,0.0,BRAKE
2,0.0,0.0,BRAKE
2,0.0,0.0,BRAKE
2,0.0,0.0,BRAKE
2,0.0,0.0,BRAKE
2,0.0,0.0,BRAKE
2,0.0,0.0,BRAKE
2,0.0,0.0,BRAKE
2,0.0,0.0,BRAKE
2,0.0,0.0,BRAKE
2,0.0,0.0,BRAKE
2,0.0,0.0,BRAKE
2,0.0,0.0,BRAKE
2,0.0,0.0,BRAKE
2,0.0,0.0,BRAKE
2,0.0,0.0,BRAKE
2,0.0,0.0,BRAKE
2,0.0,0.0,BRAKE
2,0.0,0.0,BRAKE
2,0.0,0.0,BRAKE
2,0.0,0.0,BRAKE
2,0.0,0.0,BRAKE
2,0.0,0.0,BRAKE
2,0.0,0.0,BRAKE
2,0.0,0.0,BRAKE
2,0.0,0.0,BRAKE
2,0.0,0.0,BRAKE
2,0.0,0.0,BRAKE
2,0.0,0.0,BRAKE
2,0.0,0.0,BRAKE
2,0.0,0.0,BRAKE
2,0.0,0.0,BRAKE
2,0.0,0.0,BRAKE
2,0.0,0.0,BRAKE
2,0.0,0.0,BRAKE
2,0.0,0.0,BRAKE
2,0.0,0.0,BRAKE
2,0.0,0.0,BRAKE
2,0.0,0.0,BRAKE
2,0.0,0.0,BRAKE
2,0.0,0.0,BRAKE
2,0.0,0.0,BRAKE
2,0.0,0.0,BRAKE
2,0.0,0.0,BRAKE
2,0.0,0.0,BRAKE
2,0.0,0.0,BRAKE
2,0.0,0.0,BRAKE
2,0.0,0.0,BRAKE
2,0.0,0.0,BRAKE
2,0.0,0.0,BRAKE
2,0.0,0.0,BRAKE
2,0.0,0.0,BRAKE
2,0.0,0.0,BRAKE
2,0.0,0.0,BRAKE
2,0.0,0.0,BRAKE
2,0.0,0.0,BRAKE
2,0.0,0.0,BRAKE
2,0.0,0.0,BRAKE
2,0.0,0.0,BRAKE
2,0.0,0.0,BRAKE
2,0.0,0.0,BRAKE
2,0.0,0.0,BRAKE
2,0.0,0.0,BRAKE
2,0.0,0.0,BRAKE
2,0.0,0.0,BRAKE
2,0.0,0.0,BRAKE
2,0.0,0.0,BRAKE
2,0.0,0.0,BRAKE
2,0.0,0.0,BRAKE
2,0.0,0.0,BRAKE
2,0.0,0.0,BRAKE
2,0.0,0.0,BRAKE
2,0.0,0.0,BRAKE
2,0.0,0.0,BRAKE
2,0.0,0.0,BRAKE
2,0.0,0.0,BRAKE
2,0.0,0.0,BRAKE
2,0.0,0.0,BRAKE
2,0.0,0.0,BRAKE
2,0.0,0.0,BRAKE
2,0.0,0.0,BRAKE
2,0.0,0.0,BRAKE
2,0.0,0.0,BRAKE
2,0.0,0.0,BRAKE
2,0.0,0.0,BRAKE
2,0.0,0.0,BRAKE
2,0.0,0.0,BRAKE
2,0.0,0.0,BRAKE
2,0.0,0.0,BRAKE
2,0.0,0.0,BRAKE
2,0.0,0.0,BRAKE
2,0.0,0.0,BRAKE
2,0.0,0.0,BRAKE
2,0.0,0.0,BRAKE
2,0.0,0.0,BRAKE
2,0.0,0.0,BRAKE
2,0.0,0.0,BRAKE
2,0.0,0.0,BRAKE
2,0.0,0.0,BRAKE
2,0.0,0.0,BRAKE
2,0.0,0.0,BRAKE
2,0.0,0.0,BRAKE
2,0.0,0.0,BRAKE
2,0.0,0.0,BRAKE
2,0.0,0.0,BRAKE
2,0.0,0.0,BRAKE
2,0.0,0.0,BRAKE
2,0.0,0.0,BRAKE
2,0.0,0.0,BRAKE
2,0.0,0.0,BRAKE
2,0.0,0.0,BRAKE
2,0.0,0.0,BRAKE
2,0.0,0.0,BRAKE
2,0.0,0.0,BRAKE
2,0.0,0.0,BRAKE
2,0.0,0.0,BRAKE
2,0.0,0.0,BRAKE
2,0.0,0.0,BRAKE
2,0.0,0.0,BRAKE
2,0.0,0.0,BRAKE
2,0.0,0.0,BRAKE
2,0.0,0.0,BRAKE
2,0.0,0.0,BRAKE
2,0.0,0.0,BRAKE
2,0.0,0.0,BRAKE
2,0.0,0.0,BRAKE
2,0.0,0.0,BRAKE
2,0.0,0.0,BRAKE
2,0.0,0.0,BRAKE
2,0.0,0.0,BRAKE
2,0.0,0.0,BRAKE
2,0.0,0.0,BRAKE
2,0.0,0.0,BRAKE
2,0.0,0.0,BRAKE
2,0.0,0.0,BRAKE
2,0.0,0.0,BRAKE
2,0.0,0.0,BRAKE
2,0.0,0.0,BRAKE
2,0.0,0.0,BRAKE
2,0.0,0.0,BRAKE
2,0.0,0.0,BRAKE
2,0.0,0.0,BRAKE
2,0.0,0.0,BRAKE
2,0.0,0.0,BRAKE
2,0.0,0.0,BRAKE
2,0.0,0.0,BRAKE
2,0.0,0.0,BRAKE
2,0.0,0.0,BRAKE
2,0.0,0.0,BRAKE
2,0.0,0.0,BRAKE
2,0.0,0.0,BRAKE
2,0.0,0.0,BRAKE
2,0.0,0.0,BRAKE
2,0.0,0.0,BRAKE
2,0.0,0.0,BRAKE
2,0.0,0.0,BRAKE
2,0.0,0.0,BRAKE
2,0.0,0.0,BRAKE
2,0.0,0.0,BRAKE
2,0.0,0.0,BRAKE
2,0.0,0.0,BRAKE
2,0.0,0.0,BRAKE
2,0.0,0.0,BRAKE
2,0.0,0.0,BRAKE
2,0.0,0.0,BRAKE
2,0.0,0.0,BRAKE
2,0.0,0.0,BRAKE
2,0.0,0.0,BRAKE
2,0.0,0.0,BRAKE
2,0.0,0.0,BRAKE
2,0.0,0.0,BRAKE
2,0.0,0.0,BRAKE
2,0.0,0.0,BRAKE
2,0.0,0.0,BRAKE
2,0.0,0.0,BRAKE
2,0.0,0.0,BRAKE
2,0.0,0.0,BRAKE
2,0.0,0.0,BRAKE
2,0.0,0.0,BRAKE
2,0.0,0.0,BRAKE
2,0.0,0.0,BRAKE
2,0.0,0.0,BRAKE
2,0.0,0.0,BRAKE
2,0.0,0.0,BRAKE
2,0.0,0.0,BRAKE
2,0.0,0.0,BRAKE
2,0.0,0.0,BRAKE
2,0.0,0.0,BRAKE
2,0.0,0.0,BRAKE
2,0.0,0.0,BRAKE
2,0.0,0.0,BRAKE
2,0.0,0.0,BRAKE
2,0.0,0.0,BRAKE
2,0.0,0.0,BRAKE
2,0.0,0.0,BRAKE
2,0.0,0.0,BRAKE
2,0.0,0.0,BRAKE
2,0.0,0.0,BRAKE
2,0.0,0.0,BRAKE
2,0.0,0.0,BRAKE
2,0.0,0.0,BRAKE
2,0.0,0.0,BRAKE
2,0.0,0.0,BRAKE
2,0.0,0.0,BRAKE
2,0.0,0.0,BRAKE
2,0.0,0.0,BRAKE
2,0.0,0.0,BRAKE
2,0.0,0.0,BRAKE
2,0.0,0.0,BRAKE
2,0.0,0.0,BRAKE
2,0.0,0.0,BRAKE
2,0.0,0.0,BRAKE
2,0.0,0.0,BRAKE
2,0.0,0.0,BRAKE
1,0.0,0.0,BRAKE
1,0.0,0.0,BRAKE
1,0.0,0.0,BRAKE
1,0.0,0.0,BRAKE
1,0.0,0.0,BRAKE
1,0.0,0.0,BRAKE
6,0.0,0.0,BRAKE
6,0.0,0.0,BRAKE
8,0.0,0.0,BRAKE
8,0.0,0.0,BRAKE
5,0.0,0.0,BRAKE
5,0.0,0.0,BRAKE
8,0.0,0.0,BRAKE
8,0.0,0.0,BRAKE
8,0.0,0.0,BRAKE
6,0.0,0.0,BRAKE
6,0.0,0.0,BRAKE
4,0.0,0.0,BRAKE
4,0.0,0.0,BRAKE
4,0.0,0.0,BRAKE
4,0.0,0.0,BRAKE
4,0.0,0.0,BRAKE
4,0.0,0.0,BRAKE
4,0.0,0.0,BRAKE
4,0.0,0.0,BRAKE
4,0.0,0.0,BRAKE
4,0.0,0.0,BRAKE
4,0.0,0.0,BRAKE
4,0.0,0.0,BRAKE
5,0.0,0.0,BRAKE
1,0.0,0.0,BRAKE
3,0.0,0.0,BRAKE
0,0.0,0.0,BRAKE
5,0.0,0.0,BRAKE
0,0.0,0.0,BRAKE
7,0.0,0.0,BRAKE
3,0.050521230697631835,0.14521684791984069,CLEAR
4,0.03284025192260742,-0.0,CLEAR
5,0.6,-0.14521684791984069,CLEAR
7,0.0,0.0,BRAKE
7,0.6,-0.43565054375952217,CLEAR
2,0.6,0.29043369583968137,CLEAR
8,0.10222220420837402,-0.5808673916793627,CLEAR
6,0.1648976802825928,-0.29043369583968137,CLEAR
3,0.6,0.14521684791984069,CLEAR
7,0.04060530662536619,-0.43565054375952217,CLEAR
2,0.34499442577362055,0.29043369583968137,CLEAR
4,0.6,-0.0,CLEAR
2,0.0,0.0,BRAKE
2,0.0,0.0,BRAKE
0,0.0,0.0,BRAKE
2,0.6,0.29043369583968137,CLEAR
5,0.6,-0.14521684791984069,CLEAR
3,0.6,0.14521684791984069,CLEAR
4,0.6,-0.0,CLEAR
8,0.6,-0.5808673916793627,CLEAR
7,0.6,-0.43565054375952217,CLEAR
7,0.030791807174682637,-0.43565054375952217,CLEAR
3,0.6,0.14521684791984069,CLEAR
6,0.6,-0.29043369583968137,CLEAR
4,0.6,-0.0,CLEAR
4,0.6,-0.0,CLEAR
3,0.6,0.14521684791984069,CLEAR
3,0.6,0.14521684791984069,CLEAR
3,0.0,0.0,BRAKE
1,0.0,0.0,BRAKE
4,0.0,0.0,BRAKE
3,0.6,0.14521684791984069,CLEAR
4,0.6,-0.0,CLEAR
3,0.6,0.14521684791984069,CLEAR
3,0.6,0.14521684791984069,CLEAR
5,0.6,-0.14521684791984069,CLEAR
5,0.07635841369628905,-0.14521684791984069,CLEAR
4,0.6,-0.0,CLEAR
4,0.6,-0.0,CLEAR
3,0.1221681594848633,0.14521684791984069,CLEAR
4,0.6,-0.0,CLEAR
4,0.2374303817749023,-0.0,CLEAR
3,0.21932270526885989,0.14521684791984069,CLEAR
4,0.1579958438873291,-0.0,CLEAR
3,0.24857852458953858,0.14521684791984069,CLEAR
4,0.6,-0.0,CLEAR
5,0.6,-0.14521684791984069,CLEAR
4,0.3765444993972778,-0.0,CLEAR
4,0.23806388378143306,-0.0,CLEAR
2,0.030942916870117163,0.29043369583968137,CLEAR
2,0.11944541931152343,0.29043369583968137,CLEAR
2,0.12637643814086916,0.29043369583968137,CLEAR
5,0.0,0.0,BRAKE
2,0.0,0.0,BRAKE
5,0.0,0.0,BRAKE
2,0.10001688003540037,0.29043369583968137,CLEAR
3,0.10173974037170412,0.14521684791984069,CLEAR
7,0.0,0.0,BRAKE
3,0.6,0.14521684791984069,CLEAR
3,0.08247423171997068,0.14521684791984069,CLEAR
6,0.018510484695434547,-0.29043369583968137,CLEAR
6,0.10275088028169022,-0.29043369583968137,CLEAR
6,0.08239436619718311,-0.29043369583968137,CLEAR
8,0.04177851676940918,-0.5808673916793627,CLEAR
6,0.0,0.0,BRAKE
7,0.017649126052856467,-0.43565054375952217,CLEAR
3,0.0,0.0,BRAKE
3,0.0044894366197183455,0.14521684791984069,CLEAR
8,0.02010345458984377,-0.5808673916793627,CLEAR
8,0.0,0.0,BRAKE
8,0.01494278169014085,-0.5808673916793627,CLEAR
8,0.0,0.0,BRAKE
8,0.030677413940429665,-0.5808673916793627,CLEAR
8,0.054900598526000974,-0.5808673916793627,CLEAR
6,0.023415492957746475,-0.29043369583968137,CLEAR
3,0.013733911514282226,0.14521684791984069,CLEAR
3,0.0,0.0,BRAKE
4,0.6,-0.0,CLEAR
4,0.6,-0.0,CLEAR
3,0.6,0.14521684791984069,CLEAR
0,0.3923784494400025,0.5818900455379532,CLEAR
3,0.6,0.14521684791984069,CLEAR
6,0.6,-0.29043369583968137,CLEAR
4,0.6,-0.0,CLEAR
4,0.6,-0.0,CLEAR
6,0.6,-0.29043369583968137,CLEAR
1,0.6,0.43565054375952217,CLEAR
4,0.31750590801239015,-0.0,CLEAR
2,0.0,0.0,BRAKE
4,0.6,-0.0,CLEAR
4,0.6,-0.0,CLEAR
3,0.6,0.14521684791984069,CLEAR
5,0.23803241252899165,-0.14521684791984069,CLEAR
4,0.6,-0.0,CLEAR
5,0.13280649185180662,-0.14521684791984069,CLEAR
5,0.10306944847106932,-0.14521684791984069,CLEAR
5,0.0,0.0,BRAKE
0,0.0,0.0,BRAKE
5,0.0,0.0,BRAKE
5,0.0,0.0,BRAKE
5,0.09961566925048827,-0.14521684791984069,CLEAR
5,0.12179698944091794,-0.14521684791984069,CLEAR
5,0.16628570556640626,-0.14521684791984069,CLEAR
5,0.15643644332885742,-0.14521684791984069,CLEAR
5,0.106950569152832,-0.14521684791984069,CLEAR
3,0.09147286415100095,0.14521684791984069,CLEAR
3,0.11143512725830078,0.14521684791984069,CLEAR
3,0.09761576652526853,0.14521684791984069,CLEAR
5,0.09199538230895998,-0.14521684791984069,CLEAR
5,0.1022749900817871,-0.14521684791984069,CLEAR
5,0.097028923034668,-0.14521684791984069,CLEAR
3,0.11003832817077634,0.14521684791984069,CLEAR
5,0.11718811988830569,-0.14521684791984069,CLEAR
5,0.11978669166564938,-0.14521684791984069,CLEAR
5,0.12283916473388672,-0.14521684791984069,CLEAR
5,0.11342425346374511,-0.14521684791984069,CLEAR
5,0.12296462059020996,-0.14521684791984069,CLEAR
5,0.10041871070861814,-0.14521684791984069,CLEAR
3,0.10389118194580078,0.14521684791984069,CLEAR
5,0.06630263328552245,-0.14521684791984069,CLEAR
5,0.07876873016357423,-0.14521684791984069,CLEAR
5,0.06381969451904297,-0.14521684791984069,CLEAR
5,0.08177642822265623,-0.14521684791984069,CLEAR
5,0.08085947036743162,-0.14521684791984069,CLEAR
5,0.08906788825988766,-0.14521684791984069,CLEAR
5,0.09362506866455075,-0.14521684791984069,CLEAR
5,0.08937478065490723,-0.14521684791984069,CLEAR
5,0.09339375495910641,-0.14521684791984069,CLEAR
5,0.09055027961730959,-0.14521684791984069,CLEAR
5,0.11093664169311525,-0.14521684791984069,CLEAR
5,0.062150430679321286,-0.14521684791984069,CLEAR
5,0.05386095046997073,-0.14521684791984069,CLEAR
5,0.08124523162841799,-0.14521684791984069,CLEAR
5,0.07308135032653806,-0.14521684791984069,CLEAR
5,0.024923086166381836,-0.14521684791984069,CLEAR
5,0.0,0.0,BRAKE
5,0.0,0.0,BRAKE
5,0.0008019447326660156,-0.14521684791984069,CLEAR
5,0.0,0.0,BRAKE
3,0.0,0.0,BRAKE
3,0.0,0.0,BRAKE
3,0.0,0.0,BRAKE
5,0.0,0.0,BRAKE
4,0.0,0.0,BRAKE
4,0.3328853130340576,-0.0,CLEAR
4,0.22158890845070423,-0.0,CLEAR
4,0.0,0.0,BRAKE
5,0.0,0.0,BRAKE
4,0.3099488019943238,-0.0,CLEAR
4,0.06919014084507051,-0.0,CLEAR
7,0.0033890845070422503,-0.43565054375952217,CLEAR
4,0.00878080985915497,-0.0,CLEAR
4,0.6,-0.0,CLEAR
4,0.22316720485687258,-0.0,CLEAR
3,0.17823503521126763,0.14521684791984069,CLEAR
3,0.21509683098591553,0.14521684791984069,CLEAR
3,0.12343750000000003,0.14521684791984069,CLEAR
3,0.09581866197183105,0.14521684791984069,CLEAR
0,0.04036091549295779,0.5818900455379532,CLEAR
3,0.0,0.0,BRAKE
3,0.033978873239436665,0.14521684791984069,CLEAR
3,0.04619278169014087,0.14521684791984069,CLEAR
3,0.052574823943661995,0.14521684791984069,CLEAR
3,0.06489876760563389,0.14521684791984069,CLEAR
3,0.07491197183098597,0.14521684791984069,CLEAR
3,0.05235475352112675,0.14521684791984069,CLEAR
3,0.05202464788732401,0.14521684791984069,CLEAR
3,0.01538292253521134,0.14521684791984069,CLEAR
3,0.04564260563380289,0.14521684791984069,CLEAR
3,0.10484154929577472,0.14521684791984069,CLEAR
3,0.11298415492957747,0.14521684791984069,CLEAR
3,0.09218750000000002,0.14521684791984069,CLEAR
3,0.0,0.0,BRAKE
3,0.09785804748535158,0.14521684791984069,CLEAR
3,0.0878961267605634,0.14521684791984069,CLEAR
3,0.09757922535211268,0.14521684791984069,CLEAR
3,0.11341414451599123,0.14521684791984069,CLEAR
3,0.09526848591549299,0.14521684791984069,CLEAR
3,0.08888644366197186,0.14521684791984069,CLEAR
3,0.06952024647887324,0.14521684791984069,CLEAR
3,0.0784330985915493,0.14521684791984069,CLEAR
3,0.07326144366197189,0.14521684791984069,CLEAR
3,0.07491197183098597,0.14521684791984069,CLEAR
3,0.14918573943661972,0.14521684791984069,CLEAR
3,0.15105633802816903,0.14521684791984069,CLEAR
4,0.1476974964141846,-0.0,CLEAR
3,0.14269366197183103,0.14521684791984069,CLEAR
3,0.1483241558074951,0.14521684791984069,CLEAR
3,0.14439654350280762,0.14521684791984069,CLEAR
3,0.14335387323943663,0.14521684791984069,CLEAR
3,0.25666069984436035,0.14521684791984069,CLEAR
0,0.23336267605633806,0.5818900455379532,CLEAR
3,0.24859049320220947,0.14521684791984069,CLEAR
3,0.11639524647887324,0.14521684791984069,CLEAR
3,0.1294894366197183,0.14521684791984069,CLEAR
3,0.10209066901408455,0.14521684791984069,CLEAR
4,0.13499119718309863,-0.0,CLEAR
4,0.17075264084507047,-0.0,CLEAR
0,0.1130941901408451,0.5818900455379532,CLEAR
3,0.2128961267605634,0.14521684791984069,CLEAR
4,0.211905809859155,-0.0,CLEAR
0,0.11474471830985916,0.5818900455379532,CLEAR
3,0.07051056338028172,0.14521684791984069,CLEAR
4,0.1193661971830986,-0.0,CLEAR
0,0.12574823943661972,0.5818900455379532,CLEAR
0,0.08426496478873237,0.5818900455379532,CLEAR
3,0.07491197183098597,0.14521684791984069,CLEAR
3,0.06137764084507042,0.14521684791984069,CLEAR
3,0.02715669014084505,0.14521684791984069,CLEAR
3,0.050044014084507,0.14521684791984069,CLEAR
3,0.07128080985915501,0.14521684791984069,CLEAR
3,0.15402728873239438,0.14521684791984069,CLEAR
3,0.1425419330596924,0.14521684791984069,CLEAR
3,0.13638324737548826,0.14521684791984069,CLEAR
3,0.14289360046386715,0.14521684791984069,CLEAR
3,0.1514944553375244,0.14521684791984069,CLEAR
3,0.09669894366197189,0.14521684791984069,CLEAR
3,0.14997873306274415,0.14521684791984069,CLEAR
3,0.13982300758361813,0.14521684791984069,CLEAR
3,0.14852552816901413,0.14521684791984069,CLEAR
3,0.13832411766052244,0.14521684791984069,CLEAR
3,0.11773586273193361,0.14521684791984069,CLEAR
3,0.15812788009643555,0.14521684791984069,CLEAR
3,0.16019983291625975,0.14521684791984069,CLEAR
3,0.1455550670623779,0.14521684791984069,CLEAR
3,0.1436134338378906,0.14521684791984069,CLEAR
3,0.12840237617492672,0.14521684791984069,CLEAR
3,0.1451939105987549,0.14521684791984069,CLEAR
3,0.14192341549295776,0.14521684791984069,CLEAR
3,0.13822784423828122,0.14521684791984069,CLEAR
3,0.13062949180603028,0.14521684791984069,CLEAR
3,0.12275042533874508,0.14521684791984069,CLEAR
3,0.14203345070422538,0.14521684791984069,CLEAR
3,0.11628521126760562,0.14521684791984069,CLEAR
3,0.12640845070422538,0.14521684791984069,CLEAR
3,0.15614857673645016,0.14521684791984069,CLEAR
3,0.13510123239436625,0.14521684791984069,CLEAR
3,0.1404929577464789,0.14521684791984069,CLEAR
3,0.1134242957746479,0.14521684791984069,CLEAR
3,0.17493397887323947,0.14521684791984069,CLEAR
3,0.13510123239436625,0.14521684791984069,CLEAR
5,0.3299185037612915,-0.14521684791984069,CLEAR
5,0.3407662391662598,-0.14521684791984069,CLEAR
4,0.12464788732394362,-0.0,CLEAR
4,0.13851232394366197,-0.0,CLEAR
4,0.1998019366197183,-0.0,CLEAR
4,0.07337147887323951,-0.0,CLEAR
4,0.09251760563380289,-0.0,CLEAR
4,0.04641285211267605,-0.0,CLEAR
4,0.03353873239436617,-0.0,CLEAR
4,0.018133802816901377,-0.0,CLEAR
7,0.6,-0.43565054375952217,CLEAR
4,0.0,0.0,BRAKE
4,0.0,0.0,BRAKE
4,0.0,0.0,BRAKE
3,0.0,0.0,BRAKE
3,0.0,0.0,BRAKE
3,0.0,0.0,BRAKE
3,0.0,0.0,BRAKE
3,0.0,0.0,BRAKE
0,0.0,0.0,BRAKE
4,0.0,0.0,BRAKE
4,0.0,0.0,BRAKE
4,0.0,0.0,BRAKE
4,0.0,0.0,BRAKE
4,0.0,0.0,BRAKE
4,0.0,0.0,BRAKE
4,0.0,0.0,BRAKE
4,0.0,0.0,BRAKE
4,0.0,0.0,BRAKE
4,0.0,0.0,BRAKE
4,0.0,0.0,BRAKE
4,0.0,0.0,BRAKE
4,0.0,0.0,BRAKE
4,0.0,0.0,BRAKE
4,0.0,0.0,BRAKE
4,0.0,0.0,BRAKE
4,0.0,0.0,BRAKE
4,0.0,0.0,BRAKE
4,0.019564260563380342,-0.0,CLEAR
4,0.019894366197183145,-0.0,CLEAR
4,0.009661091549295753,-0.0,CLEAR
4,0.04399207746478875,-0.0,CLEAR
4,0.06247799295774652,-0.0,CLEAR
4,0.1273987676056338,-0.0,CLEAR
4,0.17911531690140847,-0.0,CLEAR
4,0.17625440140845075,-0.0,CLEAR
4,0.1708626760563381,-0.0,CLEAR
4,0.14060299295774648,-0.0,CLEAR
4,0.18109595070422535,-0.0,CLEAR
4,0.11573503521126764,-0.0,CLEAR
4,0.11837588028169012,-0.0,CLEAR
4,0.10968309859154925,-0.0,CLEAR
4,0.1336707746478873,-0.0,CLEAR
4,0.13113996478873238,-0.0,CLEAR
4,0.12981954225352116,-0.0,CLEAR
4,0.08877640845070424,-0.0,CLEAR
4,0.0,0.0,BRAKE
1,0.0,0.0,BRAKE
1,0.0,0.0,BRAKE
1,0.0,0.0,BRAKE
1,0.0,0.0,BRAKE
1,0.0,0.0,BRAKE
1,0.0,0.0,BRAKE
1,0.0,0.0,BRAKE
4,0.0,0.0,BRAKE
1,0.0,0.0,BRAKE
1,0.0,0.0,BRAKE
4,0.0,0.0,BRAKE
4,0.0014084507042253724,-0.0,CLEAR
7,0.0,0.0,BRAKE
1,0.0,0.0,BRAKE
1,0.0,0.0,BRAKE
4,0.047623239436619766,-0.0,CLEAR
0,0.0,0.0,BRAKE
4,0.0,0.0,BRAKE
7,0.016483274647887302,-0.43565054375952217,CLEAR
7,0.17196302816901413,-0.43565054375952217,CLEAR
5,0.35605193661971835,-0.14521684791984069,CLEAR
5,0.3387764084507043,-0.14521684791984069,CLEAR
4,0.34780194759368893,-0.0,CLEAR
4,0.11045334507042255,-0.0,CLEAR
7,0.26824383802816903,-0.43565054375952217,CLEAR
4,0.15072623239436617,-0.0,CLEAR
4,0.21784771126760563,-0.0,CLEAR
4,0.17240316901408453,-0.0,CLEAR
4,0.22224911971830988,-0.0,CLEAR
4,0.3722991704940795,-0.0,CLEAR
4,0.3615384578704834,-0.0,CLEAR
4,0.24348591549295776,-0.0,CLEAR
7,0.0,0.0,BRAKE
6,0.0,0.0,BRAKE
4,0.0,0.0,BRAKE
4,0.0,0.0,BRAKE
4,0.0,0.0,BRAKE
4,0.0,0.0,BRAKE
4,0.0,0.0,BRAKE
4,0.0,0.0,BRAKE
4,0.205743838028169,-0.0,CLEAR
4,0.15325704225352116,-0.0,CLEAR
4,0.0,0.0,BRAKE
4,0.0,0.0,BRAKE
4,0.0,0.0,BRAKE
4,0.0,0.0,BRAKE
4,0.0,0.0,BRAKE
4,0.0,0.0,BRAKE
4,0.0,0.0,BRAKE
4,0.0,0.0,BRAKE
4,0.0,0.0,BRAKE
4,0.0,0.0,BRAKE
4,0.0,0.0,BRAKE
4,0.0,0.0,BRAKE
4,0.0,0.0,BRAKE
4,0.1938600352112676,-0.0,CLEAR
4,0.09625880281690147,-0.0,CLEAR
4,0.1721830985915493,-0.0,CLEAR
4,0.12387764084507047,-0.0,CLEAR
4,0.12156690140845072,-0.0,CLEAR
4,0.10649207746478873,-0.0,CLEAR
4,0.2695642605633803,-0.0,CLEAR
4,0.0,0.0,BRAKE
3,0.0,0.0,BRAKE
4,0.0,0.0,BRAKE
3,0.0,0.0,BRAKE
3,0.0,0.0,BRAKE
3,0.0,0.0,BRAKE
3,0.0,0.0,BRAKE
3,0.0,0.0,BRAKE
4,0.0,0.0,BRAKE
5,0.0,0.0,BRAKE
5,0.0,0.0,BRAKE
5,0.0,0.0,BRAKE
5,0.0,0.0,BRAKE
5,0.0,0.0,BRAKE
7,0.0,0.0,BRAKE
5,0.0,0.0,BRAKE
5,0.0,0.0,BRAKE
4,0.0,0.0,BRAKE
4,0.0,0.0,BRAKE
6,0.0,0.0,BRAKE
0,0.0,0.0,BRAKE
4,0.0,0.0,BRAKE
4,0.0,0.0,BRAKE
4,0.0,0.0,BRAKE
4,0.04916373239436622,-0.0,CLEAR
4,0.08074383802816905,-0.0,CLEAR
4,0.06996038732394368,-0.0,CLEAR
4,0.08943661971830985,-0.0,CLEAR
4,0.18934859154929579,-0.0,CLEAR
4,0.07579225352112674,-0.0,CLEAR
4,0.09086707746478874,-0.0,CLEAR
4,0.3111575704225353,-0.0,CLEAR
4,0.2740757042253521,-0.0,CLEAR
4,0.10770246478873237,-0.0,CLEAR
4,0.16172975352112678,-0.0,CLEAR
4,0.22279929577464788,-0.0,CLEAR
4,0.24865757042253522,-0.0,CLEAR
4,0.2569102112676056,-0.0,CLEAR
4,0.3086267605633803,-0.0,CLEAR
5,0.3077464788732394,-0.14521684791984069,CLEAR
5,0.3484595070422535,-0.14521684791984069,CLEAR
5,0.40743838028169016,-0.14521684791984069,CLEAR
5,0.3579225352112676,-0.14521684791984069,CLEAR
5,0.365625,-0.14521684791984069,CLEAR
5,0.3126980633802817,-0.14521684791984069,CLEAR
5,0.3462588028169014,-0.14521684791984069,CLEAR
5,0.3384463028169014,-0.14521684791984069,CLEAR
5,0.30807658450704223,-0.14521684791984069,CLEAR
5,0.23501320422535213,-0.14521684791984069,CLEAR
5,0.20530369718309863,-0.14521684791984069,CLEAR
5,0.2580105633802817,-0.14521684791984069,CLEAR
5,0.28871038732394366,-0.14521684791984069,CLEAR
5,0.26659330985915497,-0.14521684791984069,CLEAR
5,0.24359595070422538,-0.14521684791984069,CLEAR
5,0.21047535211267604,-0.14521684791984069,CLEAR
5,0.23545334507042256,-0.14521684791984069,CLEAR
3,0.2554797535211268,0.14521684791984069,CLEAR
5,0.2800176056338028,-0.14521684791984069,CLEAR
3,0.2503080985915493,0.14521684791984069,CLEAR
3,0.2516285211267606,0.14521684791984069,CLEAR
3,0.26439260563380285,0.14521684791984069,CLEAR
5,0.2661531690140845,-0.14521684791984069,CLEAR
5,0.22488996478873238,-0.14521684791984069,CLEAR
5,0.2545994718309859,-0.14521684791984069,CLEAR
5,0.26538292253521123,-0.14521684791984069,CLEAR
5,0.26868397887323947,-0.14521684791984069,CLEAR
5,0.2488776408450704,-0.14521684791984069,CLEAR
5,0.2669234154929578,-0.14521684791984069,CLEAR
5,0.24975792253521126,-0.14521684791984069,CLEAR
5,0.30609595070422535,-0.14521684791984069,CLEAR
5,0.2670334507042254,-0.14521684791984069,CLEAR
5,0.2617517605633803,-0.14521684791984069,CLEAR
5,0.26131161971830985,-0.14521684791984069,CLEAR
5,0.27308538732394366,-0.14521684791984069,CLEAR
5,0.2824383802816901,-0.14521684791984069,CLEAR
5,0.2840889084507043,-0.14521684791984069,CLEAR
5,0.27561619718309865,-0.14521684791984069,CLEAR
5,0.2649427816901409,-0.14521684791984069,CLEAR
5,0.2522887323943663,-0.14521684791984069,CLEAR
5,0.2690140845070423,-0.14521684791984069,CLEAR
5,0.2780369718309859,-0.14521684791984069,CLEAR
5,0.2801276408450704,-0.14521684791984069,CLEAR
5,0.2704445422535211,-0.14521684791984069,CLEAR
5,0.27759683098591553,-0.14521684791984069,CLEAR
5,0.2778169014084508,-0.14521684791984069,CLEAR
5,0.2577904929577465,-0.14521684791984069,CLEAR
5,0.23666373239436622,-0.14521684791984069,CLEAR
5,0.19826144366197185,-0.14521684791984069,CLEAR
5,0.1994718309859155,-0.14521684791984069,CLEAR
5,0.22918133802816898,-0.14521684791984069,CLEAR
5,0.21542693661971835,-0.14521684791984069,CLEAR
5,0.19088908450704226,-0.14521684791984069,CLEAR
5,0.21003521126760563,-0.14521684791984069,CLEAR
5,0.24821742957746482,-0.14521684791984069,CLEAR
5,0.2697843309859155,-0.14521684791984069,CLEAR
5,0.2627420774647888,-0.14521684791984069,CLEAR
5,0.25140845070422535,-0.14521684791984069,CLEAR
5,0.24766725352112676,-0.14521684791984069,CLEAR
2,0.13510123239436625,0.29043369583968137,CLEAR
5,0.22136883802816903,-0.14521684791984069,CLEAR
1,0.21718750000000003,0.43565054375952217,CLEAR
1,0.6,0.43565054375952217,CLEAR
8,0.2453565140845071,-0.5808673916793627,CLEAR
7,0.22522007042253522,-0.43565054375952217,CLEAR
3,0.23743397887323944,0.14521684791984069,CLEAR
3,0.2251100352112676,0.14521684791984069,CLEAR
1,0.31016725352112673,0.43565054375952217,CLEAR
3,0.3507702464788732,0.14521684791984069,CLEAR
3,0.22158890845070423,0.14521684791984069,CLEAR
6,0.216087147887324,-0.29043369583968137,CLEAR
6,0.22048855633802814,-0.29043369583968137,CLEAR
6,0.23094190140845075,-0.29043369583968137,CLEAR
6,0.22907130281690144,-0.29043369583968137,CLEAR
3,0.22940140845070423,0.14521684791984069,CLEAR
3,0.2536091549295775,0.14521684791984069,CLEAR
3,0.2404049295774648,0.14521684791984069,CLEAR
3,0.2564700704225353,0.14521684791984069,CLEAR
6,0.2307218309859155,-0.29043369583968137,CLEAR
6,0.23633362676056335,-0.29043369583968137,CLEAR
3,0.1863776408450705,0.14521684791984069,CLEAR
6,0.28089788732394366,-0.29043369583968137,CLEAR
3,0.30543573943661967,0.14521684791984069,CLEAR
6,0.31126760563380285,-0.29043369583968137,CLEAR
3,0.31996038732394366,0.14521684791984069,CLEAR
3,0.3252420774647887,0.14521684791984069,CLEAR
3,0.28056778169014085,0.14521684791984069,CLEAR
3,0.2660431338028169,0.14521684791984069,CLEAR
3,0.24106514084507047,0.14521684791984069,CLEAR
5,0.22896126760563382,-0.14521684791984069,CLEAR
5,0.20970510563380287,-0.14521684791984069,CLEAR
5,0.1873679577464789,-0.14521684791984069,CLEAR
5,0.22764084507042254,-0.14521684791984069,CLEAR
5,0.21531690140845072,-0.14521684791984069,CLEAR
2,0.2229093309859155,0.29043369583968137,CLEAR
2,0.2582306338028169,0.29043369583968137,CLEAR
5,0.6,-0.14521684791984069,CLEAR
4,0.6,-0.0,CLEAR
6,0.6,-0.29043369583968137,CLEAR
4,0.6,-0.0,CLEAR
2,0.6,0.29043369583968137,CLEAR
3,0.6,0.14521684791984069,CLEAR
6,0.6,-0.29043369583968137,CLEAR
6,0.6,-0.29043369583968137,CLEAR
4,0.6,-0.0,CLEAR
4,0.6,-0.0,CLEAR
3,0.6,0.14521684791984069,CLEAR
2,0.6,0.29043369583968137,CLEAR
7,0.6,-0.43565054375952217,CLEAR
2,0.6,0.29043369583968137,CLEAR
5,0.6,-0.14521684791984069,CLEAR
3,0.6,0.14521684791984069,CLEAR
1,0.0,0.0,BRAKE
7,0.0,0.0,BRAKE
1,0.0,0.0,BRAKE
1,0.0,0.0,BRAKE
1,0.0,0.0,BRAKE
2,0.0,0.0,BRAKE
1,0.0,0.0,BRAKE
1,0.0,0.0,BRAKE
3,0.0,0.0,BRAKE
5,0.0,0.0,BRAKE
2,0.0,0.0,BRAKE
1,0.6,0.43565054375952217,CLEAR
5,0.6,-0.14521684791984069,CLEAR
6,0.6,-0.29043369583968137,CLEAR
5,0.6,-0.14521684791984069,CLEAR
6,0.6,-0.29043369583968137,CLEAR
6,0.6,-0.29043369583968137,CLEAR
6,0.6,-0.29043369583968137,CLEAR
4,0.6,-0.0,CLEAR
4,0.6,-0.0,CLEAR
4,0.6,-0.0,CLEAR
2,0.6,0.29043369583968137,CLEAR
2,0.6,0.29043369583968137,CLEAR
2,0.6,0.29043369583968137,CLEAR
2,0.6,0.29043369583968137,CLEAR
2,0.6,0.29043369583968137,CLEAR
2,0.6,0.29043369583968137,CLEAR
2,0.6,0.29043369583968137,CLEAR
2,0.6,0.29043369583968137,CLEAR
2,0.6,0.29043369583968137,CLEAR
2,0.6,0.29043369583968137,CLEAR
3,0.6,0.14521684791984069,CLEAR
5,0.6,-0.14521684791984069,CLEAR
5,0.6,-0.14521684791984069,CLEAR
5,0.6,-0.14521684791984069,CLEAR
8,0.6,-0.5808673916793627,CLEAR
6,0.6,-0.29043369583968137,CLEAR
3,0.6,0.14521684791984069,CLEAR
1,0.6,0.43565054375952217,CLEAR
1,0.6,0.43565054375952217,CLEAR
1,0.6,0.43565054375952217,CLEAR
3,0.6,0.14521684791984069,CLEAR
4,0.6,-0.0,CLEAR
6,0.6,-0.29043369583968137,CLEAR
3,0.6,0.14521684791984069,CLEAR
0,0.6,0.5818900455379532,CLEAR
3,0.6,0.14521684791984069,CLEAR
6,0.6,-0.29043369583968137,CLEAR
5,0.6,-0.14521684791984069,CLEAR
3,0.6,0.14521684791984069,CLEAR
4,0.6,-0.0,CLEAR
3,0.6,0.14521684791984069,CLEAR
5,0.6,-0.14521684791984069,CLEAR
4,0.6,-0.0,CLEAR
7,0.6,-0.43565054375952217,CLEAR
6,0.6,-0.29043369583968137,CLEAR
6,0.6,-0.29043369583968137,CLEAR
8,0.6,-0.5808673916793627,CLEAR
3,0.10978970527648924,0.14521684791984069,CLEAR
1,0.0,0.0,BRAKE
3,0.6,0.14521684791984069,CLEAR
6,0.6,-0.29043369583968137,CLEAR
3,0.0,0.0,BRAKE
3,0.0,0.0,BRAKE
3,0.0,0.0,BRAKE
4,0.0,0.0,BRAKE
4,0.0,0.0,BRAKE
3,0.0,0.0,BRAKE
3,0.0,0.0,BRAKE
3,0.0,0.0,BRAKE
2,0.0,0.0,BRAKE
0,0.0,0.0,BRAKE
2,0.0,0.0,BRAKE
8,0.0,0.0,BRAKE
8,0.0,0.0,BRAKE
1,0.0,0.0,BRAKE
1,0.04504261016845701,0.43565054375952217,CLEAR
1,0.10578083992004392,0.43565054375952217,CLEAR
1,0.16791515350341796,0.43565054375952217,CLEAR
4,0.6,-0.0,CLEAR
2,0.0,0.0,BRAKE
1,0.0,0.0,BRAKE
1,0.6,0.43565054375952217,CLEAR
2,0.0,0.0,BRAKE
2,0.0,0.0,BRAKE
1,0.0,0.0,BRAKE
1,0.0,0.0,BRAKE
1,0.0,0.0,BRAKE
1,0.0,0.0,BRAKE
0,0.0,0.0,BRAKE
0,0.0,0.0,BRAKE
0,0.0,0.0,BRAKE
1,0.0,0.0,BRAKE
0,0.0,0.0,BRAKE
0,0.0,0.0,BRAKE
0,0.6,0.5818900455379532,CLEAR
0,0.0,0.0,BRAKE
1,0.0,0.0,BRAKE
1,0.0,0.0,BRAKE
1,0.0,0.0,BRAKE
0,0.0,0.0,BRAKE
2,0.0,0.0,BRAKE
1,0.025844907760620116,0.43565054375952217,CLEAR
4,0.0,0.0,BRAKE
1,0.0,0.0,BRAKE
1,0.0,0.0,BRAKE
1,0.0,0.0,BRAKE
1,0.0,0.0,BRAKE
1,0.0,0.0,BRAKE
1,0.0,0.0,BRAKE
1,0.0,0.0,BRAKE
1,0.0,0.0,BRAKE
1,0.0,0.0,BRAKE
1,0.0,0.0,BRAKE
1,0.0,0.0,BRAKE
1,0.0,0.0,BRAKE
8,0.0,0.0,BRAKE
1,0.0,0.0,BRAKE
1,0.0,0.0,BRAKE
1,0.0,0.0,BRAKE
1,0.0,0.0,BRAKE
1,0.0,0.0,BRAKE
1,0.0,0.0,BRAKE
1,0.0,0.0,BRAKE
1,0.0,0.0,BRAKE
1,0.0,0.0,BRAKE
1,0.0,0.0,BRAKE
1,0.0,0.0,BRAKE
1,0.0,0.0,BRAKE
1,0.0,0.0,BRAKE
2,0.0,0.0,BRAKE
2,0.0,0.0,BRAKE
1,0.0,0.0,BRAKE
1,0.0,0.0,BRAKE
1,0.0,0.0,BRAKE
1,0.0,0.0,BRAKE
1,0.0,0.0,BRAKE
1,0.0,0.0,BRAKE
1,0.0,0.0,BRAKE
1,0.0,0.0,BRAKE
1,0.0,0.0,BRAKE
1,0.0,0.0,BRAKE
1,0.0,0.0,BRAKE
1,0.0,0.0,BRAKE
1,0.0,0.0,BRAKE
1,0.0,0.0,BRAKE
1,0.0,0.0,BRAKE
1,0.0,0.0,BRAKE
1,0.0,0.0,BRAKE
1,0.0,0.0,BRAKE
1,0.0,0.0,BRAKE
1,0.0,0.0,BRAKE
1,0.0,0.0,BRAKE
1,0.0,0.0,BRAKE
2,0.0,0.0,BRAKE
1,0.0,0.0,BRAKE
2,0.0,0.0,BRAKE
2,0.0,0.0,BRAKE
2,0.0,0.0,BRAKE
2,0.0,0.0,BRAKE
2,0.0,0.0,BRAKE
1,0.0,0.0,BRAKE
1,0.0,0.0,BRAKE
1,0.0,0.0,BRAKE
1,0.0,0.0,BRAKE
1,0.0,0.0,BRAKE
1,0.0,0.0,BRAKE
1,0.0,0.0,BRAKE
1,0.0,0.0,BRAKE
1,0.0,0.0,BRAKE
1,0.0,0.0,BRAKE
1,0.0,0.0,BRAKE
2,0.0,0.0,BRAKE
1,0.0,0.0,BRAKE
2,0.0,0.0,BRAKE
1,0.0,0.0,BRAKE
2,0.0,0.0,BRAKE
1,0.0,0.0,BRAKE
2,0.0,0.0,BRAKE
2,0.0,0.0,BRAKE
2,0.0,0.0,BRAKE
1,0.0,0.0,BRAKE
1,0.0,0.0,BRAKE
1,0.0,0.0,BRAKE
1,0.0,0.0,BRAKE
1,0.0,0.0,BRAKE
2,0.0,0.0,BRAKE
1,0.0,0.0,BRAKE
1,0.0,0.0,BRAKE
1,0.0,0.0,BRAKE
2,0.0,0.0,BRAKE
2,0.0,0.0,BRAKE
2,0.0,0.0,BRAKE
2,0.0,0.0,BRAKE
2,0.0,0.0,BRAKE
2,0.0,0.0,BRAKE
2,0.0,0.0,BRAKE
2,0.0,0.0,BRAKE
2,0.0,0.0,BRAKE
2,0.0,0.0,BRAKE
2,0.0,0.0,BRAKE
2,0.0,0.0,BRAKE
2,0.0,0.0,BRAKE
1,0.0,0.0,BRAKE
1,0.0,0.0,BRAKE
2,0.0,0.0,BRAKE
2,0.0,0.0,BRAKE
2,0.0,0.0,BRAKE
2,0.0,0.0,BRAKE
2,0.0,0.0,BRAKE
7,0.0,0.0,BRAKE
7,0.0,0.0,BRAKE
2,0.0,0.0,BRAKE
2,0.0,0.0,BRAKE
2,0.0,0.0,BRAKE
1,0.0,0.0,BRAKE
2,0.0,0.0,BRAKE
7,0.0,0.0,BRAKE
2,0.0,0.0,BRAKE
2,0.0,0.0,BRAKE
2,0.0,0.0,BRAKE
2,0.0,0.0,BRAKE
2,0.0,0.0,BRAKE
2,0.0,0.0,BRAKE
2,0.0,0.0,BRAKE
8,0.0,0.0,BRAKE
2,0.0,0.0,BRAKE
2,0.0,0.0,BRAKE
2,0.0,0.0,BRAKE
2,0.0,0.0,BRAKE
6,0.0,0.0,BRAKE
1,0.0,0.0,BRAKE
1,0.0,0.0,BRAKE
1,0.0,0.0,BRAKE
1,0.0,0.0,BRAKE
1,0.0,0.0,BRAKE
1,0.0,0.0,BRAKE
7,0.0,0.0,BRAKE
1,0.0,0.0,BRAKE
2,0.0,0.0,BRAKE
5,0.0,0.0,BRAKE
4,0.0,0.0,BRAKE
2,0.0,0.0,BRAKE
2,0.0,0.0,BRAKE
3,0.0,0.0,BRAKE
2,0.0,0.0,BRAKE
2,0.0,0.0,BRAKE
2,0.0,0.0,BRAKE
2,0.0,0.0,BRAKE
2,0.0,0.0,BRAKE
2,0.0,0.0,BRAKE
2,0.0,0.0,BRAKE
3,0.0,0.0,BRAKE
7,0.0,0.0,BRAKE
7,0.0,0.0,BRAKE
4,0.0,0.0,BRAKE
7,0.0,0.0,BRAKE
8,0.0,0.0,BRAKE
2,0.0,0.0,BRAKE
2,0.0,0.0,BRAKE
2,0.0,0.0,BRAKE
2,0.0,0.0,BRAKE
4,0.0,0.0,BRAKE
2,0.0,0.0,BRAKE
2,0.0,0.0,BRAKE
2,0.0,0.0,BRAKE
2,0.0,0.0,BRAKE
7,0.0,0.0,BRAKE
1,0.0,0.0,BRAKE
8,0.0,0.0,BRAKE
1,0.0,0.0,BRAKE
1,0.0,0.0,BRAKE
1,0.0,0.0,BRAKE
1,0.0,0.0,BRAKE
1,0.0,0.0,BRAKE
1,0.0,0.0,BRAKE
1,0.0,0.0,BRAKE
1,0.0,0.0,BRAKE
2,0.0,0.0,BRAKE
2,0.0,0.0,BRAKE
1,0.0,0.0,BRAKE
7,0.0,0.0,BRAKE
7,0.0,0.0,BRAKE
2,0.0,0.0,BRAKE
2,0.0,0.0,BRAKE
2,0.0,0.0,BRAKE
2,0.0,0.0,BRAKE
2,0.0,0.0,BRAKE
2,0.0,0.0,BRAKE
2,0.0,0.0,BRAKE
2,0.0,0.0,BRAKE
2,0.0,0.0,BRAKE
2,0.0,0.0,BRAKE
2,0.0,0.0,BRAKE
2,0.0,0.0,BRAKE
1,0.0,0.0,BRAKE
2,0.0,0.0,BRAKE
2,0.0,0.0,BRAKE
2,0.0,0.0,BRAKE
2,0.0,0.0,BRAKE
3,0.0,0.0,BRAKE
5,0.0,0.0,BRAKE
2,0.0,0.0,BRAKE
3,0.0,0.0,BRAKE
2,0.0,0.0,BRAKE
1,0.0,0.0,BRAKE
2,0.0,0.0,BRAKE
2,0.0,0.0,BRAKE
1,0.0,0.0,BRAKE
2,0.0,0.0,BRAKE
2,0.0,0.0,BRAKE
1,0.0,0.0,BRAKE
2,0.0,0.0,BRAKE
2,0.0,0.0,BRAKE
4,0.016372156143188453,-0.0,CLEAR
2,0.04924139976501467,0.29043369583968137,CLEAR
2,0.0,0.0,BRAKE
2,0.0,0.0,BRAKE
2,0.0,0.0,BRAKE
2,0.0,0.0,BRAKE
2,0.0,0.0,BRAKE
2,0.0,0.0,BRAKE
2,0.0,0.0,BRAKE
2,0.0,0.0,BRAKE
2,0.0,0.0,BRAKE
2,0.0,0.0,BRAKE
2,0.0,0.0,BRAKE
2,0.0,0.0,BRAKE
2,0.0,0.0,BRAKE
2,0.0,0.0,BRAKE
2,0.0,0.0,BRAKE
2,0.0,0.0,BRAKE
1,0.026513195037841775,0.43565054375952217,CLEAR
1,0.0,0.0,BRAKE
1,0.0,0.0,BRAKE
1,0.0,0.0,BRAKE
1,0.0,0.0,BRAKE
1,0.0,0.0,BRAKE
1,0.0,0.0,BRAKE
1,0.0,0.0,BRAKE
1,0.0,0.0,BRAKE
1,0.0,0.0,BRAKE
1,0.0,0.0,BRAKE
1,0.0,0.0,BRAKE
1,0.0,0.0,BRAKE
1,0.0,0.0,BRAKE
2,0.003055763244628928,0.29043369583968137,CLEAR
2,0.0,0.0,BRAKE
2,0.0,0.0,BRAKE
2,0.0,0.0,BRAKE
2,0.0,0.0,BRAKE
2,0.0,0.0,BRAKE
2,0.0,0.0,BRAKE
3,0.0,0.0,BRAKE
2,0.0,0.0,BRAKE
2,0.0,0.0,BRAKE
2,0.0,0.0,BRAKE
2,0.0,0.0,BRAKE
2,0.0,0.0,BRAKE
2,0.0,0.0,BRAKE
2,0.0,0.0,BRAKE
2,0.0,0.0,BRAKE
2,0.0,0.0,BRAKE
2,0.0,0.0,BRAKE
2,0.0,0.0,BRAKE
2,0.0,0.0,BRAKE
2,0.0,0.0,BRAKE
2,0.0,0.0,BRAKE
2,0.0,0.0,BRAKE
2,0.0,0.0,BRAKE
3,0.0,0.0,BRAKE
2,0.0,0.0,BRAKE
2,0.0,0.0,BRAKE
2,0.0,0.0,BRAKE
2,0.0,0.0,BRAKE
2,0.0,0.0,BRAKE
2,0.0,0.0,BRAKE
2,0.0,0.0,BRAKE
2,0.0,0.0,BRAKE
2,0.0,0.0,BRAKE
2,0.0,0.0,BRAKE
2,0.0,0.0,BRAKE
2,0.0,0.0,BRAKE
2,0.0,0.0,BRAKE
2,0.0,0.0,BRAKE
5,0.0,0.0,BRAKE
2,0.0,0.0,BRAKE
2,0.0,0.0,BRAKE
2,0.0,0.0,BRAKE
2,0.0,0.0,BRAKE
2,0.0,0.0,BRAKE
2,0.0,0.0,BRAKE
2,0.0,0.0,BRAKE
2,0.0,0.0,BRAKE
2,0.0,0.0,BRAKE
2,0.0,0.0,BRAKE
2,0.0,0.0,BRAKE
2,0.0,0.0,BRAKE
2,0.023376607894897483,0.29043369583968137,CLEAR
2,0.0,0.0,BRAKE
2,0.05964670181274412,0.29043369583968137,CLEAR
1,0.11680002212524415,0.43565054375952217,CLEAR
1,0.14510951042175294,0.43565054375952217,CLEAR
5,0.1608553886413574,-0.14521684791984069,CLEAR
1,0.139337158203125,0.43565054375952217,CLEAR
1,0.1314940929412842,0.43565054375952217,CLEAR
1,0.08164148330688478,0.43565054375952217,CLEAR
1,0.07349605560302731,0.43565054375952217,CLEAR
1,0.0658872127532959,0.43565054375952217,CLEAR
1,0.026177263259887718,0.43565054375952217,CLEAR
1,0.0871335029602051,0.43565054375952217,CLEAR
1,0.005057144165039063,0.43565054375952217,CLEAR
1,0.004267024993896462,0.43565054375952217,CLEAR
1,0.036551713943481445,0.43565054375952217,CLEAR
1,0.010889053344726562,0.43565054375952217,CLEAR
2,0.0,0.0,BRAKE
2,0.007158994674682617,0.29043369583968137,CLEAR
2,0.0,0.0,BRAKE
2,0.0,0.0,BRAKE
2,0.0,0.0,BRAKE
2,0.0,0.0,BRAKE
2,0.0,0.0,BRAKE
2,0.0,0.0,BRAKE
2,0.0,0.0,BRAKE
2,0.0,0.0,BRAKE
2,0.0,0.0,BRAKE
2,0.0,0.0,BRAKE
2,0.0,0.0,BRAKE
2,0.0,0.0,BRAKE
2,0.0,0.0,BRAKE
2,0.0,0.0,BRAKE
3,0.0,0.0,BRAKE
5,0.023550844192504906,-0.14521684791984069,CLEAR
2,0.0,0.0,BRAKE
1,0.0,0.0,BRAKE
2,0.0,0.0,BRAKE
2,0.0,0.0,BRAKE
1,0.0,0.0,BRAKE
1,0.0,0.0,BRAKE
1,0.0,0.0,BRAKE
1,0.0,0.0,BRAKE
2,0.0,0.0,BRAKE
1,0.0,0.0,BRAKE
2,0.0,0.0,BRAKE
1,0.0,0.0,BRAKE
1,0.0,0.0,BRAKE
1,0.0,0.0,BRAKE
1,0.0,0.0,BRAKE
1,0.0,0.0,BRAKE
1,0.0,0.0,BRAKE
1,0.0,0.0,BRAKE
2,0.0,0.0,BRAKE
1,0.0,0.0,BRAKE
0,0.0,0.0,BRAKE
0,0.0,0.0,BRAKE
0,0.0,0.0,BRAKE
0,0.0,0.0,BRAKE
0,0.0,0.0,BRAKE
1,0.0,0.0,BRAKE
0,0.0,0.0,BRAKE
0,0.0,0.0,BRAKE
0,0.0,0.0,BRAKE
0,0.0,0.0,BRAKE
0,0.0,0.0,BRAKE
0,0.0,0.0,BRAKE
0,0.0,0.0,BRAKE
1,0.0,0.0,BRAKE
0,0.055131959915161156,0.5818900455379532,CLEAR
1,0.0853147029876709,0.43565054375952217,CLEAR
1,0.06904931068420407,0.43565054375952217,CLEAR
1,0.06553554534912107,0.43565054375952217,CLEAR
1,0.09219460487365723,0.43565054375952217,CLEAR
3,0.08051767349243166,0.14521684791984069,CLEAR
2,0.10327348709106444,0.29043369583968137,CLEAR
2,0.0666196346282959,0.29043369583968137,CLEAR
2,0.0,0.0,BRAKE
2,0.0,0.0,BRAKE
3,0.0,0.0,BRAKE
3,0.0,0.0,BRAKE
2,0.0,0.0,BRAKE
2,0.0,0.0,BRAKE
2,0.0,0.0,BRAKE
2,0.0,0.0,BRAKE
2,0.0,0.0,BRAKE
2,0.0,0.0,BRAKE
2,0.0,0.0,BRAKE
4,0.0,0.0,BRAKE
4,0.0,0.0,BRAKE
4,0.0,0.0,BRAKE
4,0.0,0.0,BRAKE
4,0.0,0.0,BRAKE
4,0.0,0.0,BRAKE
4,0.0,0.0,BRAKE
4,0.0,0.0,BRAKE
2,0.0,0.0,BRAKE
2,0.0,0.0,BRAKE
2,0.0,0.0,BRAKE
2,0.0,0.0,BRAKE
2,0.0,0.0,BRAKE
2,0.0,0.0,BRAKE
2,0.0,0.0,BRAKE
4,0.0,0.0,BRAKE
1,0.0,0.0,BRAKE
2,0.0,0.0,BRAKE
1,0.0,0.0,BRAKE
1,0.0,0.0,BRAKE
1,0.0,0.0,BRAKE
1,0.0,0.0,BRAKE
1,0.0,0.0,BRAKE
1,0.0,0.0,BRAKE
1,0.0,0.0,BRAKE
1,0.0,0.0,BRAKE
8,0.0,0.0,BRAKE
8,0.0,0.0,BRAKE
2,0.0,0.0,BRAKE
2,0.0,0.0,BRAKE
0,0.0,0.0,BRAKE
0,0.0,0.0,BRAKE
0,0.0,0.0,BRAKE
0,0.0,0.0,BRAKE
0,0.0,0.0,BRAKE
0,0.0,0.0,BRAKE
2,0.0,0.0,BRAKE
1,0.0,0.0,BRAKE
2,0.0,0.0,BRAKE
8,0.0,0.0,BRAKE
1,0.0,0.0,BRAKE
1,0.0,0.0,BRAKE
1,0.0,0.0,BRAKE
1,0.0,0.0,BRAKE
1,0.0,0.0,BRAKE
1,0.0,0.0,BRAKE
0,0.0,0.0,BRAKE
1,0.0,0.0,BRAKE
4,0.0,0.0,BRAKE
1,0.0,0.0,BRAKE
1,0.0,0.0,BRAKE
1,0.0,0.0,BRAKE
1,0.0,0.0,BRAKE
1,0.0,0.0,BRAKE
4,0.0,0.0,BRAKE
2,0.0,0.0,BRAKE
2,0.0,0.0,BRAKE
2,0.0,0.0,BRAKE
2,0.0,0.0,BRAKE
2,0.0,0.0,BRAKE
2,0.0,0.0,BRAKE
2,0.0,0.0,BRAKE
2,0.0,0.0,BRAKE
2,0.0,0.0,BRAKE
2,0.0,0.0,BRAKE
2,0.0,0.0,BRAKE
2,0.0,0.0,BRAKE
2,0.0,0.0,BRAKE
2,0.0,0.0,BRAKE
2,0.0,0.0,BRAKE
2,0.0,0.0,BRAKE
2,0.0,0.0,BRAKE
2,0.0,0.0,BRAKE
2,0.0,0.0,BRAKE
2,0.0,0.0,BRAKE
2,0.0,0.0,BRAKE
1,0.0,0.0,BRAKE
1,0.0,0.0,BRAKE
3,0.0,0.0,BRAKE
2,0.0,0.0,BRAKE
3,0.0,0.0,BRAKE
2,0.0,0.0,BRAKE
2,0.0,0.0,BRAKE
2,0.0,0.0,BRAKE
2,0.0,0.0,BRAKE
3,0.0,0.0,BRAKE
3,0.0,0.0,BRAKE
4,0.0,0.0,BRAKE
3,0.0,0.0,BRAKE
3,0.0,0.0,BRAKE
3,0.0,0.0,BRAKE
4,0.0,0.0,BRAKE
3,0.0,0.0,BRAKE
3,0.0,0.0,BRAKE
3,0.0,0.0,BRAKE
2,0.0,0.0,BRAKE
2,0.0,0.0,BRAKE
2,0.0,0.0,BRAKE
3,0.0,0.0,BRAKE
3,0.0,0.0,BRAKE
3,0.0,0.0,BRAKE
2,0.0,0.0,BRAKE
2,0.0,0.0,BRAKE
1,0.0,0.0,BRAKE
1,0.0,0.0,BRAKE
2,0.0,0.0,BRAKE
2,0.0,0.0,BRAKE
2,0.0,0.0,BRAKE
2,0.0,0.0,BRAKE
2,0.0,0.0,BRAKE
2,0.0,0.0,BRAKE
1,0.0,0.0,BRAKE
1,0.0,0.0,BRAKE
4,0.0,0.0,BRAKE
4,0.0,0.0,BRAKE
4,0.0,0.0,BRAKE
4,0.0,0.0,BRAKE
4,0.0,0.0,BRAKE
1,0.0,0.0,BRAKE
1,0.0,0.0,BRAKE
4,0.0,0.0,BRAKE
1,0.0,0.0,BRAKE
4,0.0,0.0,BRAKE
1,0.0,0.0,BRAKE
1,0.0,0.0,BRAKE
2,0.0,0.0,BRAKE
3,0.0,0.0,BRAKE
2,0.0,0.0,BRAKE
2,0.0,0.0,BRAKE
2,0.0,0.0,BRAKE
2,0.0,0.0,BRAKE
3,0.0,0.0,BRAKE
3,0.0,0.0,BRAKE
3,0.0,0.0,BRAKE
3,0.0,0.0,BRAKE
2,0.0,0.0,BRAKE
2,0.0,0.0,BRAKE
2,0.0,0.0,BRAKE
2,0.0,0.0,BRAKE
1,0.0,0.0,BRAKE
2,0.0,0.0,BRAKE
2,0.0,0.0,BRAKE
2,0.0,0.0,BRAKE
2,0.0,0.0,BRAKE
1,0.0,0.0,BRAKE
1,0.0,0.0,BRAKE
2,0.0,0.0,BRAKE
2,0.0,0.0,BRAKE
2,0.0,0.0,BRAKE
2,0.0,0.0,BRAKE
2,0.0,0.0,BRAKE
2,0.0,0.0,BRAKE
2,0.0,0.0,BRAKE
2,0.0,0.0,BRAKE
2,0.0,0.0,BRAKE
2,0.0,0.0,BRAKE
2,0.0,0.0,BRAKE
2,0.0,0.0,BRAKE
2,0.0,0.0,BRAKE
2,0.0,0.0,BRAKE
2,0.0,0.0,BRAKE
2,0.0,0.0,BRAKE
2,0.0,0.0,BRAKE
2,0.0,0.0,BRAKE
2,0.0,0.0,BRAKE
2,0.0,0.0,BRAKE
2,0.0,0.0,BRAKE
2,0.0,0.0,BRAKE
2,0.0,0.0,BRAKE
2,0.0,0.0,BRAKE
2,0.0,0.0,BRAKE
2,0.0,0.0,BRAKE
2,0.0,0.0,BRAKE
2,0.0,0.0,BRAKE
2,0.0,0.0,BRAKE
2,0.0,0.0,BRAKE
2,0.0,0.0,BRAKE
2,0.0,0.0,BRAKE
3,0.0,0.0,BRAKE
3,0.0,0.0,BRAKE
3,0.0,0.0,BRAKE
2,0.0,0.0,BRAKE
2,0.0,0.0,BRAKE
2,0.0,0.0,BRAKE
3,0.0,0.0,BRAKE
3,0.0,0.0,BRAKE
3,0.0,0.0,BRAKE
3,0.0,0.0,BRAKE
3,0.0,0.0,BRAKE
2,0.0,0.0,BRAKE
3,0.0,0.0,BRAKE
3,0.0,0.0,BRAKE
3,0.0,0.0,BRAKE
2,0.0,0.0,BRAKE
2,0.0,0.0,BRAKE
2,0.0,0.0,BRAKE
2,0.0,0.0,BRAKE
2,0.0,0.0,BRAKE
2,0.0,0.0,BRAKE
2,0.0,0.0,BRAKE
2,0.0,0.0,BRAKE
2,0.0,0.0,BRAKE
3,0.0,0.0,BRAKE
2,0.0,0.0,BRAKE
0,0.0,0.0,BRAKE
3,0.0,0.0,BRAKE
3,0.0,0.0,BRAKE
2,0.0,0.0,BRAKE
1,0.0,0.0,BRAKE
0,0.0,0.0,BRAKE
8,0.0,0.0,BRAKE
4,0.0,0.0,BRAKE
4,0.12578024864196774,-0.0,CLEAR
3,0.0,0.0,BRAKE
2,0.0,0.0,BRAKE
8,0.0,0.0,BRAKE
0,0.0,0.0,BRAKE
8,0.6,-0.5808673916793627,CLEAR
4,0.13521471023559573,-0.0,CLEAR
3,0.6,0.14521684791984069,CLEAR
3,0.6,0.14521684791984069,CLEAR
4,0.6,-0.0,CLEAR
4,0.6,-0.0,CLEAR
6,0.6,-0.29043369583968137,CLEAR
4,0.6,-0.0,CLEAR
3,0.6,0.14521684791984069,CLEAR
2,0.6,0.29043369583968137,CLEAR
7,0.6,-0.43565054375952217,CLEAR
5,0.6,-0.14521684791984069,CLEAR
2,0.6,0.29043369583968137,CLEAR
2,0.6,0.29043369583968137,CLEAR
1,0.6,0.43565054375952217,CLEAR
1,0.6,0.43565054375952217,CLEAR
2,0.6,0.29043369583968137,CLEAR
6,0.6,-0.29043369583968137,CLEAR
6,0.6,-0.29043369583968137,CLEAR
4,0.6,-0.0,CLEAR
4,0.6,-0.0,CLEAR
2,0.6,0.29043369583968137,CLEAR
3,0.09325752258300783,0.14521684791984069,CLEAR
4,0.6,-0.0,CLEAR
4,0.6,-0.0,CLEAR
4,0.6,-0.0,CLEAR
4,0.6,-0.0,CLEAR
4,0.3597358942031861,-0.0,CLEAR
2,0.6,0.29043369583968137,CLEAR
5,0.6,-0.14521684791984069,CLEAR
0,0.6,0.5818900455379532,CLEAR
6,0.6,-0.29043369583968137,CLEAR
2,0.6,0.29043369583968137,CLEAR
2,0.6,0.29043369583968137,CLEAR
2,0.6,0.29043369583968137,CLEAR
2,0.6,0.29043369583968137,CLEAR
3,0.3989486932754516,0.14521684791984069,CLEAR
3,0.13984446525573727,0.14521684791984069,CLEAR
3,0.0,0.0,BRAKE
3,0.45111211538314816,0.14521684791984069,CLEAR
3,0.009105920791625977,0.14521684791984069,CLEAR
3,0.13356385231018067,0.14521684791984069,CLEAR
3,0.42579921483993527,0.14521684791984069,CLEAR
3,0.6,0.14521684791984069,CLEAR
2,0.6,0.29043369583968137,CLEAR
5,0.6,-0.14521684791984069,CLEAR
5,0.3859195470809937,-0.14521684791984069,CLEAR
5,0.6,-0.14521684791984069,CLEAR
8,0.36504473686218264,-0.5808673916793627,CLEAR
4,0.369655179977417,-0.0,CLEAR
2,0.6,0.29043369583968137,CLEAR
2,0.0,0.0,BRAKE
1,0.0,0.0,BRAKE
1,0.0,0.0,BRAKE
2,0.0,0.0,BRAKE
1,0.0,0.0,BRAKE
1,0.0,0.0,BRAKE
1,0.04590229988098147,0.43565054375952217,CLEAR
1,0.0,0.0,BRAKE
4,0.16722469329833986,-0.0,CLEAR
3,0.049209547042846656,0.14521684791984069,CLEAR
3,0.16337137222290035,0.14521684791984069,CLEAR
0,0.1977189540863037,0.5818900455379532,CLEAR
0,0.16746096611022948,0.5818900455379532,CLEAR
1,0.12338528633117674,0.43565054375952217,CLEAR
1,0.08785576820373538,0.43565054375952217,CLEAR
1,0.0718806266784668,0.43565054375952217,CLEAR
1,0.06908149719238278,0.43565054375952217,CLEAR
1,0.0683434009552002,0.43565054375952217,CLEAR
1,0.11241536140441896,0.43565054375952217,CLEAR
1,0.04768552780151367,0.43565054375952217,CLEAR
1,0.030614137649536154,0.43565054375952217,CLEAR
1,0.05808873176574705,0.43565054375952217,CLEAR
1,0.05895318984985349,0.43565054375952217,CLEAR
1,0.056593132019042945,0.43565054375952217,CLEAR
1,0.04392671585083008,0.43565054375952217,CLEAR
1,0.060842132568359394,0.43565054375952217,CLEAR
1,0.03694438934326172,0.43565054375952217,CLEAR
1,0.03430638313293457,0.43565054375952217,CLEAR
1,0.03898634910583498,0.43565054375952217,CLEAR
1,0.04462509155273437,0.43565054375952217,CLEAR
1,0.03469524383544924,0.43565054375952217,CLEAR
1,0.03890976905822754,0.43565054375952217,CLEAR
1,0.038673019409179686,0.43565054375952217,CLEAR
1,0.04225864410400393,0.43565054375952217,CLEAR
1,0.05254726409912109,0.43565054375952217,CLEAR
1,0.04476795196533201,0.43565054375952217,CLEAR
1,0.0931379318237305,0.43565054375952217,CLEAR
1,0.03571901321411133,0.43565054375952217,CLEAR
1,0.11091532707214358,0.43565054375952217,CLEAR
1,0.04670658111572263,0.43565054375952217,CLEAR
1,0.08850111961364744,0.43565054375952217,CLEAR
1,0.04446320533752444,0.43565054375952217,CLEAR
1,0.10337781906127931,0.43565054375952217,CLEAR
1,0.08911657333374023,0.43565054375952217,CLEAR
0,0.0,0.0,BRAKE
0,0.0,0.0,BRAKE
0,0.0,0.0,BRAKE
1,0.10714917182922364,0.43565054375952217,CLEAR
1,0.15440244674682618,0.43565054375952217,CLEAR
0,0.09798421859741213,0.5818900455379532,CLEAR
0,0.031756591796874976,0.5818900455379532,CLEAR
1,0.09069013595581055,0.43565054375952217,CLEAR
1,0.03252115249633791,0.43565054375952217,CLEAR
1,0.0327819347381592,0.43565054375952217,CLEAR
0,0.09234619140624997,0.5818900455379532,CLEAR
0,0.11239628791809082,0.5818900455379532,CLEAR
0,0.01991558074951172,0.5818900455379532,CLEAR
0,0.008043193817138672,0.5818900455379532,CLEAR
0,0.09698376655578611,0.5818900455379532,CLEAR
0,0.014334106445312477,0.5818900455379532,CLEAR
1,0.08043422698974609,0.43565054375952217,CLEAR
2,0.027456998825073263,0.29043369583968137,CLEAR
1,0.0492332458496094,0.43565054375952217,CLEAR
4,0.21983470916748046,-0.0,CLEAR
2,0.20653023719787597,0.29043369583968137,CLEAR
5,0.0,0.0,BRAKE
5,0.6,-0.14521684791984069,CLEAR
7,0.6,-0.43565054375952217,CLEAR
4,0.6,-0.0,CLEAR
6,0.6,-0.29043369583968137,CLEAR
4,0.6,-0.0,CLEAR
7,0.6,-0.43565054375952217,CLEAR
6,0.6,-0.29043369583968137,CLEAR
0,0.6,0.5818900455379532,CLEAR
0,0.6,0.5818900455379532,CLEAR
2,0.6,0.29043369583968137,CLEAR
3,0.6,0.14521684791984069,CLEAR
4,0.6,-0.0,CLEAR
4,0.6,-0.0,CLEAR
2,0.6,0.29043369583968137,CLEAR
4,0.6,-0.0,CLEAR
4,0.6,-0.0,CLEAR
4,0.6,-0.0,CLEAR
3,0.6,0.14521684791984069,CLEAR
2,0.6,0.29043369583968137,CLEAR
2,0.6,0.29043369583968137,CLEAR
1,0.6,0.43565054375952217,CLEAR
2,0.6,0.29043369583968137,CLEAR
2,0.6,0.29043369583968137,CLEAR
3,0.6,0.14521684791984069,CLEAR
2,0.6,0.29043369583968137,CLEAR
3,0.6,0.14521684791984069,CLEAR
4,0.6,-0.0,CLEAR
3,0.6,0.14521684791984069,CLEAR
4,0.6,-0.0,CLEAR
5,0.6,-0.14521684791984069,CLEAR
4,0.6,-0.0,CLEAR
4,0.6,-0.0,CLEAR
4,0.6,-0.0,CLEAR
4,0.6,-0.0,CLEAR
5,0.6,-0.14521684791984069,CLEAR
5,0.6,-0.14521684791984069,CLEAR
5,0.6,-0.14521684791984069,CLEAR
5,0.6,-0.14521684791984069,CLEAR
6,0.6,-0.29043369583968137,CLEAR
6,0.6,-0.29043369583968137,CLEAR
6,0.6,-0.29043369583968137,CLEAR
6,0.6,-0.29043369583968137,CLEAR
6,0.6,-0.29043369583968137,CLEAR
6,0.6,-0.29043369583968137,CLEAR
6,0.6,-0.29043369583968137,CLEAR
6,0.6,-0.29043369583968137,CLEAR
6,0.6,-0.29043369583968137,CLEAR
6,0.6,-0.29043369583968137,CLEAR
6,0.6,-0.29043369583968137,CLEAR
6,0.6,-0.29043369583968137,CLEAR
6,0.6,-0.29043369583968137,CLEAR
6,0.6,-0.29043369583968137,CLEAR
6,0.6,-0.29043369583968137,CLEAR
6,0.6,-0.29043369583968137,CLEAR
6,0.6,-0.29043369583968137,CLEAR
5,0.6,-0.14521684791984069,CLEAR
5,0.6,-0.14521684791984069,CLEAR
5,0.6,-0.14521684791984069,CLEAR
5,0.6,-0.14521684791984069,CLEAR
5,0.6,-0.14521684791984069,CLEAR
5,0.6,-0.14521684791984069,CLEAR
5,0.6,-0.14521684791984069,CLEAR
5,0.6,-0.14521684791984069,CLEAR
5,0.6,-0.14521684791984069,CLEAR
4,0.6,-0.0,CLEAR
0,0.6,0.5818900455379532,CLEAR
6,0.6,-0.29043369583968137,CLEAR
7,0.6,-0.43565054375952217,CLEAR
5,0.6,-0.14521684791984069,CLEAR
5,0.6,-0.14521684791984069,CLEAR
6,0.6,-0.29043369583968137,CLEAR
5,0.6,-0.14521684791984069,CLEAR
8,0.6,-0.5808673916793627,CLEAR
8,0.6,-0.5808673916793627,CLEAR
8,0.6,-0.5808673916793627,CLEAR
8,0.6,-0.5808673916793627,CLEAR
8,0.6,-0.5808673916793627,CLEAR
8,0.6,-0.5808673916793627,CLEAR
4,0.6,-0.0,CLEAR
8,0.6,-0.5808673916793627,CLEAR
7,0.6,-0.43565054375952217,CLEAR
5,0.6,-0.14521684791984069,CLEAR
6,0.6,-0.29043369583968137,CLEAR
1,0.6,0.43565054375952217,CLEAR
6,0.6,-0.29043369583968137,CLEAR
5,0.6,-0.14521684791984069,CLEAR
5,0.6,-0.14521684791984069,CLEAR
6,0.6,-0.29043369583968137,CLEAR
5,0.4249658346176147,-0.14521684791984069,CLEAR
6,0.3413273096084594,-0.29043369583968137,CLEAR
5,0.34159779548645025,-0.14521684791984069,CLEAR
6,0.6,-0.29043369583968137,CLEAR
6,0.6,-0.29043369583968137,CLEAR
6,0.6,-0.29043369583968137,CLEAR
6,0.6,-0.29043369583968137,CLEAR
6,0.6,-0.29043369583968137,CLEAR
2,0.6,0.29043369583968137,CLEAR
6,0.6,-0.29043369583968137,CLEAR
4,0.6,-0.0,CLEAR
4,0.6,-0.0,CLEAR
3,0.6,0.14521684791984069,CLEAR
1,0.6,0.43565054375952217,CLEAR
3,0.6,0.14521684791984069,CLEAR
1,0.6,0.43565054375952217,CLEAR
2,0.6,0.29043369583968137,CLEAR
5,0.6,-0.14521684791984069,CLEAR
3,0.6,0.14521684791984069,CLEAR
6,0.6,-0.29043369583968137,CLEAR
3,0.6,0.14521684791984069,CLEAR
5,0.6,-0.14521684791984069,CLEAR
0,0.6,0.5818900455379532,CLEAR
1,0.6,0.43565054375952217,CLEAR
3,0.0467893123626709,0.14521684791984069,CLEAR
3,0.6,0.14521684791984069,CLEAR
8,0.0,0.0,BRAKE
8,0.0,0.0,BRAKE
0,0.0,0.0,BRAKE
0,0.0,0.0,BRAKE
0,0.0,0.0,BRAKE
0,0.0,0.0,BRAKE
1,0.0,0.0,BRAKE
0,0.0,0.0,BRAKE
1,0.0,0.0,BRAKE
0,0.0,0.0,BRAKE
3,0.0,0.0,BRAKE
3,0.0,0.0,BRAKE
3,0.0,0.0,BRAKE
2,0.0,0.0,BRAKE
3,0.0,0.0,BRAKE
3,0.0,0.0,BRAKE
3,0.0,0.0,BRAKE
3,0.0,0.0,BRAKE
3,0.0,0.0,BRAKE
2,0.0,0.0,BRAKE
4,0.0,0.0,BRAKE
4,0.0,0.0,BRAKE
3,0.6,0.14521684791984069,CLEAR
7,0.6,-0.43565054375952217,CLEAR
8,0.0,0.0,BRAKE
2,0.0,0.0,BRAKE
2,0.0,0.0,BRAKE
8,0.0,0.0,BRAKE
8,0.0,0.0,BRAKE
8,0.0,0.0,BRAKE
2,0.0,0.0,BRAKE
2,0.0,0.0,BRAKE
2,0.0,0.0,BRAKE
2,0.0,0.0,BRAKE
2,0.0,0.0,BRAKE
2,0.0,0.0,BRAKE
2,0.0,0.0,BRAKE
2,0.0,0.0,BRAKE
2,0.0,0.0,BRAKE
2,0.0,0.0,BRAKE
2,0.0,0.0,BRAKE
2,0.0,0.0,BRAKE
2,0.0,0.0,BRAKE
2,0.0,0.0,BRAKE
2,0.0,0.0,BRAKE
2,0.0,0.0,BRAKE
2,0.0,0.0,BRAKE
2,0.0,0.0,BRAKE
2,0.0,0.0,BRAKE
2,0.0,0.0,BRAKE
2,0.0,0.0,BRAKE
2,0.0,0.0,BRAKE
2,0.0,0.0,BRAKE
2,0.0,0.0,BRAKE
2,0.0,0.0,BRAKE
2,0.0,0.0,BRAKE
2,0.0,0.0,BRAKE
2,0.0,0.0,BRAKE
2,0.0,0.0,BRAKE
2,0.0,0.0,BRAKE
2,0.0,0.0,BRAKE
2,0.0,0.0,BRAKE
2,0.0,0.0,BRAKE
2,0.0,0.0,BRAKE
2,0.0,0.0,BRAKE
2,0.0,0.0,BRAKE
2,0.0,0.0,BRAKE
2,0.0,0.0,BRAKE
2,0.0,0.0,BRAKE
2,0.0,0.0,BRAKE
2,0.0,0.0,BRAKE
2,0.0,0.0,BRAKE
2,0.0,0.0,BRAKE
2,0.0,0.0,BRAKE
2,0.0,0.0,BRAKE
2,0.0,0.0,BRAKE
2,0.0,0.0,BRAKE
2,0.0,0.0,BRAKE
2,0.0,0.0,BRAKE
2,0.0,0.0,BRAKE
2,0.0,0.0,BRAKE
2,0.0,0.0,BRAKE
2,0.0,0.0,BRAKE
2,0.0,0.0,BRAKE
2,0.0,0.0,BRAKE
2,0.0,0.0,BRAKE
2,0.0,0.0,BRAKE
2,0.0,0.0,BRAKE
2,0.0,0.0,BRAKE
2,0.0,0.0,BRAKE
2,0.0,0.0,BRAKE
2,0.0,0.0,BRAKE
2,0.0,0.0,BRAKE
2,0.0,0.0,BRAKE
2,0.0,0.0,BRAKE
2,0.0,0.0,BRAKE
2,0.0,0.0,BRAKE
2,0.0,0.0,BRAKE
2,0.0,0.0,BRAKE
2,0.0,0.0,BRAKE
2,0.0,0.0,BRAKE
2,0.0,0.0,BRAKE
8,0.0,0.0,BRAKE
2,0.0,0.0,BRAKE
8,0.0,0.0,BRAKE
8,0.0,0.0,BRAKE
8,0.0,0.0,BRAKE
8,0.0,0.0,BRAKE
2,0.0,0.0,BRAKE
2,0.0,0.0,BRAKE
2,0.0,0.0,BRAKE
2,0.0,0.0,BRAKE
2,0.0,0.0,BRAKE
2,0.0,0.0,BRAKE
2,0.0,0.0,BRAKE
2,0.0,0.0,BRAKE
2,0.0,0.0,BRAKE
2,0.0,0.0,BRAKE
8,0.0,0.0,BRAKE
8,0.0,0.0,BRAKE
8,0.0,0.0,BRAKE
0,0.0,0.0,BRAKE
0,0.0,0.0,BRAKE
0,0.0,0.0,BRAKE
0,0.0,0.0,BRAKE
0,0.0,0.0,BRAKE
0,0.0,0.0,BRAKE
0,0.0,0.0,BRAKE
0,0.0,0.0,BRAKE
0,0.0,0.0,BRAKE
0,0.0,0.0,BRAKE
0,0.0,0.0,BRAKE
0,0.0,0.0,BRAKE
0,0.0,0.0,BRAKE
0,0.0,0.0,BRAKE
0,0.0,0.0,BRAKE
0,0.0,0.0,BRAKE
0,0.0,0.0,BRAKE
0,0.0,0.0,BRAKE
0,0.0,0.0,BRAKE
0,0.0,0.0,BRAKE
0,0.0,0.0,BRAKE
0,0.0,0.0,BRAKE
0,0.0,0.0,BRAKE
0,0.0,0.0,BRAKE
0,0.0,0.0,BRAKE
0,0.0,0.0,BRAKE
0,0.0,0.0,BRAKE
0,0.0,0.0,BRAKE
0,0.0,0.0,BRAKE
0,0.0,0.0,BRAKE
0,0.0,0.0,BRAKE
2,0.0,0.0,BRAKE
2,0.0,0.0,BRAKE
2,0.0,0.0,BRAKE
0,0.0,0.0,BRAKE
2,0.0,0.0,BRAKE
2,0.0,0.0,BRAKE
2,0.0,0.0,BRAKE
2,0.0,0.0,BRAKE
2,0.0,0.0,BRAKE
2,0.0,0.0,BRAKE
2,0.0,0.0,BRAKE
2,0.0,0.0,BRAKE
2,0.0,0.0,BRAKE
2,0.0,0.0,BRAKE
2,0.0,0.0,BRAKE
2,0.0,0.0,BRAKE
2,0.0,0.0,BRAKE
2,0.0,0.0,BRAKE
2,0.0,0.0,BRAKE
2,0.0,0.0,BRAKE
2,0.0,0.0,BRAKE
2,0.0,0.0,BRAKE
2,0.0,0.0,BRAKE
2,0.0,0.0,BRAKE
2,0.0,0.0,BRAKE
2,0.0,0.0,BRAKE
2,0.0,0.0,BRAKE
2,0.0,0.0,BRAKE
2,0.0,0.0,BRAKE
2,0.0,0.0,BRAKE
2,0.0,0.0,BRAKE
2,0.0,0.0,BRAKE
2,0.0,0.0,BRAKE
2,0.0,0.0,BRAKE
2,0.0,0.0,BRAKE
2,0.0,0.0,BRAKE
2,0.0,0.0,BRAKE
2,0.0,0.0,BRAKE
2,0.0,0.0,BRAKE
2,0.0,0.0,BRAKE
2,0.0,0.0,BRAKE
2,0.0,0.0,BRAKE
2,0.0,0.0,BRAKE
0,0.0,0.0,BRAKE
2,0.0,0.0,BRAKE
2,0.0,0.0,BRAKE
2,0.0,0.0,BRAKE
0,0.0,0.0,BRAKE
0,0.0,0.0,BRAKE
0,0.0,0.0,BRAKE
0,0.0,0.0,BRAKE
0,0.0,0.0,BRAKE
0,0.0,0.0,BRAKE
0,0.0,0.0,BRAKE
0,0.0,0.0,BRAKE
0,0.0,0.0,BRAKE
0,0.0,0.0,BRAKE
0,0.0,0.0,BRAKE
0,0.0,0.0,BRAKE
0,0.0,0.0,BRAKE
0,0.0,0.0,BRAKE
0,0.0,0.0,BRAKE
0,0.0,0.0,BRAKE
0,0.0,0.0,BRAKE
0,0.0,0.0,BRAKE
0,0.0,0.0,BRAKE
0,0.0,0.0,BRAKE
0,0.0,0.0,BRAKE
0,0.0,0.0,BRAKE
0,0.0,0.0,BRAKE
0,0.0,0.0,BRAKE
0,0.0,0.0,BRAKE
0,0.0,0.0,BRAKE
0,0.0,0.0,BRAKE
0,0.0,0.0,BRAKE
0,0.0,0.0,BRAKE
0,0.0,0.0,BRAKE
0,0.0,0.0,BRAKE
0,0.0,0.0,BRAKE
0,0.0,0.0,BRAKE
0,0.0,0.0,BRAKE
0,0.0,0.0,BRAKE
0,0.0,0.0,BRAKE
0,0.0,0.0,BRAKE
0,0.0,0.0,BRAKE
0,0.0,0.0,BRAKE
0,0.0,0.0,BRAKE
0,0.0,0.0,BRAKE
0,0.0,0.0,BRAKE
0,0.0,0.0,BRAKE
0,0.0,0.0,BRAKE
0,0.0,0.0,BRAKE
0,0.0,0.0,BRAKE
0,0.0,0.0,BRAKE
0,0.0,0.0,BRAKE
0,0.0,0.0,BRAKE
0,0.0,0.0,BRAKE
0,0.0,0.0,BRAKE
0,0.0,0.0,BRAKE
0,0.0,0.0,BRAKE
0,0.0,0.0,BRAKE
0,0.0,0.0,BRAKE
0,0.0,0.0,BRAKE
0,0.0,0.0,BRAKE
0,0.0,0.0,BRAKE
0,0.0,0.0,BRAKE
0,0.0,0.0,BRAKE
0,0.0,0.0,BRAKE
0,0.0,0.0,BRAKE
0,0.0,0.0,BRAKE
0,0.0,0.0,BRAKE
0,0.0,0.0,BRAKE
0,0.0,0.0,BRAKE
0,0.0,0.0,BRAKE
0,0.0,0.0,BRAKE
0,0.0,0.0,BRAKE
0,0.0,0.0,BRAKE
0,0.0,0.0,BRAKE
0,0.0,0.0,BRAKE
0,0.0,0.0,BRAKE
0,0.0,0.0,BRAKE
0,0.0,0.0,BRAKE
0,0.0,0.0,BRAKE
0,0.0,0.0,BRAKE
0,0.0,0.0,BRAKE
0,0.0,0.0,BRAKE
0,0.0,0.0,BRAKE
0,0.0,0.0,BRAKE
0,0.0,0.0,BRAKE
0,0.0,0.0,BRAKE
0,0.0,0.0,BRAKE
0,0.0,0.0,BRAKE
0,0.0,0.0,BRAKE
0,0.0,0.0,BRAKE
0,0.0,0.0,BRAKE
0,0.0,0.0,BRAKE
0,0.0,0.0,BRAKE
0,0.0,0.0,BRAKE
0,0.0,0.0,BRAKE
0,0.0,0.0,BRAKE
0,0.0,0.0,BRAKE
0,0.0,0.0,BRAKE
0,0.0,0.0,BRAKE
0,0.0,0.0,BRAKE
0,0.0,0.0,BRAKE
0,0.0,0.0,BRAKE
0,0.0,0.0,BRAKE
0,0.0,0.0,BRAKE
0,0.0,0.0,BRAKE
0,0.0,0.0,BRAKE
2,0.0,0.0,BRAKE
0,0.0,0.0,BRAKE
0,0.0,0.0,BRAKE
0,0.0,0.0,BRAKE
0,0.0,0.0,BRAKE
0,0.0,0.0,BRAKE
0,0.0,0.0,BRAKE
0,0.0,0.0,BRAKE
0,0.0,0.0,BRAKE
0,0.0,0.0,BRAKE
0,0.0,0.0,BRAKE
0,0.0,0.0,BRAKE
0,0.0,0.0,BRAKE
0,0.0,0.0,BRAKE
0,0.0,0.0,BRAKE
0,0.0,0.0,BRAKE
0,0.0,0.0,BRAKE
0,0.0,0.0,BRAKE
0,0.0,0.0,BRAKE
0,0.0,0.0,BRAKE
0,0.0,0.0,BRAKE
0,0.0,0.0,BRAKE
0,0.0,0.0,BRAKE
0,0.0,0.0,BRAKE
0,0.0,0.0,BRAKE
0,0.0,0.0,BRAKE
0,0.0,0.0,BRAKE
0,0.0,0.0,BRAKE
0,0.0,0.0,BRAKE
0,0.0,0.0,BRAKE
0,0.0,0.0,BRAKE
0,0.0,0.0,BRAKE
0,0.0,0.0,BRAKE
0,0.0,0.0,BRAKE
0,0.0,0.0,BRAKE
0,0.0,0.0,BRAKE
0,0.0,0.0,BRAKE
0,0.0,0.0,BRAKE
0,0.0,0.0,BRAKE
0,0.0,0.0,BRAKE
0,0.0,0.0,BRAKE
0,0.0,0.0,BRAKE
0,0.0,0.0,BRAKE
0,0.0,0.0,BRAKE
0,0.0,0.0,BRAKE
0,0.0,0.0,BRAKE
0,0.0,0.0,BRAKE
0,0.0,0.0,BRAKE
0,0.0,0.0,BRAKE
0,0.0,0.0,BRAKE
0,0.0,0.0,BRAKE
0,0.0,0.0,BRAKE
0,0.0,0.0,BRAKE
0,0.0,0.0,BRAKE
0,0.0,0.0,BRAKE
0,0.0,0.0,BRAKE
0,0.0,0.0,BRAKE
0,0.0,0.0,BRAKE
0,0.0,0.0,BRAKE
0,0.0,0.0,BRAKE
0,0.0,0.0,BRAKE
0,0.0,0.0,BRAKE
0,0.0,0.0,BRAKE
0,0.0,0.0,BRAKE
0,0.0,0.0,BRAKE
0,0.0,0.0,BRAKE
0,0.0,0.0,BRAKE
0,0.0,0.0,BRAKE
0,0.0,0.0,BRAKE
0,0.0,0.0,BRAKE
0,0.0,0.0,BRAKE
0,0.0,0.0,BRAKE
0,0.0,0.0,BRAKE
0,0.0,0.0,BRAKE
0,0.0,0.0,BRAKE
0,0.0,0.0,BRAKE
0,0.0,0.0,BRAKE
0,0.0,0.0,BRAKE
0,0.0,0.0,BRAKE
0,0.0,0.0,BRAKE
0,0.0,0.0,BRAKE
0,0.0,0.0,BRAKE
0,0.0,0.0,BRAKE
0,0.0,0.0,BRAKE
0,0.0,0.0,BRAKE
0,0.0,0.0,BRAKE
0,0.0,0.0,BRAKE
0,0.0,0.0,BRAKE
0,0.0,0.0,BRAKE
0,0.0,0.0,BRAKE
0,0.0,0.0,BRAKE
0,0.0,0.0,BRAKE
0,0.0,0.0,BRAKE
0,0.0,0.0,BRAKE
0,0.0,0.0,BRAKE
0,0.0,0.0,BRAKE
0,0.0,0.0,BRAKE
0,0.0,0.0,BRAKE
0,0.0,0.0,BRAKE
0,0.0,0.0,BRAKE
0,0.0,0.0,BRAKE
0,0.0,0.0,BRAKE
0,0.0,0.0,BRAKE
0,0.0,0.0,BRAKE
0,0.0,0.0,BRAKE
0,0.0,0.0,BRAKE
0,0.0,0.0,BRAKE
0,0.0,0.0,BRAKE
0,0.0,0.0,BRAKE
0,0.0,0.0,BRAKE
0,0.0,0.0,BRAKE
0,0.0,0.0,BRAKE
0,0.0,0.0,BRAKE
0,0.0,0.0,BRAKE
0,0.0,0.0,BRAKE
0,0.0,0.0,BRAKE
0,0.0,0.0,BRAKE
0,0.0,0.0,BRAKE
0,0.0,0.0,BRAKE
0,0.0,0.0,BRAKE
0,0.0,0.0,BRAKE
0,0.0,0.0,BRAKE
0,0.0,0.0,BRAKE
0,0.0,0.0,BRAKE
0,0.0,0.0,BRAKE
0,0.0,0.0,BRAKE
0,0.0,0.0,BRAKE
0,0.0,0.0,BRAKE
0,0.0,0.0,BRAKE
0,0.0,0.0,BRAKE
0,0.0,0.0,BRAKE
0,0.0,0.0,BRAKE
0,0.0,0.0,BRAKE
0,0.0,0.0,BRAKE
0,0.0,0.0,BRAKE
0,0.0,0.0,BRAKE
0,0.0,0.0,BRAKE
0,0.0,0.0,BRAKE
0,0.0,0.0,BRAKE
0,0.0,0.0,BRAKE
0,0.0,0.0,BRAKE
0,0.0,0.0,BRAKE
0,0.0,0.0,BRAKE
0,0.0,0.0,BRAKE
0,0.0,0.0,BRAKE
0,0.0,0.0,BRAKE
0,0.0,0.0,BRAKE
0,0.0,0.0,BRAKE
0,0.0,0.0,BRAKE
0,0.0,0.0,BRAKE
0,0.0,0.0,BRAKE
0,0.0,0.0,BRAKE
0,0.0,0.0,BRAKE
0,0.0,0.0,BRAKE
0,0.0,0.0,BRAKE
0,0.0,0.0,BRAKE
0,0.0,0.0,BRAKE
0,0.0,0.0,BRAKE
0,0.0,0.0,BRAKE
0,0.0,0.0,BRAKE
0,0.0,0.0,BRAKE
0,0.0,0.0,BRAKE
0,0.0,0.0,BRAKE
0,0.0,0.0,BRAKE
0,0.0,0.0,BRAKE
0,0.0,0.0,BRAKE
0,0.0,0.0,BRAKE
0,0.0,0.0,BRAKE
0,0.0,0.0,BRAKE
0,0.0,0.0,BRAKE
0,0.0,0.0,BRAKE
0,0.0,0.0,BRAKE
0,0.0,0.0,BRAKE
0,0.0,0.0,BRAKE
0,0.0,0.0,BRAKE
0,0.0,0.0,BRAKE
0,0.0,0.0,BRAKE
0,0.0,0.0,BRAKE
0,0.0,0.0,BRAKE
0,0.0,0.0,BRAKE
0,0.0,0.0,BRAKE
0,0.0,0.0,BRAKE
0,0.0,0.0,BRAKE
0,0.0,0.0,BRAKE
0,0.0,0.0,BRAKE
0,0.0,0.0,BRAKE
0,0.0,0.0,BRAKE
0,0.0,0.0,BRAKE
0,0.0,0.0,BRAKE
0,0.0,0.0,BRAKE
0,0.0,0.0,BRAKE
0,0.0,0.0,BRAKE
0,0.0,0.0,BRAKE
0,0.0,0.0,BRAKE
0,0.0,0.0,BRAKE
0,0.0,0.0,BRAKE
0,0.0,0.0,BRAKE
0,0.0,0.0,BRAKE
0,0.0,0.0,BRAKE
0,0.0,0.0,BRAKE
0,0.0,0.0,BRAKE
0,0.0,0.0,BRAKE
0,0.0,0.0,BRAKE
0,0.0,0.0,BRAKE
0,0.0,0.0,BRAKE
0,0.0,0.0,BRAKE
0,0.0,0.0,BRAKE
0,0.0,0.0,BRAKE
0,0.0,0.0,BRAKE
0,0.0,0.0,BRAKE
0,0.0,0.0,BRAKE
0,0.0,0.0,BRAKE
0,0.0,0.0,BRAKE
0,0.0,0.0,BRAKE
0,0.0,0.0,BRAKE
0,0.0,0.0,BRAKE
0,0.0,0.0,BRAKE
0,0.0,0.0,BRAKE
0,0.0,0.0,BRAKE
0,0.0,0.0,BRAKE
0,0.0,0.0,BRAKE
0,0.0,0.0,BRAKE
0,0.0,0.0,BRAKE
0,0.0,0.0,BRAKE
0,0.0,0.0,BRAKE
0,0.0,0.0,BRAKE
0,0.0,0.0,BRAKE
0,0.0,0.0,BRAKE
0,0.0,0.0,BRAKE
0,0.0,0.0,BRAKE
0,0.0,0.0,BRAKE
0,0.0,0.0,BRAKE
0,0.0,0.0,BRAKE
0,0.0,0.0,BRAKE
0,0.0,0.0,BRAKE
0,0.0,0.0,BRAKE
0,0.0,0.0,BRAKE
0,0.0,0.0,BRAKE
0,0.0,0.0,BRAKE
0,0.0,0.0,BRAKE
0,0.0,0.0,BRAKE
0,0.0,0.0,BRAKE
0,0.0,0.0,BRAKE
0,0.0,0.0,BRAKE
0,0.0,0.0,BRAKE
0,0.0,0.0,BRAKE
0,0.0,0.0,BRAKE
2,0.0,0.0,BRAKE
0,0.0,0.0,BRAKE
0,0.0,0.0,BRAKE
0,0.0,0.0,BRAKE
0,0.0,0.0,BRAKE
2,0.0,0.0,BRAKE
0,0.0,0.0,BRAKE
0,0.0,0.0,BRAKE
0,0.0,0.0,BRAKE
0,0.0,0.0,BRAKE
0,0.0,0.0,BRAKE
0,0.0,0.0,BRAKE
0,0.0,0.0,BRAKE
0,0.0,0.0,BRAKE
0,0.0,0.0,BRAKE
0,0.0,0.0,BRAKE
2,0.0,0.0,BRAKE
2,0.0,0.0,BRAKE
2,0.0,0.0,BRAKE
2,0.0,0.0,BRAKE
2,0.0,0.0,BRAKE
0,0.0,0.0,BRAKE
0,0.0,0.0,BRAKE
2,0.0,0.0,BRAKE
2,0.0,0.0,BRAKE
2,0.0,0.0,BRAKE
2,0.0,0.0,BRAKE
2,0.0,0.0,BRAKE
2,0.0,0.0,BRAKE
2,0.0,0.0,BRAKE
2,0.0,0.0,BRAKE
0,0.0,0.0,BRAKE
0,0.0,0.0,BRAKE
2,0.0,0.0,BRAKE
2,0.0,0.0,BRAKE
0,0.0,0.0,BRAKE
2,0.0,0.0,BRAKE
0,0.0,0.0,BRAKE
0,0.0,0.0,BRAKE
0,0.0,0.0,BRAKE
0,0.0,0.0,BRAKE
0,0.0,0.0,BRAKE
0,0.0,0.0,BRAKE
0,0.0,0.0,BRAKE
2,0.0,0.0,BRAKE
0,0.0,0.0,BRAKE
0,0.0,0.0,BRAKE
2,0.0,0.0,BRAKE
2,0.0,0.0,BRAKE
0,0.0,0.0,BRAKE
2,0.0,0.0,BRAKE
2,0.0,0.0,BRAKE
0,0.0,0.0,BRAKE
0,0.0,0.0,BRAKE
0,0.0,0.0,BRAKE
0,0.0,0.0,BRAKE
0,0.0,0.0,BRAKE
0,0.0,0.0,BRAKE
0,0.0,0.0,BRAKE
0,0.0,0.0,BRAKE
0,0.0,0.0,BRAKE
2,0.0,0.0,BRAKE
0,0.0,0.0,BRAKE
2,0.0,0.0,BRAKE
2,0.0,0.0,BRAKE
2,0.0,0.0,BRAKE
2,0.0,0.0,BRAKE
2,0.0,0.0,BRAKE
0,0.0,0.0,BRAKE
2,0.0,0.0,BRAKE
2,0.0,0.0,BRAKE
0,0.0,0.0,BRAKE
0,0.0,0.0,BRAKE
2,0.0,0.0,BRAKE
0,0.0,0.0,BRAKE
2,0.0,0.0,BRAKE
2,0.0,0.0,BRAKE
2,0.0,0.0,BRAKE
2,0.0,0.0,BRAKE
2,0.0,0.0,BRAKE
0,0.0,0.0,BRAKE
2,0.0,0.0,BRAKE
0,0.0,0.0,BRAKE
0,0.0,0.0,BRAKE
0,0.0,0.0,BRAKE
0,0.0,0.0,BRAKE
0,0.0,0.0,BRAKE
0,0.0,0.0,BRAKE
0,0.0,0.0,BRAKE
0,0.0,0.0,BRAKE
2,0.0,0.0,BRAKE
0,0.0,0.0,BRAKE
0,0.0,0.0,BRAKE
0,0.0,0.0,BRAKE
2,0.0,0.0,BRAKE
0,0.0,0.0,BRAKE
0,0.0,0.0,BRAKE
2,0.0,0.0,BRAKE
2,0.0,0.0,BRAKE
2,0.0,0.0,BRAKE
2,0.0,0.0,BRAKE
2,0.0,0.0,BRAKE
2,0.0,0.0,BRAKE
2,0.0,0.0,BRAKE
2,0.0,0.0,BRAKE
2,0.0,0.0,BRAKE
0,0.0,0.0,BRAKE
2,0.0,0.0,BRAKE
2,0.0,0.0,BRAKE
2,0.0,0.0,BRAKE
0,0.0,0.0,BRAKE
2,0.0,0.0,BRAKE
2,0.0,0.0,BRAKE
2,0.0,0.0,BRAKE
2,0.0,0.0,BRAKE
2,0.0,0.0,BRAKE
2,0.0,0.0,BRAKE
2,0.0,0.0,BRAKE
2,0.0,0.0,BRAKE
2,0.0,0.0,BRAKE
2,0.0,0.0,BRAKE
2,0.0,0.0,BRAKE
2,0.0,0.0,BRAKE
2,0.0,0.0,BRAKE
2,0.0,0.0,BRAKE
0,0.0,0.0,BRAKE
0,0.0,0.0,BRAKE
0,0.0,0.0,BRAKE
0,0.0,0.0,BRAKE
2,0.0,0.0,BRAKE
2,0.0,0.0,BRAKE
2,0.0,0.0,BRAKE
2,0.0,0.0,BRAKE
2,0.0,0.0,BRAKE
2,0.0,0.0,BRAKE
2,0.0,0.0,BRAKE
2,0.0,0.0,BRAKE
2,0.0,0.0,BRAKE
2,0.0,0.0,BRAKE
2,0.0,0.0,BRAKE
2,0.0,0.0,BRAKE
2,0.0,0.0,BRAKE
2,0.0,0.0,BRAKE
2,0.0,0.0,BRAKE
2,0.0,0.0,BRAKE
2,0.0,0.0,BRAKE
2,0.0,0.0,BRAKE
2,0.0,0.0,BRAKE
2,0.0,0.0,BRAKE
2,0.0,0.0,BRAKE
2,0.0,0.0,BRAKE
2,0.0,0.0,BRAKE
2,0.0,0.0,BRAKE
2,0.0,0.0,BRAKE
2,0.0,0.0,BRAKE
2,0.0,0.0,BRAKE
2,0.0,0.0,BRAKE
2,0.0,0.0,BRAKE
2,0.0,0.0,BRAKE
2,0.0,0.0,BRAKE
2,0.0,0.0,BRAKE
2,0.0,0.0,BRAKE
2,0.0,0.0,BRAKE
2,0.0,0.0,BRAKE
0,0.0,0.0,BRAKE
0,0.0,0.0,BRAKE
1,0.0,0.0,BRAKE
1,0.0,0.0,BRAKE
0,0.0,0.0,BRAKE
0,0.0,0.0,BRAKE
0,0.0,0.0,BRAKE
0,0.0,0.0,BRAKE
0,0.0,0.0,BRAKE
0,0.0,0.0,BRAKE
0,0.0,0.0,BRAKE
0,0.0,0.0,BRAKE
0,0.0,0.0,BRAKE
0,0.0,0.0,BRAKE
0,0.0,0.0,BRAKE
0,0.0,0.0,BRAKE
0,0.0,0.0,BRAKE
0,0.0,0.0,BRAKE
0,0.0,0.0,BRAKE
0,0.0,0.0,BRAKE
0,0.0,0.0,BRAKE
0,0.0,0.0,BRAKE
0,0.0,0.0,BRAKE
0,0.0,0.0,BRAKE
0,0.0,0.0,BRAKE
0,0.0,0.0,BRAKE
0,0.0,0.0,BRAKE
0,0.0,0.0,BRAKE
0,0.0,0.0,BRAKE
0,0.0,0.0,BRAKE
0,0.0,0.0,BRAKE
0,0.0,0.0,BRAKE
0,0.0,0.0,BRAKE
0,0.0,0.0,BRAKE
2,0.0,0.0,BRAKE
2,0.0,0.0,BRAKE
2,0.6,0.29043369583968137,CLEAR
2,0.6,0.29043369583968137,CLEAR
2,0.17137145996093753,0.29043369583968137,CLEAR
2,0.0,0.0,BRAKE
2,0.17843623161315916,0.29043369583968137,CLEAR
2,0.17777333259582517,0.29043369583968137,CLEAR
3,0.1393188953399658,0.14521684791984069,CLEAR
3,0.13507080078125003,0.14521684791984069,CLEAR
3,0.14032158851623536,0.14521684791984069,CLEAR
5,0.6,-0.14521684791984069,CLEAR
5,0.6,-0.14521684791984069,CLEAR
5,0.6,-0.14521684791984069,CLEAR
5,0.6,-0.14521684791984069,CLEAR
5,0.6,-0.14521684791984069,CLEAR
5,0.6,-0.14521684791984069,CLEAR
5,0.6,-0.14521684791984069,CLEAR
4,0.0,0.0,BRAKE
4,0.0,0.0,BRAKE
3,0.0,0.0,BRAKE
3,0.0,0.0,BRAKE
3,0.0,0.0,BRAKE
3,0.0,0.0,BRAKE
1,0.0,0.0,BRAKE
1,0.0,0.0,BRAKE
1,0.0,0.0,BRAKE
1,0.0,0.0,BRAKE
1,0.0,0.0,BRAKE
1,0.0,0.0,BRAKE
1,0.0,0.0,BRAKE
1,0.0,0.0,BRAKE
1,0.0,0.0,BRAKE
1,0.0,0.0,BRAKE
3,0.0,0.0,BRAKE
1,0.0,0.0,BRAKE
2,0.0,0.0,BRAKE
0,0.0,0.0,BRAKE
1,0.0,0.0,BRAKE
1,0.0,0.0,BRAKE
1,0.0,0.0,BRAKE
1,0.0,0.0,BRAKE
1,0.0,0.0,BRAKE
1,0.0,0.0,BRAKE
1,0.0,0.0,BRAKE
1,0.0,0.0,BRAKE
1,0.0,0.0,BRAKE
1,0.0,0.0,BRAKE
1,0.0,0.0,BRAKE
1,0.0,0.0,BRAKE
3,0.0,0.0,BRAKE
0,0.0,0.0,BRAKE
0,0.0,0.0,BRAKE
0,0.0,0.0,BRAKE
0,0.0,0.0,BRAKE
0,0.0,0.0,BRAKE
0,0.0,0.0,BRAKE
0,0.0,0.0,BRAKE
0,0.0,0.0,BRAKE
0,0.0,0.0,BRAKE
0,0.0,0.0,BRAKE
0,0.0,0.0,BRAKE
0,0.0,0.0,BRAKE
0,0.0,0.0,BRAKE
0,0.0,0.0,BRAKE
0,0.0,0.0,BRAKE
0,0.0,0.0,BRAKE
0,0.0,0.0,BRAKE
0,0.0,0.0,BRAKE
0,0.0,0.0,BRAKE
0,0.0,0.0,BRAKE
0,0.0,0.0,BRAKE
0,0.0,0.0,BRAKE
0,0.0,0.0,BRAKE
0,0.0,0.0,BRAKE
0,0.0,0.0,BRAKE
0,0.0,0.0,BRAKE
0,0.0,0.0,BRAKE
0,0.0,0.0,BRAKE
0,0.0,0.0,BRAKE
2,0.0,0.0,BRAKE
2,0.0,0.0,BRAKE
2,0.0,0.0,BRAKE
2,0.0,0.0,BRAKE
2,0.0,0.0,BRAKE
2,0.0,0.0,BRAKE
2,0.0,0.0,BRAKE
2,0.0,0.0,BRAKE
2,0.0,0.0,BRAKE
2,0.0,0.0,BRAKE
2,0.0,0.0,BRAKE
2,0.0,0.0,BRAKE
2,0.0,0.0,BRAKE
2,0.0,0.0,BRAKE
2,0.0,0.0,BRAKE
2,0.0,0.0,BRAKE
2,0.0,0.0,BRAKE
2,0.0,0.0,BRAKE
2,0.0,0.0,BRAKE
2,0.0,0.0,BRAKE
2,0.0,0.0,BRAKE
2,0.0,0.0,BRAKE
2,0.0,0.0,BRAKE
2,0.0,0.0,BRAKE
2,0.0,0.0,BRAKE
2,0.0,0.0,BRAKE
2,0.0,0.0,BRAKE
2,0.0,0.0,BRAKE
2,0.0,0.0,BRAKE
2,0.0,0.0,BRAKE
2,0.0,0.0,BRAKE
2,0.0,0.0,BRAKE
2,0.0,0.0,BRAKE
2,0.0,0.0,BRAKE
2,0.0,0.0,BRAKE
2,0.0,0.0,BRAKE
2,0.0,0.0,BRAKE
2,0.0,0.0,BRAKE
2,0.0,0.0,BRAKE
2,0.0,0.0,BRAKE
2,0.0,0.0,BRAKE
2,0.0,0.0,BRAKE
2,0.0,0.0,BRAKE
2,0.0,0.0,BRAKE
2,0.0,0.0,BRAKE
2,0.0,0.0,BRAKE
2,0.0,0.0,BRAKE
2,0.0,0.0,BRAKE
2,0.0,0.0,BRAKE
2,0.0,0.0,BRAKE
2,0.0,0.0,BRAKE
2,0.0,0.0,BRAKE
2,0.0,0.0,BRAKE
2,0.0,0.0,BRAKE
2,0.0,0.0,BRAKE
2,0.0,0.0,BRAKE
2,0.0,0.0,BRAKE
2,0.0,0.0,BRAKE
2,0.0,0.0,BRAKE
2,0.0,0.0,BRAKE
2,0.0,0.0,BRAKE
2,0.0,0.0,BRAKE
2,0.0,0.0,BRAKE
2,0.0,0.0,BRAKE
2,0.0,0.0,BRAKE
2,0.0,0.0,BRAKE
2,0.0,0.0,BRAKE
2,0.0,0.0,BRAKE
2,0.0,0.0,BRAKE
2,0.0,0.0,BRAKE
2,0.0,0.0,BRAKE
2,0.0,0.0,BRAKE
2,0.0,0.0,BRAKE
2,0.0,0.0,BRAKE
2,0.0,0.0,BRAKE
2,0.0,0.0,BRAKE
2,0.0,0.0,BRAKE
2,0.0,0.0,BRAKE
2,0.0,0.0,BRAKE
2,0.0,0.0,BRAKE
2,0.0,0.0,BRAKE
2,0.0,0.0,BRAKE
2,0.0,0.0,BRAKE
2,0.0,0.0,BRAKE
2,0.0,0.0,BRAKE
2,0.0,0.0,BRAKE
2,0.0,0.0,BRAKE
2,0.0,0.0,BRAKE
2,0.0,0.0,BRAKE
2,0.0,0.0,BRAKE
2,0.0,0.0,BRAKE
2,0.0,0.0,BRAKE
2,0.0,0.0,BRAKE
2,0.0,0.0,BRAKE
2,0.0,0.0,BRAKE
2,0.0,0.0,BRAKE
2,0.0,0.0,BRAKE
2,0.0,0.0,BRAKE
2,0.0,0.0,BRAKE
2,0.0,0.0,BRAKE
2,0.0,0.0,BRAKE
2,0.0,0.0,BRAKE
2,0.0,0.0,BRAKE
2,0.0,0.0,BRAKE
2,0.0,0.0,BRAKE
2,0.0,0.0,BRAKE
2,0.0,0.0,BRAKE
2,0.0,0.0,BRAKE
2,0.0,0.0,BRAKE
2,0.0,0.0,BRAKE
2,0.0,0.0,BRAKE
2,0.0,0.0,BRAKE
2,0.0,0.0,BRAKE
2,0.0,0.0,BRAKE
2,0.0,0.0,BRAKE
2,0.0,0.0,BRAKE
2,0.0,0.0,BRAKE
2,0.0,0.0,BRAKE
2,0.0,0.0,BRAKE
2,0.0,0.0,BRAKE
2,0.0,0.0,BRAKE
2,0.0,0.0,BRAKE
2,0.0,0.0,BRAKE
2,0.0,0.0,BRAKE
2,0.0,0.0,BRAKE
2,0.0,0.0,BRAKE
2,0.0,0.0,BRAKE
2,0.0,0.0,BRAKE
2,0.0,0.0,BRAKE
2,0.0,0.0,BRAKE
2,0.0,0.0,BRAKE
2,0.0,0.0,BRAKE
2,0.0,0.0,BRAKE
2,0.0,0.0,BRAKE
2,0.0,0.0,BRAKE
2,0.0,0.0,BRAKE
2,0.0,0.0,BRAKE
2,0.0,0.0,BRAKE
2,0.0,0.0,BRAKE
2,0.0,0.0,BRAKE
2,0.0,0.0,BRAKE
2,0.0,0.0,BRAKE
2,0.0,0.0,BRAKE
2,0.0,0.0,BRAKE
2,0.0,0.0,BRAKE
2,0.0,0.0,BRAKE
2,0.0,0.0,BRAKE
2,0.0,0.0,BRAKE
2,0.0,0.0,BRAKE
2,0.0,0.0,BRAKE
2,0.0,0.0,BRAKE
2,0.0,0.0,BRAKE
2,0.0,0.0,BRAKE
2,0.0,0.0,BRAKE
2,0.0,0.0,BRAKE
2,0.0,0.0,BRAKE
2,0.0,0.0,BRAKE
2,0.0,0.0,BRAKE
2,0.0,0.0,BRAKE
2,0.0,0.0,BRAKE
2,0.0,0.0,BRAKE
2,0.0,0.0,BRAKE
2,0.0,0.0,BRAKE
2,0.0,0.0,BRAKE
2,0.0,0.0,BRAKE
2,0.0,0.0,BRAKE
2,0.0,0.0,BRAKE
2,0.0,0.0,BRAKE
2,0.0,0.0,BRAKE
2,0.0,0.0,BRAKE
2,0.0,0.0,BRAKE
2,0.0,0.0,BRAKE
2,0.0,0.0,BRAKE
2,0.0,0.0,BRAKE
2,0.0,0.0,BRAKE
2,0.0,0.0,BRAKE
2,0.0,0.0,BRAKE
2,0.0,0.0,BRAKE
2,0.0,0.0,BRAKE
2,0.0,0.0,BRAKE
2,0.0,0.0,BRAKE
2,0.0,0.0,BRAKE
2,0.0,0.0,BRAKE
2,0.0,0.0,BRAKE
2,0.0,0.0,BRAKE
2,0.0,0.0,BRAKE
2,0.0,0.0,BRAKE
2,0.0,0.0,BRAKE
2,0.0,0.0,BRAKE
2,0.0,0.0,BRAKE
2,0.0,0.0,BRAKE
2,0.0,0.0,BRAKE
2,0.0,0.0,BRAKE
2,0.0,0.0,BRAKE
2,0.0,0.0,BRAKE
2,0.0,0.0,BRAKE
2,0.0,0.0,BRAKE
2,0.0,0.0,BRAKE
2,0.0,0.0,BRAKE
2,0.0,0.0,BRAKE
2,0.0,0.0,BRAKE
2,0.0,0.0,BRAKE
2,0.0,0.0,BRAKE
2,0.0,0.0,BRAKE
2,0.0,0.0,BRAKE
2,0.0,0.0,BRAKE
2,0.0,0.0,BRAKE
2,0.0,0.0,BRAKE
2,0.0,0.0,BRAKE
2,0.0,0.0,BRAKE
2,0.0,0.0,BRAKE
2,0.0,0.0,BRAKE
2,0.0,0.0,BRAKE
2,0.0,0.0,BRAKE
2,0.0,0.0,BRAKE
2,0.0,0.0,BRAKE
2,0.0,0.0,BRAKE
2,0.0,0.0,BRAKE
2,0.0,0.0,BRAKE
2,0.0,0.0,BRAKE
2,0.0,0.0,BRAKE
2,0.0,0.0,BRAKE
2,0.0,0.0,BRAKE
2,0.0,0.0,BRAKE
2,0.0,0.0,BRAKE
2,0.0,0.0,BRAKE
2,0.0,0.0,BRAKE
2,0.0,0.0,BRAKE
2,0.0,0.0,BRAKE
2,0.0,0.0,BRAKE
2,0.0,0.0,BRAKE
2,0.0,0.0,BRAKE
2,0.0,0.0,BRAKE
2,0.0,0.0,BRAKE
0,0.0,0.0,BRAKE
2,0.0,0.0,BRAKE
0,0.0,0.0,BRAKE
2,0.0,0.0,BRAKE
0,0.0,0.0,BRAKE
2,0.0,0.0,BRAKE
0,0.0,0.0,BRAKE
2,0.0,0.0,BRAKE
2,0.0,0.0,BRAKE
2,0.0,0.0,BRAKE
2,0.0,0.0,BRAKE
0,0.0,0.0,BRAKE
2,0.0,0.0,BRAKE
2,0.0,0.0,BRAKE
2,0.0,0.0,BRAKE
2,0.0,0.0,BRAKE
2,0.0,0.0,BRAKE
2,0.0,0.0,BRAKE
2,0.0,0.0,BRAKE
2,0.0,0.0,BRAKE
0,0.0,0.0,BRAKE
2,0.0,0.0,BRAKE
0,0.0,0.0,BRAKE
2,0.0,0.0,BRAKE
2,0.0,0.0,BRAKE
2,0.0,0.0,BRAKE
2,0.0,0.0,BRAKE
2,0.0,0.0,BRAKE
2,0.0,0.0,BRAKE
2,0.0,0.0,BRAKE
2,0.0,0.0,BRAKE
2,0.0,0.0,BRAKE
2,0.0,0.0,BRAKE
2,0.0,0.0,BRAKE
2,0.0,0.0,BRAKE
2,0.0,0.0,BRAKE
2,0.0,0.0,BRAKE
2,0.0,0.0,BRAKE
2,0.0,0.0,BRAKE
2,0.0,0.0,BRAKE
0,0.0,0.0,BRAKE
2,0.0,0.0,BRAKE
2,0.0,0.0,BRAKE
2,0.0,0.0,BRAKE
2,0.0,0.0,BRAKE
2,0.0,0.0,BRAKE
2,0.0,0.0,BRAKE
2,0.0,0.0,BRAKE
2,0.0,0.0,BRAKE
2,0.0,0.0,BRAKE
2,0.0,0.0,BRAKE
2,0.0,0.0,BRAKE
2,0.0,0.0,BRAKE
2,0.0,0.0,BRAKE
2,0.0,0.0,BRAKE
2,0.0,0.0,BRAKE
2,0.0,0.0,BRAKE
2,0.0,0.0,BRAKE
2,0.0,0.0,BRAKE
2,0.0,0.0,BRAKE
2,0.0,0.0,BRAKE
2,0.0,0.0,BRAKE
2,0.0,0.0,BRAKE
2,0.0,0.0,BRAKE
2,0.0,0.0,BRAKE
2,0.0,0.0,BRAKE
2,0.0,0.0,BRAKE
2,0.0,0.0,BRAKE
2,0.0,0.0,BRAKE
2,0.0,0.0,BRAKE
2,0.0,0.0,BRAKE
2,0.0,0.0,BRAKE
2,0.0,0.0,BRAKE
2,0.0,0.0,BRAKE
2,0.0,0.0,BRAKE
2,0.0,0.0,BRAKE
2,0.0,0.0,BRAKE
2,0.0,0.0,BRAKE
2,0.0,0.0,BRAKE
2,0.0,0.0,BRAKE
0,0.0,0.0,BRAKE
0,0.0,0.0,BRAKE
2,0.0,0.0,BRAKE
2,0.0,0.0,BRAKE
0,0.0,0.0,BRAKE
0,0.0,0.0,BRAKE
0,0.0,0.0,BRAKE
0,0.0,0.0,BRAKE
2,0.0,0.0,BRAKE
2,0.0,0.0,BRAKE
0,0.0,0.0,BRAKE
0,0.0,0.0,BRAKE
0,0.0,0.0,BRAKE
0,0.0,0.0,BRAKE
0,0.0,0.0,BRAKE
0,0.0,0.0,BRAKE
2,0.0,0.0,BRAKE
0,0.0,0.0,BRAKE
2,0.0,0.0,BRAKE
0,0.0,0.0,BRAKE
0,0.0,0.0,BRAKE
2,0.0,0.0,BRAKE
2,0.0,0.0,BRAKE
2,0.0,0.0,BRAKE
0,0.0,0.0,BRAKE
2,0.0,0.0,BRAKE
2,0.0,0.0,BRAKE
2,0.0,0.0,BRAKE
2,0.0,0.0,BRAKE
2,0.0,0.0,BRAKE
2,0.0,0.0,BRAKE
2,0.0,0.0,BRAKE
2,0.0,0.0,BRAKE
2,0.0,0.0,BRAKE
2,0.0,0.0,BRAKE
2,0.0,0.0,BRAKE
2,0.0,0.0,BRAKE
2,0.0,0.0,BRAKE
2,0.0,0.0,BRAKE
2,0.0,0.0,BRAKE
2,0.0,0.0,BRAKE
2,0.0,0.0,BRAKE
2,0.0,0.0,BRAKE
2,0.0,0.0,BRAKE
2,0.0,0.0,BRAKE
2,0.0,0.0,BRAKE
2,0.0,0.0,BRAKE
2,0.0,0.0,BRAKE
2,0.0,0.0,BRAKE
2,0.0,0.0,BRAKE
0,0.0,0.0,BRAKE
2,0.0,0.0,BRAKE
2,0.0,0.0,BRAKE
2,0.0,0.0,BRAKE
2,0.0,0.0,BRAKE
2,0.0,0.0,BRAKE
0,0.0,0.0,BRAKE
0,0.0,0.0,BRAKE
2,0.0,0.0,BRAKE
2,0.0,0.0,BRAKE
2,0.0,0.0,BRAKE
2,0.0,0.0,BRAKE
2,0.0,0.0,BRAKE
2,0.0,0.0,BRAKE
2,0.0,0.0,BRAKE
2,0.0,0.0,BRAKE
2,0.0,0.0,BRAKE
2,0.0,0.0,BRAKE
2,0.0,0.0,BRAKE
2,0.0,0.0,BRAKE
0,0.0,0.0,BRAKE
2,0.0,0.0,BRAKE
2,0.0,0.0,BRAKE
2,0.0,0.0,BRAKE
2,0.0,0.0,BRAKE
2,0.0,0.0,BRAKE
2,0.0,0.0,BRAKE
0,0.0,0.0,BRAKE
2,0.0,0.0,BRAKE
2,0.0,0.0,BRAKE
2,0.0,0.0,BRAKE
2,0.0,0.0,BRAKE
2,0.0,0.0,BRAKE
2,0.0,0.0,BRAKE
2,0.0,0.0,BRAKE
2,0.0,0.0,BRAKE
2,0.0,0.0,BRAKE
2,0.0,0.0,BRAKE
2,0.0,0.0,BRAKE
2,0.0,0.0,BRAKE
2,0.0,0.0,BRAKE
2,0.0,0.0,BRAKE
2,0.0,0.0,BRAKE
2,0.0,0.0,BRAKE
2,0.0,0.0,BRAKE
2,0.0,0.0,BRAKE
2,0.0,0.0,BRAKE
2,0.0,0.0,BRAKE
2,0.0,0.0,BRAKE
2,0.0,0.0,BRAKE
2,0.0,0.0,BRAKE
2,0.0,0.0,BRAKE
2,0.0,0.0,BRAKE
2,0.0,0.0,BRAKE
2,0.0,0.0,BRAKE
2,0.0,0.0,BRAKE
2,0.0,0.0,BRAKE
2,0.0,0.0,BRAKE
2,0.0,0.0,BRAKE
2,0.0,0.0,BRAKE
2,0.0,0.0,BRAKE
2,0.0,0.0,BRAKE
2,0.0,0.0,BRAKE
2,0.0,0.0,BRAKE
2,0.0,0.0,BRAKE
2,0.0,0.0,BRAKE
2,0.0,0.0,BRAKE
2,0.0,0.0,BRAKE
2,0.0,0.0,BRAKE
2,0.0,0.0,BRAKE
2,0.0,0.0,BRAKE
2,0.0,0.0,BRAKE
2,0.0,0.0,BRAKE
2,0.0,0.0,BRAKE
0,0.0,0.0,BRAKE
2,0.0,0.0,BRAKE
2,0.0,0.0,BRAKE
2,0.0,0.0,BRAKE
2,0.0,0.0,BRAKE
2,0.0,0.0,BRAKE
2,0.0,0.0,BRAKE
2,0.0,0.0,BRAKE
2,0.0,0.0,BRAKE
2,0.0,0.0,BRAKE
2,0.0,0.0,BRAKE
2,0.0,0.0,BRAKE
2,0.0,0.0,BRAKE
2,0.0,0.0,BRAKE
2,0.0,0.0,BRAKE
2,0.0,0.0,BRAKE
2,0.0,0.0,BRAKE
2,0.0,0.0,BRAKE
2,0.0,0.0,BRAKE
2,0.0,0.0,BRAKE
2,0.0,0.0,BRAKE
2,0.0,0.0,BRAKE
2,0.0,0.0,BRAKE
2,0.0,0.0,BRAKE
2,0.0,0.0,BRAKE
2,0.0,0.0,BRAKE
2,0.0,0.0,BRAKE
2,0.0,0.0,BRAKE
2,0.0,0.0,BRAKE
2,0.0,0.0,BRAKE
2,0.0,0.0,BRAKE
2,0.0,0.0,BRAKE
2,0.0,0.0,BRAKE
2,0.0,0.0,BRAKE
2,0.0,0.0,BRAKE
2,0.0,0.0,BRAKE
2,0.0,0.0,BRAKE
2,0.0,0.0,BRAKE
2,0.0,0.0,BRAKE
2,0.0,0.0,BRAKE
2,0.0,0.0,BRAKE
2,0.0,0.0,BRAKE
2,0.0,0.0,BRAKE
2,0.0,0.0,BRAKE
2,0.0,0.0,BRAKE
2,0.0,0.0,BRAKE
2,0.0,0.0,BRAKE
2,0.0,0.0,BRAKE
2,0.0,0.0,BRAKE
2,0.0,0.0,BRAKE
2,0.0,0.0,BRAKE
2,0.0,0.0,BRAKE
2,0.0,0.0,BRAKE
2,0.0,0.0,BRAKE
2,0.0,0.0,BRAKE
2,0.0,0.0,BRAKE
2,0.0,0.0,BRAKE
2,0.0,0.0,BRAKE
2,0.0,0.0,BRAKE
2,0.0,0.0,BRAKE
2,0.0,0.0,BRAKE
2,0.0,0.0,BRAKE
2,0.0,0.0,BRAKE
2,0.0,0.0,BRAKE
2,0.0,0.0,BRAKE
2,0.0,0.0,BRAKE
2,0.0,0.0,BRAKE
2,0.0,0.0,BRAKE
2,0.0,0.0,BRAKE
2,0.0,0.0,BRAKE
2,0.0,0.0,BRAKE
2,0.0,0.0,BRAKE
2,0.0,0.0,BRAKE
2,0.0,0.0,BRAKE
2,0.0,0.0,BRAKE
2,0.0,0.0,BRAKE
2,0.0,0.0,BRAKE
2,0.0,0.0,BRAKE
2,0.0,0.0,BRAKE
2,0.0,0.0,BRAKE
2,0.0,0.0,BRAKE
2,0.0,0.0,BRAKE
2,0.0,0.0,BRAKE
2,0.0,0.0,BRAKE
2,0.0,0.0,BRAKE
2,0.0,0.0,BRAKE
2,0.0,0.0,BRAKE
2,0.0,0.0,BRAKE
2,0.0,0.0,BRAKE
2,0.0,0.0,BRAKE
2,0.0,0.0,BRAKE
2,0.0,0.0,BRAKE
2,0.0,0.0,BRAKE
2,0.0,0.0,BRAKE
2,0.0,0.0,BRAKE
2,0.0,0.0,BRAKE
2,0.0,0.0,BRAKE
2,0.0,0.0,BRAKE
2,0.0,0.0,BRAKE
2,0.0,0.0,BRAKE
2,0.0,0.0,BRAKE
2,0.0,0.0,BRAKE
2,0.0,0.0,BRAKE
2,0.0,0.0,BRAKE
2,0.0,0.0,BRAKE
2,0.0,0.0,BRAKE
2,0.0,0.0,BRAKE
2,0.0,0.0,BRAKE
2,0.0,0.0,BRAKE
2,0.0,0.0,BRAKE
2,0.0,0.0,BRAKE
2,0.0,0.0,BRAKE
0,0.0,0.0,BRAKE
2,0.0,0.0,BRAKE
2,0.0,0.0,BRAKE
2,0.0,0.0,BRAKE
2,0.0,0.0,BRAKE
2,0.0,0.0,BRAKE
2,0.0,0.0,BRAKE
2,0.0,0.0,BRAKE
2,0.0,0.0,BRAKE
2,0.0,0.0,BRAKE
2,0.0,0.0,BRAKE
2,0.0,0.0,BRAKE
2,0.0,0.0,BRAKE
2,0.0,0.0,BRAKE
2,0.0,0.0,BRAKE
2,0.0,0.0,BRAKE
2,0.0,0.0,BRAKE
2,0.0,0.0,BRAKE
2,0.0,0.0,BRAKE
2,0.0,0.0,BRAKE
2,0.0,0.0,BRAKE
0,0.0,0.0,BRAKE
2,0.0,0.0,BRAKE
2,0.0,0.0,BRAKE
2,0.0,0.0,BRAKE
2,0.0,0.0,BRAKE
2,0.0,0.0,BRAKE
2,0.0,0.0,BRAKE
2,0.0,0.0,BRAKE
2,0.0,0.0,BRAKE
0,0.0,0.0,BRAKE
1,0.0,0.0,BRAKE
1,0.0,0.0,BRAKE
2,0.0,0.0,BRAKE
2,0.0,0.0,BRAKE
2,0.0,0.0,BRAKE
6,0.6,-0.29043369583968137,CLEAR
7,0.0,0.0,BRAKE
8,0.014533424377441406,-0.5808673916793627,CLEAR
7,0.14434499740600584,-0.43565054375952217,CLEAR
6,0.6,-0.29043369583968137,CLEAR
8,0.1179992198944092,-0.5808673916793627,CLEAR
3,0.1512350559234619,0.14521684791984069,CLEAR
6,0.6,-0.29043369583968137,CLEAR
5,0.6,-0.14521684791984069,CLEAR
2,0.6,0.29043369583968137,CLEAR
8,0.0762751579284668,-0.5808673916793627,CLEAR
3,0.046104049682617165,0.14521684791984069,CLEAR
3,0.0,0.0,BRAKE
3,0.0,0.0,BRAKE
2,0.6,0.29043369583968137,CLEAR
1,0.6,0.43565054375952217,CLEAR
3,0.0,0.0,BRAKE
2,0.0,0.0,BRAKE
2,0.6,0.29043369583968137,CLEAR
2,0.6,0.29043369583968137,CLEAR
2,0.2954623937606812,0.29043369583968137,CLEAR
2,0.0,0.0,BRAKE
3,0.6,0.14521684791984069,CLEAR
3,0.0,0.0,BRAKE
6,0.0,0.0,BRAKE
1,0.0,0.0,BRAKE
0,0.6,0.5818900455379532,CLEAR
0,0.0,0.0,BRAKE
3,0.6,0.14521684791984069,CLEAR
3,0.6,0.14521684791984069,CLEAR
3,0.6,0.14521684791984069,CLEAR
2,0.6,0.29043369583968137,CLEAR
3,0.23232216835021968,0.14521684791984069,CLEAR
2,0.6,0.29043369583968137,CLEAR
3,0.07177615165710446,0.14521684791984069,CLEAR
3,0.6,0.14521684791984069,CLEAR
3,0.6,0.14521684791984069,CLEAR
3,0.6,0.14521684791984069,CLEAR
2,0.6,0.29043369583968137,CLEAR
3,0.6,0.14521684791984069,CLEAR
3,0.6,0.14521684791984069,CLEAR
4,0.062341070175170876,-0.0,CLEAR
4,0.3978030920028687,-0.0,CLEAR
4,0.6,-0.0,CLEAR
4,0.6,-0.0,CLEAR
4,0.4172731280326843,-0.0,CLEAR
4,0.43697104454040525,-0.0,CLEAR
4,0.47235466241836543,-0.0,CLEAR
4,0.4748964428901672,-0.0,CLEAR
4,0.42015638351440426,-0.0,CLEAR
4,0.4124414086341858,-0.0,CLEAR
4,0.4477087736129761,-0.0,CLEAR
5,0.4010295987129211,-0.14521684791984069,CLEAR
4,0.321204400062561,-0.0,CLEAR
5,0.42162389755249025,-0.14521684791984069,CLEAR
4,0.47880299091339107,-0.0,CLEAR
4,0.4755700349807739,-0.0,CLEAR
4,0.44915254116058345,-0.0,CLEAR
4,0.3831084012985229,-0.0,CLEAR
4,0.2737521409988403,-0.0,CLEAR
4,0.33147752285003657,-0.0,CLEAR
4,0.3667653322219849,-0.0,CLEAR
4,0.2814902782440185,-0.0,CLEAR
4,0.508271062374115,-0.0,CLEAR
4,0.30356738567352287,-0.0,CLEAR
4,0.4623845100402832,-0.0,CLEAR
4,0.2473421335220337,-0.0,CLEAR
4,0.2215427875518799,-0.0,CLEAR
4,0.14311561584472654,-0.0,CLEAR
3,0.0,0.0,BRAKE
3,0.12507786750793454,0.14521684791984069,CLEAR
3,0.0,0.0,BRAKE
3,0.0,0.0,BRAKE
3,0.0,0.0,BRAKE
3,0.0,0.0,BRAKE
0,0.0,0.0,BRAKE
8,0.0,0.0,BRAKE
0,0.0,0.0,BRAKE
8,0.0,0.0,BRAKE
0,0.05128917694091799,0.5818900455379532,CLEAR
3,0.0,0.0,BRAKE
4,0.08779540061950686,-0.0,CLEAR
8,0.0340484619140625,-0.5808673916793627,CLEAR
8,0.07397260665893554,-0.5808673916793627,CLEAR
8,0.08403549194335935,-0.5808673916793627,CLEAR
8,0.11149749755859374,-0.5808673916793627,CLEAR
3,0.10206356048583984,0.14521684791984069,CLEAR
3,0.10227208137512205,0.14521684791984069,CLEAR
8,0.1110382556915283,-0.5808673916793627,CLEAR
3,0.09765906333923342,0.14521684791984069,CLEAR
3,0.09999999999999998,0.14521684791984069,CLEAR
8,0.0548164367675781,-0.5808673916793627,CLEAR
3,0.08775396347045895,0.14521684791984069,CLEAR
4,0.34755065441131594,-0.0,CLEAR
4,0.3894888401031494,-0.0,CLEAR
4,0.44387097358703614,-0.0,CLEAR
4,0.39227373600006105,-0.0,CLEAR
4,0.30677428245544436,-0.0,CLEAR
4,0.3070519924163818,-0.0,CLEAR
4,0.30437946319580084,-0.0,CLEAR
4,0.5474267601966858,-0.0,CLEAR
4,0.469714868068695,-0.0,CLEAR
4,0.4497662305831909,-0.0,CLEAR
4,0.26800050735473635,-0.0,CLEAR
4,0.2829961538314819,-0.0,CLEAR
4,0.6,-0.0,CLEAR
4,0.6,-0.0,CLEAR
4,0.6,-0.0,CLEAR
4,0.6,-0.0,CLEAR
4,0.6,-0.0,CLEAR
4,0.5757210940122605,-0.0,CLEAR
4,0.33833973407745366,-0.0,CLEAR
4,0.43550760746002193,-0.0,CLEAR
4,0.37888863086700436,-0.0,CLEAR
4,0.4562907695770263,-0.0,CLEAR
4,0.6,-0.0,CLEAR
4,0.6,-0.0,CLEAR
4,0.6,-0.0,CLEAR
4,0.6,-0.0,CLEAR
4,0.6,-0.0,CLEAR
4,0.6,-0.0,CLEAR
4,0.6,-0.0,CLEAR
4,0.6,-0.0,CLEAR
4,0.6,-0.0,CLEAR
4,0.6,-0.0,CLEAR
4,0.6,-0.0,CLEAR
4,0.6,-0.0,CLEAR
4,0.6,-0.0,CLEAR
4,0.6,-0.0,CLEAR
4,0.6,-0.0,CLEAR
4,0.6,-0.0,CLEAR
4,0.13024048805236815,-0.0,CLEAR
4,0.6,-0.0,CLEAR
4,0.6,-0.0,CLEAR
4,0.1581802845001221,-0.0,CLEAR
4,0.1507862091064453,-0.0,CLEAR
4,0.6,-0.0,CLEAR
4,0.6,-0.0,CLEAR
4,0.6,-0.0,CLEAR
4,0.6,-0.0,CLEAR
4,0.6,-0.0,CLEAR
4,0.16218276023864744,-0.0,CLEAR
4,0.1439362049102783,-0.0,CLEAR
4,0.11591567993164065,-0.0,CLEAR
4,0.16702060699462887,-0.0,CLEAR
4,0.6,-0.0,CLEAR
4,0.6,-0.0,CLEAR
4,0.6,-0.0,CLEAR
4,0.6,-0.0,CLEAR
4,0.6,-0.0,CLEAR
4,0.6,-0.0,CLEAR
4,0.6,-0.0,CLEAR
4,0.6,-0.0,CLEAR
4,0.6,-0.0,CLEAR
4,0.6,-0.0,CLEAR
4,0.6,-0.0,CLEAR
4,0.6,-0.0,CLEAR
4,0.6,-0.0,CLEAR
4,0.19936981201171874,-0.0,CLEAR
4,0.2983035326004028,-0.0,CLEAR
4,0.6,-0.0,CLEAR
4,0.6,-0.0,CLEAR
4,0.6,-0.0,CLEAR
4,0.6,-0.0,CLEAR
4,0.6,-0.0,CLEAR
4,0.6,-0.0,CLEAR
4,0.6,-0.0,CLEAR
4,0.6,-0.0,CLEAR
4,0.6,-0.0,CLEAR
4,0.6,-0.0,CLEAR
4,0.6,-0.0,CLEAR
4,0.6,-0.0,CLEAR
4,0.6,-0.0,CLEAR
4,0.3791171789169312,-0.0,CLEAR
4,0.3490768671035767,-0.0,CLEAR
4,0.6,-0.0,CLEAR
4,0.6,-0.0,CLEAR
4,0.41170930862426763,-0.0,CLEAR
4,0.2669114828109741,-0.0,CLEAR
4,0.23151538372039795,-0.0,CLEAR
4,0.2635132312774658,-0.0,CLEAR
4,0.31918559074401853,-0.0,CLEAR
4,0.2808442831039429,-0.0,CLEAR
4,0.3751344442367553,-0.0,CLEAR
4,0.6,-0.0,CLEAR
4,0.6,-0.0,CLEAR
4,0.3252965211868286,-0.0,CLEAR
4,0.6,-0.0,CLEAR
4,0.357159686088562,-0.0,CLEAR
4,0.3352311372756958,-0.0,CLEAR
4,0.3531567096710205,-0.0,CLEAR
4,0.2920079708099365,-0.0,CLEAR
4,0.2727809429168701,-0.0,CLEAR
4,0.3825697183609009,-0.0,CLEAR
4,0.3528501987457276,-0.0,CLEAR
4,0.34338316917419426,-0.0,CLEAR
4,0.6,-0.0,CLEAR
4,0.6,-0.0,CLEAR
4,0.6,-0.0,CLEAR
4,0.6,-0.0,CLEAR
4,0.6,-0.0,CLEAR
4,0.6,-0.0,CLEAR
4,0.6,-0.0,CLEAR
4,0.412617814540863,-0.0,CLEAR
4,0.3269107103347778,-0.0,CLEAR
4,0.28342628479003906,-0.0,CLEAR
4,0.33571014404296873,-0.0,CLEAR
4,0.6,-0.0,CLEAR
4,0.6,-0.0,CLEAR
4,0.6,-0.0,CLEAR
4,0.6,-0.0,CLEAR
4,0.6,-0.0,CLEAR
4,0.6,-0.0,CLEAR
4,0.6,-0.0,CLEAR
4,0.6,-0.0,CLEAR
4,0.6,-0.0,CLEAR
4,0.6,-0.0,CLEAR
4,0.6,-0.0,CLEAR
4,0.6,-0.0,CLEAR
4,0.6,-0.0,CLEAR
4,0.6,-0.0,CLEAR
4,0.6,-0.0,CLEAR
4,0.6,-0.0,CLEAR
4,0.6,-0.0,CLEAR
4,0.6,-0.0,CLEAR
4,0.6,-0.0,CLEAR
4,0.6,-0.0,CLEAR
4,0.6,-0.0,CLEAR
4,0.6,-0.0,CLEAR
4,0.6,-0.0,CLEAR
4,0.6,-0.0,CLEAR
4,0.6,-0.0,CLEAR
4,0.6,-0.0,CLEAR
4,0.6,-0.0,CLEAR
4,0.6,-0.0,CLEAR
4,0.6,-0.0,CLEAR
4,0.6,-0.0,CLEAR
4,0.6,-0.0,CLEAR
4,0.6,-0.0,CLEAR
4,0.6,-0.0,CLEAR
4,0.6,-0.0,CLEAR
4,0.6,-0.0,CLEAR
4,0.6,-0.0,CLEAR
3,0.6,0.14521684791984069,CLEAR
3,0.6,0.14521684791984069,CLEAR
5,0.6,-0.14521684791984069,CLEAR
1,0.6,0.43565054375952217,CLEAR
6,0.6,-0.29043369583968137,CLEAR
6,0.6,-0.29043369583968137,CLEAR
4,0.6,-0.0,CLEAR
4,0.6,-0.0,CLEAR
6,0.6,-0.29043369583968137,CLEAR
3,0.6,0.14521684791984069,CLEAR
1,0.6,0.43565054375952217,CLEAR
4,0.6,-0.0,CLEAR
4,0.6,-0.0,CLEAR
5,0.6,-0.14521684791984069,CLEAR
5,0.6,-0.14521684791984069,CLEAR
6,0.6,-0.29043369583968137,CLEAR
6,0.6,-0.29043369583968137,CLEAR
4,0.6,-0.0,CLEAR
5,0.6,-0.14521684791984069,CLEAR
0,0.6,0.5818900455379532,CLEAR
4,0.6,-0.0,CLEAR
3,0.6,0.14521684791984069,CLEAR
6,0.6,-0.29043369583968137,CLEAR
2,0.6,0.29043369583968137,CLEAR
5,0.6,-0.14521684791984069,CLEAR
6,0.6,-0.29043369583968137,CLEAR
3,0.6,0.14521684791984069,CLEAR
4,0.6,-0.0,CLEAR
6,0.6,-0.29043369583968137,CLEAR
4,0.6,-0.0,CLEAR
4,0.6,-0.0,CLEAR
3,0.6,0.14521684791984069,CLEAR
3,0.0,0.0,BRAKE
4,0.6,-0.0,CLEAR
1,0.6,0.43565054375952217,CLEAR
4,0.6,-0.0,CLEAR
3,0.6,0.14521684791984069,CLEAR
7,0.0,0.0,BRAKE
4,0.0579195499420166,-0.0,CLEAR
3,0.0,0.0,BRAKE
3,0.0,0.0,BRAKE
3,0.054377174377441405,0.14521684791984069,CLEAR
3,0.034748411178588866,0.14521684791984069,CLEAR
2,0.0,0.0,BRAKE
2,0.0,0.0,BRAKE
2,0.0,0.0,BRAKE
2,0.0,0.0,BRAKE
2,0.0,0.0,BRAKE
2,0.0,0.0,BRAKE
2,0.0,0.0,BRAKE
2,0.0,0.0,BRAKE
2,0.0,0.0,BRAKE
2,0.0,0.0,BRAKE
2,0.0,0.0,BRAKE
2,0.0,0.0,BRAKE
2,0.0,0.0,BRAKE
2,0.0,0.0,BRAKE
2,0.0,0.0,BRAKE
2,0.0,0.0,BRAKE
2,0.0,0.0,BRAKE
2,0.0,0.0,BRAKE
2,0.0,0.0,BRAKE
2,0.0,0.0,BRAKE
2,0.0,0.0,BRAKE
2,0.0,0.0,BRAKE
2,0.0,0.0,BRAKE
2,0.0,0.0,BRAKE
2,0.0,0.0,BRAKE
2,0.0,0.0,BRAKE
2,0.0,0.0,BRAKE
2,0.0,0.0,BRAKE
2,0.0,0.0,BRAKE
2,0.0,0.0,BRAKE
2,0.0,0.0,BRAKE
2,0.0,0.0,BRAKE
2,0.0,0.0,BRAKE
2,0.0,0.0,BRAKE
2,0.0,0.0,BRAKE
2,0.0,0.0,BRAKE
2,0.0,0.0,BRAKE
2,0.0,0.0,BRAKE
2,0.0,0.0,BRAKE
2,0.0,0.0,BRAKE
2,0.0,0.0,BRAKE
2,0.0,0.0,BRAKE
2,0.0,0.0,BRAKE
2,0.0,0.0,BRAKE
2,0.0,0.0,BRAKE
2,0.0,0.0,BRAKE
2,0.0,0.0,BRAKE
2,0.0,0.0,BRAKE
2,0.0,0.0,BRAKE
2,0.0,0.0,BRAKE
2,0.0,0.0,BRAKE
2,0.0,0.0,BRAKE
2,0.0,0.0,BRAKE
2,0.0,0.0,BRAKE
2,0.0,0.0,BRAKE
2,0.0,0.0,BRAKE
2,0.0,0.0,BRAKE
2,0.0,0.0,BRAKE
2,0.0,0.0,BRAKE
2,0.0,0.0,BRAKE
2,0.0,0.0,BRAKE
2,0.0,0.0,BRAKE
2,0.0,0.0,BRAKE
2,0.0,0.0,BRAKE
2,0.0,0.0,BRAKE
2,0.0,0.0,BRAKE
2,0.0,0.0,BRAKE
2,0.0,0.0,BRAKE
2,0.0,0.0,BRAKE
2,0.0,0.0,BRAKE
2,0.0,0.0,BRAKE
2,0.0,0.0,BRAKE
2,0.0,0.0,BRAKE
2,0.0,0.0,BRAKE
2,0.0,0.0,BRAKE
2,0.0,0.0,BRAKE
2,0.0,0.0,BRAKE
2,0.0,0.0,BRAKE
2,0.0,0.0,BRAKE
2,0.0,0.0,BRAKE
2,0.0,0.0,BRAKE
2,0.0,0.0,BRAKE
2,0.0,0.0,BRAKE
2,0.0,0.0,BRAKE
2,0.0,0.0,BRAKE
2,0.0,0.0,BRAKE
2,0.0,0.0,BRAKE
2,0.0,0.0,BRAKE
2,0.0,0.0,BRAKE
2,0.0,0.0,BRAKE
2,0.0,0.0,BRAKE
2,0.0,0.0,BRAKE
2,0.0,0.0,BRAKE
2,0.0,0.0,BRAKE
2,0.0,0.0,BRAKE
2,0.0,0.0,BRAKE
2,0.0,0.0,BRAKE
2,0.0,0.0,BRAKE
2,0.0,0.0,BRAKE
2,0.0,0.0,BRAKE
2,0.0,0.0,BRAKE
2,0.0,0.0,BRAKE
1,0.0,0.0,BRAKE
4,0.0,0.0,BRAKE
1,0.0,0.0,BRAKE
1,0.0,0.0,BRAKE
1,0.07825417518615725,0.43565054375952217,CLEAR
4,0.1034064292907715,-0.0,CLEAR
4,0.08805460929870608,-0.0,CLEAR
4,0.0887616157531738,-0.0,CLEAR
3,0.0,0.0,BRAKE
4,0.08776874542236328,-0.0,CLEAR
4,0.07878570556640625,-0.0,CLEAR
4,0.08282976150512696,-0.0,CLEAR
4,0.07386484146118162,-0.0,CLEAR
4,0.07945404052734374,-0.0,CLEAR
4,0.0872164249420166,-0.0,CLEAR
4,0.04392199516296386,-0.0,CLEAR
0,0.0605633735656738,0.5818900455379532,CLEAR
1,0.0,0.0,BRAKE
1,0.0,0.0,BRAKE
1,0.0,0.0,BRAKE
2,0.0,0.0,BRAKE
2,0.0,0.0,BRAKE
2,0.0,0.0,BRAKE
2,0.0,0.0,BRAKE
7,0.0,0.0,BRAKE
2,0.0,0.0,BRAKE
1,0.0,0.0,BRAKE
7,0.0,0.0,BRAKE
2,0.0,0.0,BRAKE
1,0.0,0.0,BRAKE
0,0.0,0.0,BRAKE
0,0.0,0.0,BRAKE
0,0.0,0.0,BRAKE
0,0.0,0.0,BRAKE
2,0.0,0.0,BRAKE
2,0.0,0.0,BRAKE
3,0.0,0.0,BRAKE
2,0.0,0.0,BRAKE
3,0.0,0.0,BRAKE
2,0.0,0.0,BRAKE
2,0.0,0.0,BRAKE
2,0.0,0.0,BRAKE
3,0.0,0.0,BRAKE
3,0.0,0.0,BRAKE
3,0.0,0.0,BRAKE
2,0.0,0.0,BRAKE
3,0.0,0.0,BRAKE
3,0.0,0.0,BRAKE
3,0.0,0.0,BRAKE
3,0.0,0.0,BRAKE
3,0.0,0.0,BRAKE
2,0.0,0.0,BRAKE
2,0.0,0.0,BRAKE
2,0.0,0.0,BRAKE
2,0.0,0.0,BRAKE
3,0.0,0.0,BRAKE
3,0.0,0.0,BRAKE
2,0.0,0.0,BRAKE
3,0.0,0.0,BRAKE
3,0.0,0.0,BRAKE
2,0.0,0.0,BRAKE
2,0.0,0.0,BRAKE
2,0.0,0.0,BRAKE
2,0.0,0.0,BRAKE
2,0.0,0.0,BRAKE
3,0.0,0.0,BRAKE
2,0.0,0.0,BRAKE
0,0.0,0.0,BRAKE
0,0.0,0.0,BRAKE
1,0.0,0.0,BRAKE
0,0.0,0.0,BRAKE
0,0.0,0.0,BRAKE
0,0.0,0.0,BRAKE
2,0.0,0.0,BRAKE
2,0.0,0.0,BRAKE
3,0.0,0.0,BRAKE
2,0.0,0.0,BRAKE
2,0.0,0.0,BRAKE
3,0.0,0.0,BRAKE
2,0.0,0.0,BRAKE
0,0.0,0.0,BRAKE
0,0.0,0.0,BRAKE
3,0.0,0.0,BRAKE
3,0.0,0.0,BRAKE
3,0.0,0.0,BRAKE
0,0.0,0.0,BRAKE
3,0.0,0.0,BRAKE
0,0.0,0.0,BRAKE
3,0.0,0.0,BRAKE
0,0.0,0.0,BRAKE
3,0.0,0.0,BRAKE
3,0.029801940917968728,0.14521684791984069,CLEAR
4,0.08779239654541017,-0.0,CLEAR
4,0.07206530570983886,-0.0,CLEAR
4,0.08610076904296875,-0.0,CLEAR
3,0.0808613300323486,0.14521684791984069,CLEAR
4,0.09038896560668942,-0.0,CLEAR
4,0.08740844726562502,-0.0,CLEAR
4,0.019596529006957984,-0.0,CLEAR
2,0.0,0.0,BRAKE
7,0.0,0.0,BRAKE
2,0.0,0.0,BRAKE
2,0.0,0.0,BRAKE
2,0.0,0.0,BRAKE
0,0.0,0.0,BRAKE
2,0.0,0.0,BRAKE
2,0.0,0.0,BRAKE
2,0.0,0.0,BRAKE
2,0.0,0.0,BRAKE
7,0.0,0.0,BRAKE
2,0.0,0.0,BRAKE
2,0.0,0.0,BRAKE
2,0.0,0.0,BRAKE
0,0.0,0.0,BRAKE
2,0.0,0.0,BRAKE
2,0.0,0.0,BRAKE
2,0.0,0.0,BRAKE
0,0.0,0.0,BRAKE
2,0.0,0.0,BRAKE
2,0.0,0.0,BRAKE
2,0.0,0.0,BRAKE
2,0.0,0.0,BRAKE
2,0.0,0.0,BRAKE
7,0.0,0.0,BRAKE
2,0.0,0.0,BRAKE
4,0.0,0.0,BRAKE
4,0.005504608154296875,-0.0,CLEAR
3,0.0427787780761719,0.14521684791984069,CLEAR
2,0.0,0.0,BRAKE
0,0.0,0.0,BRAKE
2,0.0,0.0,BRAKE
2,0.0,0.0,BRAKE
0,0.0,0.0,BRAKE
0,0.0,0.0,BRAKE
0,0.0,0.0,BRAKE
0,0.0,0.0,BRAKE
0,0.0,0.0,BRAKE
2,0.0,0.0,BRAKE
0,0.0,0.0,BRAKE
2,0.0,0.0,BRAKE
2,0.0,0.0,BRAKE
2,0.0,0.0,BRAKE
2,0.0,0.0,BRAKE
2,0.0,0.0,BRAKE
0,0.0,0.0,BRAKE
3,0.0,0.0,BRAKE
2,0.0,0.0,BRAKE
3,0.0,0.0,BRAKE
3,0.0,0.0,BRAKE
3,0.0,0.0,BRAKE
3,0.0,0.0,BRAKE
4,0.07991070747375491,-0.0,CLEAR
7,0.0,0.0,BRAKE
3,0.0,0.0,BRAKE
0,0.0,0.0,BRAKE
0,0.014779472351074218,0.5818900455379532,CLEAR
0,0.0,0.0,BRAKE
3,0.0,0.0,BRAKE
4,0.10222535133361817,-0.0,CLEAR
4,0.09294953346252444,-0.0,CLEAR
4,0.11423044204711912,-0.0,CLEAR
4,0.11053657531738278,-0.0,CLEAR
4,0.10047678947448728,-0.0,CLEAR
4,0.08183646202087404,-0.0,CLEAR
4,0.09144005775451662,-0.0,CLEAR
3,0.0,0.0,BRAKE
4,0.0,0.0,BRAKE
3,0.0,0.0,BRAKE
7,0.0,0.0,BRAKE
7,0.0,0.0,BRAKE
0,0.0,0.0,BRAKE
7,0.0,0.0,BRAKE
7,0.0,0.0,BRAKE
0,0.0,0.0,BRAKE
0,0.0,0.0,BRAKE
7,0.0,0.0,BRAKE
7,0.0,0.0,BRAKE
0,0.0,0.0,BRAKE
0,0.0,0.0,BRAKE
0,0.0,0.0,BRAKE
7,0.0,0.0,BRAKE
7,0.0,0.0,BRAKE
0,0.0,0.0,BRAKE
0,0.0,0.0,BRAKE
0,0.0,0.0,BRAKE
0,0.0,0.0,BRAKE
7,0.0,0.0,BRAKE
7,0.0,0.0,BRAKE
7,0.0,0.0,BRAKE
7,0.0,0.0,BRAKE
7,0.0,0.0,BRAKE
7,0.0,0.0,BRAKE
7,0.0,0.0,BRAKE
0,0.0,0.0,BRAKE
0,0.0,0.0,BRAKE
2,0.0,0.0,BRAKE
0,0.0,0.0,BRAKE
0,0.0,0.0,BRAKE
7,0.0,0.0,BRAKE
0,0.0,0.0,BRAKE
7,0.0,0.0,BRAKE
7,0.0,0.0,BRAKE
7,0.0,0.0,BRAKE
7,0.0,0.0,BRAKE
7,0.0,0.0,BRAKE
7,0.0,0.0,BRAKE
7,0.0,0.0,BRAKE
7,0.0,0.0,BRAKE
7,0.0,0.0,BRAKE
7,0.0,0.0,BRAKE
0,0.0,0.0,BRAKE
7,0.0,0.0,BRAKE
0,0.0,0.0,BRAKE
7,0.0,0.0,BRAKE
0,0.0,0.0,BRAKE
0,0.0,0.0,BRAKE
0,0.0,0.0,BRAKE
0,0.0,0.0,BRAKE
7,0.0,0.0,BRAKE
7,0.0,0.0,BRAKE
7,0.0,0.0,BRAKE
0,0.020314741134643575,0.5818900455379532,CLEAR
0,0.0,0.0,BRAKE
0,0.0,0.0,BRAKE
2,0.0,0.0,BRAKE
0,0.0,0.0,BRAKE
0,0.0,0.0,BRAKE
2,0.0,0.0,BRAKE
2,0.0,0.0,BRAKE
2,0.0,0.0,BRAKE
2,0.0,0.0,BRAKE
2,0.0,0.0,BRAKE
2,0.0,0.0,BRAKE
2,0.0,0.0,BRAKE
2,0.0,0.0,BRAKE
2,0.0,0.0,BRAKE
2,0.0,0.0,BRAKE
2,0.0,0.0,BRAKE
2,0.0,0.0,BRAKE
2,0.0,0.0,BRAKE
2,0.0,0.0,BRAKE
2,0.0,0.0,BRAKE
2,0.0,0.0,BRAKE
2,0.0,0.0,BRAKE
2,0.0,0.0,BRAKE
2,0.0,0.0,BRAKE
2,0.0,0.0,BRAKE
0,0.0,0.0,BRAKE
0,0.0,0.0,BRAKE
2,0.0,0.0,BRAKE
2,0.0,0.0,BRAKE
2,0.0,0.0,BRAKE
2,0.0,0.0,BRAKE
2,0.0,0.0,BRAKE
2,0.0,0.0,BRAKE
2,0.0,0.0,BRAKE
2,0.0,0.0,BRAKE
2,0.0,0.0,BRAKE
0,0.0,0.0,BRAKE
2,0.0,0.0,BRAKE
2,0.0,0.0,BRAKE
2,0.0,0.0,BRAKE
0,0.0,0.0,BRAKE
2,0.0,0.0,BRAKE
2,0.0,0.0,BRAKE
2,0.0,0.0,BRAKE
0,0.0,0.0,BRAKE
0,0.0,0.0,BRAKE
2,0.0,0.0,BRAKE
2,0.0,0.0,BRAKE
2,0.0,0.0,BRAKE
2,0.0,0.0,BRAKE
0,0.0,0.0,BRAKE
0,0.0,0.0,BRAKE
0,0.0,0.0,BRAKE
2,0.0,0.0,BRAKE
0,0.0,0.0,BRAKE
2,0.0,0.0,BRAKE
0,0.0,0.0,BRAKE
0,0.0,0.0,BRAKE
2,0.0,0.0,BRAKE
3,0.0,0.0,BRAKE
2,0.0,0.0,BRAKE
2,0.0,0.0,BRAKE
3,0.0,0.0,BRAKE
3,0.0,0.0,BRAKE
3,0.0,0.0,BRAKE
3,0.0,0.0,BRAKE
2,0.0,0.0,BRAKE
2,0.0,0.0,BRAKE
0,0.0,0.0,BRAKE
0,0.0,0.0,BRAKE
0,0.0,0.0,BRAKE
2,0.0,0.0,BRAKE
0,0.0,0.0,BRAKE
0,0.0,0.0,BRAKE
2,0.0,0.0,BRAKE
2,0.0,0.0,BRAKE
3,0.0,0.0,BRAKE
3,0.0,0.0,BRAKE
3,0.0,0.0,BRAKE
3,0.0,0.0,BRAKE
3,0.0,0.0,BRAKE
3,0.0,0.0,BRAKE
3,0.0,0.0,BRAKE
3,0.0,0.0,BRAKE
2,0.0,0.0,BRAKE
0,0.0,0.0,BRAKE
0,0.0,0.0,BRAKE
0,0.0,0.0,BRAKE
0,0.0,0.0,BRAKE
0,0.0,0.0,BRAKE
2,0.0,0.0,BRAKE
3,0.0,0.0,BRAKE
2,0.0,0.0,BRAKE
3,0.0,0.0,BRAKE
3,0.0,0.0,BRAKE
2,0.0,0.0,BRAKE
2,0.0,0.0,BRAKE
0,0.0,0.0,BRAKE
0,0.0,0.0,BRAKE
2,0.0,0.0,BRAKE
2,0.0,0.0,BRAKE
3,0.0,0.0,BRAKE
3,0.0,0.0,BRAKE
3,0.0,0.0,BRAKE
3,0.0,0.0,BRAKE
0,0.04664311408996582,0.5818900455379532,CLEAR
0,0.06199865341186523,0.5818900455379532,CLEAR
0,0.0,0.0,BRAKE
0,0.010321302816901422,0.5818900455379532,CLEAR
0,0.0,0.0,BRAKE
3,0.0554913520812988,0.14521684791984069,CLEAR
3,0.0,0.0,BRAKE
3,0.0,0.0,BRAKE
7,0.0,0.0,BRAKE
7,0.0,0.0,BRAKE
7,0.0,0.0,BRAKE
7,0.0,0.0,BRAKE
7,0.0,0.0,BRAKE
7,0.0,0.0,BRAKE
7,0.0,0.0,BRAKE
0,0.0,0.0,BRAKE
0,0.0,0.0,BRAKE
7,0.0,0.0,BRAKE
7,0.0,0.0,BRAKE
7,0.0,0.0,BRAKE
4,0.03431868553161621,-0.0,CLEAR
3,0.04692597389221193,0.14521684791984069,CLEAR
2,0.0,0.0,BRAKE
0,0.0,0.0,BRAKE
0,0.0,0.0,BRAKE
0,0.0,0.0,BRAKE
0,0.0,0.0,BRAKE
0,0.0,0.0,BRAKE
2,0.0,0.0,BRAKE
2,0.0,0.0,BRAKE
0,0.0,0.0,BRAKE
3,0.0,0.0,BRAKE
3,0.0872169494628906,0.14521684791984069,CLEAR
4,0.04059591293334961,-0.0,CLEAR
4,0.08207530975341797,-0.0,CLEAR
4,0.09133033752441408,-0.0,CLEAR
4,0.0715752124786377,-0.0,CLEAR
4,0.060770320892334,-0.0,CLEAR
4,0.09666666984558105,-0.0,CLEAR
4,0.08031439781188966,-0.0,CLEAR
4,0.09454412460327151,-0.0,CLEAR
4,0.08020887374877927,-0.0,CLEAR
4,0.0727785587310791,-0.0,CLEAR
4,0.056870174407959,-0.0,CLEAR
4,0.08885054588317873,-0.0,CLEAR
4,0.0739138126373291,-0.0,CLEAR
4,0.012409400939941405,-0.0,CLEAR
4,0.08334221839904787,-0.0,CLEAR
4,0.08131551742553708,-0.0,CLEAR
4,0.08007578849792482,-0.0,CLEAR
3,0.06652765274047852,0.14521684791984069,CLEAR
4,0.07903366088867189,-0.0,CLEAR
3,0.06643452644348144,0.14521684791984069,CLEAR
4,0.07609639167785646,-0.0,CLEAR
4,0.07620339393615724,-0.0,CLEAR
4,0.06629486083984372,-0.0,CLEAR
4,0.06625256538391112,-0.0,CLEAR
4,0.08125333786010742,-0.0,CLEAR
4,0.09317822456359863,-0.0,CLEAR
3,0.0,0.0,BRAKE
3,0.0,0.0,BRAKE
7,0.0,0.0,BRAKE
0,0.0,0.0,BRAKE
0,0.0,0.0,BRAKE
1,0.0,0.0,BRAKE
1,0.0,0.0,BRAKE
1,0.0,0.0,BRAKE
0,0.0,0.0,BRAKE
4,0.09654011726379397,-0.0,CLEAR
3,0.0,0.0,BRAKE
7,0.0,0.0,BRAKE
0,0.0,0.0,BRAKE
3,0.0,0.0,BRAKE
4,0.0,0.0,BRAKE
3,0.0,0.0,BRAKE
3,0.0,0.0,BRAKE
7,0.0,0.0,BRAKE
7,0.0,0.0,BRAKE
7,0.0,0.0,BRAKE
7,0.0,0.0,BRAKE
7,0.0,0.0,BRAKE
7,0.0,0.0,BRAKE
0,0.0,0.0,BRAKE
0,0.0,0.0,BRAKE
0,0.0,0.0,BRAKE
0,0.0,0.0,BRAKE
0,0.0,0.0,BRAKE
0,0.0,0.0,BRAKE
0,0.0,0.0,BRAKE
0,0.0,0.0,BRAKE
0,0.0,0.0,BRAKE
0,0.0,0.0,BRAKE
7,0.0,0.0,BRAKE
7,0.0,0.0,BRAKE
7,0.0,0.0,BRAKE
7,0.0,0.0,BRAKE
7,0.0,0.0,BRAKE
7,0.0,0.0,BRAKE
7,0.0,0.0,BRAKE
7,0.0,0.0,BRAKE
7,0.0,0.0,BRAKE
8,0.0,0.0,BRAKE
8,0.0,0.0,BRAKE
0,0.0,0.0,BRAKE
0,0.0,0.0,BRAKE
8,0.0,0.0,BRAKE
0,0.0,0.0,BRAKE
7,0.0,0.0,BRAKE
7,0.0,0.0,BRAKE
0,0.0,0.0,BRAKE
0,0.0,0.0,BRAKE
7,0.0,0.0,BRAKE
7,0.0,0.0,BRAKE
7,0.0,0.0,BRAKE
7,0.0,0.0,BRAKE
7,0.0,0.0,BRAKE
2,0.0,0.0,BRAKE
2,0.6,0.29043369583968137,CLEAR
2,0.0,0.0,BRAKE
1,0.0,0.0,BRAKE
5,0.6,-0.14521684791984069,CLEAR
5,0.6,-0.14521684791984069,CLEAR
4,0.6,-0.0,CLEAR
6,0.6,-0.29043369583968137,CLEAR
6,0.6,-0.29043369583968137,CLEAR
2,0.6,0.29043369583968137,CLEAR
7,0.6,-0.43565054375952217,CLEAR
8,0.6,-0.5808673916793627,CLEAR
8,0.6,-0.5808673916793627,CLEAR
4,0.6,-0.0,CLEAR
2,0.6,0.29043369583968137,CLEAR
4,0.6,-0.0,CLEAR
3,0.6,0.14521684791984069,CLEAR
4,0.6,-0.0,CLEAR
4,0.6,-0.0,CLEAR
3,0.6,0.14521684791984069,CLEAR
3,0.6,0.14521684791984069,CLEAR
3,0.6,0.14521684791984069,CLEAR
4,0.6,-0.0,CLEAR
3,0.6,0.14521684791984069,CLEAR
3,0.6,0.14521684791984069,CLEAR
3,0.6,0.14521684791984069,CLEAR
4,0.6,-0.0,CLEAR
4,0.6,-0.0,CLEAR
4,0.0,0.0,BRAKE
4,0.0,0.0,BRAKE
4,0.0,0.0,BRAKE
4,0.0,0.0,BRAKE
4,0.0,0.0,BRAKE
4,0.0,0.0,BRAKE
4,0.0,0.0,BRAKE
4,0.0,0.0,BRAKE
4,0.0,0.0,BRAKE
4,0.0,0.0,BRAKE
4,0.0,0.0,BRAKE
4,0.0,0.0,BRAKE
4,0.0,0.0,BRAKE
4,0.0,0.0,BRAKE
5,0.0,0.0,BRAKE
5,0.0,0.0,BRAKE
5,0.0,0.0,BRAKE
5,0.6,-0.14521684791984069,CLEAR
5,0.6,-0.14521684791984069,CLEAR
5,0.6,-0.14521684791984069,CLEAR
5,0.6,-0.14521684791984069,CLEAR
5,0.6,-0.14521684791984069,CLEAR
5,0.6,-0.14521684791984069,CLEAR
5,0.6,-0.14521684791984069,CLEAR
5,0.6,-0.14521684791984069,CLEAR
5,0.6,-0.14521684791984069,CLEAR
5,0.6,-0.14521684791984069,CLEAR
5,0.6,-0.14521684791984069,CLEAR
5,0.6,-0.14521684791984069,CLEAR
5,0.6,-0.14521684791984069,CLEAR
5,0.6,-0.14521684791984069,CLEAR
5,0.6,-0.14521684791984069,CLEAR
5,0.6,-0.14521684791984069,CLEAR
5,0.6,-0.14521684791984069,CLEAR
5,0.6,-0.14521684791984069,CLEAR
5,0.6,-0.14521684791984069,CLEAR
5,0.6,-0.14521684791984069,CLEAR
5,0.6,-0.14521684791984069,CLEAR
5,0.6,-0.14521684791984069,CLEAR
4,0.6,-0.0,CLEAR
4,0.6,-0.0,CLEAR
3,0.6,0.14521684791984069,CLEAR
3,0.6,0.14521684791984069,CLEAR
2,0.6,0.29043369583968137,CLEAR
2,0.6,0.29043369583968137,CLEAR
2,0.6,0.29043369583968137,CLEAR
2,0.6,0.29043369583968137,CLEAR
2,0.6,0.29043369583968137,CLEAR
3,0.6,0.14521684791984069,CLEAR
3,0.6,0.14521684791984069,CLEAR
3,0.6,0.14521684791984069,CLEAR
3,0.6,0.14521684791984069,CLEAR
3,0.6,0.14521684791984069,CLEAR
3,0.6,0.14521684791984069,CLEAR
3,0.6,0.14521684791984069,CLEAR
3,0.6,0.14521684791984069,CLEAR
3,0.6,0.14521684791984069,CLEAR
3,0.6,0.14521684791984069,CLEAR
3,0.6,0.14521684791984069,CLEAR
3,0.6,0.14521684791984069,CLEAR
3,0.6,0.14521684791984069,CLEAR
3,0.6,0.14521684791984069,CLEAR
3,0.6,0.14521684791984069,CLEAR
3,0.6,0.14521684791984069,CLEAR
3,0.6,0.14521684791984069,CLEAR
3,0.6,0.14521684791984069,CLEAR
3,0.6,0.14521684791984069,CLEAR
3,0.6,0.14521684791984069,CLEAR
3,0.6,0.14521684791984069,CLEAR
3,0.6,0.14521684791984069,CLEAR
3,0.6,0.14521684791984069,CLEAR
3,0.6,0.14521684791984069,CLEAR
3,0.6,0.14521684791984069,CLEAR
3,0.6,0.14521684791984069,CLEAR
3,0.6,0.14521684791984069,CLEAR
3,0.6,0.14521684791984069,CLEAR
4,0.6,-0.0,CLEAR
4,0.6,-0.0,CLEAR
3,0.6,0.14521684791984069,CLEAR
3,0.6,0.14521684791984069,CLEAR
4,0.6,-0.0,CLEAR
4,0.6,-0.0,CLEAR
4,0.6,-0.0,CLEAR
4,0.6,-0.0,CLEAR
4,0.6,-0.0,CLEAR
4,0.6,-0.0,CLEAR
4,0.6,-0.0,CLEAR
4,0.6,-0.0,CLEAR
4,0.6,-0.0,CLEAR
4,0.6,-0.0,CLEAR
4,0.6,-0.0,CLEAR
4,0.6,-0.0,CLEAR
4,0.6,-0.0,CLEAR
4,0.6,-0.0,CLEAR
4,0.6,-0.0,CLEAR
4,0.6,-0.0,CLEAR
4,0.6,-0.0,CLEAR
4,0.6,-0.0,CLEAR
4,0.6,-0.0,CLEAR
4,0.6,-0.0,CLEAR
4,0.6,-0.0,CLEAR
4,0.6,-0.0,CLEAR
4,0.6,-0.0,CLEAR
3,0.6,0.14521684791984069,CLEAR
3,0.6,0.14521684791984069,CLEAR
3,0.6,0.14521684791984069,CLEAR
3,0.6,0.14521684791984069,CLEAR
3,0.6,0.14521684791984069,CLEAR
3,0.6,0.14521684791984069,CLEAR
4,0.6,-0.0,CLEAR
5,0.6,-0.14521684791984069,CLEAR
4,0.6,-0.0,CLEAR
4,0.6,-0.0,CLEAR
4,0.6,-0.0,CLEAR
4,0.6,-0.0,CLEAR
4,0.6,-0.0,CLEAR
5,0.6,-0.14521684791984069,CLEAR
4,0.6,-0.0,CLEAR
5,0.6,-0.14521684791984069,CLEAR
4,0.6,-0.0,CLEAR
4,0.6,-0.0,CLEAR
4,0.6,-0.0,CLEAR
4,0.6,-0.0,CLEAR
5,0.6,-0.14521684791984069,CLEAR
4,0.6,-0.0,CLEAR
5,0.6,-0.14521684791984069,CLEAR
5,0.6,-0.14521684791984069,CLEAR
4,0.6,-0.0,CLEAR
5,0.6,-0.14521684791984069,CLEAR
5,0.6,-0.14521684791984069,CLEAR
5,0.6,-0.14521684791984069,CLEAR
5,0.6,-0.14521684791984069,CLEAR
5,0.6,-0.14521684791984069,CLEAR
5,0.6,-0.14521684791984069,CLEAR
5,0.6,-0.14521684791984069,CLEAR
5,0.6,-0.14521684791984069,CLEAR
5,0.6,-0.14521684791984069,CLEAR
5,0.6,-0.14521684791984069,CLEAR
5,0.6,-0.14521684791984069,CLEAR
5,0.6,-0.14521684791984069,CLEAR
5,0.6,-0.14521684791984069,CLEAR
5,0.6,-0.14521684791984069,CLEAR
5,0.6,-0.14521684791984069,CLEAR
5,0.6,-0.14521684791984069,CLEAR
5,0.6,-0.14521684791984069,CLEAR
5,0.6,-0.14521684791984069,CLEAR
5,0.6,-0.14521684791984069,CLEAR
5,0.6,-0.14521684791984069,CLEAR
5,0.6,-0.14521684791984069,CLEAR
5,0.6,-0.14521684791984069,CLEAR
5,0.6,-0.14521684791984069,CLEAR
5,0.6,-0.14521684791984069,CLEAR
5,0.6,-0.14521684791984069,CLEAR
5,0.6,-0.14521684791984069,CLEAR
5,0.6,-0.14521684791984069,CLEAR
5,0.6,-0.14521684791984069,CLEAR
5,0.6,-0.14521684791984069,CLEAR
5,0.6,-0.14521684791984069,CLEAR
5,0.6,-0.14521684791984069,CLEAR
5,0.6,-0.14521684791984069,CLEAR
5,0.6,-0.14521684791984069,CLEAR
5,0.6,-0.14521684791984069,CLEAR
5,0.6,-0.14521684791984069,CLEAR
5,0.6,-0.14521684791984069,CLEAR
5,0.6,-0.14521684791984069,CLEAR
5,0.6,-0.14521684791984069,CLEAR
5,0.6,-0.14521684791984069,CLEAR
5,0.6,-0.14521684791984069,CLEAR
5,0.6,-0.14521684791984069,CLEAR
5,0.6,-0.14521684791984069,CLEAR
5,0.6,-0.14521684791984069,CLEAR
5,0.6,-0.14521684791984069,CLEAR
5,0.6,-0.14521684791984069,CLEAR
5,0.6,-0.14521684791984069,CLEAR
5,0.6,-0.14521684791984069,CLEAR
5,0.6,-0.14521684791984069,CLEAR
5,0.6,-0.14521684791984069,CLEAR
5,0.6,-0.14521684791984069,CLEAR
5,0.6,-0.14521684791984069,CLEAR
5,0.6,-0.14521684791984069,CLEAR
5,0.6,-0.14521684791984069,CLEAR
5,0.6,-0.14521684791984069,CLEAR
5,0.6,-0.14521684791984069,CLEAR
5,0.6,-0.14521684791984069,CLEAR
5,0.6,-0.14521684791984069,CLEAR
5,0.6,-0.14521684791984069,CLEAR
5,0.6,-0.14521684791984069,CLEAR
5,0.6,-0.14521684791984069,CLEAR
5,0.6,-0.14521684791984069,CLEAR
5,0.6,-0.14521684791984069,CLEAR
5,0.6,-0.14521684791984069,CLEAR
5,0.6,-0.14521684791984069,CLEAR
5,0.6,-0.14521684791984069,CLEAR
5,0.6,-0.14521684791984069,CLEAR
5,0.6,-0.14521684791984069,CLEAR
5,0.6,-0.14521684791984069,CLEAR
5,0.6,-0.14521684791984069,CLEAR
5,0.6,-0.14521684791984069,CLEAR
5,0.6,-0.14521684791984069,CLEAR
5,0.6,-0.14521684791984069,CLEAR
5,0.6,-0.14521684791984069,CLEAR
5,0.6,-0.14521684791984069,CLEAR
5,0.6,-0.14521684791984069,CLEAR
5,0.6,-0.14521684791984069,CLEAR
5,0.6,-0.14521684791984069,CLEAR
5,0.6,-0.14521684791984069,CLEAR
5,0.6,-0.14521684791984069,CLEAR
5,0.6,-0.14521684791984069,CLEAR
5,0.6,-0.14521684791984069,CLEAR
5,0.6,-0.14521684791984069,CLEAR
5,0.6,-0.14521684791984069,CLEAR
5,0.6,-0.14521684791984069,CLEAR
5,0.6,-0.14521684791984069,CLEAR
5,0.6,-0.14521684791984069,CLEAR
5,0.6,-0.14521684791984069,CLEAR
5,0.6,-0.14521684791984069,CLEAR
5,0.6,-0.14521684791984069,CLEAR
5,0.6,-0.14521684791984069,CLEAR
5,0.6,-0.14521684791984069,CLEAR
5,0.6,-0.14521684791984069,CLEAR
5,0.6,-0.14521684791984069,CLEAR
5,0.6,-0.14521684791984069,CLEAR
5,0.6,-0.14521684791984069,CLEAR
5,0.6,-0.14521684791984069,CLEAR
5,0.6,-0.14521684791984069,CLEAR
5,0.6,-0.14521684791984069,CLEAR
5,0.6,-0.14521684791984069,CLEAR
5,0.6,-0.14521684791984069,CLEAR
5,0.6,-0.14521684791984069,CLEAR
5,0.6,-0.14521684791984069,CLEAR
5,0.6,-0.14521684791984069,CLEAR
5,0.6,-0.14521684791984069,CLEAR
5,0.6,-0.14521684791984069,CLEAR
5,0.6,-0.14521684791984069,CLEAR
5,0.6,-0.14521684791984069,CLEAR
5,0.6,-0.14521684791984069,CLEAR
5,0.6,-0.14521684791984069,CLEAR
5,0.6,-0.14521684791984069,CLEAR
5,0.6,-0.14521684791984069,CLEAR
5,0.6,-0.14521684791984069,CLEAR
5,0.6,-0.14521684791984069,CLEAR
5,0.6,-0.14521684791984069,CLEAR
5,0.6,-0.14521684791984069,CLEAR
5,0.6,-0.14521684791984069,CLEAR
5,0.6,-0.14521684791984069,CLEAR
5,0.6,-0.14521684791984069,CLEAR
5,0.6,-0.14521684791984069,CLEAR
5,0.6,-0.14521684791984069,CLEAR
5,0.6,-0.14521684791984069,CLEAR
5,0.6,-0.14521684791984069,CLEAR
5,0.6,-0.14521684791984069,CLEAR
5,0.6,-0.14521684791984069,CLEAR
5,0.6,-0.14521684791984069,CLEAR
5,0.6,-0.14521684791984069,CLEAR
5,0.6,-0.14521684791984069,CLEAR
5,0.6,-0.14521684791984069,CLEAR
5,0.6,-0.14521684791984069,CLEAR
5,0.6,-0.14521684791984069,CLEAR
5,0.6,-0.14521684791984069,CLEAR
5,0.6,-0.14521684791984069,CLEAR
5,0.6,-0.14521684791984069,CLEAR
5,0.6,-0.14521684791984069,CLEAR
5,0.6,-0.14521684791984069,CLEAR
5,0.6,-0.14521684791984069,CLEAR
5,0.6,-0.14521684791984069,CLEAR
5,0.6,-0.14521684791984069,CLEAR
5,0.6,-0.14521684791984069,CLEAR
5,0.6,-0.14521684791984069,CLEAR
5,0.6,-0.14521684791984069,CLEAR
5,0.6,-0.14521684791984069,CLEAR
5,0.6,-0.14521684791984069,CLEAR
5,0.6,-0.14521684791984069,CLEAR
5,0.6,-0.14521684791984069,CLEAR
5,0.6,-0.14521684791984069,CLEAR
5,0.6,-0.14521684791984069,CLEAR
5,0.6,-0.14521684791984069,CLEAR
5,0.6,-0.14521684791984069,CLEAR
5,0.6,-0.14521684791984069,CLEAR
5,0.6,-0.14521684791984069,CLEAR
5,0.6,-0.14521684791984069,CLEAR
5,0.6,-0.14521684791984069,CLEAR
4,0.6,-0.0,CLEAR
4,0.6,-0.0,CLEAR
4,0.6,-0.0,CLEAR
4,0.6,-0.0,CLEAR
3,0.6,0.14521684791984069,CLEAR
0,0.6,0.5818900455379532,CLEAR
4,0.6,-0.0,CLEAR
4,0.6,-0.0,CLEAR
4,0.6,-0.0,CLEAR
4,0.6,-0.0,CLEAR
4,0.6,-0.0,CLEAR
4,0.6,-0.0,CLEAR
4,0.6,-0.0,CLEAR
4,0.6,-0.0,CLEAR
4,0.6,-0.0,CLEAR
3,0.6,0.14521684791984069,CLEAR
4,0.6,-0.0,CLEAR
4,0.6,-0.0,CLEAR
4,0.6,-0.0,CLEAR
3,0.6,0.14521684791984069,CLEAR
4,0.6,-0.0,CLEAR
3,0.6,0.14521684791984069,CLEAR
3,0.6,0.14521684791984069,CLEAR
3,0.6,0.14521684791984069,CLEAR
3,0.6,0.14521684791984069,CLEAR
3,0.6,0.14521684791984069,CLEAR
4,0.6,-0.0,CLEAR
4,0.6,-0.0,CLEAR
4,0.6,-0.0,CLEAR
4,0.6,-0.0,CLEAR
4,0.6,-0.0,CLEAR
4,0.6,-0.0,CLEAR
4,0.6,-0.0,CLEAR
4,0.6,-0.0,CLEAR
4,0.6,-0.0,CLEAR
4,0.6,-0.0,CLEAR
4,0.6,-0.0,CLEAR
4,0.6,-0.0,CLEAR
4,0.6,-0.0,CLEAR
4,0.6,-0.0,CLEAR
4,0.6,-0.0,CLEAR
4,0.6,-0.0,CLEAR
4,0.6,-0.0,CLEAR
4,0.6,-0.0,CLEAR
4,0.6,-0.0,CLEAR
4,0.6,-0.0,CLEAR
4,0.6,-0.0,CLEAR
4,0.6,-0.0,CLEAR
0,0.6,0.5818900455379532,CLEAR
0,0.6,0.5818900455379532,CLEAR
4,0.6,-0.0,CLEAR
4,0.6,-0.0,CLEAR
4,0.6,-0.0,CLEAR
4,0.6,-0.0,CLEAR
4,0.6,-0.0,CLEAR
3,0.6,0.14521684791984069,CLEAR
3,0.6,0.14521684791984069,CLEAR
4,0.6,-0.0,CLEAR
4,0.6,-0.0,CLEAR
4,0.6,-0.0,CLEAR
4,0.6,-0.0,CLEAR
4,0.6,-0.0,CLEAR
4,0.6,-0.0,CLEAR
4,0.6,-0.0,CLEAR
4,0.6,-0.0,CLEAR
4,0.6,-0.0,CLEAR
4,0.6,-0.0,CLEAR
4,0.6,-0.0,CLEAR
4,0.6,-0.0,CLEAR
4,0.6,-0.0,CLEAR
4,0.6,-0.0,CLEAR
4,0.6,-0.0,CLEAR
4,0.6,-0.0,CLEAR
4,0.6,-0.0,CLEAR
4,0.6,-0.0,CLEAR
4,0.6,-0.0,CLEAR
4,0.6,-0.0,CLEAR
4,0.6,-0.0,CLEAR
4,0.6,-0.0,CLEAR
4,0.6,-0.0,CLEAR
4,0.6,-0.0,CLEAR
4,0.6,-0.0,CLEAR
4,0.6,-0.0,CLEAR
4,0.6,-0.0,CLEAR
4,0.6,-0.0,CLEAR
4,0.6,-0.0,CLEAR
4,0.6,-0.0,CLEAR
4,0.6,-0.0,CLEAR
8,0.6,-0.5808673916793627,CLEAR
5,0.6,-0.14521684791984069,CLEAR
3,0.029404973983764626,0.14521684791984069,CLEAR
6,0.6,-0.29043369583968137,CLEAR
3,0.0,0.0,BRAKE
5,0.29323105812072753,-0.14521684791984069,CLEAR
6,0.4528514981269836,-0.29043369583968137,CLEAR
5,0.23963468309859157,-0.14521684791984069,CLEAR
6,0.3457818984985352,-0.29043369583968137,CLEAR
3,0.35785253047943116,0.14521684791984069,CLEAR
5,0.3693472623825073,-0.14521684791984069,CLEAR
5,0.3691040754318237,-0.14521684791984069,CLEAR
6,0.029357394366197175,-0.29043369583968137,CLEAR
8,0.25019806338028167,-0.5808673916793627,CLEAR
8,0.1645841121673584,-0.5808673916793627,CLEAR
3,0.1833578109741211,0.14521684791984069,CLEAR
3,0.11683538732394366,0.14521684791984069,CLEAR
3,0.22433978873239438,0.14521684791984069,CLEAR
3,0.20930233001708987,0.14521684791984069,CLEAR
3,0.27152578830718993,0.14521684791984069,CLEAR
2,0.6,0.29043369583968137,CLEAR
2,0.0,0.0,BRAKE
2,0.23679168224334718,0.29043369583968137,CLEAR
4,0.3571329116821289,-0.0,CLEAR
1,0.36709389686584465,0.43565054375952217,CLEAR
4,0.35772802829742434,-0.0,CLEAR
4,0.34597978591918943,-0.0,CLEAR
0,0.6,0.5818900455379532,CLEAR
3,0.6,0.14521684791984069,CLEAR
0,0.6,0.5818900455379532,CLEAR
0,0.6,0.5818900455379532,CLEAR
6,0.6,-0.29043369583968137,CLEAR
5,0.0,0.0,BRAKE
6,0.019181299209594726,-0.29043369583968137,CLEAR
7,0.0,0.0,BRAKE
6,0.01005053520202639,-0.29043369583968137,CLEAR
6,0.0,0.0,BRAKE
6,0.0,0.0,BRAKE
6,0.0,0.0,BRAKE
5,0.0,0.0,BRAKE
6,0.0,0.0,BRAKE
6,0.0,0.0,BRAKE
6,0.0,0.0,BRAKE
6,0.0,0.0,BRAKE
6,0.0,0.0,BRAKE
5,0.0,0.0,BRAKE
6,0.0,0.0,BRAKE
6,0.0,0.0,BRAKE
6,0.0,0.0,BRAKE
7,0.0,0.0,BRAKE
7,0.0,0.0,BRAKE
6,0.0,0.0,BRAKE
6,0.0,0.0,BRAKE
6,0.0,0.0,BRAKE
6,0.0,0.0,BRAKE
7,0.0,0.0,BRAKE
6,0.0,0.0,BRAKE
7,0.0,0.0,BRAKE
6,0.0,0.0,BRAKE
5,0.0,0.0,BRAKE
6,0.0,0.0,BRAKE
6,0.0,0.0,BRAKE
6,0.0,0.0,BRAKE
6,0.0,0.0,BRAKE
6,0.0,0.0,BRAKE
7,0.0,0.0,BRAKE
7,0.0,0.0,BRAKE
7,0.0,0.0,BRAKE
7,0.0,0.0,BRAKE
6,0.0,0.0,BRAKE
7,0.0,0.0,BRAKE
7,0.0,0.0,BRAKE
6,0.0,0.0,BRAKE
7,0.0,0.0,BRAKE
6,0.0,0.0,BRAKE
7,0.0,0.0,BRAKE
7,0.0,0.0,BRAKE
6,0.0,0.0,BRAKE
6,0.0,0.0,BRAKE
6,0.0,0.0,BRAKE
7,0.0,0.0,BRAKE
7,0.0,0.0,BRAKE
6,0.0,0.0,BRAKE
7,0.0,0.0,BRAKE
7,0.0,0.0,BRAKE
7,0.0,0.0,BRAKE
6,0.0,0.0,BRAKE
6,0.0,0.0,BRAKE
6,0.0,0.0,BRAKE
6,0.0,0.0,BRAKE
6,0.0,0.0,BRAKE
6,0.031180524826049782,-0.29043369583968137,CLEAR
7,0.0,0.0,BRAKE
7,0.009711074829101584,-0.43565054375952217,CLEAR
7,0.0,0.0,BRAKE
7,0.013539171218872048,-0.43565054375952217,CLEAR
6,0.0013884544372558592,-0.29043369583968137,CLEAR
6,0.0,0.0,BRAKE
6,0.011199998855590797,-0.29043369583968137,CLEAR
6,0.0,0.0,BRAKE
6,0.0,0.0,BRAKE
6,0.0,0.0,BRAKE
6,0.009961223602294922,-0.29043369583968137,CLEAR
6,0.017010927200317383,-0.29043369583968137,CLEAR
7,0.0,0.0,BRAKE
7,0.0,0.0,BRAKE
7,0.014047670364379905,-0.43565054375952217,CLEAR
7,0.011257505416870095,-0.43565054375952217,CLEAR
7,0.0,0.0,BRAKE
7,0.029847240447998066,-0.43565054375952217,CLEAR
7,0.0,0.0,BRAKE
7,0.003573465347290061,-0.43565054375952217,CLEAR
6,0.0,0.0,BRAKE
6,0.00904736518859861,-0.29043369583968137,CLEAR
6,0.0423004627227783,-0.29043369583968137,CLEAR
